366
59
-536 201
861 -920 486
523 -865 628 431
-488 -124 795 -687 139
-678 -734 586 -957 285 -339
-767 992 -651 -886 -774 73 -693
987 217 492 -401 -64 -992 550 502
409 795 -771 421 112 109 -804 393 -359
720 -67 716 -752 101 376 -524 274 -620 -670
-761 656 252 383 876 432 364 943 718 769 -304
718 964 -75 345 -531 -9 -221 96 -978 -111 -770 -694
-348 -342 -623 147 852 -967 18 -230 889 -249 -240 179 -741
548 -65 831 747 -713 27 715 107 -426 416 -1 460 -872 -342
739 125 -831 393 867 -693 914 60 90 272 -350 588 -469 -591 -721
512 -425 22 596 -218 -790 -895 222 862 538 -879 428 924 503 12 325
-688 -92 787 40 -856 -549 -537 -29 -881 -271 616 -473 352 -525 514 -954 490
-731 -831 639 603 -437 -330 -394 966 -997 -988 875 657 -648 -383 -902 -8 -115 -240
-438 -344 -980 171 -277 -408 -202 -538 -312 -394 -587 -261 -912 83 -454 -428 942 -956 302
-62 -697 949 780 -749 513 487 -143 448 3 -975 -808 -23 -140 872 -623 88 -164 899 -537
-510 72 828 160 667 829 -731 -269 165 457 233 182 -52 -966 -37 710 -848 -403 773 -867 340
492 767 -962 -866 912 -638 -320 892 624 -513 57 -264 693 707 -421 -368 227 194 494 595 -619 -929
752 -833 223 652 502 597 200 50 -925 17 -329 961 -343 -598 -802 755 -247 -391 -183 -862 -738 -962 366
129 -752 -819 -589 -877 -950 -15 -167 19 176 203 580 754 -518 -332 633 -752 -805 -395 -739 -613 -519 -56 85
466 -833 -881 590 -247 -885 -418 881 388 -250 -934 -802 -153 768 -790 -296 -81 964 -77 -905 580 -803 658 966 -207
367 50 -900 697 626 -992 -979 -801 723 489 717 -303 379 -512 -787 196 981 -172 39 516 791 -938 -679 -660 -333 239
896 -140 523 104 -955 981 -772 -714 340 -97 513 -700 815 580 -219 -598 -838 223 -743 844 -409 -818 -932 319 -80 819 261
-666 -175 -414 838 325 -116 248 106 383 -821 -632 -473 119 -647 873 442 46 -55 -618 -277 -252 583 93 345 759 -886 -1000 -946
-167 586 849 493 631 -755 206 197 938 -135 82 884 90 355 891 701 859 269 -451 561 614 -994 -921 -904 -882 870 157 229 -563
-648 -75 468 -704 461 -399 138 644 -185 -101 -830 -594 715 729 -508 670 -401 -299 450 329 -272 953 -753 -12 452 298 -269 329 844 594
-389 926 891 531 80 -932 -250 984 -492 108 962 -122 -741 33 -507 -701 528 -824 -740 797 -865 -343 102 291 -431 503 830 -264 918 -211 -19
56 -698 -810 170 584 330 372 984 497 -426 -473 -587 -140 -287 -892 -23 261 -969 151 -202 486 251 833 795 -69 -894 -686 458 600 -735 577 -577
-501 591 653 309 66 -92 -310 -779 21 -541 775 -116 -701 -242 -206 -184 -883 -394 391 -583 21 -500 -145 704 -719 76 -785 254 188 -297 706 124 -870
618 329 475 -643 240 -672 -999 750 796 626 -265 -796 -932 892 -23 630 930 -388 765 -387 51 -579 635 -585 137 730 -334 -441 -756 357 692 -433 234 846
-851 -801 621 -762 578 -868 -620 -925 682 866 -653 -229 -944 17 145 -677 -456 561 -212 796 770 -715 -276 -946 722 61 707 271 747 -505 292 -348 -541 957 -752
-473 518 101 214 367 -238 -208 -822 -838 -685 -189 -203 -327 -581 -15 845 -887 668 -799 66 -425 -54 -317 -201 947 333 -999 -640 528 351 991 -419 425 -3 -276 -248
155 737 627 4 -635 -752 -632 -593 -645 -393 449 -135 548 987 -271 -432 -412 314 -16 359 263 863 743 -525 457 -24 30 964 -950 -203 -386 -341 -548 -136 -449 -555 -739
-374 -654 -488 702 880 -710 -277 -128 -606 169 627 -185 -607 -804 -975 -814 225 -456 541 -357 -662 -613 -902 -625 542 -391 513 -898 -907 786 -534 -187 262 593 -733 -752 889 155
926 -256 58 -260 -451 -1 -591 -179 -990 -2 458 892 -651 85 640 -692 123 102 -15 450 332 -678 721 999 -574 -586 -678 -728 632 5 450 347 341 644 -619 -88 -424 -186 -669
697 -136 493 -338 -893 -807 391 28 624 749 72 -780 -93 -746 -559 -421 569 -339 854 -364 -678 -506 841 104 720 -808 111 -227 -643 -405 332 87 575 250 -995 214 -552 -489 494 254
-479 642 84 880 -312 -597 783 -136 443 -556 -177 117 947 523 -477 1000 311 -633 239 69 338 839 -144 169 968 -515 881 -281 -5 -161 -575 -702 103 785 -160 -311 376 -816 413 -535 -460
400 574 -900 -300 875 -784 179 529 -596 356 823 689 70 -295 -61 -529 761 138 -555 573 -470 -932 -637 -10 -376 627 105 630 284 936 -66 -151 120 -332 837 -142 -2 -888 -356 810 -177 -81
-94 -700 336 -767 -552 -577 -931 -499 51 -934 -28 272 -630 77 -379 -297 -548 573 -829 -485 -388 -77 -776 -242 -39 771 218 66 -679 527 -184 237 169 796 926 716 603 767 -533 -641 -4 -640 -582
-430 -556 -214 -386 576 -128 -476 -45 588 -472 163 -596 -194 313 820 -837 -182 -536 -93 -848 985 -32 -500 -765 292 784 -591 271 -302 441 744 463 620 171 478 272 -999 -688 -210 -907 287 -670 -897 -787
-222 -778 225 -330 -636 -978 626 230 -870 857 478 306 -890 -148 645 -77 -735 314 -984 985 106 132 -112 -198 -508 -485 336 -946 139 -171 -27 -941 -74 -323 -940 49 846 183 -700 61 273 -705 580 -779 -784
405 -803 -817 635 964 431 -529 -433 -476 154 -193 -935 -433 -109 -888 -848 241 632 705 114 -503 642 773 617 252 968 313 -58 632 970 -309 -551 493 -252 156 -15 -589 -209 287 -653 -442 72 78 986 -803 945
8 185 -478 859 892 -221 1 956 -684 -844 -43 83 711 253 300 -423 603 -56 374 -612 -732 844 402 937 -343 128 90 -289 558 823 631 -593 -168 530 836 -103 380 581 -202 -556 -46 -918 588 24 427 -937 -412
-862 -382 91 -559 -388 -802 991 -395 208 -86 -298 -74 -781 -673 -84 489 -728 481 -331 505 -723 -302 -445 260 -278 301 95 737 -293 -130 414 877 -263 493 -156 -131 -186 -961 626 965 -786 99 -223 -886 175 -137 225 793
846 -979 -65 11 487 768 -943 912 -658 -307 -655 124 314 -65 38 332 -685 -533 -821 -945 457 -771 32 338 -78 277 336 -168 -66 -818 60 -387 923 -611 -287 927 -163 723 -308 -537 146 27 609 -493 320 188 33 644 -171
-420 845 451 540 -682 38 603 657 -183 -745 -538 991 -79 -592 735 -756 -133 120 198 -289 -75 -992 -910 528 544 445 287 472 -64 178 -531 -789 492 -568 -671 572 195 -65 315 -364 -782 -708 -496 -336 510 -428 -258 -26 -99 1000
28 -427 -666 -222 -565 902 99 676 -254 -647 -322 114 675 782 -595 -417 -124 844 161 -311 -370 -384 342 -482 -636 282 397 -909 -447 -872 -810 -222 -594 427 268 -161 622 -35 -96 946 -417 456 -656 -950 824 -65 -126 294 -83 -441 326
620 -524 -456 258 157 599 -796 -749 563 827 -946 853 -506 15 749 265 -541 -640 -693 -987 -497 606 444 -316 934 510 -246 174 -288 241 736 154 24 529 22 -604 452 -881 610 -160 -150 179 773 939 -921 365 -323 731 90 -614 773 -251
-567 -113 -92 -607 -113 -872 -29 -938 607 -117 529 -862 -386 -15 -167 -101 -114 -684 -769 528 -636 779 -168 -983 149 -518 -373 9 -372 -125 30 -321 688 -455 -966 -519 305 897 979 -568 -520 229 -1000 -866 644 -946 -549 728 -739 797 828 -570 -163
677 957 -585 424 300 -470 -707 270 -517 409 462 554 292 20 -387 -909 455 -368 -985 510 -676 206 -937 473 328 940 881 -580 -163 516 -602 -668 890 -819 -277 -508 -129 -837 -258 -472 -256 56 -673 -120 -404 -647 -479 617 25 -418 -846 -788 -683 -944
588 460 -76 390 -994 -493 -287 -293 -4 -298 -248 519 -739 293 452 -842 293 -431 382 -333 -679 115 92 861 -502 -970 796 -211 -358 -960 -539 -633 -313 207 779 -13 212 -893 826 762 110 -362 200 -572 -64 334 93 -30 70 -636 -852 -755 272 -354 121
-395 -319 -62 -879 669 -46 -959 -404 498 168 861 682 -314 981 575 -875 -238 959 -952 950 180 498 353 678 652 431 -234 320 907 633 -913 887 -675 -693 -200 -884 256 -267 870 85 -284 130 -220 -989 414 309 400 79 -259 -320 -411 -727 67 422 -849 382
-678 -746 499 810 499 898 -827 -918 204 -60 -934 -862 -220 -9 -596 152 -106 -422 191 314 122 634 754 101 -787 511 317 -186 -402 575 -465 784 -462 214 -131 -158 -107 190 361 988 -426 556 -669 -782 -789 -126 -263 529 754 -400 -249 272 -217 888 -704 -641 -842
-429 -213 629 -473 -543 -27 -353 245 510 -54 -13 33 -511 437 16 -460 -733 457 517 587 658 -262 -352 341 -411 -219 -179 -52 -759 -515 -730 -398 -381 146 976 837 172 668 -951 529 -488 622 795 399 931 -278 268 13 -970 464 -104 -790 674 733 -805 212 -588 959
839 532 179 242 408 -965 -49 475 -544 -193 946 802 824 882 -935 36 -741 -65 251 -833 -68 -575 -188 121 57 910 359 -812 360 629 -258 -664 995 695 -786 -642 -958 412 972 28 330 157 -664 -11 -218 -823 -318 -634 -495 449 -341 603 953 74 -54 239 -450 755 899
-310 -307 198 -52 -722 -107 -57 46 758 676 -456 -355 223 -137 808 735 -426 168 692 387 992 277 -937 -144 590 -879 -694 -853 286 815 956 -851 -119 -224 61 -185 -49 468 907 -499 -272 -59 -499 607 494 855 -318 797 -291 486 925 622 136 -593 -236 -839 657 -209 -636 -35
-629 604 345 393 -667 -346 -640 136 -137 446 -819 -534 -545 -454 -892 1000 -890 840 -261 995 809 337 755 477 984 515 290 -582 -731 -326 339 -120 454 -417 242 702 -35 -918 -553 322 112 696 17 740 -757 -134 332 109 -408 807 201 962 734 -476 -2 -240 772 469 90 269 -483
-382 -759 360 -715 -699 23 -527 7 -362 -541 -295 999 -317 -304 -600 -760 241 -707 97 610 -303 -257 -256 -509 -578 -251 -507 -387 -452 554 -500 99 -19 -707 -119 614 731 473 -409 -981 991 313 -396 971 -994 160 -203 -335 -23 -332 -87 -861 956 585 -892 -244 532 -16 950 151 -854 -302
278 -543 255 111 882 -533 999 -82 -102 -889 -156 -234 723 752 563 -189 -346 -969 473 489 -227 -488 -245 296 -449 -977 -689 -527 -17 -414 747 -613 20 344 -726 900 -882 -249 615 -340 817 -899 998 36 -336 153 -422 6 697 -870 -916 -2 -618 -940 -111 -180 -412 161 61 142 -605 233 406
-207 837 -102 -116 402 -169 -78 392 -254 -907 716 364 -783 957 -613 -539 158 380 409 -828 -170 -207 137 437 180 -102 266 70 -140 -565 -32 68 810 254 -709 209 -76 -722 146 10 126 -853 -55 625 653 758 530 -278 624 -314 -118 856 678 863 280 -626 -277 407 747 850 818 -800 521 -551
755 809 368 493 760 161 663 708 605 538 863 -933 1000 -188 960 -744 464 828 -121 519 -397 792 133 748 -66 -56 -884 320 885 725 -978 -34 -753 405 791 -298 -887 -10 -225 443 594 365 -986 -803 526 712 -6 321 -620 -438 -536 991 -186 887 -14 696 202 -725 912 722 -362 -434 926 -917 78
928 762 -913 323 460 -16 -970 391 -859 -105 103 -235 494 324 797 318 -709 -344 -826 115 32 -472 865 177 -741 -95 -702 -885 391 -814 -621 894 844 -243 -464 -957 -837 592 -227 722 944 -192 120 711 124 -75 -841 -937 703 -378 -375 -634 366 662 86 -897 595 152 747 -19 924 -708 839 -916 581 -726
698 -343 608 344 132 -647 4 295 -171 764 -964 -38 -692 690 -301 -234 121 384 -898 363 -913 -832 234 -597 -655 768 670 -655 -450 -696 296 -105 139 -635 40 -942 161 736 606 -896 959 135 -474 794 -210 -825 450 -788 -77 279 -451 -901 -624 71 707 954 908 -790 617 923 -883 -661 -34 -214 -864 293 -682
224 521 469 -72 -283 264 128 888 765 -113 237 -142 615 589 603 426 457 -107 -872 301 -632 -526 -22 -497 405 -8 203 -827 -921 -791 212 531 -141 241 640 -845 832 176 -873 -574 848 -626 -290 226 -825 133 -872 -138 -483 496 -378 -310 354 405 -463 342 25 662 -931 451 -970 328 75 -183 438 923 -909 -106
397 -648 499 187 375 -657 292 -264 -820 638 364 -559 -184 -78 470 -834 -412 536 -174 -744 -432 189 -888 -185 68 -523 -9 855 -865 367 532 531 -70 -915 -510 -210 -434 -522 -727 815 -288 809 -889 -948 21 -388 -573 -653 -374 -605 -445 -56 -653 826 704 -295 544 971 -602 211 113 546 465 -424 850 271 53 -815 361
-185 565 -892 433 74 -119 -327 -587 -961 -358 293 201 -881 -543 -277 333 -680 -474 923 619 577 352 -280 2 -379 302 969 150 807 -235 -320 675 966 -799 754 482 -936 -964 151 23 -209 -133 112 -51 -174 -795 -945 263 -825 -178 -993 -36 -161 372 -181 -630 -562 447 -934 342 -159 -530 224 816 -439 804 -81 17 944 -41
-135 -254 835 900 -987 177 13 -928 690 331 285 24 59 387 -190 -125 -851 -228 505 -665 -674 469 962 -770 -529 675 590 -301 92 434 -21 180 -606 -382 -850 -688 -505 409 -842 -969 -420 -223 88 -631 -490 -521 -819 695 -119 444 251 -179 784 -224 -839 958 427 131 795 40 62 -329 -271 137 -307 105 -769 868 -571 -13 852
-210 -258 -238 957 970 980 601 -730 -189 151 787 591 353 261 -233 441 -983 -356 -938 227 -130 793 64 -984 985 -156 399 -442 -493 407 -245 279 801 -239 -143 -648 -710 157 310 714 663 539 -556 517 -939 -373 -310 882 -879 14 -657 -259 113 -296 -710 196 -958 -326 -986 897 289 223 599 -236 -929 245 -660 -258 -847 -368 356 538
-848 -253 -72 -175 -263 -453 321 -266 -788 -808 375 -986 163 770 945 193 -674 -260 601 29 -177 -97 645 210 -516 643 -465 -170 -830 -458 911 528 795 -733 -129 81 -460 -924 -263 661 -111 -394 -745 843 219 421 821 -77 -795 -126 -636 -160 -929 -780 -480 -480 -854 -816 -67 -933 -868 -862 -281 633 899 572 96 -541 -238 -359 321 104 688
403 29 -510 63 527 -469 493 -851 64 76 830 -776 575 542 -21 -254 785 582 -602 -490 709 44 -573 646 665 -195 -707 269 706 769 -807 712 910 -224 -543 517 523 787 -999 -44 -693 757 -7 -196 137 183 431 -852 689 -94 463 101 -412 -8 -588 -647 -489 -807 66 662 -199 -518 -957 643 215 340 362 -113 -943 337 -597 -206 -339 -367
-763 -493 -857 12 -397 966 46 511 572 -326 -537 393 301 790 -728 370 -147 53 -941 -336 -742 116 -947 746 -41 -307 184 435 -773 937 871 254 -285 -931 -186 -546 -636 878 804 -470 354 -349 -16 51 751 64 -209 573 -997 724 319 -176 391 -387 -687 606 717 472 424 -665 -310 -937 915 -356 636 515 102 312 -376 319 -164 863 -410 15 -773
-221 852 -726 -331 845 -804 452 397 371 -230 -747 260 297 539 -753 -553 -430 -831 -915 -809 -746 808 102 -755 132 481 -351 -244 -198 440 -537 -261 661 -584 390 215 -668 -588 717 475 349 261 -73 -955 502 781 -83 207 991 -286 -197 -843 63 825 -88 -567 -536 243 238 363 307 -452 579 -552 -803 -895 -427 -347 46 915 827 -858 774 201 809 892
673 -664 927 616 -826 876 -119 114 805 -545 -978 268 -876 360 793 171 663 810 477 210 769 539 -529 487 321 316 -300 -29 348 -154 -8 -455 101 657 315 -6 -773 282 229 -748 854 192 13 741 750 -286 672 -764 860 -574 -448 -592 -371 930 174 713 223 442 -18 -232 577 -656 -168 -836 -389 -121 163 -460 832 42 -573 -659 -391 -490 -451 -514 529
350 218 -954 -38 999 -932 -394 -248 -219 20 821 -613 257 -40 747 -841 -579 326 -95 732 616 930 564 -739 782 817 31 -39 298 -748 462 942 -493 934 -567 30 -129 876 727 850 -73 -494 570 455 -805 -367 737 42 850 321 -166 -398 -25 -375 -418 899 -553 268 -429 49 -675 449 -407 49 -319 234 -368 -904 -44 494 84 638 254 -55 -404 -785 913 -61
-835 727 -832 574 -860 -121 -543 -674 -170 458 850 -675 -747 787 -913 -849 -588 -494 -618 -432 888 -124 -772 -90 -746 960 -316 810 -661 -377 -456 -51 -767 -569 250 -487 -596 589 153 369 -367 888 585 -968 890 936 -979 -950 635 57 -237 998 -436 -126 -556 748 -637 -106 -776 -591 598 547 690 264 601 -327 692 156 685 -412 -254 342 261 714 775 -304 -478 395 -248
-835 944 -596 -838 -639 56 -143 -819 -705 607 -630 468 -265 687 893 17 679 -129 -879 -760 469 418 -886 -979 -733 -729 89 139 -103 106 948 489 -805 166 70 -111 -250 412 425 666 293 -768 258 -265 -137 300 215 115 -853 253 -76 38 45 931 -364 -902 702 428 -695 864 -94 -755 168 -790 -347 -802 500 652 -970 840 -210 -895 -125 501 969 -698 704 285 -983 630
-549 -885 15 -430 -714 -822 763 -918 632 -820 254 -112 708 -333 628 615 -520 -520 -164 -163 -228 652 405 -34 140 496 144 -856 146 -461 38 -68 325 179 -422 96 -485 177 -128 -285 -115 -386 -719 87 -730 625 979 -186 827 923 -61 -511 -976 -313 -804 -514 788 250 38 -561 572 -597 -928 -669 274 646 445 81 -294 763 63 246 -602 -277 293 618 234 -674 -289 -281 -608
-81 360 -456 -271 -532 256 -749 3 662 514 656 826 975 -917 -363 -961 575 722 279 -119 -329 600 514 879 -91 980 -542 -576 -962 -175 96 -772 -259 385 774 -941 396 -197 323 990 715 -494 -66 -943 -372 169 630 239 67 -764 805 -312 -287 538 -581 -168 -812 -591 874 346 332 521 175 -905 -762 553 473 -878 440 222 -896 747 -782 482 476 831 -532 -195 -550 -851 -451 -295
-706 109 -501 322 351 218 -308 -872 -376 -565 102 -723 -647 346 368 868 773 427 -933 -278 36 544 -158 -685 -834 -719 -661 404 -789 -186 -173 -342 -142 -218 -105 -962 506 -327 -824 651 -280 930 -148 390 -897 -749 -225 -852 -514 362 716 -967 576 663 -256 -470 274 -961 465 798 79 -238 -738 357 -50 830 959 -1 357 -68 414 904 -799 839 -857 334 -557 -741 159 -720 -375 20 -490
168 -368 149 -722 961 962 -451 -46 960 -547 147 -298 335 246 -885 -500 -756 852 -763 752 549 525 63 397 648 -625 -537 734 549 -607 -871 172 -496 -999 -65 -104 471 28 -504 407 465 -261 201 477 89 575 -525 21 -106 -243 -523 -276 636 -1 772 -451 -809 -638 -691 -991 154 -762 -739 -747 928 183 -21 936 243 429 -286 974 -96 469 312 -22 -288 -557 127 -503 35 325 -32 -935
454 883 903 -801 -204 436 448 -364 918 920 -185 226 -903 -865 -259 -22 -390 128 76 147 -387 775 943 392 718 902 -437 -384 -938 -88 -132 -606 -892 -175 -107 -566 -590 54 -979 -906 504 -517 -288 -389 297 407 -872 866 -61 -31 266 -609 436 -408 793 496 116 -795 837 769 -689 260 349 -119 -87 474 906 202 -460 -1000 498 1 -192 262 31 -644 -802 -726 -325 830 686 458 -85 -510 -70
475 769 289 964 879 399 -195 -830 539 619 857 872 -252 -231 -649 269 941 -637 229 -878 996 -64 -554 982 -907 587 877 -975 -118 -662 -245 -271 442 507 264 128 389 -290 -413 478 -139 -388 -378 964 756 550 -834 422 59 -634 -3 429 553 355 -208 -631 1 229 -746 465 576 848 -190 899 -198 235 -432 160 512 343 -508 -659 868 -833 -347 438 -597 -702 -865 954 228 -298 -300 -883 -392 532
-99 239 464 528 -117 196 -957 -740 399 305 844 -762 -31 978 -659 242 -45 677 -279 767 786 -194 699 -547 530 -231 521 246 604 956 249 -132 573 924 393 -908 650 554 117 -622 -616 -132 851 -683 732 669 811 115 905 1000 131 570 878 -263 -514 79 -311 386 -758 -495 -673 -206 -458 -570 430 -624 -105 720 -8 500 524 -770 889 -652 574 -222 -804 -219 170 562 474 -710 -831 909 757 -678 -409
243 152 -999 -854 -423 -381 -922 426 -27 -587 -854 -913 340 486 98 -204 -369 -978 -828 -864 896 -81 -861 821 250 289 -422 709 -600 829 961 -375 -541 643 571 350 658 -516 -351 161 -599 708 287 451 -72 -558 230 -46 949 -955 272 322 79 -78 -707 -473 -347 -913 -125 877 -899 -428 380 -701 837 -280 833 -227 -806 409 103 794 -180 -805 672 -735 -494 943 634 -972 336 -428 202 364 179 -301 731 858
38 -72 -510 819 -450 -999 108 613 -522 359 -68 294 716 -403 -165 -633 -896 886 601 875 -259 -491 830 -518 500 261 45 -409 -303 346 -424 695 197 -423 -100 112 330 593 -731 -524 662 842 639 -805 888 960 -300 -696 -121 662 -349 -284 446 -292 -635 -815 -157 -674 -747 -591 -250 198 -507 -826 -400 -443 -651 189 -924 890 -749 -711 866 95 -131 801 811 -52 433 -84 -905 -641 332 -104 673 -111 -470 760 290
42 -293 -228 -976 -131 334 -396 171 760 -743 -463 26 541 -987 524 235 -692 -374 790 372 -912 -735 338 -561 -599 -328 911 297 -345 -431 -358 -238 533 752 -778 -312 835 -967 948 527 9 -637 -639 91 -739 -685 -640 -628 144 443 617 -194 -987 955 -418 -534 960 -344 350 -233 729 -334 279 -804 98 -936 -340 535 235 300 -557 -572 -717 798 656 -92 -249 583 -138 -49 -260 -994 -955 198 -71 747 771 -894 -365 -450
-72 -65 -880 -60 -691 327 -843 195 -11 -17 327 -18 711 234 775 -988 -633 -984 -487 542 -70 -261 999 -34 926 302 -738 190 996 577 154 -202 -763 330 -441 233 -237 -870 -136 -636 -1 -959 -773 -197 438 -772 680 943 -751 -469 -466 -749 43 -437 966 89 -125 324 52 800 346 -725 909 286 753 784 -999 165 431 24 -516 966 -959 154 792 -526 -142 -397 -309 -225 -11 -28 -357 -694 -168 886 -279 719 845 38 519
-17 834 329 -92 -813 668 -618 634 -718 944 452 -34 -771 744 485 425 944 -747 -129 99 -117 106 416 185 -493 -592 -491 -311 -500 -459 -686 -269 709 905 399 -521 915 804 -137 -604 -486 558 3 129 -597 -472 -465 -988 8 833 -134 435 444 223 -375 -1000 -352 -964 -16 -925 322 -420 294 449 -687 557 48 -601 624 -221 -3 985 47 405 -124 -506 978 -505 257 466 -142 -451 -484 850 -315 -318 928 -215 -502 776 200 -657
-646 893 -272 931 -149 -995 283 989 181 634 -573 872 -417 497 922 814 113 -633 343 926 -605 -17 -630 738 426 678 472 -910 820 -84 -745 -455 -589 532 -630 -519 -617 -258 341 871 714 -674 127 417 609 24 920 -400 590 -12 -875 -930 539 -381 748 -38 37 -527 119 -872 37 799 -942 287 -759 -178 340 -2 594 -877 49 289 -845 -161 698 -586 -203 -441 -663 255 -128 757 -573 0 -120 -239 -788 -740 52 -213 653 -108 -261
723 907 865 587 657 602 -930 -716 -531 876 651 185 193 536 -17 -920 -977 974 -237 102 487 639 727 -178 945 -47 -974 -437 -546 -601 -246 402 -822 -119 6 9 711 814 -990 -546 -33 -281 850 200 543 611 183 382 -409 395 149 -237 -680 -632 -425 298 -662 -27 -917 -813 231 -425 217 889 266 -5 -634 -78 166 -288 -838 456 764 444 -258 -278 164 41 -454 171 78 -660 679 -619 -292 -560 807 584 -943 289 -213 398 789 -793
408 686 -180 -141 -770 -986 662 -121 -15 -845 -413 -848 286 499 -889 890 -961 369 -12 199 948 120 382 423 -782 312 280 811 -324 440 -337 -987 394 -422 -934 -515 -389 -928 668 550 -205 46 478 -290 152 -879 -254 430 -856 -612 -526 -140 665 636 245 -156 259 -424 547 -509 314 -221 539 -946 843 6 -553 -806 488 -508 -548 479 -321 -344 745 -469 -311 -805 355 942 505 533 867 -101 856 -637 -475 687 -581 -583 -164 523 678 -268 505
-623 -631 144 -541 58 835 -674 365 -619 693 -15 353 -148 513 303 -479 465 -384 -922 707 -496 730 -175 -33 -762 776 588 -884 864 953 660 -561 -671 888 368 -618 947 179 228 873 102 817 355 -822 -630 -136 -748 338 -127 -139 837 375 796 229 381 264 -21 -380 -247 229 -35 229 902 -647 898 -791 927 269 -250 816 -32 170 358 680 788 -99 599 -904 -985 445 159 -988 -904 -522 193 -202 262 -815 -982 601 -59 971 -174 121 278 -783
875 -163 -673 634 55 -628 97 169 807 331 -62 42 270 784 -884 -19 -805 -878 -209 815 578 -311 861 -849 -632 -20 -185 -385 542 938 492 960 -730 433 -709 529 -493 642 -57 -725 -242 352 667 682 608 408 -507 -411 -838 -179 -192 -553 -637 602 817 -535 180 -100 75 684 539 -302 -766 5 -415 508 753 -548 575 489 947 -14 -944 906 -138 583 734 -69 -703 -154 665 702 -175 309 205 307 736 869 -299 456 639 -171 -110 -964 52 469 908
-950 957 149 592 988 708 444 -610 -806 -308 -882 -522 868 462 115 -774 594 441 619 744 954 -10 -869 236 -850 -281 -160 -597 -550 -62 835 323 1000 564 -155 -962 739 -795 824 730 965 -763 772 -761 954 594 -580 -742 675 533 -546 977 873 -203 14 -657 482 -606 479 -493 -541 -379 -12 -168 647 -834 719 -917 51 207 -634 812 172 -53 -422 -570 -156 -274 -516 -101 -779 674 -606 774 -553 -94 -530 936 -610 106 295 437 -72 258 578 784 457 672
-602 -667 -671 539 625 -53 928 139 478 -366 77 217 381 -460 -997 697 69 704 -433 -728 874 998 577 -711 877 -14 -278 614 -740 100 309 -953 171 -63 940 -703 146 864 -543 848 144 230 828 -768 -721 -392 -666 -683 257 158 955 -533 177 50 844 -717 669 -997 128 -864 764 497 -625 907 808 366 163 73 -907 625 801 -233 -398 363 -586 347 -947 -876 695 250 -306 -131 -275 390 976 562 300 -155 558 237 814 420 72 969 -776 -274 42 418 -442
900 -414 -132 996 836 -923 -198 -457 649 -7 827 -854 388 272 -517 -945 249 -650 110 -112 -930 576 -942 -948 -577 60 91 780 823 851 429 480 -859 -599 373 452 -69 411 -260 -538 -561 -132 230 496 -476 -643 -840 -790 -455 -353 536 776 421 709 748 196 -393 -586 298 934 -27 -479 -877 9 -478 687 -914 -561 -628 634 -273 804 -267 -191 -117 955 388 213 -57 909 34 366 390 783 958 -756 481 293 561 -455 976 958 714 917 539 372 646 -102 -919 221
360 806 565 -181 -608 511 649 803 -680 -901 374 391 -462 718 -247 92 533 586 396 -432 425 560 656 -725 -926 -480 790 512 -344 -246 -301 -176 -864 -172 -713 465 389 301 -152 595 90 924 118 -792 720 -464 682 -563 -50 -84 -542 650 -762 -737 -881 778 6 -18 -232 -609 533 -491 -330 -459 574 -591 406 -98 506 7 691 127 -303 -49 -242 -303 456 478 140 554 -737 55 -392 -748 164 817 203 -703 -384 -360 763 275 386 -305 477 -326 383 -485 -189 161 -872
796 -39 612 -523 642 -273 410 -116 -763 -219 -425 691 -972 -837 700 -144 877 -675 839 207 145 -651 -469 165 938 -483 -868 -806 703 399 -191 -245 602 56 -864 120 627 -192 947 -997 691 -162 858 -903 -564 141 229 -960 -803 -558 -926 -944 -502 985 10 1 -77 -474 -629 -497 -763 -174 -102 -141 -494 152 -642 937 -717 344 -77 712 -853 -377 -106 -303 -652 -34 210 -673 108 -159 -424 118 -731 179 283 -400 151 -110 187 272 -74 -905 -418 -665 5 -976 -497 -169 -219 769
-608 -932 929 219 725 -571 -961 -404 219 -686 478 720 719 110 146 3 -841 -179 769 218 -596 747 -267 699 72 403 -78 225 -290 695 -594 -177 998 258 916 570 726 323 128 705 -171 -75 -46 -432 -938 990 579 129 -92 -817 290 585 -734 536 -355 -717 -235 208 -618 -272 -571 975 -726 802 -259 14 -237 -468 -954 -426 401 127 23 -927 -123 354 70 -192 -661 -429 725 735 -630 861 -542 -854 786 305 404 -415 -904 -387 -300 944 871 700 771 -93 274 180 -639 -80 -992
512 -155 928 -86 -561 717 920 100 -130 -878 -726 -380 667 667 285 102 891 -615 -432 -919 -79 7 541 380 368 -49 -539 961 6 -167 329 661 -870 255 -842 993 -813 -133 -349 -571 517 -252 -17 -416 488 102 887 -184 -361 -270 -464 -963 -251 -312 -950 -742 -906 23 -754 -5 -697 -130 -279 639 918 -870 254 802 994 801 458 -260 -996 -50 -363 634 -204 -303 384 -277 130 -259 -857 -708 454 875 -579 -522 -596 4 261 617 984 125 455 695 -663 -862 776 50 849 -113 -611 -178
-17 765 835 901 257 -251 188 176 531 216 -413 60 988 173 222 -724 555 -219 -660 720 -708 -751 -290 97 -732 718 -644 693 337 -492 200 639 530 -639 957 990 -588 -532 209 -809 752 431 -306 -737 402 -784 -508 434 -828 822 -886 -199 -366 338 156 -626 -388 861 759 -548 -265 363 42 224 51 343 336 425 281 558 -269 -418 218 275 814 465 -258 -46 785 596 -991 161 927 682 392 185 938 634 -795 -523 -790 -307 -889 -524 77 383 882 362 387 569 659 706 -850 542 35
721 359 368 708 318 -827 167 985 -204 95 -506 829 -420 82 -416 904 -912 712 -471 940 374 925 832 265 -570 -409 493 3 565 -452 -537 108 542 705 653 -702 -249 968 669 -330 884 -995 -248 513 -183 -882 -972 967 493 -189 -377 237 765 -764 -793 -638 22 -886 -555 -717 147 -304 -291 257 189 913 -558 -648 -75 120 352 723 -472 -442 -487 -872 734 891 -520 -267 -18 -123 -55 297 -366 -810 -708 -168 696 -351 -736 -763 -895 102 707 -604 40 -818 701 -188 230 942 -581 240 -868 -784
563 -20 918 -346 -958 -66 272 -377 -988 -659 706 -815 85 -311 123 660 -664 427 -685 -11 329 733 780 -623 715 373 377 -461 -590 539 -228 -774 914 -974 -309 -390 -317 -769 832 845 381 -459 -184 199 138 707 233 -920 -792 793 836 -499 439 -713 -210 -351 -464 519 -432 550 690 968 492 39 -230 -518 -4 890 -997 -383 394 -605 365 -421 763 630 -967 678 -62 -360 -381 138 -337 -286 -999 -873 -374 2 -993 -384 582 -20 975 419 -879 392 -723 862 906 310 -1 424 598 772 -883 -68 -736
251 861 -745 230 450 84 630 172 -351 649 -643 105 69 -189 -195 728 565 913 -195 300 -356 -565 288 -607 208 -272 999 -57 480 600 394 829 -66 321 -944 -957 -27 973 733 -508 191 -507 -633 796 -155 -627 -695 478 233 938 60 -586 673 167 918 -848 -24 -48 581 706 -603 332 257 -974 956 -158 654 220 694 -79 441 -154 -483 -648 10 109 -127 406 936 -364 -102 -907 872 882 217 913 -810 291 12 863 -883 209 106 -974 -787 -673 -213 -251 88 -621 311 398 253 -413 677 -443 -882 840
-156 902 -270 -896 677 -418 -983 460 -246 -889 700 461 472 -239 -109 -411 -338 -920 -779 930 -311 126 377 -928 -27 -992 552 855 -706 -788 -766 -317 958 -147 767 643 323 -312 229 -283 -935 -515 -179 -920 -785 -256 258 108 -973 667 286 -535 506 781 -294 558 -715 -191 -489 94 292 -702 -151 516 449 -455 380 450 272 -454 604 -671 -931 -559 730 -73 -255 835 251 -148 543 -317 75 -82 -252 -284 -925 -386 -553 352 -530 835 376 -903 -941 811 99 83 -43 -309 452 957 -515 -297 -574 -215 -262 158 -886
-132 789 -671 917 -942 -839 -33 -812 580 -938 -153 -148 -107 -574 617 31 161 391 -611 869 184 489 85 -639 -269 -363 279 264 -217 -60 -502 701 825 -741 896 15 -960 -817 -821 -303 548 413 189 -542 -379 -118 673 217 -566 866 -50 282 -495 -319 292 -952 464 923 -706 336 579 422 -914 209 -371 -781 799 496 51 473 16 -341 283 -779 -286 -444 687 -210 -490 720 230 143 -375 -28 -259 41 748 359 159 -735 40 139 -552 766 653 -60 998 -807 176 172 -100 -104 -636 334 754 896 706 -362 -380 -262
585 326 10 -264 251 549 765 -696 -550 797 -381 619 584 899 -432 778 26 -47 -870 -182 699 381 -348 665 18 -12 -287 948 380 833 712 37 549 111 -379 664 914 317 544 17 280 234 72 634 -643 -897 -505 -226 631 -964 435 -292 -334 205 -797 45 667 336 368 -108 -707 230 528 -817 608 525 -619 487 -441 -196 248 797 -136 66 -593 -270 -886 222 19 -228 894 636 449 -31 851 742 85 -129 -712 -87 959 -849 768 281 216 138 -415 918 -633 496 167 420 -158 577 766 -665 846 -539 850 639 -349
-344 -922 -320 629 -948 -786 -699 -968 -543 -832 803 -444 182 244 -630 -722 197 161 197 415 -284 41 -636 89 476 -239 -673 -443 -848 -985 464 399 902 513 220 118 116 356 -764 -727 -353 -286 -525 -715 -825 939 797 -116 -310 -700 -335 -41 -62 953 394 -162 156 346 24 -607 -788 634 -441 717 -377 545 512 735 859 895 -494 -686 7 732 -629 91 -529 -421 -43 510 -357 663 -977 536 -837 72 -742 851 -474 644 445 -807 469 -109 366 -909 -708 222 -74 -646 -129 810 -207 190 -385 644 503 394 238 188 -11 346
-884 96 697 -650 206 -184 -746 -649 -538 -262 -321 578 -653 585 60 -611 834 96 233 964 -480 490 949 -149 887 -364 -470 678 -315 726 -665 315 -46 -285 -908 -660 274 343 193 -78 -525 -765 -792 230 -252 -273 302 215 -903 -383 -689 -939 -734 374 -900 543 340 259 652 922 -116 247 -381 452 -765 -152 -30 622 -612 269 353 -703 553 28 535 291 -480 -5 -438 166 -202 -488 -331 456 -647 -532 -954 -871 13 996 434 233 -372 -954 975 -42 166 -652 -638 -265 919 473 952 964 -435 63 -34 471 598 -248 261 -934 -981
-176 -163 1 -938 -514 254 693 -867 460 45 239 -888 -917 710 845 -906 -426 -77 -152 -863 -981 -569 763 -696 -918 197 356 498 414 962 21 502 -327 528 107 -439 264 87 780 -388 420 993 57 647 -378 255 96 -315 121 443 -956 -874 427 -443 85 -168 673 -11 -246 -447 280 288 -54 987 901 -352 -732 484 -525 -390 196 252 -255 -699 938 329 -632 966 -389 559 -471 936 75 -136 617 345 -570 180 -639 -853 285 547 -914 -701 -1000 954 -205 -597 -54 -454 523 -183 -765 -286 685 170 -211 -556 -516 -603 -680 -428 -372 698
-371 -528 598 565 182 626 -937 509 -118 379 -848 -357 691 -946 -402 -918 479 -294 165 947 299 -251 198 -193 53 -914 -71 949 -134 -517 -630 -409 830 -382 132 -735 -771 -378 -593 -659 -930 403 -122 -625 -433 922 238 -985 847 -993 -210 185 883 -13 451 -325 417 892 411 -438 -812 -673 -272 -652 722 -664 912 -454 -399 647 715 -72 344 522 -161 -471 987 -67 68 455 540 285 -61 -127 -418 267 409 421 393 687 165 486 -85 19 -623 -87 -372 804 639 199 37 649 241 -308 -584 -631 36 298 -846 -862 -141 -575 524 119 -642
-30 -587 -631 258 -416 -766 762 604 -246 -943 470 -196 300 125 182 867 407 -107 -586 706 902 920 -423 345 -400 721 412 485 -390 -353 36 803 -259 786 -505 1000 267 342 883 831 -114 702 860 731 440 685 -813 -768 -980 -441 -981 -96 -493 703 744 656 151 803 -920 651 786 -187 928 -417 542 -514 -865 971 245 -753 -821 -22 923 291 -585 -545 277 928 -363 90 -683 -128 759 -405 -705 95 -57 -192 -241 -977 -247 900 -731 203 164 436 -686 -774 324 764 -983 400 230 694 523 -851 501 277 -5 -852 -856 -515 787 749 -549 537
-497 916 664 -469 -881 843 -492 72 746 -269 677 -622 -576 -598 -480 -621 906 454 -46 359 -173 432 -188 -193 -476 17 -424 542 -389 -407 -747 -622 -405 -244 809 170 974 -734 850 718 -242 -109 -440 955 -671 -338 388 -842 -125 591 698 -444 553 -207 -372 852 632 -212 575 -891 -283 834 -911 -560 544 -464 -481 -103 -882 -283 -880 -631 542 -612 -102 906 -804 374 -774 909 699 -832 407 -817 -945 41 872 528 894 455 -794 -197 840 -31 -108 -261 151 607 -743 868 -841 451 -601 871 986 -317 -798 569 -620 371 -808 109 399 806 -502 -206 781
293 432 -949 -90 -704 68 95 638 -123 947 -536 619 -883 -968 219 -756 -736 413 385 -125 -817 646 -739 856 -85 -47 -201 -394 -562 306 671 811 -665 -659 -658 863 335 -381 131 -644 -140 -320 -673 -561 734 -488 -862 -250 890 70 339 -887 789 -8 590 -629 349 -552 375 -737 567 -18 392 330 -721 -710 -353 -949 -72 402 -867 3 233 681 -516 675 580 224 -37 193 -989 770 -244 -408 911 796 383 -946 914 727 -334 -940 -190 -783 -513 -440 -863 15 -885 708 -22 -420 761 -601 -122 -44 54 465 38 -535 971 579 -653 720 -210 -28 754 -290
-743 -76 34 -618 -71 342 -150 -451 513 -525 513 -778 -319 487 -304 -187 559 -352 140 -962 -294 -963 -673 -141 924 -667 722 -729 235 -681 -266 975 1000 -779 432 -836 698 108 -490 260 -821 157 647 616 18 82 797 -626 233 855 -476 807 126 -158 -478 -961 982 -181 621 -614 -982 546 -994 977 963 -114 913 -965 713 -754 -648 311 -295 -92 -754 -349 108 -896 -77 -592 -542 -11 -255 -52 92 -764 831 220 -722 938 -646 826 -964 746 156 -200 -462 -514 -177 -171 -904 290 -699 869 -926 -695 -815 -344 623 868 419 -182 -212 236 -262 -556 363 -255 -455
-887 682 989 -186 463 -99 967 -914 -748 -776 -196 -58 -800 361 -985 237 735 -261 -224 133 574 404 419 455 -493 471 -545 -829 -670 60 14 409 -586 -275 721 932 -648 -46 692 -796 990 -859 593 385 97 585 -284 741 378 483 -111 91 345 -671 -374 990 295 531 -500 -646 242 602 -450 -171 -339 476 -681 -692 -22 -564 815 -190 -250 824 86 919 389 556 -413 -758 533 934 -161 -800 762 998 654 -119 318 -959 -313 -110 317 429 -745 320 304 -438 123 800 -152 -464 727 -357 -522 798 882 261 -245 -368 -135 -864 561 -194 504 -296 533 -290 -412 486
93 -314 212 -220 586 625 -346 757 374 -530 -110 -504 869 867 -96 -4 -83 691 -193 967 489 -13 -383 46 598 974 272 292 -966 -659 -215 605 -590 510 -3 -92 321 -603 802 -102 -366 354 871 364 348 -970 800 -258 -640 274 930 111 979 -706 467 240 -269 -627 -205 -689 412 101 269 -943 -472 -301 -447 870 -300 875 263 -321 825 30 652 -150 -721 -712 473 646 629 563 420 677 345 319 -770 -40 -684 112 570 876 -261 -991 343 942 -640 473 -404 658 311 -922 -908 -819 941 714 661 -278 -560 701 122 -835 -40 -719 152 -55 992 -153 -792 772 322
-405 41 -162 -892 -862 -805 696 65 -671 932 -99 -416 888 -457 449 -168 146 -256 -601 -190 180 872 -801 -433 -908 90 636 -199 328 -676 -934 -535 47 119 563 143 611 -330 -188 -507 -40 611 201 -140 1000 -876 108 -460 361 547 -599 959 925 -235 935 916 -855 -817 391 932 -255 905 837 -580 608 364 337 -594 -364 -769 982 493 -683 483 -351 415 -71 412 996 -397 -447 -729 -108 -437 -869 -115 -449 -515 -313 -221 -415 153 54 511 54 155 -665 85 -151 689 -937 -151 541 -391 542 384 -846 -424 975 -905 5 573 804 433 -579 -495 773 -104 793 456 -822 971
962 886 304 -27 -244 -583 -808 -59 -659 -844 -896 518 -373 -648 -329 293 445 387 -41 -389 -279 -15 -610 -968 244 752 849 17 388 -415 -977 274 415 -83 847 686 698 -997 823 176 -659 626 -352 -801 -473 693 228 -571 550 107 118 984 739 -78 396 40 -361 17 -353 -63 -782 -352 272 979 965 -598 634 430 -600 971 -590 -304 -712 437 -208 -40 224 958 -899 -382 -176 -559 -186 -415 785 626 -395 -423 816 -981 281 -556 -165 -791 -654 -371 -15 74 692 -2 989 609 11 -975 -997 -566 -242 -44 31 -702 -337 13 879 -964 932 -388 613 -384 242 757 911 412 -991
-666 -705 200 792 -385 765 234 -129 -512 329 825 201 855 -668 -921 38 -990 779 -824 -582 540 -322 260 -90 238 -368 -824 -933 554 -448 -404 -956 844 577 -720 -820 -773 -854 -726 79 -903 -997 -488 -969 506 617 743 713 84 957 845 40 153 -801 784 -604 -822 869 700 -23 -44 792 -153 29 426 307 577 -986 318 624 80 305 706 -999 496 749 -362 -488 -944 -8 -235 -99 -437 -899 -1000 687 -545 644 799 -49 -286 529 448 258 706 -364 168 540 -949 -103 -595 -876 -485 435 627 -854 124 -823 765 -732 64 721 -594 117 -117 31 -408 -738 343 193 992 356 -663 -139
-187 722 448 -517 306 860 696 881 359 633 -852 492 77 277 -106 -179 771 117 728 383 898 -611 949 517 585 -518 312 361 -434 -108 -118 -134 -115 24 906 -421 -303 412 146 690 455 66 536 267 971 574 -534 -159 880 751 -88 -898 -807 535 -70 673 501 -471 -190 -708 284 600 -601 500 74 -156 -892 -838 -333 -294 -337 -705 -778 -210 -267 751 -321 -684 20 -29 830 -978 218 -617 607 -534 -308 180 -947 594 123 -362 523 -774 -663 -745 -199 748 -267 318 -948 752 87 31 -993 598 -318 -443 -121 834 38 -983 449 729 240 311 -4 560 491 -709 -38 -118 -725 -811 454
589 -709 -56 559 -98 -683 -928 599 -967 -264 -286 -791 -873 687 975 -797 472 554 843 -624 185 -358 583 626 917 317 601 -776 -344 -347 862 140 491 -314 -65 -159 745 -549 -811 162 -462 568 -264 349 384 822 -926 -696 -181 -535 569 -691 -761 -123 695 -346 -833 -389 -859 -40 564 -775 -59 313 851 -819 427 428 1 70 895 139 333 955 857 -117 -711 -725 549 -800 -926 730 693 -12 -98 -864 -708 492 -111 577 -268 129 -611 604 -970 -311 757 -79 824 -662 -592 453 52 -643 295 951 -80 -112 -924 -787 501 -709 614 -653 232 25 -271 -89 8 252 371 126 605 -89 942 25
-81 176 358 589 81 903 -446 12 686 -79 -457 -684 -546 834 -891 524 554 58 411 -831 380 -122 -702 -168 615 -707 408 -18 436 747 -876 735 -730 877 644 -293 -134 -632 541 3 -369 17 -730 246 -893 -904 -801 -327 -686 1000 951 -859 241 38 -883 893 373 -967 477 -258 -631 807 823 207 -613 786 857 -953 614 -646 -886 336 -884 284 220 62 -75 -14 726 929 134 467 380 -118 -144 434 -265 -893 119 -428 922 509 936 -424 445 675 -268 -697 -352 -538 429 597 740 857 -982 435 -833 -403 750 335 936 174 -913 270 -102 -45 735 913 -907 -213 -964 57 89 368 106 -50 20
-891 454 275 -57 50 642 -604 548 145 130 -596 349 -511 142 384 778 -339 255 259 77 66 991 -312 415 329 485 241 356 -434 839 -723 409 115 920 -655 420 922 -256 968 2 972 680 -766 -785 -236 -746 -643 -839 22 -985 505 -882 -235 -648 -403 514 -633 -363 -682 817 538 785 756 244 447 9 652 -347 501 -581 -215 -961 295 854 101 -451 -597 318 -163 0 591 -684 -936 -681 -20 -384 -691 -163 -822 648 -854 -463 65 -398 -658 -832 72 -933 -930 -633 871 -871 -498 403 198 881 988 523 612 -982 -619 851 654 -343 251 -320 -178 112 963 228 122 126 882 -90 -667 -406 840 53
-524 131 -883 -607 265 -882 312 -268 991 -996 -111 -663 -310 -615 -774 -938 -715 102 -376 242 415 -664 423 127 369 787 -54 880 60 495 82 768 825 444 -313 -686 -745 -768 -592 398 848 763 -939 -995 102 302 128 991 -211 563 -575 -225 -345 368 752 -521 -654 228 635 -711 314 254 95 -630 -141 -456 307 -36 -309 -774 -504 400 -860 450 64 302 115 64 -640 -607 328 -889 847 28 574 976 67 -538 -187 243 458 -176 194 849 410 634 -517 945 -332 224 26 -644 709 -571 -626 506 -238 997 -107 -704 465 987 -580 398 916 -319 -646 48 -604 794 -663 522 -229 668 320 237 332 895 -723
-784 -536 -681 -699 -555 -343 425 199 -660 653 493 628 22 -516 -36 -116 35 639 785 317 -596 -761 -153 52 293 237 -934 -570 -324 928 -986 -866 -537 -383 -474 -951 -546 -153 -602 -950 -985 -926 -768 -790 139 -952 848 -378 522 968 -454 802 -890 133 193 -804 -643 -867 9 -803 692 -288 -336 -774 -182 977 162 591 -737 -277 -247 772 -628 733 -970 81 242 360 910 -618 -28 999 82 -728 748 -246 -511 -952 -194 968 699 -330 -145 -317 717 142 167 66 -971 515 367 265 304 -381 697 970 -831 -891 -98 749 -673 -630 -578 -368 -180 32 271 518 288 -558 -472 -65 962 417 -535 153 -263 -260 -563 755
117 550 -937 -902 122 252 -2 -258 -600 5 -306 -778 -984 740 -540 44 530 927 -83 539 -238 601 -876 316 -755 534 -835 -420 645 -429 -82 -973 -869 403 -217 95 161 857 978 852 -421 -975 54 -964 471 964 992 884 -967 -827 -971 676 -129 -764 256 151 -93 -902 -174 877 -673 786 -993 2 943 -94 -104 383 -298 -121 -607 834 181 -24 -147 455 -375 -216 366 267 961 -491 206 -217 -718 323 -219 886 691 5 372 -719 204 351 688 604 320 885 843 940 252 -449 470 -646 950 -299 444 372 -542 565 -165 497 -439 -608 -428 -689 719 351 -882 797 265 25 -794 -696 510 500 438 -761 -678 314 -813
823 134 380 -215 683 -725 -686 615 -203 280 343 742 -615 23 854 641 802 -871 -506 -616 -433 229 -634 -658 -86 -53 640 -728 -509 -667 -540 225 627 -78 -394 -833 519 -203 145 142 -707 562 635 -20 879 4 257 -41 993 -182 -893 437 237 -475 565 518 -743 -72 -662 952 163 -80 -885 672 -654 -777 -263 -321 -127 -997 -906 521 34 322 105 -565 633 842 -22 -381 463 264 -911 608 536 -346 365 680 -965 -335 -622 -415 196 -244 860 220 136 -32 708 -563 -26 -349 62 647 -687 758 -264 -515 -338 -397 -422 4 -725 916 914 296 -946 972 328 651 -501 975 125 592 -109 121 -665 779 261 -35 489 -538
224 307 -406 -939 286 -324 -413 760 710 642 -25 -607 -630 348 -59 382 839 968 821 676 -93 824 746 301 -664 -400 -531 39 673 -368 -737 -703 703 -184 386 -60 985 -473 829 183 468 -318 27 649 -334 -943 85 -993 -726 -446 -942 722 -539 -419 290 -832 808 850 198 547 -569 -72 -724 750 -363 988 445 675 -869 -780 881 -246 -9 270 -953 -394 960 20 -67 620 -489 922 587 178 -680 -368 -269 -748 -597 924 -626 782 -711 408 880 628 694 -322 -850 476 244 181 -906 936 -294 -873 -577 927 773 -529 -219 -751 916 -678 769 -167 -648 -738 -288 -59 400 777 318 -606 969 -87 -382 -308 -915 433 -709 -598 687
950 693 937 -61 438 929 -29 -292 303 -67 242 370 -307 867 603 131 -321 -30 -118 -427 -800 286 213 -158 337 -351 -473 128 28 -543 206 763 95 378 -489 -636 966 586 -533 -727 -119 -778 454 552 -43 651 -526 -576 187 770 145 936 309 181 734 335 697 -380 708 -676 -65 -85 76 834 -179 -78 -909 -665 -811 988 -625 603 428 -882 247 20 -359 329 -832 375 -713 -472 -477 755 811 -218 -250 -672 199 406 -767 -265 -105 -475 744 258 614 -155 854 -60 710 -700 751 252 984 705 -473 -848 -158 432 932 -511 -448 233 835 -605 -667 195 -304 73 886 589 920 539 466 831 747 -3 503 14 -285 -997 216 -903
-880 -586 -116 -385 384 330 -772 -85 541 -654 -950 -764 -891 103 -62 -738 558 766 -482 826 -525 614 -752 134 254 678 682 718 252 343 466 -316 -215 -287 -178 455 -112 -461 -623 -996 370 -882 -219 -521 600 -958 552 -954 236 400 -268 609 733 -54 338 839 350 365 -119 -970 58 507 289 -202 547 -758 518 -668 375 -390 -724 -393 -721 88 -203 329 -71 -373 271 -46 790 13 992 -54 257 -998 402 -795 -547 768 983 504 529 -385 493 330 -110 -381 880 -940 -19 40 197 815 -585 -47 326 85 -788 587 323 -590 -969 830 561 -710 839 330 -622 823 48 48 -928 -560 -304 825 984 -431 -634 254 -707 511 10 -846 -978
-781 -226 798 658 -608 -539 695 -449 -369 822 417 49 184 394 -551 -45 85 17 87 -544 770 -500 36 292 -601 252 361 -92 128 -481 511 -829 -814 -233 884 -31 871 15 529 -242 146 481 -969 184 853 712 -613 617 -524 310 971 231 -203 -286 -860 456 -767 -468 312 -165 -182 25 695 -971 -952 -338 -511 583 -515 -701 -664 27 941 479 -483 -791 -518 94 -529 -978 -438 -594 800 503 -379 -313 -468 -240 582 364 502 507 300 358 734 -640 49 695 158 -227 -195 383 778 -943 100 849 -310 -432 63 356 -203 610 -727 480 412 494 -635 -316 925 329 711 -286 429 832 232 -288 -257 -147 -472 -289 360 -699 -599 -409 -734 -750
86 -283 -111 429 183 701 -204 -272 466 -925 -61 314 -539 568 -221 678 53 969 -88 -73 870 -706 -910 -906 302 -607 -697 -27 170 -859 -518 -32 992 -1000 402 -573 338 -950 814 705 254 -252 -855 663 -622 240 454 -37 9 -771 -839 -123 728 953 -792 404 960 293 783 610 434 818 -120 -31 650 -22 -574 -266 -785 895 -806 -293 -24 -913 -629 -352 552 -858 572 -239 582 -602 -685 -617 320 -197 -501 -1 -904 296 -386 680 753 535 -99 -162 227 -963 619 -384 232 484 -493 833 139 -328 729 103 765 515 95 139 -372 -665 -614 -879 329 -178 -15 493 900 -239 112 -605 -222 55 -842 948 -897 122 822 57 -925 -11 -440 -123 413
-70 -879 246 -873 -201 -318 -218 -884 940 352 353 -391 -400 -355 579 -244 -670 188 -415 400 839 206 -363 -706 -27 -694 -874 -704 932 -994 -860 544 -374 667 -324 837 646 -568 127 -867 872 -201 937 808 588 -789 -260 -90 -486 -429 -407 859 -987 415 -368 -162 -915 788 -458 -72 389 -956 -828 308 -374 -4 -230 -698 -449 -16 -924 983 -157 812 -754 548 -544 -374 25 -990 -115 325 -238 849 -120 425 -168 934 -286 850 -535 269 776 808 -896 515 -794 468 -708 -418 16 571 703 622 -27 202 -464 -140 -200 318 357 -116 260 446 629 -324 241 544 -754 392 -249 699 747 643 828 -33 760 668 428 -773 -571 -835 -188 664 -489 296 347 -687
417 655 -952 -274 -191 621 420 16 217 -201 -566 705 -143 70 -196 176 -949 -386 178 -15 -782 738 -633 993 745 -958 165 876 -722 899 -156 -672 -47 808 -111 -665 145 -569 -246 74 -167 875 -82 358 -181 571 -753 863 693 373 156 874 481 569 645 -740 -169 -397 -549 -571 633 809 855 656 831 -831 -578 -363 622 547 -347 -879 -460 675 628 -952 -886 270 -720 -116 -634 -554 -830 -317 477 -825 855 652 473 23 123 -232 150 -898 945 -520 -500 -932 869 172 269 211 -905 -695 -151 62 -216 893 -539 77 -737 -539 898 -966 -70 779 910 -969 -590 -191 106 805 417 -532 76 983 100 -508 8 -100 -506 128 -985 -759 -797 61 260 -674 -279
-633 698 -282 530 -265 424 871 562 306 269 -584 565 537 75 572 104 429 13 -60 792 952 -29 804 -574 -263 725 -60 -922 824 -186 631 628 -619 -906 518 482 870 130 505 -492 -831 -443 -711 95 -639 686 -268 587 390 494 37 -222 -216 711 474 -986 133 -446 -718 825 292 -717 -446 258 676 -671 836 603 -505 -42 305 -603 -578 -348 898 -959 233 -638 -275 296 454 254 628 323 -531 202 -533 992 -897 -550 -1 -818 767 -867 65 172 -731 -351 198 -693 -322 367 670 75 342 149 -27 730 -506 609 159 -501 -900 -217 -551 -688 -825 331 10 -736 163 -891 -975 341 -853 -811 -934 607 153 435 789 -342 -245 -771 145 227 686 -472 833 618
-697 -504 -800 432 -651 -25 -147 -708 568 -341 -631 -602 623 545 -855 -257 -375 247 -154 -888 496 -631 857 -203 188 -118 640 464 -640 -643 212 -809 687 -814 -942 -822 324 -834 -575 -416 -661 292 300 755 552 -928 65 -761 -747 87 -93 -221 -883 618 50 684 -807 -288 172 -765 325 824 43 -697 369 649 -809 -640 114 583 -358 -504 -393 680 -202 -560 -909 540 645 831 -421 613 -997 -774 923 151 118 99 987 -394 97 -399 -205 756 531 230 -684 991 -591 668 -208 133 -585 -303 -184 -668 -705 -818 -630 -927 -814 -442 -489 -408 643 919 -494 412 946 -393 924 -2 58 -87 -102 102 146 -44 -349 279 576 69 -548 975 677 163 -100 667 903 839 -320
-684 157 117 -936 208 14 -407 934 -241 -90 562 -546 -911 -207 -446 758 -584 614 762 510 -360 -979 -122 -996 -689 -133 -479 92 257 -406 498 880 -965 105 -890 -901 603 -310 985 -938 290 -710 545 -128 466 381 -403 219 150 593 -203 -681 822 185 -92 377 580 387 712 560 -707 -917 648 467 146 270 -181 -325 -126 -661 -611 -78 728 -907 -387 687 -119 -141 724 119 281 27 195 453 938 -125 -336 761 481 -673 175 -415 723 -759 157 -942 -290 449 144 182 688 -594 -72 902 -239 799 -953 431 -129 601 680 -408 587 731 291 -192 744 -528 -203 -167 -835 138 641 323 384 -47 -658 878 9 153 952 -255 -704 306 738 -949 -918 -244 -419 863 295 -964
184 218 -179 -106 234 -58 -768 -177 -130 884 566 530 964 372 409 383 200 562 810 372 -171 -767 441 -939 524 715 159 -48 -463 826 707 692 -898 -77 -809 234 510 741 716 -10 514 397 -973 -999 26 53 -148 974 401 -932 218 406 -184 -862 -955 -147 950 219 4 -411 -905 -259 368 -924 -827 -493 -918 -845 784 430 -115 -535 -618 884 -870 -119 391 -72 -122 954 7 595 602 155 -210 837 32 553 -389 787 986 159 175 -811 -585 -239 -9 265 -389 -280 575 -77 -9 -939 451 380 -415 -2 -112 -519 359 437 108 -590 122 -479 423 -435 -93 -666 -623 -645 616 -508 939 -850 810 -267 -318 539 -986 -204 -962 -840 -121 400 190 11 -915 -691 -15 -9 -197
-730 -257 -243 -739 2 -13 218 -511 -458 574 -564 -648 -318 338 400 -228 -37 168 -328 -16 -280 870 -24 -979 875 -905 -526 277 -418 -954 305 611 -926 -265 -781 478 -184 519 -374 -914 -341 -785 -12 24 494 229 -382 723 -820 652 -335 112 449 -90 -479 978 -346 -414 -636 10 -10 -290 943 185 -85 966 -426 -7 -32 -274 -152 -636 -348 357 616 94 232 473 35 386 -411 781 -55 -836 -794 -528 231 -296 -149 387 -785 17 -395 -804 -244 -701 -856 306 -945 -351 -840 340 -783 552 -978 -50 304 -154 -692 -65 -156 -660 -932 -203 -378 437 109 -145 -631 449 -923 889 256 844 835 316 -418 -320 854 218 574 951 800 927 102 379 -176 -540 151 -264 538 -306 -481 883
55 764 -439 697 359 157 157 568 364 -86 465 111 795 -161 -598 42 -693 524 -95 -99 -723 876 -46 -791 771 -329 30 -288 700 -518 -172 -202 942 756 -824 997 323 863 346 -302 320 738 -967 896 505 115 -984 -277 75 -52 964 -629 939 -244 -339 212 320 388 428 -545 443 -880 -131 313 -308 -114 -892 713 -503 965 -488 370 -834 -737 273 -442 373 -196 -254 -399 274 944 -144 -37 -390 453 -904 690 718 -834 492 -860 729 -32 912 -227 -42 723 96 661 -152 -632 816 -413 334 -476 881 -699 930 614 -413 265 164 -387 227 -634 175 815 -420 -107 -914 -121 553 260 691 -502 -538 274 95 -619 -110 182 -988 156 -805 -903 -257 -896 932 -309 -314 944 -57 493 -972
77 598 126 914 -516 -232 549 -815 99 -124 156 202 536 -179 -621 -851 155 902 -730 -308 -705 499 -838 -35 906 586 -685 552 452 284 -372 -610 270 -170 341 -603 184 -838 -60 -6 207 951 67 152 -514 646 -730 -756 -651 -744 -952 -517 656 -410 -252 -387 -658 411 574 818 827 -770 -926 -750 27 280 693 200 654 694 640 -517 531 -343 -288 -12 599 -395 -308 -564 595 894 -469 -294 -444 775 -223 381 -196 -893 97 -969 -736 -277 648 -567 936 200 434 824 299 468 24 -311 341 -816 412 -915 441 362 738 -12 335 -486 376 -239 -633 683 770 -906 388 594 -778 -124 326 69 -605 588 -201 -905 -831 515 171 -7 -251 779 200 863 748 -546 615 -250 -242 577 798 375
758 484 -30 29 231 -775 978 139 -618 -796 -209 8 -725 -70 -208 693 295 201 607 -250 1 869 988 73 -239 954 -36 -794 -342 578 871 266 277 846 169 313 -830 920 451 967 847 -718 738 330 433 996 108 484 -28 -547 391 779 182 814 886 172 195 -179 -611 -679 -276 -458 -690 -100 -177 -249 333 -899 -702 -9 -379 457 512 89 759 528 -75 914 959 -721 -31 -902 188 -479 -52 39 -561 -722 -78 825 -500 991 -762 -134 -948 -898 -625 -716 -900 -348 -208 -301 329 856 -9 -994 -340 843 -345 -303 826 -510 739 -762 115 332 846 -937 -673 -545 715 844 830 819 -254 513 284 616 277 185 -342 -59 655 838 -265 -951 403 -324 -840 3 976 -416 -765 -190 -402 677 -6
-462 -82 36 961 371 -974 -353 -790 270 -385 676 859 -454 -311 194 205 830 -93 471 -249 254 493 -760 10 -369 937 -353 541 -891 686 884 133 -275 378 -268 -978 -477 -993 -944 160 476 -893 100 573 822 530 -271 401 -626 895 -977 -494 476 569 -119 -652 -402 514 46 279 -569 450 -2 -403 78 518 -843 992 742 421 -413 927 884 -628 594 209 -237 -796 197 -743 310 850 641 -823 -439 428 348 12 -92 930 -676 622 -821 54 -580 206 456 563 210 -315 -623 354 998 -585 -206 482 36 -862 -37 -79 -426 -169 -324 -438 702 -500 724 -20 -122 -453 446 -486 906 390 -484 585 684 62 231 880 -344 488 258 -392 539 417 379 -260 346 -423 361 -314 345 225 997 -42 628 303
-27 704 -868 -451 -687 646 -400 182 -775 -751 344 823 -103 -974 287 -752 -709 -739 6 -778 -930 257 -756 115 -206 -335 -210 709 -734 -175 -167 957 925 761 724 -773 987 367 548 -948 -565 923 -814 320 -216 352 762 347 45 -798 822 756 -732 -44 -31 -33 -596 445 -604 864 -959 -884 -586 -87 -917 -454 -388 -887 693 230 -271 -930 936 464 160 -337 838 10 -422 -550 687 453 -557 -743 -888 69 585 96 152 -840 -848 -313 752 157 301 119 -600 485 -931 991 337 -800 -560 319 -86 -198 -846 302 684 -860 161 -346 -280 198 -990 -864 365 -801 -427 761 278 -634 -243 -412 -211 582 504 -129 792 109 415 273 -786 724 990 -618 565 -405 511 831 92 -511 639 528 260 -912 -256 627 -310
-903 -337 -903 402 190 211 -154 406 116 -883 376 905 -670 587 -863 -4 294 496 -549 223 -146 -308 -432 -808 -948 981 345 -659 758 -876 356 3 381 -480 0 162 -394 -358 961 966 148 -469 560 153 119 514 855 965 -598 -245 393 -536 -708 -963 -881 178 352 943 524 181 -901 144 581 -876 166 -944 -848 236 -794 -103 41 -573 127 -480 -559 -714 692 837 -483 494 -592 866 570 -360 -465 -281 -90 -211 105 777 70 83 523 759 -712 14 901 820 562 144 899 -520 945 446 -573 -984 245 -654 -269 5 -287 514 295 -221 88 -936 872 -586 -986 468 288 -306 -974 -644 -523 31 -202 -798 656 642 -55 333 -452 483 956 -604 -601 68 -523 678 -421 -635 -884 787 -743 -279 -347 797 -856 475
539 -883 220 -100 496 528 -181 304 -514 420 853 -649 -573 339 -846 -657 -768 -164 -263 -69 -558 578 -692 227 732 438 -833 -497 563 30 477 708 -424 455 645 983 -711 62 949 466 114 826 -947 517 238 -55 -103 138 -131 240 -213 -1000 168 -913 479 170 -42 585 241 -931 -423 265 381 -638 486 -494 519 335 -327 -489 879 -165 -585 243 421 -226 516 -845 267 68 480 747 -466 -287 281 -401 -808 357 940 605 756 -621 881 724 448 401 -415 953 418 93 368 -591 -112 564 -187 -548 -239 261 143 -84 -168 377 -293 407 859 86 157 -28 128 680 -284 -15 -243 -718 11 171 -219 -176 995 294 -540 -5 -550 -92 48 271 61 517 301 183 336 -878 -974 937 -709 925 368 -864 -354 -759 -55
-178 -690 -210 939 -286 191 490 304 562 383 -494 645 475 -131 -333 240 508 -761 36 672 283 -324 864 436 202 -645 -898 931 -321 -915 -782 382 574 172 -457 943 -605 -194 695 -899 218 4 -571 -630 738 -381 496 -831 225 -209 986 -263 568 -955 -688 -87 -376 539 537 229 855 -208 -603 321 -29 718 -968 -862 140 228 -154 153 -418 -120 -283 528 -409 -89 527 776 673 -53 582 176 927 925 -408 402 -866 735 -505 -982 -701 199 -691 193 -482 948 804 -592 -325 -350 -486 379 -832 -566 203 -706 228 512 128 229 801 163 -491 -440 -9 71 -644 634 83 528 -743 -289 -946 -887 -162 692 826 670 154 -654 754 832 -413 -567 -627 -359 -750 549 -173 -28 465 -255 17 109 745 903 763 905 304 -852
355 694 -304 -627 -71 95 549 695 -659 915 766 -522 -934 -44 353 -265 -283 -841 927 -329 235 -983 499 -150 909 514 -136 911 427 -990 -277 -748 371 -755 720 -317 -4 -56 703 846 747 871 453 -674 -108 -127 71 -962 696 -725 76 912 778 -667 337 602 832 848 391 662 331 830 -758 -16 679 -474 -562 525 254 998 -60 -512 -503 577 673 -920 -786 -399 -876 140 -264 837 -986 682 -417 815 -263 -492 120 671 352 545 -908 -396 -2 368 124 -40 -720 979 -400 -42 429 149 -385 685 -756 452 797 737 -973 714 156 296 628 -741 648 342 908 -196 -20 -282 325 222 146 -405 -673 -127 371 -419 -477 622 787 -1 -910 627 279 509 -963 12 987 -188 770 315 -14 30 787 -879 37 -467 223 -76 60
-910 352 427 883 888 -100 -267 -341 861 -272 -345 878 274 -907 -68 62 -259 -990 -515 850 -571 -917 426 -522 170 264 -217 92 -521 -264 -960 -492 920 88 -649 942 -556 -761 493 218 -206 625 -148 -876 78 428 -631 -284 133 -305 -807 6 -62 831 885 642 469 -301 267 -866 -897 901 -609 -539 -837 -991 -770 -245 -438 623 395 -481 -235 757 -675 690 -838 -759 -715 643 731 -275 944 33 -148 -225 -726 601 541 -450 102 -31 584 -350 689 -968 3 -271 74 268 -598 561 863 722 782 -33 284 379 947 798 -174 831 -238 -309 61 999 918 -647 11 -193 -587 8 303 917 342 -211 482 594 537 -841 -72 -985 468 -523 -592 671 538 -760 -967 184 -17 559 -902 -841 -951 -960 620 -954 149 216 542 119 1 487
-749 -883 531 -321 -724 893 -843 -593 -532 312 436 382 -522 -767 78 255 -426 -682 131 -247 82 -853 629 -781 962 386 595 96 -502 3 -103 769 794 -384 197 -574 648 -414 -232 -273 47 -426 875 151 760 507 605 99 -16 -816 890 -630 822 -274 -317 -221 -609 -375 -986 -24 220 -546 710 333 -763 -773 556 220 522 -119 -297 -819 -127 796 845 -814 -789 366 -336 513 697 862 469 177 355 -571 496 -527 356 174 746 725 680 722 850 -469 -105 -119 -388 782 -892 -89 892 -429 17 736 -454 736 771 952 -447 21 364 -99 -389 -860 455 -15 -207 -775 -992 373 599 613 333 -684 496 130 578 -224 926 85 -250 92 819 130 956 -101 -807 -931 -690 213 -18 -267 331 -527 -706 347 13 710 811 -653 686 856 991
539 -251 -754 -141 506 -322 860 -247 -699 578 -656 -22 -976 -372 -833 602 845 -578 868 597 178 -393 865 696 461 500 241 -888 116 678 466 -115 602 -53 -848 157 -786 619 -968 798 850 -921 -215 -999 -994 86 362 -774 75 63 211 890 -153 -868 -172 -413 -219 997 375 815 146 -717 -401 858 -216 -236 287 -259 -298 780 210 -76 -181 563 221 581 380 267 -761 -236 484 146 39 898 394 -212 -479 -157 460 167 768 -549 189 997 29 -6 -464 130 385 988 215 -238 937 -63 -650 -773 -241 -38 160 770 -340 -208 510 328 334 -729 513 387 -4 302 -779 -896 -243 484 478 610 -27 388 455 -293 -530 -285 710 -320 820 983 441 235 35 -298 -632 256 352 -272 110 727 -683 598 113 309 13 -172 -372 -554 -919 -934
213 92 756 763 108 -257 605 993 -986 556 796 -830 985 812 954 830 -558 717 788 -648 -633 324 -684 -772 -879 410 915 -649 -249 -378 760 820 -955 -168 490 -954 -848 59 669 948 -933 -975 -584 649 -540 427 604 758 229 107 739 52 819 -856 -424 349 667 235 135 -341 35 918 903 552 677 -905 -348 -13 -626 -58 968 819 -260 -910 -364 352 507 -252 949 -477 -441 -571 25 -482 -477 96 82 138 -966 -58 -920 314 192 584 551 -712 402 -613 629 219 649 44 -903 -286 -203 -374 730 -630 503 256 -295 -83 -304 -821 832 50 44 -912 -765 -603 975 747 -570 -522 53 -454 -546 2 777 131 968 665 627 187 -92 -173 -463 83 -951 -394 6 -372 908 534 390 -475 -16 -251 717 -925 -396 -668 18 -941 724 -770 -627
-684 -782 -293 197 -690 486 -950 -380 723 350 986 207 -325 213 -300 899 850 589 -121 -298 -310 -148 401 286 -664 245 430 30 550 -485 527 -272 -138 -115 -319 745 428 516 162 -893 -12 849 -974 -68 -350 -637 -280 -736 -87 -517 -404 -504 534 -268 -714 -719 685 550 -83 -187 -827 -753 456 696 -675 -600 -405 20 -505 -548 -742 420 859 -887 794 -96 413 -369 287 -605 538 -404 -26 31 -597 780 -603 601 207 570 501 -766 249 -839 -784 -472 778 -48 386 -6 339 165 -595 -45 -108 -464 147 -856 881 889 -690 945 784 723 -739 -322 -843 -288 -915 -865 -581 656 615 489 -559 49 293 -690 -600 962 530 -585 598 -164 744 383 -64 625 34 630 -222 94 395 -985 670 -189 -858 -151 -331 -779 -358 -114 -577 -474 846 700 -545 -567
109 -24 -173 691 -355 140 -994 -601 -139 -204 -298 -376 -969 -247 -989 960 13 -978 467 364 618 -431 -16 648 337 691 851 161 721 -303 -10 -71 234 222 -257 589 -752 460 278 -82 288 967 227 673 -275 67 -874 546 802 466 -412 -531 857 -646 74 -402 922 454 289 -110 -570 -325 251 -584 2 571 256 -245 -300 678 -307 769 823 184 765 -400 -371 732 28 527 52 -274 122 -708 -731 -251 824 199 355 709 -126 267 795 878 108 180 -256 -962 -132 292 655 808 390 -494 -2 511 -60 459 -41 -795 336 919 639 797 189 158 717 872 -808 -480 -154 904 871 541 35 466 -165 -748 743 839 199 245 -935 958 -861 -176 76 975 767 270 713 -134 90 459 -316 671 -569 374 797 -54 649 -992 -959 -926 -293 -776 667 892 761
212 -225 782 -590 -584 -594 401 822 -101 950 -319 -691 343 -442 -752 107 -379 62 -123 -585 851 462 -470 -615 -244 712 947 302 707 -262 402 -284 404 -278 -205 -221 -166 -927 -835 -874 -980 666 250 674 941 106 8 666 532 249 -835 -565 -260 786 -699 418 554 682 -284 -422 271 -420 -473 715 509 678 121 369 -269 734 -18 -638 -572 -153 598 -754 -843 18 71 -927 684 465 871 -923 565 -60 -892 -330 -87 659 505 487 -769 408 -738 563 639 131 362 668 -819 151 127 645 -315 -390 204 -855 488 -303 524 801 792 579 628 4 -182 -263 744 945 845 -517 -351 262 -796 -295 -458 89 217 621 -877 -807 -920 90 266 942 -474 -627 989 659 939 557 -790 842 648 -607 989 -608 453 810 953 -426 966 204 542 853 -224 -875 -461 820
10 640 -492 -842 -85 -784 654 -721 369 872 220 113 -794 -534 -72 986 310 350 767 -494 917 122 -939 -958 -599 247 -340 -762 -710 690 -106 534 257 142 342 865 575 373 157 -633 381 -977 258 36 -618 595 438 -311 124 690 -907 -202 -457 -452 234 727 -966 885 -919 -220 623 -458 808 -953 -353 -511 -413 127 57 747 297 -876 -462 779 666 -393 -851 584 818 153 407 279 25 902 615 25 -19 -433 -178 -20 -517 294 743 -98 -776 990 276 146 722 287 6 -963 233 235 721 -365 -837 51 147 415 -367 -883 -723 716 49 -394 -288 -178 -429 236 -258 -805 102 774 -332 -850 -483 502 -671 -969 -498 983 280 16 394 745 724 -332 -455 -222 -822 -727 -64 -678 -724 612 -819 -230 490 -58 -346 -570 861 -337 -942 842 24 -224 87 -318 -146
15 65 -340 538 -537 262 -113 -332 171 -836 -525 632 -574 258 -361 -731 211 -361 -377 -8 -425 -162 742 -853 -401 -926 -961 182 186 -601 173 -535 -630 278 368 657 -750 -516 -351 861 802 634 -823 -275 -554 -910 625 650 758 -854 -748 -24 -220 468 -576 952 575 -175 433 631 73 -653 478 978 -84 62 -252 -517 725 483 -982 672 -957 -105 -965 -112 -3 531 -20 63 -605 -864 -897 -739 -496 234 348 -908 -210 113 -30 -431 -868 -591 -819 724 -308 592 389 466 985 -705 27 997 678 -428 883 494 -723 430 428 -159 899 265 900 -552 971 -723 87 220 -709 781 504 234 886 -58 708 414 786 299 -557 -299 -626 -352 -493 -60 -990 -430 776 774 843 943 -138 -685 -447 567 392 569 -109 141 55 -298 22 838 838 975 -44 -196 -196 883 -586 -327
-6 -659 -768 -337 411 -799 824 193 155 614 -86 268 612 820 -558 175 8 277 -481 104 -435 -345 489 -80 729 769 -161 -122 99 -29 149 -172 154 52 -7 805 223 155 -606 54 -397 -706 875 409 915 320 580 739 989 534 203 986 483 -304 633 -213 593 -920 -893 819 -256 167 870 -539 -485 -509 -65 -142 -312 -767 176 688 65 -734 -795 -459 770 -920 452 -414 -814 446 -257 346 -221 -424 -416 -624 -499 732 669 -736 -801 -744 39 817 685 842 894 967 369 -719 226 -521 249 281 -301 -580 636 -764 -934 -351 -257 -689 -608 -263 363 181 -533 -564 -483 -280 208 781 -997 -849 -378 -306 -96 177 -598 -53 -746 240 -283 840 654 528 930 -167 429 -613 232 -978 987 619 -833 -36 -830 -788 -655 138 429 940 151 -399 -334 -645 841 329 -918 797 261
223 31 -654 434 -373 328 991 897 652 85 -860 -848 936 116 -110 -596 -969 74 -864 625 -714 -241 -905 -195 441 542 -189 -974 209 -698 -338 587 678 -299 -75 -888 852 -776 24 326 288 -190 774 780 629 -402 -772 866 680 153 -243 -513 904 -657 -219 -935 28 566 336 -472 -75 -407 -772 417 -725 442 -146 -770 -891 450 919 -961 803 538 311 -110 906 -944 -642 862 -582 161 839 -229 -863 -420 470 -943 -763 448 643 -735 487 -122 -157 -551 734 -500 -38 240 383 702 530 483 -998 -678 -437 291 -520 -575 632 407 -412 -330 -657 986 -890 108 691 252 222 -501 -657 594 -16 -44 4 724 486 448 -703 -743 -405 373 -585 -263 -17 623 -586 -847 110 593 474 -6 -982 706 -464 -16 670 -912 -228 713 129 373 -297 -347 615 -890 980 -787 602 367 -669 9
602 -238 -322 -224 257 -794 -236 -105 139 -453 236 -288 580 971 -597 -711 -743 323 46 -435 922 -964 -495 -261 -441 -485 698 -967 808 681 -282 -815 319 -938 -63 314 275 126 -102 -637 -832 131 157 669 713 858 -532 738 -802 266 7 168 -59 -713 -485 294 426 729 -426 403 -921 405 -875 320 -683 239 470 -962 370 -377 361 656 618 367 -388 465 -180 901 294 -510 -479 -537 -509 889 71 -389 -530 -898 708 785 -31 7 -576 716 655 355 213 -375 324 101 935 -904 270 -48 416 -336 130 -726 -580 -505 871 440 759 529 363 87 -850 78 -241 -76 -959 -624 -954 -537 530 -53 -202 415 -911 647 -245 747 27 838 240 247 -472 -341 -365 14 331 708 166 -293 873 435 -169 -197 -451 -600 -450 -243 333 663 598 -467 -250 -939 498 890 24 487 285 -181 106
227 -525 -61 505 416 138 31 742 769 267 716 986 369 -852 241 -558 -310 512 -541 -217 -576 -307 -217 723 868 916 539 -816 312 561 -876 883 -538 847 204 620 -853 -417 -271 -286 768 -108 -915 448 -721 -157 206 -437 97 227 -106 457 410 205 155 -908 -4 -268 267 309 -79 727 443 -629 163 772 -384 -527 541 196 949 -464 878 309 -898 -43 -53 -296 -773 585 358 148 715 634 201 534 408 -570 393 906 -383 -287 -982 829 739 885 845 193 -414 -588 873 194 -665 -814 -117 -264 502 -482 674 -52 136 112 115 499 761 555 916 -489 -500 517 -783 328 -526 -197 498 686 -611 -776 763 396 485 541 763 208 -833 -926 202 647 -567 -824 -87 -178 -394 -623 -269 -9 -599 -259 198 56 701 -829 -323 -979 -59 108 -158 411 402 915 236 -909 -808 -476 -190 921
-153 -360 726 567 -440 -406 97 -717 518 11 -964 696 730 -6 -944 583 -665 723 222 871 974 119 -631 -297 -719 594 93 -332 -209 431 487 -133 941 -716 -611 -448 833 641 776 -700 -546 -838 -547 -719 -877 527 -892 -718 571 870 -724 708 471 -528 198 92 574 -809 -832 346 249 -597 -492 -141 483 696 922 71 922 231 462 -239 -683 -394 -480 681 646 774 -917 689 -590 638 300 -698 -120 27 754 -177 158 -79 345 323 922 -574 -762 367 528 997 -677 -831 -321 -4 440 944 -820 -617 359 678 -372 -886 -300 -347 965 283 -663 -604 -312 753 890 284 492 117 506 615 -507 511 623 948 -448 795 -853 -125 644 324 450 -541 -115 -469 -393 484 -171 742 -856 -105 417 -712 -966 227 -753 -375 -596 884 -375 736 -967 -347 825 929 778 994 64 -382 -98 965 703 790 -35
601 -335 774 -44 -644 955 -483 400 173 694 459 563 349 381 -704 -65 135 -190 493 -225 176 -348 511 -56 -305 976 -254 -324 -23 822 -924 -926 -739 -262 -398 -203 734 -115 -453 127 436 171 466 631 -990 -820 -956 765 504 776 251 -974 -384 -772 869 382 -577 51 418 831 632 -370 274 474 161 -33 935 166 115 -148 810 -333 919 -864 979 -376 620 983 -873 260 -660 -72 668 101 567 377 -345 101 -182 698 -460 -332 51 50 -826 -200 137 -961 -393 351 573 -44 564 540 930 -341 -940 -243 -323 -125 291 147 751 -41 666 491 297 -768 500 -987 725 575 468 -13 514 498 -636 -73 -283 -81 -487 -319 128 10 -266 876 -956 -542 26 593 217 740 -33 704 72 -816 600 -64 584 671 -574 -123 -532 -374 -933 -375 -722 178 465 727 -402 851 710 -996 847 750 265 661
840 -422 451 227 -39 -314 247 -447 -310 -823 -491 931 -330 -353 9 -897 639 -907 -541 -45 595 998 -866 524 938 -621 760 -492 572 8 382 181 -480 475 -197 494 904 552 51 300 -958 201 -473 717 -295 692 672 -227 974 784 -243 -5 -542 146 66 -793 64 783 730 579 300 560 -30 886 -174 -433 533 -403 -181 346 -418 937 304 230 242 -959 734 115 602 460 -339 620 533 -729 -474 889 -119 210 655 385 9 38 873 200 -487 781 -920 -265 -531 424 962 -724 279 644 -852 765 224 -147 687 -656 -447 126 5 211 -840 906 -841 -666 839 -415 -706 934 458 156 -802 -96 747 -703 183 -969 296 791 -927 928 -502 -833 -244 881 -88 946 -329 581 541 -436 835 284 415 -400 747 -173 340 -833 176 -888 -867 25 -831 -464 -432 132 283 -736 -37 -707 549 -781 245 -337 -805
-379 -835 611 -817 605 -175 -954 801 438 48 -882 577 -727 861 216 651 468 -799 968 733 -540 921 -855 -671 -263 485 346 -764 -107 784 -687 -402 949 47 -317 -706 921 -36 216 908 70 631 74 -128 -122 -64 -694 609 -290 -644 -148 -72 -770 968 524 614 -791 165 -105 240 -738 -401 -736 -735 906 80 167 167 146 357 882 748 -379 523 -745 -90 -422 -475 342 455 486 150 800 -520 849 193 218 535 -40 567 944 326 32 -435 -21 -784 -478 -965 522 402 638 -915 -897 849 -672 -850 -394 -829 -46 -21 -667 -655 -28 389 -189 817 -133 -281 -635 880 198 -60 943 -856 526 917 -145 797 -351 -490 -180 394 761 -765 -533 563 53 -28 -925 -460 840 677 -775 -600 -471 -850 -559 -873 -225 -949 727 -43 -301 806 -637 153 624 531 695 -727 933 237 855 431 118 -42 681 -534 998 -111
-955 -413 -154 751 -100 -518 212 819 -598 -499 935 289 -816 -20 -254 -888 881 -929 493 146 -898 890 -76 -915 -614 -479 490 -232 -319 -669 846 -830 160 756 -660 -488 -137 922 858 -634 -671 -274 27 -612 -26 621 -69 919 -972 661 -747 -819 868 -781 744 869 -845 21 631 -648 178 -2 -259 -103 908 583 33 -817 625 5 -126 516 195 766 377 126 -434 -936 575 799 -236 -97 -539 638 -1000 439 890 -706 833 332 807 -520 -127 613 -827 149 -140 362 -598 448 -428 862 484 707 -902 -366 -665 684 211 311 388 -530 -954 268 374 -42 849 247 -582 875 -549 -251 -480 26 -556 134 391 493 699 232 -579 658 -946 -691 402 690 -930 -123 935 -676 901 -624 -217 341 -555 580 123 -158 -176 -276 475 -547 -87 232 663 270 938 461 -907 -722 397 -695 -221 -517 711 -432 -358 -537 458 -44 255
-409 303 -319 155 718 224 310 405 -745 216 -615 672 847 421 270 -871 549 485 -485 342 722 181 -462 594 641 -718 582 -820 815 -410 302 518 -518 629 586 -164 335 843 452 386 505 -674 -228 929 625 -764 -307 900 798 -615 65 -780 -822 872 384 763 -67 -777 -292 297 -892 993 154 707 700 687 -276 -585 -935 -577 -601 277 -461 -708 44 683 46 130 -471 -182 -355 -180 171 -591 675 586 -533 498 -803 216 554 888 191 294 -1 -679 904 -777 112 -720 887 829 -804 612 921 263 -483 -64 391 184 -167 -965 79 -791 415 -970 -12 -743 243 280 227 -539 -684 -472 711 712 77 272 -341 -868 362 764 -302 -583 96 -908 632 -583 -855 730 -168 -577 -332 603 440 407 765 -123 92 496 329 650 5 206 -672 -128 -202 -550 -273 328 -838 348 850 -232 -282 -439 166 976 -249 -917 280 652
783 -38 -338 958 -30 -48 -78 635 -268 589 741 831 362 979 -230 341 -402 658 -268 252 506 338 -535 -34 -652 -763 354 239 -447 689 -395 73 -149 747 85 183 -418 -193 414 668 463 731 -271 -626 764 -479 441 -936 -602 72 -13 -388 -514 745 156 -46 390 -733 58 -804 -220 673 962 986 308 495 979 -991 -601 280 753 590 942 573 -233 608 -163 503 -37 347 354 44 -966 -974 224 419 485 -656 321 -847 321 210 -378 248 -166 35 18 -908 475 -426 -641 424 -610 -421 97 -805 107 -325 564 252 157 900 -548 -257 315 -656 -353 -23 -314 121 -155 -399 420 92 301 189 -915 381 969 -13 -495 -442 840 588 548 -793 223 787 789 -530 -883 145 548 559 988 -931 917 645 -445 982 981 -889 152 -423 373 681 244 819 987 -605 731 -139 -898 15 670 676 636 456 348 -963 791 -83 897
122 461 -628 -308 -948 32 774 611 -832 88 66 103 -15 739 380 428 -401 -298 143 -372 883 181 -147 -98 402 -426 -192 -240 -575 943 -604 636 415 846 89 316 34 -912 333 693 -55 798 758 -419 671 -349 660 988 746 -268 -581 463 -119 978 316 -722 -645 -789 -780 654 -51 -430 -955 -312 -732 928 645 -798 -708 753 -224 -440 16 -353 -397 335 759 -134 734 -326 793 10 390 381 -612 580 -167 5 -310 -355 236 926 354 902 -227 410 13 -855 33 753 3 -933 -95 -669 107 751 412 -460 -516 214 669 -154 592 -693 82 949 394 838 -677 166 -743 212 -577 -704 343 827 136 -460 194 142 -776 584 -327 714 345 88 663 -607 -800 -577 760 -498 466 94 -744 217 47 115 720 -801 -226 -569 -884 -854 6 -140 -167 75 754 667 545 -432 -842 653 -413 -661 -603 -590 -47 -856 569 -68 292 500
-333 -73 393 -569 529 690 248 257 -407 637 134 624 899 -369 765 170 762 714 -274 -855 661 291 -61 -7 880 -616 -360 103 245 68 824 -479 -870 314 620 -761 -362 -232 804 346 558 970 -102 726 -992 34 293 362 242 -210 -482 -799 -203 -282 23 -382 590 -717 -494 579 -492 -138 -440 265 -81 -565 448 -252 -774 115 733 -987 593 -550 372 -89 800 -907 702 549 -480 758 -813 -175 -740 120 -946 983 -703 -859 -78 385 218 807 -942 540 199 73 -519 816 -562 -992 690 -443 644 -223 -283 -77 -388 149 -539 24 -889 -368 96 -365 411 -548 155 510 975 985 485 474 -2 243 56 -495 -977 912 -584 65 -884 -824 375 609 757 816 -55 -928 -446 -716 334 659 934 147 761 -325 -337 -673 488 -747 -146 165 949 431 463 337 130 505 97 -844 -352 -941 449 -696 -327 0 764 438 -473 -754 71 45 979
131 349 -217 -48 210 -630 642 684 -334 -314 332 -734 115 -656 937 97 420 -12 898 190 -165 -354 -556 0 341 841 434 103 747 407 379 908 509 973 814 -764 555 -570 544 -726 332 257 -344 919 786 -697 8 -522 481 911 562 28 685 -279 -827 -216 147 890 680 501 -927 436 262 41 192 770 -994 118 -827 -710 -679 -883 -535 -376 -678 -104 -953 -512 27 670 632 668 962 995 897 858 -971 -254 -328 -696 -448 794 37 657 76 -559 654 -556 496 998 -477 183 326 1 -59 -459 -289 691 -42 321 860 -888 -706 597 297 531 -408 219 -710 672 -227 109 -842 756 -930 -130 -407 -567 -317 110 221 971 86 -542 795 -975 640 160 -771 -872 380 651 369 428 -110 773 548 539 -770 -89 -586 -716 501 750 -827 211 -215 726 -101 -559 301 -465 223 889 98 -223 872 252 -479 -782 556 -173 879 -678 326 585
676 486 -10 -200 627 682 -418 767 689 199 -455 -768 -265 4 629 103 622 -89 210 792 -275 937 -561 548 214 -639 728 -169 -857 833 -781 675 -712 -425 -399 -255 70 -621 465 399 -636 530 506 -597 -1000 738 433 -679 -983 -768 526 676 -95 -593 -241 952 -785 -440 -747 -874 224 483 93 264 732 830 820 945 -999 -47 575 -337 -345 169 15 19 -736 -90 -57 -961 726 -880 102 -825 -405 -63 77 525 -891 -671 -217 599 286 -777 -203 176 372 745 -411 -413 592 -250 2 956 -868 -827 -418 283 -586 282 -120 -719 -376 520 -205 454 -188 117 -553 -624 -4 -812 -303 136 486 611 -7 -273 -388 -163 385 627 -11 482 -365 -346 185 -202 -75 82 -484 358 -168 176 907 175 104 -31 247 883 -574 -735 730 -236 804 -708 347 38 -462 293 572 837 996 -85 -338 -323 943 -914 687 556 588 716 -100 570 523 850 820
-545 -356 -426 -8 -558 -416 219 -790 -555 -632 -442 357 -220 158 284 -495 -813 -970 925 -466 -692 204 -990 337 -428 -965 422 -257 -897 -136 -246 -137 -515 -195 16 -571 309 784 366 36 -261 -666 289 -426 -21 513 -342 73 -8 274 96 286 -200 -564 47 -848 -554 709 86 340 654 946 -831 124 -779 -962 774 745 -231 226 -578 -169 -181 -472 -906 324 866 719 -437 -903 -554 -179 383 -622 -6 -40 854 -822 740 446 -737 754 360 608 456 -762 845 901 -719 926 -255 -205 156 212 756 -744 48 -323 -568 -880 374 -925 356 -261 -648 797 -284 -97 955 391 -345 139 -394 -283 422 107 -931 -822 -100 -61 349 701 518 290 -321 686 -787 -454 -496 -849 614 960 397 702 -919 -719 -257 -266 908 32 -852 392 -561 684 -646 894 447 621 -48 920 -570 -354 966 -314 159 686 -497 164 475 -801 -604 -785 465 650 518 -370 298 -467
-582 -963 231 841 941 -114 252 -891 -79 964 -427 -74 560 419 -207 436 231 303 -810 -245 -64 310 28 315 -341 900 -929 -669 750 -452 -335 765 477 -320 -274 -178 810 -963 -571 852 261 839 631 -814 845 -79 -905 127 856 145 -414 -89 -504 -893 -631 -606 597 -127 -302 499 -818 -361 686 358 -990 572 805 -626 101 892 -707 -937 -633 153 926 536 -881 6 -758 111 997 -561 459 -774 521 213 -208 406 -616 -317 919 -60 -727 23 -271 423 460 -900 431 -630 -300 692 805 714 216 979 418 -933 770 -32 -456 490 434 -411 -179 423 -706 410 264 -327 -911 -3 -376 -926 648 978 616 66 -579 48 951 -815 -595 -418 583 -318 -473 -339 862 -95 -35 638 -970 498 -494 298 631 -472 -822 -911 -352 -153 -889 -995 635 971 -732 39 -662 -324 43 -790 -761 690 -10 -565 163 288 252 536 787 -989 -716 879 -450 119 823 -877 17
-351 669 446 -872 800 769 -130 99 -823 -927 -468 445 347 -581 566 875 -467 172 734 -807 781 932 -919 -764 657 -367 679 -776 -28 -503 894 -181 665 421 -524 -657 190 -257 -644 -879 -81 182 -14 296 499 -970 676 1 280 365 -541 398 51 662 -781 737 -500 22 -895 -843 -222 -446 598 -181 962 -694 332 391 -704 955 -259 147 -795 -161 -781 -965 -558 -910 6 987 760 -310 -370 -244 311 373 695 -820 771 726 823 -385 -616 627 980 469 183 874 828 -716 -536 -66 957 -485 -470 -871 -639 479 -572 189 -29 943 229 778 -616 539 -747 -702 536 748 187 479 98 910 897 -476 32 52 -356 -777 -896 -174 417 691 -25 406 -411 730 825 958 475 147 916 963 495 691 569 -870 454 11 -160 79 359 679 -483 506 653 384 963 839 -355 -481 815 502 -171 796 805 672 -892 245 -255 -66 505 167 137 289 230 -194 -130 221
-36 771 24 -145 159 -605 593 -357 -865 701 994 537 328 207 -297 335 507 -819 -68 -941 -361 168 907 898 -61 -560 871 49 -376 -611 -971 -450 122 462 371 -789 -599 778 937 -601 808 903 127 -182 513 -256 -61 -132 613 670 248 775 627 813 -530 515 -194 342 960 -532 -275 -166 -430 -274 -339 -224 -543 95 829 383 556 -941 491 -938 398 210 -851 344 694 -587 -209 -411 -891 -837 444 -238 636 -981 317 896 -733 -931 -636 -327 669 696 -581 593 -776 843 722 68 904 783 -831 132 -496 -726 525 546 85 13 -235 -857 -647 505 825 980 -569 -775 -726 -910 -255 -122 -330 -361 -768 -838 -758 843 926 639 39 -528 -160 -443 114 -993 322 123 3 -723 -624 390 342 -364 -375 65 575 563 826 934 -966 -313 330 392 362 -121 179 431 214 -908 -796 -887 269 -40 148 -729 -890 283 128 -912 505 904 -711 -543 336 -954 -563 952 -253
-68 484 -343 -677 745 -741 -15 -922 -936 497 -870 906 -426 -399 838 279 169 770 -917 422 -267 417 413 263 217 666 618 -560 718 -984 -781 531 767 743 -263 306 -218 10 -375 782 -241 57 762 130 865 236 -226 -589 -818 -583 -167 -8 -379 -495 -542 420 -959 -333 -443 51 -561 -115 -675 524 -909 31 91 -727 496 -478 -279 724 -666 738 731 401 -736 -367 -833 -345 -276 714 603 61 -850 -824 52 599 579 352 454 -628 -44 278 -908 -7 36 508 711 -155 -261 -928 -130 179 867 -974 136 -776 410 971 930 772 926 -588 173 97 441 -222 240 403 -437 76 -887 791 409 -682 -439 -796 879 354 553 421 -520 173 707 441 883 -401 -490 -179 692 -18 815 947 479 56 -516 -44 -66 239 -252 930 707 857 -424 506 720 958 400 -718 596 286 980 3 -562 -968 971 -667 795 507 617 386 21 -657 760 -841 740 -905 -162 -1 -321 -732
778 -190 929 667 -903 395 -603 -498 96 -842 -370 919 -709 303 821 534 272 -463 718 646 -708 -497 -996 258 668 -640 973 782 -934 991 531 141 -282 109 -101 905 744 786 595 -898 -525 -280 791 473 -638 -107 -411 83 564 643 -392 788 644 866 -784 665 -5 -623 375 -711 -250 407 342 132 -521 -546 -208 -73 -55 889 189 462 577 177 415 276 -553 411 260 215 -723 -19 181 -556 318 -756 -667 841 865 -785 -133 -708 -502 220 603 -481 480 -280 250 -882 -308 18 -161 273 -493 383 105 837 -253 -635 -817 950 -586 -122 -330 -734 -133 -70 -432 306 380 914 -956 817 -183 -6 -567 -766 -551 -203 929 -110 801 -288 -169 751 -650 -571 -634 -355 -22 -502 359 801 -63 -69 -985 -407 896 7 725 379 -778 895 350 -900 581 72 -536 523 649 192 325 -872 51 439 -304 -3 -57 -304 424 -472 867 -372 -556 -470 -194 284 203 -19 -938 300 -599
-516 -535 -508 588 -503 -30 -71 807 -806 997 -416 -85 -85 295 382 145 648 -717 427 546 -280 -882 993 -506 -607 -812 395 -413 778 -975 -663 423 571 -198 938 -120 228 310 109 539 436 -242 -199 549 398 -549 345 114 515 -24 -426 987 343 -460 136 979 -415 183 744 -579 -212 -452 -808 517 -446 -454 836 511 461 -25 -846 -762 373 -617 445 -160 372 -828 830 264 -833 -975 487 177 9 982 724 -713 -930 629 403 723 -320 -309 -292 -779 -473 926 -909 -489 871 470 555 158 -136 486 -127 690 1000 618 41 362 728 197 461 -876 393 -168 -162 -184 -202 498 467 161 -970 943 -314 207 749 787 -439 -689 754 283 128 885 133 -31 -253 410 -72 -638 -960 274 -716 441 565 -620 94 562 858 -406 -622 981 454 -691 -756 840 -853 819 -288 -879 502 -813 -641 961 989 -341 719 687 -799 -284 534 -696 -955 42 -877 -224 -754 609 748 -420 -447 268
-565 880 628 -571 397 744 -166 -704 269 -279 109 647 -56 -343 -147 236 332 731 -977 574 -564 552 -274 -581 45 -38 -511 -255 225 -332 -235 -727 886 853 512 208 180 396 632 -404 -886 447 438 678 -957 329 -118 -882 -442 310 892 112 310 -747 -161 -919 -779 -712 -93 -522 615 -976 -507 -973 495 -893 -823 703 779 -559 -316 247 -923 180 -973 238 814 -432 158 -830 -643 -277 808 -603 -207 -839 -227 -299 960 -190 -120 309 -438 745 699 344 -230 -753 -537 29 -771 -243 978 -797 560 87 476 488 215 -53 -354 200 812 -547 307 783 -306 659 369 -421 800 -809 -412 911 -89 -477 -398 781 -509 -690 -818 -331 -247 -31 597 333 11 466 964 387 -489 177 -107 -67 -412 627 -851 676 -947 -640 921 492 483 863 180 -279 -153 -147 843 399 659 -293 -277 -707 -255 564 -610 629 981 -173 -216 756 -391 325 -869 -398 -791 -562 607 912 -319 921 481 2 -295
-903 -276 817 490 741 -913 -725 869 -563 -789 -463 964 -577 68 568 309 728 245 929 -335 34 -953 11 758 227 110 601 668 -406 -157 -319 800 330 569 -282 -567 -270 -131 59 -736 -842 -817 488 -201 -967 556 -393 -29 -48 -407 -365 707 -549 -641 470 -196 -26 149 -828 936 359 498 226 -97 -764 922 -804 -540 -415 -436 -293 -89 -108 -402 -112 790 -972 808 -42 494 -617 -168 -223 657 -676 -575 319 -901 202 -652 -754 614 695 -528 -188 -958 -200 -264 -896 -965 632 -119 -886 534 239 -908 -298 584 -800 -367 578 69 187 -850 -876 129 498 501 -779 301 395 -657 -722 248 403 586 552 980 503 -468 511 264 466 -891 361 -559 909 990 -764 580 404 -249 995 -338 -177 96 106 -205 289 -210 408 442 -978 54 -152 289 -742 -142 603 -312 -735 -842 -623 164 -32 209 -683 -953 797 86 -277 -415 -475 940 176 -471 841 -159 218 627 63 841 543 -625 220 900
706 -411 -267 349 800 552 302 -441 -10 354 -600 547 314 -49 -474 957 837 161 420 -120 -913 -168 545 786 970 209 -488 295 -724 -550 600 -838 668 -851 946 996 318 -843 -526 85 550 632 -225 773 77 683 -817 550 -841 -636 540 263 -26 -87 -14 93 886 -613 324 369 84 849 55 215 542 464 -968 49 536 -278 62 13 -974 -80 178 -435 -462 566 760 561 731 -369 989 -52 -244 -529 966 765 760 791 -338 247 945 149 331 274 -688 -686 640 285 997 -14 -641 -214 397 952 -946 860 915 484 734 -198 67 -616 443 394 31 -371 239 786 958 -976 812 -519 361 -646 -167 501 256 -488 184 333 883 177 571 225 -359 253 181 -999 -129 74 -851 940 -230 765 -216 694 -588 110 -530 -498 -672 -769 -565 -794 -348 915 -356 939 -354 711 -187 -191 -258 833 -82 -784 -649 575 -480 -465 164 68 -329 -827 486 67 -758 -567 -517 901 335 -689 -517 468 -579
525 562 -339 -49 75 -112 -171 -118 657 -789 915 115 86 192 343 492 158 52 -528 -21 -333 893 -993 -334 365 353 -616 418 -659 -731 712 -509 632 155 -348 -334 -769 -986 -823 662 -714 775 -997 699 497 216 948 -479 -189 -449 486 -987 636 224 -187 -530 -612 576 -140 516 -11 -198 -969 -354 -8 -194 931 672 -721 -224 -688 456 383 31 61 -802 -251 638 -793 725 -577 625 -50 -966 170 -392 -460 616 -909 153 901 -40 -454 -654 66 52 -37 -439 435 411 -774 375 533 -686 696 -319 12 -481 -311 692 -220 -995 296 -271 17 726 790 -26 -644 199 894 -221 733 757 659 504 -474 962 -931 832 877 -963 700 -694 738 765 -202 -751 -877 648 238 961 -432 75 16 356 24 -37 335 -970 -467 741 -294 -417 172 362 893 -687 -95 297 336 -735 11 -685 704 -38 -582 -64 480 -283 -908 880 879 433 -774 -83 -56 -697 -854 269 326 -859 -396 -638 636 564 216 560
906 161 -472 -680 275 -722 804 -275 286 -77 -896 451 952 721 27 542 -289 -340 -567 -873 -999 840 -335 441 150 582 320 849 -860 -395 -27 326 664 215 -378 -553 -42 -175 -370 338 -949 931 -895 -139 1 -260 -975 -703 -228 39 -840 23 -416 338 -848 476 -155 -71 221 -48 -972 -306 -776 709 -496 61 601 38 -140 685 -986 -315 507 858 351 312 -881 59 -339 -681 -897 -997 72 387 -932 589 -298 114 -717 231 -872 387 842 129 883 630 -759 -27 -869 -565 323 -622 -500 692 -761 971 106 503 -241 -438 -109 842 794 460 310 241 -455 -242 -872 164 551 -752 -329 -734 186 -123 -223 832 616 245 -682 -757 -351 -530 -868 -271 976 831 32 -588 -494 -718 -346 -258 482 -708 242 -664 -399 367 -420 -336 655 -397 425 -851 -607 578 837 480 -168 871 594 -516 -759 -472 -900 658 -544 595 -468 141 271 87 939 496 -67 -529 -442 -173 -58 -84 238 639 -354 568 -243 247 -488
858 964 622 490 -583 -969 -575 244 655 -443 179 -318 330 831 71 -429 -357 -764 -14 -20 618 -790 488 432 736 222 -97 196 -509 -929 452 893 532 700 725 513 401 -689 13 -648 -846 179 -831 368 -265 -985 -691 879 -909 -926 822 -629 131 371 55 444 950 -964 142 146 -83 -673 983 900 292 831 325 303 570 724 790 -281 -165 262 652 878 398 -313 521 336 -81 956 403 -857 -433 650 -103 999 595 577 986 -313 -340 -374 -807 -575 -900 947 176 440 741 730 -68 622 -85 -328 -237 -169 977 -321 -745 14 -213 -194 -764 -298 -528 183 862 610 151 -332 -47 2 403 465 648 789 -73 -639 69 274 -374 -95 -542 66 782 64 932 -620 571 -350 -179 593 -970 -532 -166 428 -957 494 -98 265 486 340 318 727 181 -23 -745 -224 478 -27 36 701 459 410 528 -350 -772 489 881 -816 785 -292 500 164 -52 795 317 -153 -590 -734 -382 704 -884 -61 975 -592 824 484
-394 47 -161 -491 792 -932 -435 49 637 696 867 -451 626 -400 32 476 -238 -403 633 -562 -47 43 119 503 395 344 983 820 -406 3 -148 105 831 -248 -449 506 757 405 384 -466 218 -662 -457 -29 102 991 532 793 -67 -344 216 595 619 -559 -469 886 -293 37 598 -232 872 238 -2 729 -56 -493 593 -490 -162 -789 -4 -779 553 -123 417 559 396 477 687 220 -878 125 -194 441 666 366 19 92 117 659 746 -230 -641 53 147 -541 -258 -385 -929 962 823 449 -656 -120 721 564 171 892 -568 -699 -650 578 277 268 394 971 230 479 -208 -795 958 -843 408 452 589 -984 373 74 781 249 439 -766 -45 -585 -478 678 187 -467 -996 864 29 -421 831 273 300 -991 204 -276 -873 -678 334 53 -180 -757 -268 657 -292 -818 791 -330 871 578 -420 298 -655 -63 -66 -688 795 -333 -167 805 -6 368 -556 455 -294 149 -218 -327 291 -672 -979 -346 680 837 -612 157 918 351 -157
-731 -806 518 -370 -411 -901 -500 -335 296 -488 -845 -332 -993 -662 400 -789 -507 369 -848 473 83 444 -12 97 -19 919 -506 -148 26 615 -288 253 745 244 790 -52 -667 859 -443 949 720 -499 285 244 899 730 862 86 -865 428 635 -652 983 296 -740 -692 -364 -438 923 -791 859 -412 -507 617 200 31 -773 -782 347 -657 -695 687 -158 757 -683 686 482 -205 432 -674 538 -606 946 -872 216 556 -828 434 476 -640 -871 598 241 -273 -234 921 -710 -950 -759 426 3 -448 -844 818 -339 757 342 993 435 710 -482 585 -578 -568 109 -320 260 726 -460 -652 562 776 274 672 -728 631 834 435 -52 581 -62 904 724 -952 298 761 -192 651 153 -325 -320 -133 -162 -200 414 -321 457 786 -747 898 -122 769 -167 783 -67 517 853 819 918 -659 615 851 -711 131 -688 -184 -132 -844 -408 279 44 -578 -499 96 312 986 182 -973 -2 -416 -872 -992 336 939 594 -868 -224 749 699 562 -739 -679
-783 -51 538 770 93 705 -562 -215 -29 77 891 -287 -329 739 -3 -537 -726 945 -110 -369 -107 303 -124 -605 900 172 -410 -197 540 738 470 769 -664 113 -135 661 -4 -974 94 -110 730 884 -475 904 157 -602 24 156 734 -437 306 590 -137 -822 702 197 231 -163 -111 122 -987 249 362 -187 -613 831 -682 193 -102 796 365 10 229 44 -846 -996 -976 934 -338 278 970 -266 423 -658 150 -210 -700 -215 -52 -52 -552 234 770 142 -313 857 -897 -176 -1000 -884 -194 741 318 -614 -942 -429 -370 -944 690 767 117 751 944 271 335 653 185 -692 305 -975 -952 -979 -739 -901 772 -748 276 793 -145 711 -552 -126 -776 479 988 -603 962 -307 70 211 -775 -331 -502 -690 853 380 -915 455 63 106 331 98 630 405 -703 3 -608 98 -891 -467 -772 928 768 435 650 -723 -718 -263 -71 -582 98 166 -260 295 -215 -507 992 477 775 545 -101 272 -937 309 -273 -815 119 175 -852 302 345 -697 -277
-680 -44 -541 -908 -793 -233 886 10 -10 -670 363 908 -549 177 -189 734 -855 -967 -71 773 426 940 594 178 496 -295 -809 113 824 -325 307 -267 -467 -718 -153 587 580 335 94 36 -145 856 262 -410 677 -447 808 333 993 465 494 -386 -864 -662 -987 707 -176 556 -237 -408 -147 -525 -710 955 232 401 -146 -657 111 -155 481 -747 693 571 487 809 -39 -709 287 787 976 640 -4 -206 190 281 -519 -644 -370 187 585 52 -146 -839 789 284 462 715 171 -230 17 660 518 973 -501 -125 3 -41 -181 915 862 137 -125 501 773 -604 -551 109 145 422 345 334 -698 -583 -658 -221 -176 -426 -326 -429 77 -68 414 750 -354 -544 -916 -605 -446 459 -330 321 -575 -581 -139 224 -764 30 75 -861 286 992 103 -231 429 -680 1 906 93 672 747 593 680 668 -368 -560 -443 419 572 -328 678 -668 875 35 852 -178 -333 -220 -511 637 798 -922 480 244 -254 -889 757 439 619 637 -155 -242 794 673
-861 -232 -654 903 -635 708 30 -819 455 431 -357 -59 -524 -562 -764 -791 -265 389 -428 -585 689 907 215 894 577 240 -945 -636 -977 -614 -915 -641 599 391 514 -47 -899 904 -699 744 -577 355 -305 -740 343 709 -99 215 106 973 91 -700 402 678 -161 -48 1 -354 -692 678 -524 61 -946 547 -30 -713 623 203 294 -462 -773 -889 -692 422 -741 -684 687 -699 933 -284 269 161 -603 328 -898 882 156 -968 519 -172 -650 -942 644 -822 -961 330 817 356 403 -719 630 -441 201 881 394 -822 -471 804 -909 146 10 210 -814 306 212 -586 995 -555 -711 -340 -698 -836 -623 713 -276 -426 -424 -288 -141 525 -717 -849 -876 -187 847 -113 -788 -276 -288 647 181 652 -312 -626 -169 54 197 194 458 731 -785 224 -441 375 -315 494 168 39 -154 163 607 763 470 179 808 -615 399 918 459 -538 126 725 191 -24 890 323 -831 326 874 153 27 860 331 -517 407 -205 23 908 879 189 562 751 509 24 -963
441 663 -790 -11 -557 -151 255 111 724 -520 119 74 777 121 -221 732 891 -444 766 -580 90 331 -292 -527 -317 -500 660 589 240 719 506 -122 56 -40 -944 -614 492 796 606 -66 633 -26 -788 -981 -101 466 205 -55 360 800 -841 -612 -867 -19 -259 -160 -605 722 831 560 140 695 925 -403 245 -419 -893 -529 521 -823 616 -447 738 169 -330 -316 946 -778 -600 -416 -456 -648 849 -542 -296 799 779 26 330 -38 282 -353 639 -434 -522 82 -377 -305 97 324 -387 -770 265 51 -23 -498 340 -860 -323 874 -362 -637 -758 474 -75 698 249 -645 -650 -753 661 680 966 -777 -741 -948 -176 699 975 -167 -34 626 272 -736 -207 -971 178 -49 -430 632 167 421 616 294 -351 449 -118 172 959 -553 638 443 -642 393 -739 725 -287 147 360 733 489 986 -689 -603 547 -929 -248 750 -402 -480 -383 -526 -683 -227 -979 -796 -952 646 622 79 -191 -107 -867 -633 116 -745 -920 -458 -293 954 112 -450 -660 907 -162 -756
469 -341 782 915 979 995 334 989 304 -747 202 246 995 487 -882 761 -877 -332 -428 930 -243 930 756 543 -953 315 -23 -964 496 -657 954 779 578 624 -509 521 -190 -988 -524 -721 -76 -887 995 -747 -903 116 -891 -187 -707 370 922 491 34 215 -1 949 263 886 323 -432 -828 507 363 -827 -864 354 -531 -54 391 -909 563 -780 -484 -311 -539 -757 727 -525 -784 142 955 -878 -569 -459 888 -771 112 -83 -813 -797 -730 388 363 -563 -453 -100 80 687 720 882 7 -592 -733 469 961 -626 399 -588 -370 -178 731 -252 853 -139 770 702 30 -158 102 166 -954 -604 -758 -321 -43 523 511 149 79 -851 -789 323 -556 344 -914 -641 -19 768 -595 981 -528 -416 412 -674 -280 611 845 -811 -769 949 741 97 -797 -381 -525 -637 333 795 -185 782 651 -175 328 468 -38 954 -923 837 158 459 389 -519 374 -282 -10 134 78 -817 224 432 -288 -540 493 270 -222 -669 -207 -441 441 520 -169 392 87 -637 -835 -213 -511
-202 -803 -747 328 405 733 -338 -176 -184 -629 194 -202 719 -561 477 956 -500 311 23 625 819 766 -401 455 -25 22 -744 -399 200 721 -835 859 -410 -256 113 -653 -582 101 957 111 846 696 -175 -713 -499 575 519 -92 992 -287 973 910 -602 387 676 354 917 142 -596 -788 -924 -904 -372 -658 666 -879 -689 -465 -737 -915 722 552 -953 -557 -855 918 -114 -767 202 -235 631 -375 756 407 -783 -132 494 -517 959 653 -600 -256 -246 -761 71 -252 119 -217 -402 -206 528 -137 210 -112 -508 701 187 -406 -871 833 -135 362 981 779 -909 743 992 249 146 819 641 -182 -748 -398 -383 205 -783 888 168 -195 -978 781 925 153 -161 -116 -137 326 -63 -697 346 961 -43 -882 -764 -195 406 0 -115 834 149 -603 -434 -624 645 -569 -196 806 -215 339 1 720 -625 433 -113 -554 840 820 529 331 -850 964 -707 529 193 294 831 301 515 -153 783 -84 757 -149 -44 -277 -946 343 -797 -784 713 990 -292 966 -347 -415 998 814
968 -959 -560 897 -400 -470 -846 -351 -203 -168 737 -75 903 -222 733 177 -66 575 301 174 206 -956 -234 -380 142 429 -631 -461 -601 -127 475 803 749 125 301 -238 212 -236 42 50 -880 -212 -322 472 -693 -47 124 -713 170 -265 516 -161 579 986 -937 497 665 595 671 295 -169 307 -618 -207 -35 84 -374 -136 -890 -658 521 -558 274 -79 179 935 -10 204 -921 -49 -647 -802 483 696 -596 -160 61 -630 -454 -924 -834 -182 237 833 -410 -2 -716 -619 89 544 -29 613 325 466 911 -728 270 -802 -840 -176 -329 -758 -868 696 -123 -822 91 -553 693 -154 -368 -442 -275 -811 413 134 -157 -207 -526 -565 873 -80 -218 -750 -252 -266 746 235 -98 984 23 -109 167 316 711 760 868 278 -715 707 -542 -213 -992 -285 -549 -659 217 957 -639 541 -32 404 -382 617 -443 -725 122 -52 675 -737 111 817 -540 142 222 -795 -133 -320 264 -504 -441 9 879 442 799 -302 231 624 685 -600 -925 -630 157 -567 -852 284 698 404 116
-907 -205 -146 -941 -387 375 249 440 257 -421 -664 -83 -944 -615 941 487 990 178 114 -979 539 -486 -469 -929 -801 931 -483 633 -263 804 272 -950 449 837 935 62 872 -558 615 806 804 241 -62 639 -310 -718 -218 -213 564 -910 -680 -793 -796 -489 -587 -438 -53 871 -761 508 -27 -310 -294 -472 -866 -460 807 -400 234 -695 440 -954 -909 1000 -953 -327 846 -397 979 -356 -187 -604 -589 -860 236 -767 896 911 628 -951 -271 891 -79 -391 -638 163 -210 954 -849 -129 802 -659 617 769 323 -572 -959 -44 58 -86 -789 738 740 541 139 659 149 703 -874 83 -583 659 726 441 -892 196 537 -194 -152 -229 -388 896 -761 647 906 -971 884 757 -985 -187 581 -594 -452 -865 111 225 -781 184 558 873 389 869 280 937 -643 -558 -792 -994 890 -721 -25 503 171 432 -948 664 884 48 -669 -410 5 -416 -986 -48 -340 507 830 14 360 240 180 570 208 174 -527 -827 -922 310 -479 -283 -617 589 -645 -393 -573 -300 159 578 574 -587
705 676 223 -368 6 947 -660 -106 -77 -10 152 698 -743 -62 832 848 -761 -948 -208 114 -896 766 -509 921 354 497 903 -696 -691 -797 729 598 -4 45 -251 164 -449 -17 748 34 -27 -807 -927 -170 289 914 223 829 -286 137 391 -530 746 -546 -418 -675 -72 -590 401 -549 144 -525 -931 -679 322 -49 626 -806 -533 867 -900 363 -896 498 706 569 -312 -760 945 217 -583 172 30 -758 445 624 929 -706 -505 -541 771 918 -893 342 -477 -900 966 -23 862 136 371 634 -854 -432 225 -116 -755 -40 -731 -431 -682 721 -334 955 418 -971 881 173 157 -413 540 60 963 -929 -379 264 62 -290 160 611 -180 803 -299 -390 973 185 489 354 685 -631 -732 -810 -837 -371 125 -945 -160 545 -273 -370 180 -968 -214 732 308 -335 -203 -696 -336 149 -38 386 -708 -759 -659 304 -892 -451 871 -79 -298 -475 -762 807 511 969 396 339 -53 -515 565 606 -944 585 -173 -601 694 -734 -936 875 -877 -632 780 340 -912 827 -551 -512 -487 900 -788
-74 -411 -575 -413 -5 826 -584 -957 11 -132 102 697 -935 -323 201 310 -204 -55 -668 711 -557 -568 -178 -916 274 -803 -834 979 980 108 -510 701 -365 186 670 -660 -883 452 -745 11 -595 -193 16 718 -519 149 325 896 553 573 -612 702 -438 61 -684 -20 -712 870 -179 -391 576 283 -108 -412 60 674 389 630 -218 -718 -19 114 481 -552 115 525 -550 -943 496 378 -881 -524 -348 260 859 74 459 601 693 -184 -756 897 -801 -86 -185 6 538 412 -758 -47 743 317 -516 603 -784 -207 -959 780 302 -956 449 907 -639 -764 -468 -154 -700 763 -986 710 64 -721 49 843 766 -237 385 -35 -313 126 -205 1 -402 -857 440 845 -665 -861 503 165 147 -998 495 114 -506 -279 -708 -226 111 350 275 -663 -569 -795 553 -683 881 -924 461 -561 -197 -821 854 895 -947 -680 -900 919 116 850 -905 47 782 592 523 -497 783 -624 -477 100 -262 -530 914 -577 -989 -49 -360 724 -388 -21 573 562 711 -880 -722 -47 -349 106 -943 154 -903 -419
43 -147 -512 -150 -281 367 -384 -549 379 -969 817 757 418 33 -852 -744 -369 -849 531 804 -359 -989 665 212 311 372 -242 -559 727 -737 398 127 -557 915 262 -19 823 995 50 172 534 829 -727 -697 -890 -11 -309 311 -498 489 -285 -540 -598 -799 -653 -377 402 87 -221 634 -477 -819 -279 914 -929 346 792 -336 571 939 561 112 28 103 89 192 -795 -702 -803 -134 192 748 319 871 -694 -388 -707 351 440 764 686 420 46 -950 -178 393 514 -252 635 -811 677 156 560 299 -896 871 18 -953 40 287 685 -150 -469 -947 292 411 668 770 982 540 50 -799 -186 -108 -162 301 -510 -96 468 -498 146 570 -529 131 472 405 973 459 -474 371 313 688 -332 28 -669 -779 441 553 114 106 -447 863 818 696 14 705 361 866 -425 589 172 699 -679 770 -199 -730 83 132 737 -671 977 -256 -966 382 85 776 113 291 -497 -347 -10 -144 -675 47 -687 -12 -394 951 917 858 270 578 -61 722 609 424 -918 334 -233 158 538 -419 -49
857 95 -685 -51 824 -906 182 647 396 704 5 238 286 612 -852 -493 -82 128 -296 -999 -664 -698 253 125 -817 -828 844 -902 -506 -816 -3 -843 -806 -131 -129 -585 -995 553 -11 258 287 88 -36 681 865 -129 559 -850 -905 -426 904 -648 -887 -805 -913 737 -847 646 -717 -946 -913 106 474 -413 738 130 -761 527 835 -482 504 730 -335 559 -51 -357 465 607 -654 908 682 370 179 -177 74 849 -359 -464 -68 -859 495 345 71 -695 662 -487 558 980 -821 565 -522 716 196 -13 -867 68 766 -210 39 664 662 835 -347 -465 -676 981 -704 -186 160 -689 -869 -347 -406 652 -219 -757 -667 13 834 150 138 582 -337 -306 -536 -632 927 -519 -947 481 -806 -840 863 235 -440 -196 494 -147 -166 659 -180 211 534 -846 735 400 -431 -415 901 663 150 511 545 -155 67 -348 550 9 -134 935 -150 900 -618 925 197 -382 -58 -711 768 -792 -973 -381 -45 385 361 -522 573 629 -39 -663 395 972 -844 -636 748 -505 -655 -697 -442 -472 -368 -990 873 -451
432 192 74 -716 -51 -434 140 -957 -279 911 98 -99 743 -621 -725 -603 -880 -42 794 130 712 -677 408 -713 -778 828 51 723 -60 614 459 -488 781 378 -75 940 972 438 -612 205 750 577 -916 849 -686 -459 -696 713 407 -45 274 -554 -147 924 231 365 439 914 93 -490 -408 501 -611 431 551 87 -491 79 -873 648 -104 893 -16 679 -113 -201 -335 -855 -681 -776 865 456 -804 -690 -473 -310 -227 98 -730 781 -373 -881 -376 -911 259 732 653 -113 -347 264 -104 118 -215 -615 -272 248 967 697 -347 170 -184 -975 -349 873 350 -206 717 -75 -919 -696 -281 -931 -134 200 -850 -103 -930 -544 584 12 192 -59 -537 -381 -735 -886 -224 -699 661 -150 521 -234 -962 135 -23 -507 311 -442 -36 -94 338 -742 -484 60 108 709 330 899 -679 -277 -584 -445 736 -869 527 963 904 94 -780 364 -805 421 -7 -842 -421 222 -63 271 -718 953 601 187 965 523 448 252 -208 -364 204 -101 611 -404 489 -503 3 -446 -38 696 636 946 583 -628 160 69 761
265 439 87 625 619 -894 500 -32 -715 -336 572 -35 838 -487 -543 918 524 -759 772 278 493 -970 -537 158 -803 586 -669 69 -764 -498 808 164 -666 428 -225 664 -934 -861 -817 110 -359 607 -564 640 543 -541 980 910 -907 -380 609 -930 630 696 898 -712 600 -785 156 881 -556 -278 -167 -239 -257 -907 868 144 307 481 -307 50 947 219 631 31 -950 -686 -643 496 -983 159 -116 -280 263 745 -631 -837 921 395 76 -329 -798 887 493 362 -65 294 -795 951 -792 -922 -589 140 168 280 -368 231 -177 512 883 819 443 65 911 -204 211 323 -737 -244 -13 44 315 -108 -880 -401 793 -6 66 659 -553 552 944 578 448 500 750 -798 -62 -710 -184 -770 -217 450 -456 -937 -454 626 -340 275 166 -301 13 -958 -444 483 882 -660 164 524 273 499 -3 599 -520 249 561 -585 -706 -278 -742 -282 -710 430 -660 695 793 738 759 -891 327 920 -910 74 507 329 894 745 192 -657 -189 930 -428 817 -524 -780 -622 -188 437 -649 -734 -261 945 918 59 -349
-933 475 842 -877 -498 -887 869 284 -411 -541 311 -608 839 -642 813 57 9 966 920 -297 -606 690 -597 -483 -95 -985 -291 -925 199 464 -7 -86 -540 645 873 104 -415 751 -945 368 394 -310 -701 -651 150 557 -19 -669 -472 642 327 -317 992 510 512 -45 -751 -264 -232 516 601 -512 -741 272 -288 946 107 -396 -998 -837 902 -959 543 889 -95 982 -990 -647 -157 -288 -716 102 623 312 821 -686 504 -130 84 -852 -100 -408 -53 287 -705 -341 231 369 -865 -716 -688 -995 537 38 -214 937 942 47 730 277 822 510 986 -162 -205 721 242 -571 -350 849 -663 380 93 -682 527 -205 712 -214 10 -383 39 -346 -193 -477 910 308 443 -941 269 -344 -406 -712 870 -544 272 -434 457 -595 -415 338 744 776 389 -577 929 449 589 474 875 -722 9 -841 -234 -310 726 -851 -416 -249 12 -532 696 -764 -606 668 -479 -886 -118 614 -911 519 -23 -463 -442 786 78 -230 89 895 -703 -582 704 -605 477 -154 -683 -742 -689 -474 -472 646 497 753 72 -682 -844 -709 789
-755 528 510 914 631 -177 -185 675 575 977 -655 -520 -595 -429 524 -19 -222 -886 355 -905 169 -230 967 -796 -742 55 -882 265 492 454 -723 -79 -785 379 -216 971 737 17 -130 -891 302 871 -211 -866 112 211 -359 -728 109 504 -549 -500 -326 90 -769 -226 985 86 -664 -130 -609 274 246 -557 -179 -730 -358 930 -744 -744 131 904 981 601 -136 -183 313 858 411 -244 -127 946 -965 -887 552 -935 -808 -679 957 -613 -832 -83 605 177 -232 -192 227 556 541 945 -607 -142 -43 -171 432 660 -67 401 -8 189 -274 211 983 -508 712 84 -353 -250 531 339 104 -368 -244 158 319 -281 686 -697 123 -2 -490 -194 -689 285 816 609 378 408 -603 219 -403 -836 -550 -890 565 830 -370 -357 -168 -468 -212 -867 -153 -866 -680 -381 -230 -645 895 -642 -879 830 -665 637 874 184 306 823 -243 -101 -50 74 -869 78 473 717 931 289 339 403 -377 120 336 487 676 665 -785 413 903 390 252 647 518 -996 -941 -544 -753 -244 -926 -305 723 -340 284 -973 -317 -583 760 624
380 692 324 703 957 -704 872 550 271 766 821 -163 58 -372 678 -289 262 -6 -670 -978 -365 462 -512 654 -812 -959 -912 -698 -445 810 -223 131 -348 -283 -207 -477 -603 829 -869 -450 -673 -689 -269 622 -730 60 -419 -899 -331 -389 -872 440 391 -804 -101 331 353 -806 -301 898 -330 759 147 -332 530 650 816 886 -436 362 195 -478 -9 447 -511 371 -879 141 431 -636 -486 -76 -735 611 -369 -567 449 -188 753 25 451 -895 -876 -930 357 151 616 615 91 -686 -8 771 6 -150 835 958 439 -571 276 571 -250 -889 -973 261 678 -966 -802 580 -383 -1000 335 -330 413 -526 947 365 -311 -733 -121 -3 409 745 316 -24 542 916 381 254 124 339 229 295 837 841 -94 -58 -235 358 -263 554 875 -71 506 -401 -482 -237 268 -453 -926 935 910 -150 -959 -63 -828 -96 -134 -649 700 958 -455 -946 934 -247 540 461 147 185 194 -142 -208 -632 128 323 -809 -839 -235 491 301 697 542 -931 662 -833 182 697 -393 444 -644 -493 -406 596 -957 -722 304 281 -627 -813 864
15 -391 593 -4 -918 189 731 -600 -751 451 -887 -769 -457 947 -587 590 574 220 972 969 -550 -44 -428 -160 793 560 -989 125 -896 896 -84 -757 475 230 -631 974 -326 634 278 718 -441 -810 -858 591 267 663 699 -966 -690 854 773 251 -552 -779 -638 947 825 -572 -552 -259 355 -269 -267 963 103 10 487 942 -120 -463 95 330 298 -858 -950 842 220 557 196 73 161 539 383 -649 161 75 399 -315 694 -191 923 -95 616 709 76 -840 -140 -172 -851 907 269 -387 438 174 -638 -861 -96 459 -789 995 -227 -181 832 785 -386 -336 -577 -692 -822 -743 314 510 -201 587 358 -378 -377 -887 -37 696 242 -291 -748 177 580 -386 -632 754 -886 199 117 -428 -228 -687 179 535 -365 -370 26 395 716 217 53 -682 971 -21 -610 -857 454 -328 961 -689 625 974 490 479 812 -976 719 393 802 -750 53 5 947 -469 -766 485 -213 -477 -21 -841 -390 -36 141 -124 -576 -296 -955 -413 -619 594 -588 740 463 441 -439 354 -257 -454 -865 -585 -442 19 464 -315 -142 -75 797 -461
-896 808 987 214 -157 23 -422 -988 188 575 -684 376 -749 752 -576 -728 -558 166 436 -792 12 -72 -750 181 420 960 -3 -643 953 -634 -90 122 -819 436 989 895 -406 428 614 912 762 308 876 -139 899 -328 -544 -426 198 155 166 377 -447 -853 -298 380 -646 876 572 -755 843 157 110 312 -656 -832 -514 -437 87 -599 987 -51 249 426 584 641 -185 -82 -399 -434 180 248 823 -646 -554 509 -389 910 511 90 -403 -857 -788 -428 -920 -884 556 -48 759 -61 -13 183 652 -250 708 73 820 -664 -403 -578 854 -390 75 -43 -537 -166 738 -321 603 -344 -35 317 213 232 887 -213 404 -584 -366 221 -214 -684 822 -602 -606 286 745 -893 539 -136 -734 -68 371 -245 -748 -619 -372 -347 -266 -611 23 -829 183 742 -315 285 -676 -377 -458 -735 650 -735 -930 -802 393 -963 574 635 -444 -320 9 -154 -968 813 334 -272 989 843 -176 -490 919 460 -430 -973 -290 -52 -981 412 57 982 365 555 -814 753 -236 37 -786 894 -443 -446 -592 204 -96 802 -428 -287 767 557 -8 274 -12
-870 -997 -319 -637 696 -90 579 972 -576 -367 227 224 349 -293 515 -203 297 42 -981 559 959 569 -552 -582 -412 -702 -503 109 698 14 869 -503 733 66 468 -300 911 381 -630 -469 982 -555 45 -170 409 -328 -383 -237 -874 146 727 -730 -799 641 -856 913 424 590 864 -264 97 -770 993 994 191 -715 110 296 -409 423 -972 374 -848 825 669 460 772 111 493 -319 -779 -488 617 -391 -724 -588 349 -426 -795 -413 368 -248 921 -667 -873 12 318 -879 2 -540 -123 -377 77 980 921 97 161 -377 -836 177 374 -910 -45 736 85 879 148 -733 -455 981 557 595 -563 -866 914 -149 -813 377 952 -375 204 -960 -243 -616 -518 -358 -941 -358 473 -444 392 -323 -49 -648 -677 361 597 23 -589 828 648 -79 -548 -365 -505 821 -986 -863 -798 -131 186 -506 291 471 495 380 -639 -732 -783 129 933 777 114 503 -850 278 -470 475 -86 231 764 607 -274 432 -859 590 -102 865 947 -297 978 767 73 -523 592 -712 -924 -529 -649 -44 574 -85 -888 250 402 462 -935 831 480 -635 49 -639
90 636 -236 490 445 771 -40 -346 -551 50 -909 522 -648 267 975 283 -739 202 227 580 950 -270 786 299 -937 -883 -70 -198 -643 515 403 713 -992 149 -848 12 -374 817 -802 453 139 960 552 -34 -865 111 248 658 -805 -645 -850 901 871 -213 55 -185 -638 -513 759 753 -989 -979 -486 927 342 493 130 214 -461 -555 984 -904 -618 989 161 -895 88 599 -442 -899 565 -138 367 -417 657 -819 61 -796 -777 636 232 -239 637 504 -267 -388 942 798 -309 -464 988 371 -991 970 842 248 -460 -589 959 -843 757 -382 832 452 -858 533 1 -93 -945 -568 214 964 -439 -879 -1 -520 -960 27 647 541 373 294 759 280 227 -425 495 820 -940 -786 -167 982 -164 -598 -310 -715 -142 -607 -726 -990 -92 -776 -801 733 -320 -475 -899 407 -10 -883 441 305 765 -842 211 800 -298 608 -749 -83 300 -559 80 -402 207 -969 893 -828 1000 120 -26 -31 925 305 208 -534 -784 576 273 -455 -370 932 -225 584 244 -45 789 -564 426 985 -302 336 790 931 771 835 -718 -501 265 951 -180 -166 239
335 -969 944 388 58 836 -272 295 -489 -220 824 484 -623 -987 -916 -52 -946 240 -605 34 -991 -426 -261 228 429 681 -852 -887 831 -276 -956 -258 461 476 198 247 -266 -759 788 -943 323 -342 383 16 670 -322 -192 -831 29 -417 955 -893 225 -719 -229 -421 230 370 700 -965 425 -727 -815 345 402 -148 -72 766 -893 770 -832 -635 -132 176 837 -76 105 344 -451 308 -294 -195 -437 -916 -391 -806 -601 -112 553 -238 -731 -41 -598 -283 985 -177 -387 -152 -894 176 -552 -58 -356 -10 473 -690 -336 159 659 514 -556 -429 752 740 808 -304 -12 -960 -49 -600 -685 -101 -379 870 -542 -270 -616 525 229 -886 615 -605 616 714 -131 346 -282 -611 391 505 639 641 490 -665 -181 191 -394 818 -724 72 639 885 -477 634 109 -372 -82 283 452 224 -269 246 710 -387 -770 265 -178 -718 984 547 -491 488 198 -510 -926 162 -117 536 -491 353 745 848 -701 164 -768 488 -79 -892 -999 -694 -497 542 795 -965 549 -189 -884 -65 -866 481 -135 -290 -308 872 -977 979 232 -472 -119 -487 -216 78 -220 547
-994 -239 -990 -673 366 181 -810 478 -556 38 -500 -986 685 -54 -128 -127 149 -743 -786 490 759 -531 867 99 -350 -128 962 -898 38 -867 -458 365 977 -195 836 762 -5 -12 -168 192 -740 629 -104 -701 451 59 936 262 -461 922 27 807 442 979 180 -910 910 -181 -211 -886 -967 -2 -362 -773 950 70 159 -461 688 454 -131 310 683 -865 -226 80 569 -366 -908 299 -109 -507 973 -242 318 529 -142 488 -79 906 -275 350 585 74 820 -762 -121 -191 36 -291 391 888 943 217 -892 -890 287 -744 562 502 225 42 -755 -785 -344 -929 -531 938 759 872 782 264 46 429 307 -433 -330 -874 -101 287 112 984 394 -6 453 -634 -462 333 -960 -789 483 -622 -495 995 -294 -222 362 403 932 92 849 -887 423 613 505 495 421 -456 -118 178 125 -525 -450 -169 276 -422 42 -589 663 -426 803 -873 222 -284 -195 -324 955 121 736 -621 -220 537 -331 846 -354 252 -217 763 162 -104 62 993 -640 -83 -85 -554 -455 -150 -524 -683 -103 -815 854 554 235 -890 543 231 225 -260 -279 276 -935 460 -511
-291 713 -547 578 918 578 645 -877 518 891 -410 737 362 567 13 -212 815 413 65 458 -693 287 -598 960 19 325 -614 -296 222 745 -221 987 -132 -77 -502 -295 179 992 -686 778 674 -295 611 476 390 741 2 -657 296 -403 -509 989 703 507 39 -102 -539 -331 -953 -772 768 244 283 94 -869 -71 -655 587 -565 8 168 306 879 629 -377 260 -572 -738 -523 -426 -110 -274 -882 162 845 503 -401 -17 -39 154 -289 -633 -447 -463 557 -787 -875 -810 672 123 -624 -89 -159 73 557 -98 -829 -325 -685 -692 -193 129 408 893 497 852 936 361 -32 546 -271 -389 237 509 518 -520 141 -757 -327 646 -459 321 -725 -142 -560 -619 -930 -630 -829 401 -20 -105 904 267 -797 -681 -329 914 670 594 76 435 494 -27 636 389 576 932 891 622 691 -815 65 121 546 962 486 -930 -925 -954 -830 586 -640 591 -760 -280 471 381 -447 -918 -854 -885 -489 456 643 59 984 -698 631 -776 -793 100 193 0 97 484 -874 769 -462 944 564 375 377 -670 -538 -892 -786 -732 205 -780 471 -989 286 -727 561 400
-642 849 33 -58 800 -423 -213 694 -495 341 -693 -593 -929 98 -147 -727 -406 959 49 929 95 -812 -313 -780 -881 849 260 -524 373 -724 -113 484 336 -73 408 85 899 380 435 972 -40 -634 926 -355 -168 -131 704 440 604 -884 -310 -172 -962 308 209 855 145 202 759 -494 -367 -707 749 -621 529 -110 974 111 -503 -420 791 541 371 -428 -43 781 381 774 658 -909 408 -845 41 233 -922 111 -190 500 -79 712 631 683 382 3 796 181 855 -725 -293 993 167 -710 -911 -541 199 254 678 -380 727 83 -912 -156 -887 -887 418 850 82 -66 -368 -624 869 -881 754 278 -122 -103 -972 255 80 356 31 365 -227 311 955 231 -867 -628 674 741 -578 -604 -727 830 822 -421 693 -430 -732 -293 -999 36 -93 880 387 136 184 652 -195 780 -112 -187 595 -966 624 236 -796 -904 -551 -114 466 654 -630 324 293 -797 1 -263 -350 -380 890 612 -322 -598 220 -392 -815 -508 211 -941 -217 -844 529 -332 -841 647 101 -242 630 276 -980 -126 805 661 894 983 -707 446 841 591 -493 539 166 -887 -373 594 -488
-797 -993 361 114 -346 874 -782 -896 -398 998 60 93 -796 812 190 -53 -563 826 -16 435 -505 121 128 627 -434 -260 145 -86 545 -415 863 -889 -968 73 318 -678 31 805 188 -99 -978 -191 -73 815 -593 -983 -900 -348 728 -416 289 453 -761 -655 -684 -613 336 941 315 580 37 -440 -457 -131 372 -533 955 382 -127 502 777 713 -898 -931 333 -276 208 262 601 855 927 700 25 -213 543 -973 -476 352 -80 999 -424 -944 687 -691 -891 140 -437 -832 -914 318 -11 -474 -929 -996 559 188 -732 643 -508 -221 -70 464 -775 47 413 447 364 -99 220 -795 492 -340 86 561 -515 -818 -840 -617 527 39 7 -940 163 371 -775 -453 986 -381 -985 -492 859 -227 800 233 -21 -444 892 352 -98 819 -632 842 436 -346 -58 -303 194 -847 614 -416 -736 60 194 -443 -53 -655 781 281 746 643 89 -934 -710 847 -967 -826 -188 -931 -695 345 -896 -636 -451 895 506 735 -977 821 -289 680 -723 815 -32 -646 -605 -137 -652 -763 -292 -382 -852 114 -707 -940 372 147 -415 513 46 -412 302 -723 -376 447 -913 -890 986 -696
-555 -703 647 944 -751 -544 464 -17 329 566 -501 47 -994 -128 -638 675 171 -518 934 -648 -704 560 -338 242 277 -78 -793 592 599 392 921 303 31 -149 -215 -475 -359 -177 -550 -160 685 792 502 -549 -619 560 371 -892 281 522 -392 482 428 650 -705 765 -52 564 -964 113 -327 987 -602 -114 737 556 261 109 -568 390 -262 -234 608 -447 -934 -440 139 -109 926 157 -971 -525 41 -465 346 805 -816 -915 93 -432 -279 -697 477 405 -374 -628 -251 -470 969 -251 980 -887 -983 619 279 -755 -272 -630 480 -676 928 -63 952 602 808 -531 459 -282 346 817 -84 -493 -83 103 -187 -736 677 429 554 77 12 -897 318 609 852 -806 692 -978 283 872 -612 766 622 -767 -745 415 -409 -796 949 -215 251 -592 782 -804 839 880 -367 135 -104 270 177 748 201 400 292 -475 -122 -199 -289 -680 -615 -954 -92 776 -457 290 642 -765 -622 -637 12 620 1000 821 631 377 -93 852 175 -975 -957 -296 174 -274 88 775 821 959 -961 -845 -595 -586 478 808 646 196 937 -791 -62 949 -127 450 -200 -86 -741 350 51 -578 932
-101 343 -15 -985 -115 902 117 -181 347 -354 -656 52 -889 112 600 -98 -664 -304 -316 407 509 508 930 435 -137 -163 -148 -88 653 -151 649 867 -662 186 745 718 499 633 109 -996 -260 -837 -838 871 582 420 -607 789 343 -485 -75 -171 -796 895 212 -828 -783 -497 512 673 433 -916 156 122 529 522 709 582 -837 -899 273 -930 360 346 674 364 915 -815 -146 -668 653 -358 -36 582 -681 268 278 -428 853 -22 726 -957 672 -215 -65 -29 854 847 22 374 73 -215 628 -506 39 849 146 -647 -745 -890 120 -31 758 -295 -249 102 612 -786 338 -798 -259 -341 739 398 395 123 342 -981 -333 516 226 894 -687 -55 928 -390 -221 -128 -981 -890 648 212 356 -946 -852 926 -335 -581 -792 -596 251 618 -679 860 863 521 -62 401 -438 396 -98 -239 -288 -500 -866 -867 -704 -338 -235 -67 304 595 499 -476 381 88 544 13 -879 908 -875 -416 -354 854 298 528 581 -729 -309 391 -722 -788 353 348 -371 971 -988 -342 -760 142 504 455 -336 688 -179 -36 163 -561 466 828 542 -286 -781 -750 -303 840 -18 -953 835 -822
-741 -478 949 991 -354 -102 56 -99 -219 -142 -958 -978 -848 -339 603 606 905 -365 -659 -866 768 465 -210 235 796 -3 589 3 -708 -219 -328 582 724 829 -795 -434 -449 787 477 -202 -935 970 -358 495 416 498 -761 -44 -14 553 -858 307 -399 -622 462 -708 945 79 139 366 -280 850 314 -521 -512 984 -833 216 692 894 -184 -768 -938 810 -585 -644 741 -624 146 764 -33 -327 -386 -177 -657 -711 -617 838 -959 -588 787 -246 102 950 83 -390 -880 -176 -813 -495 171 510 -859 -259 137 -512 -550 -236 914 -841 -591 -252 516 304 166 621 968 307 900 -613 -342 -306 245 -784 536 -31 165 -41 813 -772 779 234 -130 -491 -893 470 745 -162 -445 438 -487 622 -439 -847 -331 848 -548 -911 -13 719 560 -208 733 -894 -276 556 534 707 -262 -29 291 39 -976 705 -752 220 -868 33 -643 536 465 365 331 -833 -890 -808 830 571 -253 -139 -48 844 7 937 -729 -118 -946 299 6 -177 97 -471 -946 721 565 375 -538 220 724 -575 -146 -508 -48 698 582 -765 713 116 525 912 -387 -72 -132 874 -216 339 -641 851 -442 -327 892
-136 -289 651 147 -155 -544 -208 44 472 758 -598 -987 -437 10 378 732 222 130 -198 -65 422 703 678 994 163 -181 -783 240 -485 219 -825 716 734 180 66 -48 953 -44 869 620 353 -688 740 239 50 -141 566 490 -850 683 -745 4 -425 309 605 851 309 -867 995 876 286 204 -127 764 -58 624 -774 571 638 28 -770 429 197 -994 954 435 -134 635 -827 879 -253 730 380 -182 242 142 -655 10 -812 -155 264 460 950 841 353 530 125 425 343 778 959 -867 -443 -340 863 -227 -848 -255 -28 808 -380 -617 -537 363 -941 606 -140 -313 -198 -4 990 -612 751 -6 313 -881 975 504 883 44 -958 447 -67 736 -235 55 588 545 -656 -690 49 788 -351 386 622 -970 672 754 -564 -374 -5 860 -688 900 -679 -86 197 32 308 -383 245 160 192 997 -117 -599 691 -790 -172 -618 -106 -921 -630 -144 499 88 -106 -86 -410 533 -734 104 989 426 115 -373 755 -420 882 -613 -143 -610 769 -251 -386 199 -860 265 487 424 -607 -718 -113 293 -278 -454 -423 -445 -932 -818 32 -938 108 907 -117 -383 -540 1 -570 342 201 -358
-849 -903 743 888 661 -797 -541 207 -710 -417 -70 428 943 295 417 252 -655 -240 -244 120 -484 -345 -693 714 32 -810 -636 659 -499 -788 -957 -669 548 851 -600 -490 -946 -989 -536 124 -224 -598 351 -336 -931 -941 729 545 146 793 0 -784 303 -460 -838 -314 573 -728 -52 562 975 207 36 -635 -23 -284 269 885 -659 -222 770 684 -601 920 841 810 697 158 328 934 -897 -757 194 880 -923 649 -714 -162 587 848 565 887 -766 -245 786 815 -121 275 -160 474 -51 758 -311 -832 447 528 662 -994 610 -311 466 965 337 111 739 -678 -659 447 -404 -657 -554 614 205 -138 -498 278 -883 -658 738 -126 803 -908 -219 596 252 32 156 -661 836 -413 -266 719 -377 870 544 -173 651 812 788 -140 -844 597 769 -761 -362 -422 -508 -55 8 594 903 772 986 329 -456 480 -281 -417 653 -269 950 -597 -132 91 -523 670 -24 264 892 -473 186 -489 -293 224 -72 -156 622 205 -310 -435 -682 955 -315 -180 -977 803 345 -187 720 342 -471 -409 408 -239 157 -534 -879 -938 -45 -877 522 -900 -103 -917 147 -803 -479 -952 -354 -345 -712 631 -840
504 214 -625 4 -878 -606 -374 -335 -875 188 -352 653 -109 151 -923 -475 -245 -580 -43 857 -302 1000 943 -421 -45 867 -957 521 -418 -811 971 -320 882 120 -940 -845 657 959 748 927 184 -404 15 -82 287 -132 -25 220 -817 692 -372 -259 951 -204 -868 506 483 735 106 130 313 229 73 587 -750 -612 -928 48 -183 36 346 -189 526 -734 946 199 -54 -458 -31 -434 -259 688 522 -23 -944 785 172 571 -74 -903 -252 396 139 913 -326 557 194 794 897 -774 320 597 -962 3 -37 489 -141 569 591 -805 561 550 -327 -157 -716 552 427 -794 -626 -519 -624 711 -841 48 5 -253 -944 945 397 -388 -707 892 -461 -107 435 -899 117 -583 -303 696 223 -897 892 -407 -618 -30 -539 473 -831 120 -750 -664 -996 -159 -749 -369 -908 975 -512 -707 124 -620 -88 -37 663 526 221 957 798 919 273 -621 -998 451 -730 185 -857 821 943 392 -811 -487 650 -505 54 10 821 395 899 221 534 -60 -192 55 -130 140 -455 573 -490 514 -579 621 -198 225 -527 -417 -802 648 -779 568 897 915 -587 570 -897 613 -505 497 -886 300 -391 367 576 -85
-147 -844 -73 62 406 958 853 -296 -709 85 -863 140 520 -39 272 437 -185 -805 -316 -873 -390 -815 -786 274 375 -445 299 629 -518 4 646 -628 543 3 965 -694 997 -95 131 692 -271 86 11 -394 -998 807 -577 241 393 908 914 -962 975 -258 -930 912 343 266 379 -350 536 932 655 681 -547 -970 -882 -884 800 -42 161 426 266 842 -587 945 447 177 972 512 -470 -116 -304 54 -55 154 283 -662 335 334 -765 -306 -371 895 717 820 307 -368 196 -736 205 902 -612 520 385 -821 469 -919 984 -138 -423 -697 -363 -335 588 712 941 391 801 232 471 887 542 -471 -298 -273 -941 322 772 522 -514 -818 -345 691 -776 -386 901 814 956 556 -402 868 -315 956 500 -770 224 648 129 703 110 -83 805 -52 -873 834 253 406 460 -431 944 437 370 47 -947 -495 437 -620 486 -200 -768 -224 -491 -202 103 639 -642 -876 -626 -407 658 32 958 866 541 259 -843 747 -496 -877 175 -683 -305 871 571 307 -3 -44 -642 843 -269 -57 120 -760 -355 824 332 -401 -131 202 98 -107 316 373 163 356 -855 324 348 -432 510 277 106 200 -405
-280 -160 -367 838 -739 538 -422 -672 436 862 410 -304 600 353 201 359 -457 636 -653 878 638 -696 658 -702 419 -555 859 -564 -582 194 -936 753 241 351 -304 -551 -131 571 128 716 -160 915 -543 -403 38 807 472 502 -795 515 -969 563 761 -596 779 985 191 -510 952 -316 572 967 816 -136 576 260 499 -822 -649 53 -135 936 -631 -281 841 -845 -816 -869 -125 -350 208 431 89 123 374 -650 583 105 -269 599 855 -818 944 984 -528 92 551 148 922 44 -455 412 48 908 896 -137 -249 357 -132 -846 275 -640 -1000 -492 -834 -287 120 956 -742 -26 -970 -913 863 248 -499 -138 351 521 971 535 459 16 -268 944 9 49 -558 641 -4 -66 -997 537 -632 -971 264 463 400 -621 628 -269 341 579 258 685 -599 -89 -404 420 472 406 -715 407 798 -477 -458 348 288 533 885 803 -437 -562 597 248 21 -840 -704 37 -899 -13 -937 144 71 -121 462 -105 481 -367 389 -792 -412 -482 -463 -282 -931 -763 -462 235 -661 -993 -586 -373 -724 39 147 -882 -318 90 -280 -712 284 898 586 467 474 -220 -99 -497 -478 -156 -662 898 -308 401 -889 -178
-423 -709 200 -779 159 -388 754 -430 -646 406 114 267 257 -653 -698 -574 -215 734 -612 941 -616 816 -289 899 552 501 -114 -395 -455 -931 -449 -313 574 774 545 814 643 -965 -955 596 -61 682 -486 -626 -916 -518 -397 735 736 -971 681 -101 324 134 -907 734 -291 -750 632 827 -424 -332 -31 -737 806 593 180 -992 -728 538 482 179 614 852 -551 757 482 -354 -829 607 403 441 -989 -930 232 -453 480 327 -615 -235 -587 -524 -656 -198 -161 -429 801 310 529 37 -749 852 939 384 821 83 491 799 -195 -990 506 673 -498 -365 747 147 895 -811 -120 -58 -117 47 -953 -465 -869 728 -722 -457 213 364 -603 -383 52 76 -418 153 738 158 -685 342 -882 -676 969 -747 -264 827 -365 809 -208 340 443 971 541 313 -975 -717 704 971 -427 187 348 -129 548 11 -768 354 -77 500 80 514 -936 472 -252 917 957 -530 -39 452 -991 -338 434 -564 -819 733 409 934 -736 94 218 308 899 -685 -489 -954 -78 647 500 -986 661 985 190 629 110 -601 624 737 279 -728 -108 460 27 290 -804 -312 520 -75 269 -656 -291 409 -14 543 519 -446 832 715 -389
-676 -161 809 129 399 828 -966 23 -561 -352 692 -810 -239 617 -740 -250 34 -287 31 488 764 -582 691 200 -237 186 -914 -437 460 -186 771 -236 17 212 973 96 22 -504 -678 367 162 -562 -622 -85 -664 708 466 709 393 502 -408 -453 -329 785 -273 -690 -276 629 878 417 397 728 579 -410 -218 -462 923 144 -415 -173 588 815 -129 101 541 873 -579 -955 31 184 585 562 172 813 -661 -239 -707 -379 -873 881 344 -238 -974 127 -176 230 -694 191 -39 -717 400 -838 130 923 -388 362 -89 371 415 -128 -540 -786 -178 455 -463 -362 -611 -644 814 -667 701 -995 691 -622 826 472 153 -324 148 544 779 -947 625 845 -945 557 -276 -177 -259 -257 -910 430 696 -972 -902 530 -730 -766 -377 669 201 314 -881 -419 413 112 -569 -609 342 476 -356 -989 -86 -410 -379 -416 -447 -198 -270 -206 321 -255 -922 816 -909 750 -289 468 -141 -172 -315 -372 -521 665 784 652 666 -687 81 -483 805 998 254 -183 -942 -806 -1000 944 -579 -126 634 322 -744 183 256 500 -865 494 -538 -428 756 689 -20 664 -584 692 281 -426 -470 169 425 -531 502 -47 474 -476 286 208
600 -523 -438 -597 575 268 132 -163 -413 683 -478 961 -961 257 -688 646 -487 -767 361 822 528 -358 471 -390 -118 138 -704 2 100 854 48 153 -946 943 410 -35 724 -244 -120 834 -497 -840 -81 -51 704 -470 -776 -370 -880 -202 758 -157 -785 433 -583 -519 -404 -375 -415 849 590 -246 -193 46 584 -133 -207 -33 -517 -200 347 19 956 -915 609 669 571 72 -663 284 525 155 258 -327 21 -661 405 94 -529 423 265 -58 615 75 760 -48 184 -114 721 374 439 589 227 380 933 -744 -468 934 -983 -111 24 -930 -753 647 -349 -324 -766 345 -403 247 986 -854 -390 -911 677 737 -347 972 -939 -869 -354 532 284 800 311 105 959 -467 -420 187 -467 -631 -391 -551 -911 -851 382 758 -703 992 -658 493 109 301 -29 -538 118 -881 155 302 -752 -767 -238 63 -505 444 899 -662 777 403 128 -528 526 650 -179 824 -764 -334 -903 754 -469 -540 -755 69 -115 699 -276 753 533 -73 -964 -827 64 879 -138 638 29 826 -598 -726 -926 -990 833 -264 983 671 -970 141 655 -549 918 942 -610 253 -463 -297 -471 -596 -150 -401 -245 -125 981 -743 -535 213 -868 565 -503
806 -706 810 524 -145 635 -596 994 254 -404 457 -119 -391 -430 451 694 -720 -348 75 865 573 592 794 450 -767 -439 91 -971 971 428 21 -689 727 680 -685 400 220 -766 -274 308 -363 -76 -446 -641 -120 799 -11 425 -608 -185 817 218 -987 948 -74 423 -330 392 -851 -291 -302 -597 -211 897 -106 640 -413 -216 -139 -974 -385 -495 678 -824 802 -139 741 -96 -743 -602 -709 971 79 -283 -181 614 -108 164 -427 -722 621 -664 -289 -838 466 690 198 -377 -183 819 446 -452 -248 259 603 -28 -512 -309 68 -718 423 -485 -769 669 430 -19 -167 -337 698 -952 780 784 66 937 530 -1000 811 -925 -550 -768 -863 424 -76 298 354 -931 229 -424 -545 596 802 347 947 142 531 -260 -713 -973 851 -147 493 27 88 861 -113 -242 459 -219 879 765 907 524 813 -213 -103 -332 -748 762 988 -670 -490 -884 -545 -709 54 -358 -913 -774 -513 -10 430 221 905 673 250 324 -440 -649 976 -588 809 -35 509 -44 -587 7 -338 -906 -329 -73 846 121 523 -129 389 254 -606 -758 34 606 -227 422 832 57 -767 733 -527 -532 -847 37 600 162 924 -45 -418 797 365 327 29 -198
235 -34 -445 530 46 161 290 83 651 509 -945 329 -830 279 842 -903 657 -714 -183 -125 74 742 963 316 59 -28 295 612 896 729 15 907 -753 -586 -700 499 260 762 -342 -594 -110 -147 -122 490 -978 -860 287 853 -386 -344 -824 -251 579 -172 -224 -349 42 87 -528 -902 -601 -817 -809 -721 -855 -462 -720 956 -904 821 -256 37 -361 959 -320 -361 250 -135 -535 226 -683 92 -983 -204 -428 521 617 845 -796 145 548 278 510 -716 -348 42 -771 312 522 931 -456 714 904 201 -58 147 146 570 -227 941 -834 515 -979 -56 715 877 862 -994 -944 349 -251 -587 -585 198 -203 958 305 -658 141 -638 311 942 -296 -209 637 -399 -924 456 -571 -971 319 136 186 -542 691 -457 166 -945 459 -855 115 762 -503 -696 -73 -855 148 447 -672 986 -616 -259 194 401 851 350 -717 -183 -447 403 -74 740 171 -439 868 -127 -166 629 521 717 -627 395 -815 447 -719 -209 -512 767 296 -740 290 -112 -699 980 -272 -521 431 -381 -176 -917 -227 764 -385 -307 -195 86 52 370 -136 457 942 -610 -461 178 594 667 223 -353 -77 930 176 101 63 -939 -119 618 206 585 -317 977 566
-150 514 -520 561 -426 413 -231 -338 -394 -128 681 -202 1 -914 -14 569 903 173 939 -840 498 964 -677 -199 556 614 -481 -225 590 758 -427 253 -348 -542 204 530 -734 974 -941 531 -817 273 -268 699 -797 -449 -845 522 -885 -802 -859 19 -478 450 -558 -580 720 54 -218 459 701 -569 -814 874 697 -657 885 -488 -469 72 45 392 629 602 690 -208 7 135 10 727 551 -953 646 -816 681 599 11 -529 -810 258 546 -538 -410 296 -920 -788 -210 -633 -847 27 -70 659 402 759 154 -364 376 -950 515 221 -617 435 -785 428 492 -353 653 -267 -876 -625 11 -882 452 947 -887 -589 -625 -372 164 -75 481 -150 945 -939 -936 726 173 97 -648 1000 791 378 -781 422 928 533 -11 145 -595 -919 -288 944 631 747 -464 120 854 906 308 94 -824 748 309 -760 -343 234 998 -136 -731 -881 859 -8 865 -576 559 476 -878 239 -514 990 162 446 -829 -753 -834 678 742 901 80 -188 121 445 -211 191 -276 427 984 478 -513 -261 -741 -536 -636 -807 -843 441 -329 -474 -858 732 -473 -13 -660 -683 234 -869 795 223 338 -994 -971 689 -410 -49 526 524 -854 -738 170 -865 -918 -794
-512 530 530 -334 -87 99 -491 -703 657 -744 837 765 -274 320 376 -356 533 -674 -462 560 -384 -546 -269 777 -753 -719 -883 -88 137 340 996 642 728 977 -842 845 -515 -103 464 -247 -863 -357 678 -989 -600 513 -940 -12 -667 -599 712 -635 321 87 -134 6 -695 893 -98 289 504 523 114 629 -331 214 -976 347 903 -830 337 -996 -44 -979 701 -465 -287 -683 -273 -400 -542 -337 201 825 803 -530 748 204 -748 295 992 305 463 520 86 -164 -638 569 -181 -420 -321 317 854 -401 446 346 -625 -333 332 -972 -838 593 -990 815 -362 679 424 520 -375 -566 -923 125 -851 150 -575 -29 731 612 -156 628 -943 105 -875 869 -621 -292 273 137 707 584 998 224 -90 480 -452 -57 790 599 878 787 718 -478 324 -391 -499 -291 -106 -913 -271 342 -1000 285 312 551 -762 -863 -955 508 177 -540 180 595 747 571 258 -278 -65 -21 -274 33 -736 -427 130 -821 -696 -619 -683 -755 357 939 372 569 -462 95 716 203 -347 223 -732 798 -433 -436 -98 -997 -562 794 -721 -702 -129 523 108 661 -119 754 793 136 574 503 -580 52 757 -624 347 593 -108 546 -296 492 -75 765 -384 789 725
321 -418 -321 -820 437 -83 -406 565 -689 554 895 7 -40 -629 966 -118 216 643 -289 897 654 -910 -829 -873 -173 -682 -155 567 546 -211 405 14 787 -50 -358 578 -976 -94 -174 -27 -645 -422 171 -377 -697 2 80 -320 446 18 -943 -90 -193 538 -520 -917 544 -919 861 406 536 17 10 -201 296 -494 -86 -640 517 906 -477 957 721 -955 22 -135 -86 -116 260 -642 877 -229 514 846 242 -61 -131 420 944 93 748 -731 -490 -188 -70 461 -984 144 -718 19 -575 -289 299 513 747 353 -955 691 -184 982 -113 366 -194 -859 -302 -988 -735 549 -30 -807 -636 538 293 694 -292 -497 772 169 185 676 -777 -119 -148 -578 964 357 167 552 -696 -235 -379 239 -473 900 -815 -833 -590 -546 500 452 879 241 -465 -626 149 36 511 165 718 -690 734 -286 -872 14 654 -346 860 894 -225 323 -385 -676 194 -710 25 -165 829 -987 -610 728 -713 -532 474 -649 222 -148 547 512 29 719 879 -982 -421 807 -738 -172 -153 500 105 121 463 -739 815 -892 104 136 -427 -295 -207 -344 -732 650 121 -848 -832 -291 -67 -304 -951 -983 835 67 543 -987 -778 -77 393 -96 -895 643 -140 -149 398 -620
81 -683 -272 -286 883 -219 -679 -973 -902 532 207 -126 249 -553 840 466 867 -355 97 -916 275 492 -55 39 624 -903 -415 565 -308 235 979 -104 825 -521 73 230 391 -461 -226 579 927 164 -117 630 -196 940 967 576 -148 956 -587 17 571 528 888 648 777 -655 584 -884 -480 -340 -672 595 -280 448 -63 118 -83 343 263 129 -385 880 -106 154 -395 -205 -408 143 -122 613 -334 -328 281 290 -867 -867 -665 -78 145 522 -107 466 19 388 -317 487 -582 882 -33 -222 -642 -684 304 -40 -682 699 662 378 -747 -42 939 -192 -53 -499 -743 152 -814 905 -567 59 131 -785 144 -499 -918 -918 15 759 132 444 238 415 -315 732 -682 -557 -800 609 207 266 234 144 361 -563 542 -613 -530 -633 -997 -992 -648 951 -143 -451 -40 442 -923 881 971 -789 518 -563 5 -152 -887 239 -405 -420 531 393 -8 -609 -830 302 765 -519 365 -621 -71 -970 122 188 -550 524 854 -325 -496 -521 -951 -638 618 -457 -256 604 -618 554 808 742 661 586 189 944 -593 -794 -67 909 -261 558 -300 -943 977 -589 397 574 -958 -96 387 103 377 574 494 -223 -978 -502 915 901 476 -462 -442 853 640 -584 125
-383 753 210 -489 773 568 -477 550 -963 -231 -589 -88 -365 -88 -361 -563 -866 -250 280 -411 -100 1000 -669 -811 397 -197 455 137 887 -220 -24 -651 710 -50 56 -533 107 219 19 -460 -28 522 927 779 769 57 833 330 254 801 76 776 70 101 695 -363 -282 270 -150 291 468 749 -650 -528 -362 -260 -844 285 216 -783 -68 454 361 638 372 -883 195 -728 125 654 -182 109 788 780 646 124 -720 -117 39 -732 -71 -610 782 263 -664 -725 85 559 -541 804 -31 772 138 151 739 -291 -910 -345 -875 386 -439 30 -153 348 -116 763 280 -506 -833 142 -218 -51 452 838 -295 267 203 929 875 -372 -214 948 863 60 756 -57 -736 -237 -232 -446 196 749 834 -754 -831 -447 124 -847 601 -812 643 244 100 -842 297 -613 -232 -855 807 365 641 -82 44 -825 153 965 109 826 185 170 -355 874 899 -158 -269 -899 -575 -438 -578 -39 854 205 855 922 -452 -437 -84 815 486 -449 74 -801 -5 724 -838 -260 -199 197 803 471 -494 470 -741 -258 678 849 730 569 -717 -439 805 -359 918 692 55 -797 672 969 674 466 395 -851 385 -654 -820 964 -993 -818 67 556 -468 756 -576 45 782 357
-453 121 -474 534 -991 684 -241 777 -343 958 534 696 -942 -349 -9 -194 -274 -968 -858 25 992 876 -562 745 580 -922 -800 384 879 775 112 310 -727 -571 359 -899 -583 -853 -90 756 281 -690 -152 168 -821 -534 -84 558 384 164 895 -883 46 -890 -604 627 312 642 893 -826 -243 490 534 -661 -70 -336 -123 -150 280 506 404 -591 884 -512 26 -23 -282 -78 -832 822 -217 -515 287 -964 -556 357 -939 -711 -645 800 -443 -549 -664 988 556 930 -414 -764 332 818 315 70 832 -241 -104 -782 973 -239 496 -408 882 -972 -211 -310 390 -981 95 -336 -323 -420 885 540 390 -663 627 627 523 -675 487 -379 351 -73 -975 243 802 177 692 240 695 -23 -5 -979 -864 -521 -212 -278 -550 -307 792 87 -955 664 791 424 -544 545 933 576 -161 -907 -301 -65 767 -693 300 -56 -617 -738 676 481 -405 135 -903 -219 -544 -352 957 -519 -51 -422 35 -739 786 645 31 -882 195 -522 -747 -804 -805 -985 196 748 558 82 1000 64 318 516 -559 68 424 -986 -495 399 -29 431 693 69 -779 -74 -415 259 -293 -190 398 -383 593 -902 631 -125 -532 449 463 923 -289 960 276 -57 -128 823 -208 483 637 -754 424
-766 -639 -34 -946 -184 -303 -206 -390 0 90 -554 -133 -470 -797 -81 -513 -154 -436 696 -470 -920 -341 812 179 991 716 -32 447 164 447 249 716 -687 -301 381 -929 -461 365 -322 -146 -391 71 956 -238 658 -69 -561 707 -505 793 871 804 -333 194 -112 767 736 863 -586 -427 287 -704 -48 3 342 -355 -89 -681 662 119 168 -518 637 -445 50 -377 190 464 624 894 380 -796 -292 605 40 243 -692 -376 -30 -382 -224 842 -741 135 577 -341 -19 27 -964 624 208 -221 571 -119 479 -955 326 860 130 791 451 -592 -802 601 -100 578 120 -921 375 275 -437 -327 -27 737 -643 -793 -331 -733 341 -563 677 477 224 -678 -326 -842 724 -172 444 -150 436 -295 147 -801 887 -851 -439 -496 -388 401 -596 301 486 148 934 -615 923 947 939 61 -151 -203 812 -562 329 -975 -685 -473 75 974 876 781 -472 210 -778 782 -827 461 748 518 -525 -14 797 495 765 71 860 446 610 184 -218 -251 599 -425 -130 -753 -415 204 -19 -936 -755 -351 738 697 -831 -425 -284 -524 211 -277 -361 -147 775 251 329 -31 -477 -34 -521 -261 -222 -212 581 -990 -115 -740 -283 936 -54 -616 -279 -441 239 -298 438 745 935 -266
586 -22 983 -475 -606 -474 -545 90 552 474 -273 429 -403 263 631 -210 566 677 761 -526 -925 -998 786 -730 -297 721 -224 273 257 -294 -281 869 -784 -607 228 104 -996 -346 430 552 757 379 867 -59 625 -838 625 -430 632 -369 184 -423 591 -261 711 -394 -763 637 399 428 -645 -848 -242 -134 581 950 -854 -743 -613 -359 -501 -391 351 -927 216 -885 -200 342 777 -64 -9 -651 -689 -735 -245 881 707 -652 176 -691 420 849 872 -551 162 415 -704 809 -449 -693 -404 -270 -879 23 -642 -68 -826 -105 676 -652 24 -3 329 75 343 -95 -522 -538 580 -988 -710 -96 -404 -252 -765 220 -260 -650 -841 -120 629 -767 -736 905 248 -668 624 495 211 -643 220 -944 304 238 143 -34 639 183 -749 607 588 668 -407 -522 215 286 762 -915 -873 614 -458 -726 -593 -403 -505 882 -187 -412 -142 -864 154 -209 -19 -215 457 -328 505 -164 -350 635 707 -395 -91 -889 -354 478 524 -196 -967 -883 339 381 -6 -211 -730 289 -909 321 842 -417 -418 -446 918 -284 -394 -732 610 -447 -497 -381 104 -542 -786 109 -829 72 137 104 990 -487 604 -753 195 409 -904 350 369 261 809 344 -921 143 612 -673 -298 -342 -841 963 -404
-744 761 -702 215 -311 -23 -259 -766 -925 912 -637 -438 939 -709 -857 108 -98 879 999 -556 -649 27 -136 -645 628 20 484 895 -613 548 -7 482 -603 -273 -194 792 360 544 567 190 -977 -972 231 528 -180 -942 325 220 -831 -761 54 664 136 523 -526 -472 -90 -214 -261 377 -911 -20 799 535 961 979 -701 900 -531 -398 -474 675 553 -183 -754 -382 -460 -730 -415 822 484 784 -530 -692 142 -607 -414 -607 524 581 343 830 656 403 -145 -732 -747 79 -160 -456 225 814 377 86 -559 789 547 748 -477 267 347 -994 954 -925 792 753 -26 -683 -435 -605 193 -790 2 -740 -630 132 -415 791 -879 -750 -311 -309 -650 350 262 -440 -213 37 -813 -669 -917 -375 -92 21 -5 -598 -829 365 -630 -814 645 729 -95 -707 -627 -435 237 221 -659 -108 574 -336 853 -751 -194 195 822 588 462 -56 670 222 387 -407 -801 459 480 -469 -924 986 271 -854 -835 441 -505 230 771 217 -527 501 -528 616 147 995 -721 229 -425 -5 897 484 799 92 -513 -868 252 669 528 811 617 651 296 314 -294 -611 393 276 -867 901 493 8 -830 234 230 926 816 -606 308 552 301 -303 184 224 760 -994 -981 -583 -810 832 928 29
300 -790 848 349 504 93 691 595 980 663 -356 -534 -679 700 331 -203 -349 383 612 434 -84 -940 -923 -702 887 732 15 990 -870 69 857 639 -927 221 547 -594 708 -510 -839 -846 -857 828 -28 464 409 3 594 31 54 609 729 -439 726 -462 831 350 685 -463 -461 -151 -791 824 738 -684 -20 -704 32 -156 909 250 -251 -269 -262 498 -88 -427 -394 -500 377 668 182 514 739 -444 430 -95 -966 779 106 865 -693 -826 261 -252 591 228 986 350 -260 -509 402 837 509 162 501 128 578 658 646 146 263 -646 230 25 81 890 -485 174 635 771 -751 -549 -237 435 -520 -912 836 -50 820 289 527 817 -517 64 -239 -613 -404 -838 -710 -264 -564 848 641 755 21 -854 -160 907 -826 94 -507 797 414 213 702 700 718 392 625 -869 472 -390 173 -14 -789 -251 175 -700 249 -316 433 -698 -838 -547 190 -319 893 472 -127 -740 -424 1000 -114 263 -916 237 0 744 476 -94 50 633 -285 413 -318 388 -739 -294 795 -29 267 954 304 613 -175 898 -438 730 797 301 344 242 -147 -853 565 -867 -427 -87 327 -460 -281 -29 -62 552 -462 375 -481 -206 -798 195 -114 883 147 952 -610 -130 471 802 -882 623 826
-631 398 304 396 -537 228 367 887 215 208 323 652 -71 974 -253 663 -288 341 -518 795 513 -338 -765 223 -926 131 -710 -565 286 -164 -66 498 490 361 667 697 957 -105 922 -773 -414 -79 183 844 255 617 -260 966 -75 394 805 417 963 -482 121 850 -561 662 -508 -234 997 -70 -287 842 -765 547 248 -874 -410 -388 -282 -698 -181 543 772 971 125 291 -856 -530 -738 -438 -543 995 -164 442 289 -355 -202 196 -732 656 617 598 -338 -281 74 107 765 -86 -188 -399 906 904 738 -617 512 -125 -307 468 -244 -102 62 68 -457 -58 -345 -538 343 0 838 623 -123 -122 904 -629 -824 350 580 851 868 -640 212 563 -166 628 374 -242 855 -349 816 -295 -371 770 537 720 -876 989 -781 -838 478 73 789 599 -936 843 -95 666 34 119 346 -588 83 804 256 904 195 251 -950 -978 593 -265 84 -358 -612 747 188 334 576 397 473 337 612 555 -982 245 161 -264 -844 -697 -641 -416 -925 358 678 758 -369 807 -626 -530 725 176 -397 -394 -761 -434 732 -595 343 -310 -860 353 868 -778 796 966 -552 892 -204 945 -823 481 417 -664 741 -307 -578 -732 -676 -480 -590 -131 -923 24 -329 -574 921 929 176 -812 -340 -8
505 -9 501 100 -396 -916 -907 -413 -922 177 -81 -436 -136 592 393 -617 99 -176 71 -362 -112 623 -633 -524 -226 781 185 -857 -245 298 -477 666 -913 715 -856 -835 580 175 -966 -30 -144 260 334 727 686 929 652 -459 -510 792 257 -711 -254 79 315 -49 -462 -13 -301 550 -334 -4 -729 -4 -156 -474 438 370 507 904 770 -792 -305 -237 -896 -521 -426 151 -252 -134 541 409 -786 -359 870 -621 -856 897 -759 -904 636 -882 538 -237 228 734 77 311 815 182 -108 185 -568 196 -638 -450 558 -716 491 -177 -26 -46 -901 -838 47 -625 161 37 955 -548 620 158 -785 -67 -319 827 361 34 -411 -253 -451 843 -611 590 -643 299 -107 -801 68 -711 111 -908 -443 -21 -629 -191 209 -75 -697 389 700 589 335 -180 -295 384 -798 -519 -316 92 -468 -216 -396 278 -462 -39 -702 -162 -741 65 477 -901 -33 -799 -203 -771 -456 777 433 -923 -588 -600 990 168 -465 524 984 50 771 79 519 214 -266 659 -938 851 745 -195 -908 -881 -660 724 938 -10 948 -157 -598 -590 -671 254 -50 -942 439 161 408 -579 -824 345 -506 850 -640 765 705 -25 423 966 144 -677 -5 -770 239 749 -963 -623 -94 -679 103 -711 -316 717 -455 92 826
931 -292 216 796 -940 -975 991 -727 -993 -73 159 -46 -574 399 -605 -537 238 78 264 -828 -658 692 -161 753 611 261 -512 284 962 688 -622 -580 -349 -720 -633 292 622 746 859 102 -662 -858 -560 -529 -346 680 439 -743 992 390 538 703 806 -360 166 224 389 55 327 319 -61 467 70 99 -911 -730 16 -157 266 603 -152 -692 -634 481 727 -962 586 -908 -319 -677 591 470 -281 872 324 -673 310 466 -778 -945 780 58 -76 -549 -820 788 441 -177 -74 -737 365 -35 956 -543 488 -527 -10 -139 -391 598 -496 -946 -728 668 -244 -717 722 870 -422 -588 -626 -275 98 476 506 954 33 -834 -572 -821 222 -954 714 -243 -386 933 642 574 -406 174 -707 -546 -909 400 992 -870 89 -211 -712 -914 -105 -119 -256 -484 -426 239 -95 365 749 -350 -990 -938 806 -955 -107 -332 70 842 -340 -864 -692 -289 -23 -383 -359 267 -590 -368 -628 -594 -609 894 943 935 -305 -846 -290 -800 -853 -621 139 -244 -568 909 -430 751 -769 283 101 -170 698 452 -531 -716 -218 597 867 -817 -16 -200 -454 -398 976 -668 -515 291 880 568 -331 -163 314 -227 -924 314 911 459 721 -851 932 -757 -897 291 -248 -839 -149 923 -870 578 -405 290 575 834 -448 -957
-748 -192 -669 457 709 22 38 -337 -570 -323 574 -310 -322 969 -139 -706 202 -590 808 791 13 -681 292 -896 -870 -671 -506 -447 213 107 130 -581 536 402 -974 -680 -224 361 -976 564 114 -958 564 635 788 32 -102 691 322 -29 -925 -375 -548 -556 -289 -695 -332 -581 -394 -714 -52 -589 916 931 -471 878 926 -340 945 970 -746 -357 -245 -524 759 -311 -338 -559 -615 133 -882 758 -394 -553 129 928 -755 -794 -300 -116 627 -757 499 581 276 -420 576 689 -742 -780 98 405 -170 -800 951 215 938 246 56 860 -291 -826 279 -657 -630 278 -183 -850 841 597 -872 311 -858 -886 -456 -439 -637 -367 -746 -775 -789 -457 -462 850 -119 350 -409 -333 -803 -929 166 328 -215 269 -915 -626 26 -504 452 656 -138 -696 -378 -117 411 -611 -981 301 361 183 -304 -520 -942 -265 -305 459 -716 -745 -430 -932 -984 357 384 -609 -707 -242 992 -737 62 -206 371 902 852 -394 138 11 -401 -679 748 896 -400 916 -586 679 -742 -166 855 -682 -666 565 -485 30 829 624 199 -519 -747 -315 871 645 203 -859 384 24 6 -517 -816 -323 793 266 562 60 -220 676 292 -472 896 133 548 352 894 234 979 -123 -514 802 915 -925 755 -366 630 478 374 -819 -514
530 -257 520 -1 302 396 165 -69 796 -298 -297 803 -456 -518 -558 -323 -695 635 495 -54 -49 824 726 -975 657 -976 8 -455 -630 -66 -377 -412 125 -325 385 -493 -148 887 -942 -632 428 243 439 330 -317 407 -296 -415 69 160 424 -94 -496 -468 -263 -707 397 581 -974 150 838 511 -406 673 -31 458 752 -792 756 -616 -642 932 744 295 -291 -369 -666 -343 -397 126 -363 676 682 -454 -927 923 281 -507 961 623 -755 -163 -381 853 -606 -931 891 -192 -595 -545 721 -691 696 -882 695 -482 909 555 538 207 -931 -116 228 -989 759 -958 822 153 -866 -955 -931 -405 -835 500 387 113 506 -335 315 -971 80 -630 -924 984 186 179 -949 338 245 978 211 -51 558 63 -170 -987 764 -575 232 538 682 368 -534 -9 327 368 746 290 -411 -833 494 803 -361 -42 796 -632 947 -605 -236 974 -603 729 -73 -541 274 -93 -723 -889 -896 -609 631 -388 -780 79 -973 -730 -923 369 -658 877 -844 -426 614 837 -41 984 -805 -270 429 -664 384 -942 -508 -56 99 625 761 -844 188 -324 -670 -778 302 870 132 -944 -17 -660 -415 648 -152 -679 722 -968 -913 829 105 -155 424 -72 512 -848 -487 -984 -34 -264 591 -42 97 38 -200 478 660 39 214 -191
42 705 822 955 107 559 -609 -686 559 266 -202 420 -561 -897 582 -515 517 86 809 -820 -491 821 987 -422 135 357 765 -529 -1 256 492 974 860 -319 809 -287 100 991 788 -908 -92 -132 590 -553 -213 779 -602 96 131 918 612 937 -16 791 -641 580 900 375 462 741 -432 351 874 793 -852 491 -461 734 -471 -143 720 825 -895 627 332 446 -695 -52 -325 -516 319 -863 -377 721 811 355 -138 207 -325 -236 592 48 -598 337 -776 -791 -450 784 -880 13 -250 -326 -180 -596 225 -61 -506 628 970 -931 -183 -437 551 -836 -699 -680 643 -220 69 549 625 695 -251 -519 354 689 225 708 -414 18 -997 861 -199 1000 -457 94 847 -280 471 -84 293 110 -633 -475 173 -938 757 -128 -79 189 216 -25 265 -952 656 784 471 -156 264 481 415 767 -424 -680 689 159 -125 -684 144 -360 348 -796 53 -321 -606 -167 320 -230 -558 -92 734 765 -18 718 -281 940 68 -993 -986 -363 -129 -173 832 -705 -156 -187 653 231 628 -320 630 -369 845 597 154 548 436 -805 282 -362 405 502 783 -360 14 165 -488 581 246 -862 650 -490 677 317 758 -901 106 -939 -63 181 -367 -630 654 -250 -140 -614 -569 468 -858 -170 359 590 773 217 -203 414 -741
-406 -110 -394 304 329 348 930 704 8 72 717 -135 800 -989 550 -382 -693 -973 -798 525 818 -317 724 834 605 -788 -58 308 -134 -241 -935 958 821 -461 448 926 328 -27 380 434 829 -329 -726 -756 -344 905 188 820 773 -929 444 445 563 -399 -597 -812 107 -884 -107 -749 -376 297 472 -808 874 -294 277 -147 606 -320 989 512 -425 -243 -569 -130 108 -306 487 448 497 13 -716 -568 -62 -157 -220 -170 674 -509 582 106 -318 -997 -309 873 -253 -5 -506 351 -913 750 -325 -656 103 558 -947 864 23 -208 617 -57 -774 507 470 392 471 981 919 105 372 426 109 450 -303 723 -663 960 229 343 329 -250 993 -940 295 -999 459 -8 96 215 519 83 -412 763 -993 741 -367 881 -225 380 892 -707 -223 -298 -549 62 624 269 -391 210 213 915 398 -177 550 -760 -597 -4 -111 337 -556 673 550 -114 -214 -161 -808 -82 -495 798 -788 614 130 -446 -879 -242 -967 -541 -239 259 -118 224 -518 -473 -970 65 671 752 853 -218 -45 265 -622 -690 608 378 449 -958 132 346 -207 -164 373 256 -469 102 86 -632 293 -948 939 -721 572 392 697 -817 -788 73 -382 -587 -345 -32 -93 391 658 -538 -796 -920 -343 -417 -771 735 -4 303 -789 -497 511 819
171 755 -591 372 164 248 377 -535 71 -338 -860 -51 167 318 50 -91 498 -415 -445 832 797 627 603 896 700 407 476 -906 -56 857 -272 -984 -855 614 613 642 497 572 -508 421 -949 -750 832 994 -497 15 520 -961 -249 -584 729 409 -326 497 -881 -533 363 865 -527 434 319 -811 -718 -624 636 534 -679 -859 981 70 -210 -239 223 400 601 411 -964 -750 176 -602 -340 530 404 844 -716 -489 -819 592 95 1 567 381 -594 -40 -89 540 -608 -662 -138 -498 674 853 -862 -736 357 904 -989 810 186 -454 665 -96 227 526 -611 209 -862 -475 -453 274 -642 678 473 -554 -394 25 585 321 929 -750 218 124 433 673 993 -611 690 334 -615 -749 -383 -552 -473 -896 -5 -457 878 827 -396 192 627 889 -637 753 -554 -838 -92 552 142 -661 -436 385 -317 636 933 -666 -871 93 -152 477 850 192 -443 444 -122 641 -66 -798 -346 272 -979 116 -843 858 362 -467 668 -484 -124 946 597 588 437 279 616 -233 -89 247 357 551 -698 55 580 -475 234 -854 -831 -841 -474 255 -610 -873 -433 883 -449 -516 -522 -907 -21 107 437 -630 -81 -913 762 49 80 -627 -310 800 424 -56 -962 -223 -990 -346 395 -853 -666 848 24 -806 911 -83 361 -37 370 243 -18
595 -189 -701 805 155 1 -655 -117 -46 1 -459 137 -343 -727 18 -861 -662 -217 -64 476 404 814 -405 -600 -935 -909 -102 749 612 219 -295 -214 679 -550 636 -696 -254 825 176 882 252 -351 -198 935 629 464 92 709 569 600 166 839 626 511 -372 840 -592 805 -1 201 -917 -266 204 292 -6 141 948 845 -519 -104 44 -717 -696 -207 -566 -558 583 55 660 -529 -200 547 -609 996 -961 -512 654 -799 -189 32 -521 -306 104 726 159 -398 290 250 -427 6 35 -67 677 -1 938 476 888 897 -388 999 201 -675 -428 -248 724 262 -34 2 -284 214 684 163 -716 -242 476 -105 -261 699 98 -966 -520 337 375 888 -375 -922 113 -190 754 651 117 364 -8 -715 896 31 -354 325 -207 565 -794 -82 910 -284 223 -979 -135 460 -658 -828 -55 26 340 -550 -135 27 953 -266 584 373 734 518 -154 77 -110 -901 -231 -379 294 891 346 -508 -739 -404 -313 736 867 922 -428 -940 -388 -109 -392 -17 681 -962 -289 727 -100 -222 -192 93 -646 3 878 -245 -108 423 637 997 -563 883 -512 -112 786 -509 115 -293 -804 -317 540 700 -417 -326 385 -251 -150 -78 856 -27 48 -820 -621 -776 -456 -417 -566 -959 -436 -206 -365 139 -565 601 -808 123 423 860 -628 -285
-480 531 908 -518 516 48 -973 771 466 -932 913 176 -469 -947 151 -667 -806 -690 837 -13 -787 -588 -998 -877 -371 819 -281 676 204 -246 -255 -649 -980 144 -136 89 471 483 -179 414 26 -909 -952 -48 -957 -927 453 846 -731 -974 670 -291 810 -889 -432 -517 -272 -117 -888 420 272 744 982 751 -283 551 -530 607 -493 22 201 493 696 -583 -316 -688 47 256 -967 -839 -935 8 101 -999 856 696 -458 494 -655 301 -151 846 -666 882 597 138 -408 942 746 863 433 -334 410 -518 -599 164 81 367 -426 851 521 -5 745 573 -31 456 557 -7 900 -171 -885 -182 -857 821 60 -170 890 609 -900 -380 768 904 874 -791 954 729 -706 957 -648 72 114 983 -591 842 -862 154 -189 238 -764 704 -602 65 827 -143 -272 760 901 -1 756 -171 770 829 -738 271 846 -972 -138 -440 -595 72 -771 14 67 996 -573 811 803 952 -823 -537 -458 631 720 -398 -951 369 -49 -110 908 421 -656 375 171 146 -99 317 971 97 877 91 792 849 900 -789 6 -312 20 -431 715 47 268 -977 -552 -517 760 -109 -627 -99 688 202 -204 753 -945 48 -506 334 -60 149 -485 -408 61 -111 501 -944 967 263 -900 -802 -342 244 -74 636 427 -509 -35 -786 7 780 -845 -55 813
103 -197 -215 -407 -678 -73 411 -584 -739 -788 -244 -642 -905 -418 -844 89 687 103 692 258 -817 41 201 -928 904 274 -773 -265 -767 -957 834 -485 638 -765 -384 114 -908 -480 -425 -662 -43 757 -276 410 -759 181 600 228 786 144 -811 -777 -505 795 -558 506 -528 -7 -559 286 41 -926 420 735 450 524 301 415 -193 378 -45 812 -477 -748 114 696 -62 -820 -67 -750 754 -892 -644 -155 631 -301 -241 880 199 -945 89 278 -709 827 192 20 -870 140 -169 823 45 890 -920 -33 -436 271 532 -394 562 541 -577 -930 -476 733 -991 281 -558 -199 474 448 -414 856 51 654 859 416 -989 -512 -153 285 -702 -157 -261 -133 989 353 -268 -86 -274 76 521 -178 762 183 -981 -634 -81 479 481 -791 -987 210 -128 610 -885 -276 -425 -316 -8 577 913 888 338 -768 -685 500 -447 -2 954 735 67 -630 601 318 -148 54 -657 505 23 -530 -509 264 -582 290 -233 -844 696 -434 -51 -208 458 246 -522 331 557 -602 -819 898 370 -577 -58 -951 -464 -197 4 134 -898 -878 -681 112 -696 224 670 12 852 -997 488 -370 159 -345 -844 -725 19 637 420 -195 -216 232 846 -179 -750 -627 -871 -421 510 -723 802 -651 -691 494 -68 -868 -875 944 691 194 -238 6 59 864 763 599
-133 -22 8 48 303 -812 -101 729 656 -813 -536 372 -271 430 -522 -752 500 893 587 -904 -180 340 67 -795 -289 383 -634 258 -184 295 -403 777 359 -24 -579 211 633 -641 47 574 -155 -90 831 -588 688 973 64 264 543 477 311 556 740 -656 -583 222 -534 -240 -42 595 856 -217 -799 -296 -162 -224 -351 -911 -447 -388 -99 -658 -396 208 657 -791 -313 -257 976 7 -446 -664 567 -209 -928 289 858 -949 964 -5 838 48 143 836 -908 267 392 -15 -38 743 -974 105 -228 993 -544 695 -825 -793 78 144 14 382 -832 -232 -189 -851 302 -729 -657 398 -645 -994 308 -604 78 -428 894 352 -491 -12 549 -19 95 -256 -941 -845 -8 -961 204 420 120 -967 -445 892 -296 380 920 -831 611 -674 -216 -328 -989 175 -140 224 -681 755 357 -88 776 491 58 892 272 550 -743 575 657 532 475 -344 683 -93 963 -344 263 781 -934 304 -965 592 844 -548 892 329 -788 -366 -634 -50 727 684 -671 646 265 -970 -766 -625 -172 683 283 836 912 -444 -59 -89 116 -392 -640 697 -899 -794 475 291 -247 202 -385 610 583 -132 286 442 757 -684 123 -714 671 -411 -891 292 774 14 -225 890 -993 532 -352 699 -624 294 -867 864 173 -998 103 349 -275 -746 -548 368 180 832 31
-80 541 153 -415 630 340 -927 -508 294 -281 204 91 762 -302 719 617 -963 -412 -783 -118 -628 607 633 -386 -371 283 695 894 23 -254 -246 -894 -634 -16 -343 -265 -508 -214 -796 408 -337 141 151 459 -544 112 417 434 -65 -935 838 -407 -511 914 -509 23 214 75 551 353 -78 582 203 723 158 478 167 -80 952 573 728 -956 -836 950 -999 -806 178 -788 -822 -600 49 712 508 -614 413 -274 -642 276 -711 -98 -450 -568 -994 -858 -312 -522 -276 -106 908 530 806 695 47 -435 -43 505 773 59 329 93 -15 -264 -257 -34 -950 -77 -906 -116 439 -213 -672 -246 832 321 585 212 -324 925 612 -588 33 -605 -655 376 -975 622 140 -628 -59 -922 -727 -498 -85 638 -522 665 123 98 -992 51 787 925 145 375 -128 532 -32 329 511 -857 239 -819 273 140 -418 343 -561 -747 -219 -27 550 389 192 826 775 433 -256 833 182 -569 -383 842 241 -862 295 201 -725 -343 225 382 -847 -876 498 -464 -401 -811 377 153 987 -440 167 -609 -457 476 991 -945 903 214 877 918 492 41 -181 -278 -462 -185 744 -416 -855 806 -310 626 780 -476 649 -249 937 156 -632 725 -56 833 790 -579 -839 -128 13 -847 87 908 399 124 -973 -49 664 154 510 723 116 988 862 -744 847 -92
438 434 136 -644 -9 799 827 732 54 705 -646 893 984 700 -161 -224 555 -710 -554 772 -28 -690 -210 198 99 -789 789 -390 260 -395 -299 -787 -23 -561 -477 -222 354 732 -338 -986 140 381 259 547 -11 -898 156 -606 -382 -868 310 419 48 -67 344 889 863 -45 -434 493 -959 -388 881 -68 233 -662 -57 406 330 -767 460 -434 990 130 -560 856 -563 277 -367 830 -413 -347 -871 -707 150 236 -4 -876 -539 -784 -848 -461 -641 -972 4 21 147 -920 761 -401 -835 491 -982 495 -84 -341 250 271 -80 307 793 -802 -41 -487 -138 728 838 326 991 -183 -292 -810 -898 -202 -570 -368 57 -485 -934 -320 -301 51 646 -496 -608 740 -551 -146 -406 -227 -660 -450 -830 -137 447 -957 369 376 846 796 -822 -16 -494 213 -920 -878 516 800 -59 856 -321 461 17 783 521 711 -223 229 -592 -202 581 78 541 694 880 602 -182 31 -442 -735 36 -463 -332 -191 -224 355 338 -537 772 -790 -714 -803 637 -118 299 -967 24 492 426 -754 -648 -483 197 161 214 86 -513 894 981 -577 -526 -699 -697 -75 -255 603 -156 881 -391 325 -442 -717 -925 -49 -643 394 421 816 127 100 400 -614 -414 -321 678 874 896 -4 -370 -708 -604 927 953 59 -596 507 -502 -474 -855 766 990 -391 434 409 935
528 772 826 -200 -893 -930 -75 -508 649 -593 682 -561 -842 -263 -181 202 739 -112 -78 -497 -840 959 -702 651 -768 10 89 323 -790 392 -844 794 916 -129 292 223 541 -426 386 -200 106 -127 326 7 673 -455 519 540 761 216 -386 539 -446 -473 -523 310 -581 -114 201 465 735 776 -744 242 677 -510 -235 660 724 0 955 330 -870 283 184 765 948 298 857 706 18 708 387 640 286 700 -394 549 517 534 954 -44 -158 586 39 -114 -477 -175 435 -417 -446 -693 757 26 792 798 158 -42 978 -111 -82 139 696 -211 -435 709 -772 -177 733 309 756 927 139 -575 241 451 -432 -665 -382 -599 -296 -114 -751 514 180 -652 252 -583 -404 -689 535 -362 726 -316 720 -419 563 -745 -86 -604 -313 81 -835 512 644 243 547 993 -624 -366 -29 59 -335 -380 577 -997 715 563 -172 767 510 282 598 -903 491 -803 -767 382 84 840 538 976 -946 -235 -878 197 -949 327 -959 -188 -901 505 497 -790 951 -45 -820 -797 -207 -591 982 529 -375 -484 -227 950 -623 658 259 -687 -131 -817 490 104 699 159 -72 -36 -486 67 52 -978 -444 577 196 -330 -348 61 -302 -624 -523 149 795 -227 -983 34 -917 913 -800 -778 728 755 -543 -374 -560 202 -199 980 601 -295 -645 942 -372 -44 146 307
503 -795 733 996 867 230 -556 -781 958 44 414 162 594 108 183 -769 700 395 185 -298 -868 119 486 -14 169 397 889 497 -247 -822 354 41 -849 892 -518 -528 -519 530 926 944 39 978 -267 -305 80 405 -298 -484 -559 294 -473 717 -331 -630 646 -54 397 233 -820 -709 792 357 -730 -59 264 930 -714 -448 545 769 503 -961 -742 249 818 -663 -580 -535 -12 -211 -334 -528 -526 -689 -93 -159 709 55 916 335 455 235 994 -346 530 -213 503 781 304 607 946 -194 -343 990 -485 575 -686 902 307 833 -466 -495 751 -467 -89 -907 -777 -10 158 -509 850 649 259 856 332 -968 -523 292 444 945 942 434 967 342 -363 76 -440 -251 200 -84 777 -392 -544 -767 130 571 -505 42 -68 -283 -32 -471 220 783 -27 977 834 -969 -874 461 12 -603 -930 -71 746 -729 230 577 210 164 100 -278 736 -754 908 509 -392 641 18 418 591 311 650 716 168 896 701 760 176 69 -15 883 313 344 -418 46 43 -18 -628 -293 -766 490 -543 -435 -24 -27 125 562 193 589 711 -605 -202 97 653 51 -895 983 842 -452 -429 568 -841 13 920 -868 -548 887 -868 660 -644 945 -679 -771 -256 -834 -694 -252 -855 -106 989 -904 412 -609 -167 -221 -379 -436 920 -65 681 489 845 -262 57 -48 -638
-944 82 -702 839 68 -954 -295 578 986 135 -160 690 -261 346 -195 -275 -201 -636 116 116 349 -298 -768 795 -208 968 -300 -360 318 162 665 958 -953 -941 923 742 952 -569 -676 -364 -451 66 68 653 -826 702 250 539 -910 969 799 -581 -430 -449 686 -440 -589 -917 -79 -320 310 346 981 471 415 124 439 -778 -845 250 -150 970 -623 118 -626 915 -573 624 -986 535 -67 -630 -920 -136 -349 -792 -40 191 962 466 -120 279 -556 262 965 85 -977 -838 594 556 243 -871 -192 -100 -162 188 178 -370 -412 -585 756 -604 822 -796 378 918 -603 357 132 -173 982 202 222 140 -590 219 -612 115 644 -779 -678 794 -724 -884 -161 -993 -285 235 -470 -332 -389 949 914 488 -111 205 807 -6 624 144 -368 -558 802 121 -246 671 -635 856 767 266 843 282 -519 3 596 -714 592 -932 -965 623 874 397 -611 708 -311 -919 998 370 683 -517 917 -423 928 -813 -36 -317 647 -441 -482 -703 843 181 -120 390 658 -555 940 638 714 578 -959 -286 512 -520 429 556 -579 -903 -185 -162 -341 4 530 -476 -22 -111 196 950 832 -986 77 964 135 -219 -454 380 140 816 814 -73 -777 441 505 551 -976 -412 -962 839 -126 -338 180 60 169 195 -217 -872 562 876 541 546 100 958 960 -722 -711 -669 340 121
842 98 645 968 -902 -736 -681 -499 314 -69 859 169 852 -190 352 -224 391 261 260 -475 -950 -148 -256 -941 356 -406 25 250 595 412 563 -688 -443 -580 713 333 458 -607 707 -656 701 291 -942 -51 956 383 32 -381 -675 -338 788 488 779 -928 -197 -760 -782 -829 295 -345 -684 695 -594 -685 142 440 -785 -933 -88 -145 732 -690 -858 -581 -534 -120 263 -992 -753 743 652 15 741 -704 -193 -444 -187 861 841 -478 863 -531 983 -78 -142 -357 1 109 651 548 232 -122 171 -690 350 -357 696 -514 545 904 -597 937 925 788 477 260 193 579 911 -171 -543 754 -799 743 929 199 -297 -815 -898 -661 -555 94 -88 -619 -774 154 921 -130 545 897 47 971 878 541 -965 45 303 -476 -746 -74 -49 82 -909 603 -429 -696 -488 821 248 340 -460 -894 -714 -501 62 -248 945 -497 927 -38 -167 909 -716 -472 -303 740 823 -420 -398 173 -467 324 -923 34 -475 -781 274 -229 944 -258 -221 -729 61 317 108 965 -249 -248 929 946 662 -308 -616 709 887 834 804 -103 -71 920 -193 -942 22 377 421 -398 -326 623 685 -490 -789 -639 -940 162 990 574 347 24 -89 321 -713 99 698 921 -372 951 -795 521 22 130 -303 -338 712 -492 473 -221 256 452 302 -554 403 679 549 729 273 -707 -382 -62 -608
-335 -526 613 992 -242 -149 -374 729 104 185 -161 349 995 486 -564 -210 -576 619 -430 -658 -528 757 -286 567 -137 782 -902 -469 -912 476 -151 -314 174 448 673 -84 -854 477 331 -273 -908 -769 -912 279 -621 -947 71 -420 -476 619 -430 -498 -47 944 898 -993 -966 783 715 972 -791 504 692 403 133 19 375 232 -64 -514 -652 -1 -177 744 687 -896 -682 -84 -335 -193 -650 286 944 40 -558 -225 -507 -561 439 -237 -410 857 435 827 451 193 22 -943 629 -715 44 256 194 273 347 163 -911 -174 540 -759 -953 348 286 911 702 -381 -678 715 -334 -973 258 855 -443 582 696 849 403 768 877 -790 -426 -398 -171 -229 -558 843 -718 -287 -40 -198 -306 545 -813 -422 -373 6 -834 56 -823 451 -57 784 963 722 371 -793 888 441 867 -80 -803 -732 104 -747 -404 184 748 -329 -675 425 -255 -30 -206 -652 73 259 -367 38 528 179 639 705 -165 695 -154 422 -67 -127 348 -535 369 -552 563 -184 76 685 -190 275 350 155 -530 -951 -977 -855 -649 -422 -249 -107 526 736 313 -506 309 475 -167 173 452 -829 -519 116 933 -867 623 236 -871 527 -388 -299 691 -176 184 -100 721 965 179 318 -134 -623 354 -375 -290 -119 -472 231 -872 124 -347 977 -107 -450 330 698 -74 -967 805 17 954 699 -452 -15
-172 -866 -390 121 527 -678 -334 645 308 -466 73 -742 943 756 985 -303 -265 448 903 819 647 -337 -976 -465 537 941 -217 -472 -806 -727 492 -717 -689 816 -461 -175 997 -208 -85 -524 -434 387 136 -819 -859 904 -170 -787 -608 -162 654 -393 91 -229 777 776 -300 517 205 81 -789 -415 -631 -595 -869 -851 -421 732 471 416 -646 -375 927 844 651 928 719 983 936 520 268 165 917 465 -950 127 865 -578 -97 -713 906 -779 -926 414 579 -928 -67 694 -273 -25 -552 -393 274 -427 673 -120 -249 935 -397 548 556 -689 120 970 -671 272 -366 -326 684 81 802 359 753 114 -898 -348 616 463 -200 834 393 -709 -971 -489 919 22 -456 -356 962 -468 984 889 378 10 -906 -987 -345 -789 925 -902 530 801 -636 -548 448 -767 -236 -877 599 297 -70 187 697 -720 123 893 -635 -332 638 -983 -53 987 -138 414 105 412 452 -181 -101 420 286 -167 117 -579 -271 219 763 70 -901 -84 -355 935 -100 337 323 -168 -828 -33 748 -601 -708 -965 212 -888 -647 44 -8 -553 1000 -917 -457 -438 -819 -606 -943 -88 418 -453 -107 -95 -309 783 -359 -821 -659 -888 -210 -820 -340 349 365 206 747 829 73 527 -225 -410 299 -197 -611 -547 -606 542 593 18 -282 149 926 -977 -195 123 -592 251 291 773 -311 -964 -301 -750 -814
164 -866 -581 -342 115 -783 461 343 -88 150 637 265 -758 -490 -451 -159 -699 962 400 -245 616 574 -765 -820 218 752 347 516 464 -2 -412 -487 245 -579 -622 97 722 148 -387 304 693 471 -593 -656 32 -926 -200 -494 946 -218 376 -221 -904 568 -385 215 818 270 754 280 -353 -478 -927 -476 501 -27 -698 -139 -665 929 -545 -306 -182 -69 -453 -299 -247 360 -597 -50 57 695 262 166 -278 -928 701 736 -220 507 -765 -930 121 89 361 138 -77 -842 207 -468 -957 -127 -217 -687 165 -629 -69 235 -30 773 -766 869 117 506 -402 -417 812 -869 699 586 917 -102 836 -558 -222 -331 539 -611 43 -236 -82 -763 -865 622 -596 952 -890 -301 772 -88 833 -773 -135 390 758 -675 65 400 574 943 694 -793 318 285 -480 -194 766 -540 649 401 -385 -179 -665 628 106 -206 207 -639 -28 381 -470 -373 390 -613 -815 -366 -272 319 -75 -186 536 -830 -450 799 -492 985 -374 -579 -204 906 -662 -417 -481 356 523 623 -541 -755 -730 -994 722 -7 397 -197 -695 -70 532 565 40 -892 -706 -375 121 -514 -332 -455 -602 -826 -337 423 809 -509 -933 -297 -183 414 -672 -869 -807 -225 -957 11 -637 385 795 711 944 750 -624 -576 -66 -879 -174 -381 430 -838 97 -76 18 -223 -906 -539 -564 -331 666 553 29 709 -412 -334 -469 841
-359 -726 690 -567 810 144 218 -900 508 604 -602 679 11 692 -616 -345 209 544 59 -580 859 -315 674 -146 -841 -319 243 543 -699 -898 -492 -848 876 -552 -185 812 -39 -648 257 -168 -266 315 629 574 512 -30 358 -62 -803 837 -240 -454 -94 -750 -566 -544 268 615 965 -367 -699 -695 116 -880 451 -458 -3 163 -477 -585 -109 -259 516 171 -493 955 410 852 -155 -815 184 530 17 965 -290 -208 918 -606 -832 -260 -233 597 598 -323 738 -217 -526 -280 -637 -742 956 637 424 254 -694 819 679 -856 971 -529 -779 389 -443 -623 417 -77 -781 -997 -760 159 762 118 -840 914 275 -508 -278 11 196 147 502 282 109 259 -622 580 -34 898 -886 180 347 80 464 -525 272 36 -524 820 -106 -409 955 870 -129 203 -762 -22 637 5 439 383 121 -713 -421 -740 -583 -729 -993 998 600 -14 -116 -108 199 709 -768 428 -251 -709 662 -340 -473 307 441 -575 494 206 377 -736 894 272 -997 337 332 -489 735 360 107 345 325 -969 737 -47 -682 -779 -966 395 792 200 -609 -699 821 681 412 454 -468 -915 702 550 -68 -914 515 -308 -608 -177 -9 448 -748 177 -462 68 -363 318 -200 -19 198 -156 156 -183 951 373 905 -304 -442 248 165 -159 -306 -232 -122 -119 164 -367 842 -592 -827 667 -755 -74 -408 364 975 -788 213
392 -732 -876 -603 276 -854 755 -680 986 -756 -563 499 412 852 -924 654 645 423 492 -363 482 524 -746 852 -505 -192 -61 832 785 -384 -795 -898 -513 947 596 725 629 692 691 -756 718 -768 858 632 706 -723 -186 254 -635 -466 -248 -562 677 -868 -848 215 -609 -866 -751 594 774 -122 44 -519 -473 -902 -357 830 865 -186 -493 -55 227 225 691 364 638 551 118 -130 962 72 -133 -544 978 -704 611 471 -739 -958 -685 286 -982 -963 509 208 216 75 -363 287 575 356 992 -626 -176 -101 203 930 -370 -340 578 -613 -836 -121 512 53 805 583 720 223 129 735 -503 -152 -962 -531 -263 -964 -935 -851 -552 -996 -238 -341 -478 819 -799 354 210 -664 -191 -524 129 847 -869 315 935 313 -940 836 789 519 -459 819 -29 -14 648 886 137 -935 -228 -262 529 371 -86 584 926 911 -55 169 505 203 -467 -94 635 -309 528 -246 211 -346 482 449 615 323 -223 16 -995 -940 256 -136 902 464 87 -802 73 450 568 230 909 -423 -666 -582 -626 -703 323 -263 -147 619 -12 -675 53 59 611 -315 -272 -435 449 507 -964 306 35 -870 -757 100 -153 -592 931 -878 270 -611 -821 -908 274 744 -669 108 994 -325 -374 15 -633 -747 504 45 230 -872 -6 -537 -230 622 203 -596 525 439 -909 597 462 421 -279 -12 -846 -519 -26 -130
-316 -798 920 -921 943 105 -226 -138 -559 508 293 -961 545 765 -179 -937 -846 -247 -798 680 765 -95 -21 829 425 -926 295 -89 474 -600 324 523 -615 -619 -198 -802 -280 953 -143 442 884 -775 930 -337 391 -433 -516 -946 714 871 -923 566 -566 967 575 765 -85 -914 -306 -420 856 -720 -104 750 -262 -713 -667 198 -735 -485 940 282 -288 554 972 -349 425 555 -752 -362 540 -534 -781 -586 -870 478 -712 -553 219 -321 635 829 977 -594 53 -503 857 427 81 484 749 -597 -897 -898 388 216 -438 -296 -862 67 540 417 -12 643 174 -316 249 951 871 -769 -605 712 510 -120 -672 -499 -580 -589 -895 -886 -236 970 540 -347 -578 598 -992 193 -636 -339 643 -589 77 572 563 -339 92 -834 717 196 -122 -410 -793 185 -911 -78 776 -692 657 -348 385 813 528 894 758 -57 550 191 443 -514 -773 -732 110 897 244 200 981 51 314 957 333 189 780 -729 -110 679 -706 368 -669 116 -639 -193 911 -337 -700 -198 -664 725 807 815 -765 -433 5 -395 -23 -443 578 -867 -135 865 221 666 900 814 918 113 -25 653 502 627 838 478 252 532 513 -586 -544 222 -724 -481 -521 -904 754 661 -95 725 388 886 -270 961 9 -201 208 -609 -84 449 -920 -711 704 -823 -912 512 699 -776 512 -760 -168 -931 -202 114 470 -132 354 354 707
730 -837 -764 -30 -388 133 355 474 835 706 -617 -689 -952 145 -522 147 813 811 -655 925 -959 770 999 -905 -560 -153 -991 -281 -969 93 867 -45 -501 -824 -83 -451 863 -401 599 -223 -40 684 -772 -265 974 569 -358 -648 -40 77 -929 -466 72 962 770 90 724 992 46 -780 2 -339 541 693 459 -836 -806 648 -166 -69 -325 313 108 -428 501 143 -464 -78 39 -10 -142 -277 -54 538 836 -275 -301 -324 -345 537 952 -496 -414 932 -301 319 258 -597 -942 246 -230 -448 238 798 496 -176 450 -494 -258 48 -416 627 -245 693 -352 760 -864 -572 338 308 215 -636 596 829 345 -982 -209 416 -794 729 893 -594 769 -238 981 -684 22 -461 52 341 -943 722 61 -378 113 -116 -150 322 -157 32 -333 -477 793 -236 -687 579 -871 -726 141 592 -887 453 -907 386 925 1 89 -105 351 45 -416 -278 476 179 52 -7 -88 -152 153 -948 -862 -354 389 456 985 -90 -872 -733 -269 -496 -315 230 164 975 142 -413 -170 -649 355 -944 945 -304 -434 -356 -436 -295 958 -465 -806 103 191 -839 -362 -859 -845 819 -563 917 -798 801 826 -306 -208 97 718 675 664 415 442 470 -939 687 364 -146 255 340 -65 -471 -585 688 -542 144 -710 299 -68 -455 188 126 -34 427 -119 500 738 -966 -118 -960 -395 926 899 839 82 -408 153 554 -273 -361
-779 -348 -329 465 348 666 -788 974 -514 484 -321 417 122 -659 -416 -84 -192 -67 3 -164 734 630 7 525 -763 -574 256 -563 888 301 852 962 360 753 -542 521 -358 60 -128 -46 197 265 468 -572 398 176 -593 143 -399 346 -11 5 166 -595 19 -762 614 757 664 -303 845 -692 247 -965 393 332 314 -195 -773 664 -172 822 -860 -715 500 555 927 -83 -745 -556 -136 743 -763 -775 785 196 44 20 -280 -770 -554 241 171 -381 -427 -94 -837 -319 694 691 187 -439 -772 -678 938 -44 -562 -457 -828 536 -367 139 -227 -802 780 -304 356 188 458 -76 -151 -814 -905 -179 323 933 -634 767 -367 244 72 148 -699 10 -770 997 62 365 -394 -920 981 -410 -586 -826 -73 230 393 51 -156 -547 326 724 490 -695 -805 866 -607 802 936 592 196 160 99 172 -933 -854 -41 -150 -868 17 186 -661 -594 -45 -719 122 -946 352 892 -681 21 515 -506 -156 237 352 -858 -689 -559 788 -434 635 -871 197 -712 -882 -150 131 -471 -839 -577 74 944 -759 -441 913 -652 128 952 352 784 -903 -936 714 -647 928 -201 -858 -682 837 -851 -383 -792 217 -804 69 -136 11 -257 -588 64 369 67 172 969 84 111 605 -823 223 539 792 898 -769 351 -419 285 -245 806 26 -820 250 -742 467 -363 818 -238 877 -564 577 906 405 821 -479 777 780 125
956 -335 -623 -482 -12 542 613 619 -637 182 -407 204 142 -966 482 -112 -28 -476 58 823 890 -673 187 -436 -763 104 -439 -126 781 -767 -507 521 -703 -834 -351 968 405 536 -297 448 654 -781 -37 -256 -709 -69 759 659 -442 213 559 985 -601 -162 4 49 -308 -920 -415 376 885 -992 -328 630 -617 -903 -744 -772 559 452 -769 -13 -553 -253 177 297 531 -79 774 -852 646 575 -148 659 -868 -439 -521 -745 845 -460 -762 346 465 -84 -836 -165 201 -206 -382 -412 713 226 -793 -825 -907 -639 515 -126 -824 756 -316 -730 -854 972 92 -415 -752 -814 710 749 -444 -551 948 -839 -224 821 518 414 -101 -137 -419 -850 -716 537 173 407 470 -30 -927 -630 -881 280 -346 -199 906 -682 183 -451 -662 -240 484 696 343 914 33 956 946 146 -202 -120 239 131 266 -640 -787 825 -944 -428 -360 520 -464 -64 -950 -857 -262 -398 658 131 -604 -519 -351 -588 -529 -367 416 -151 -553 -500 -411 -582 4 920 774 809 -685 -713 -106 187 629 911 362 387 62 132 103 -978 66 -197 -495 -290 -906 170 -203 960 -131 -689 -915 -613 -929 506 532 -322 932 -356 -799 -314 244 -58 682 915 955 492 -98 604 -124 964 -429 499 -306 -976 841 804 -828 113 889 754 751 416 29 -221 120 -526 37 -615 -792 603 -223 812 320 950 -172 -460 349 -567 808 -989 290 747
-718 568 -717 -647 -352 231 185 -979 452 -398 760 -340 -430 -825 -434 -318 -200 -516 247 154 441 840 -623 212 317 -576 315 318 323 -678 -249 182 -29 465 422 314 809 590 -309 -262 704 650 -575 -182 718 -614 300 -816 713 -773 9 691 598 30 352 262 153 -679 -177 201 572 -772 -758 -188 -395 415 507 -989 -797 -623 622 500 -693 237 874 564 -964 -345 -968 882 617 -61 -960 315 508 -266 -550 18 -519 595 236 808 -228 -384 -967 822 -377 309 464 319 -418 243 -299 735 320 920 -614 -698 -159 -37 -822 9 -614 917 -626 -949 195 -106 -54 656 502 207 -988 -170 -531 -290 910 28 -788 211 -892 92 721 447 -767 312 -817 -260 409 -692 37 -927 220 118 812 613 667 717 150 873 -578 358 620 194 -219 -195 -607 -548 882 -718 -892 -823 118 -999 -483 -592 -100 381 -26 507 -419 -642 521 289 778 271 -177 -20 -876 -730 876 956 -213 -887 -777 27 261 253 169 -367 -227 584 -120 105 657 825 -238 560 -119 241 -840 933 35 863 -229 417 417 261 728 133 -451 -206 367 178 269 -595 968 514 -716 -75 -395 -504 -687 746 -716 900 287 -196 988 337 -798 668 406 -891 754 -268 759 -362 563 850 252 -277 -965 229 310 441 -577 -683 -468 -76 -524 605 -267 767 -491 -554 -932 662 -263 546 -712 -81 855 452 -975 -762 194 -629 657
-856 -690 743 -552 738 820 163 -326 -42 651 -595 732 -694 220 -758 476 -696 893 217 -935 505 448 131 -526 -237 -702 174 -256 -935 65 597 280 -517 -389 -822 418 897 808 418 -79 -791 799 -135 -934 0 889 -309 -385 825 -469 563 335 -782 -914 674 -180 -980 -228 -649 -919 -820 -122 54 -600 -175 -739 582 -736 35 -380 805 -852 -93 896 686 381 -896 -396 815 -675 -12 -860 931 112 -832 -463 58 221 782 278 269 -171 902 -125 -994 -36 -992 394 837 279 340 563 634 -237 -520 -273 194 364 -605 -738 -347 -860 376 -703 -614 21 -165 65 -389 160 644 822 -972 -140 -952 -930 -6 350 -647 17 -862 -76 551 -444 916 -700 -240 -418 -464 743 725 735 -415 -269 963 374 270 -696 350 -429 -849 -675 594 196 -563 -903 976 -437 -921 527 -420 757 169 -843 122 -95 49 618 698 -723 -410 -812 387 -55 -323 -378 393 512 987 -543 -919 -153 -288 58 391 -963 -547 65 -106 735 538 546 -359 -128 -434 -865 -710 -94 106 -653 81 963 304 -120 -51 -824 673 130 717 245 911 932 760 -860 -960 649 731 -94 -521 -491 741 954 910 89 873 -778 -963 997 -555 -2 -934 898 965 539 45 624 -620 -133 -475 -328 959 -989 -714 450 113 902 -604 -830 -971 394 -57 686 -731 -798 313 -287 -691 -348 -965 -200 664 25 -437 -611 219 178 711 -331 861 -944
323 570 -123 432 -306 -611 553 651 -74 373 -46 127 -568 -37 -812 436 -928 -647 880 288 426 -908 -129 -259 -421 960 234 531 792 -919 386 360 64 -901 -680 863 964 574 454 -174 -476 735 -639 -11 229 246 -486 55 -634 -768 -21 230 940 921 212 -272 -672 912 889 -402 -626 969 -422 -816 -50 63 -465 742 -461 -873 230 -392 709 905 -798 276 -383 -37 229 -510 340 788 -398 -379 315 834 174 645 666 -121 52 762 -982 -217 584 -460 -151 804 757 759 -884 -404 -848 544 800 -452 -124 46 467 -50 -444 -514 508 -897 -604 519 -739 625 965 144 120 -304 700 -492 623 233 627 581 357 422 637 -584 589 -44 241 -878 144 -971 754 132 544 571 -551 378 -231 -579 623 -776 631 722 685 865 -50 415 852 -66 964 178 666 -163 821 781 195 -742 -218 -548 -16 104 480 -908 -573 9 -259 -712 116 -166 -945 -949 -990 -507 272 729 -944 -880 -241 298 448 -383 169 160 -280 639 278 115 -585 -573 441 282 -788 868 -697 970 587 -594 -725 -552 95 -774 921 776 -232 -562 -860 -504 -506 890 -537 752 -103 -967 907 511 -953 -252 789 -102 986 -257 968 -475 -437 -269 -933 788 768 125 -822 901 430 601 -852 288 115 547 -68 672 -754 347 -794 183 479 151 -919 107 -632 43 -348 -324 -13 44 15 392 592 -855 604 -697 452 -290 -823 775 157
-272 -283 -974 513 767 915 -417 -156 356 772 -801 813 -281 298 -942 -924 -421 -679 259 129 -559 647 -164 711 -318 288 713 -436 507 916 -611 -597 453 -723 -655 858 372 60 213 -232 -362 35 299 475 996 -976 -876 -130 -211 -765 -19 -4 362 -929 387 707 -940 -345 -659 52 -322 653 458 638 543 875 687 -646 766 773 718 11 133 -782 -68 960 -870 -606 -373 24 -232 -762 -341 -16 132 154 -454 -403 331 196 -796 -522 -660 312 -374 953 -70 272 -145 48 599 688 -138 664 225 -192 994 -459 -759 839 692 -564 -641 -865 -987 -1 71 460 -348 -507 267 812 -471 625 433 -516 -561 -509 -550 89 849 605 -94 -424 -424 -833 -51 692 924 -229 82 -900 291 821 -253 431 -395 898 -951 -188 -757 360 -569 948 364 -908 -813 883 728 -29 738 -21 -550 675 359 -553 -700 437 -228 -814 128 49 886 3 140 779 579 277 -953 73 140 516 -282 439 935 824 793 160 329 -444 -607 60 -788 -684 -778 912 -111 -810 -837 -637 -583 883 -345 -232 88 -288 -743 475 489 337 -821 681 23 422 125 -101 -755 33 -805 9 -710 379 205 152 222 425 -895 -870 -566 790 -843 -714 -746 -438 -273 705 618 437 -265 207 -467 -264 59 -496 -410 -968 -63 -509 -785 940 -238 -256 951 -198 172 943 113 -318 655 -277 -919 -609 522 828 -997 224 689 -469 -465 861 -17 325
886 -407 -781 290 -239 724 700 299 658 463 -986 381 -173 -767 -665 -613 350 -673 -463 -698 -98 156 -529 502 565 782 -824 -750 546 298 -347 -392 -980 -627 -131 -664 578 -835 -869 -760 -590 306 -593 335 480 -88 -170 -180 150 873 71 -566 459 -853 788 -196 -321 -576 -269 -921 -407 -148 -597 50 651 132 -448 301 -622 492 14 -501 762 947 228 28 90 526 -391 52 -566 -579 -689 -576 -293 -743 719 -653 -985 -770 60 -157 -439 -907 206 -723 700 564 -123 -43 391 -695 828 890 271 870 -665 -751 12 -723 -859 661 -834 -127 960 -771 368 1000 112 -879 365 519 167 40 480 -56 -262 392 389 -283 -83 123 62 914 982 -570 994 876 -678 -291 -480 158 255 -448 -876 545 372 -971 136 878 705 -541 29 129 -849 -194 -399 282 -294 -262 -479 356 -414 -44 -915 -338 -448 -484 -622 -390 -570 993 785 255 -758 -86 168 -239 879 87 32 829 -31 -514 565 -875 574 233 -452 595 829 115 339 -297 -910 215 404 -735 108 -332 -686 -717 793 107 -136 789 -790 -900 967 -990 347 85 -843 -902 -443 -740 719 -262 -387 -682 -522 416 124 76 -34 -776 124 -995 253 344 625 274 -644 711 667 -842 960 425 -125 -457 225 -42 -654 398 -601 -843 828 -848 -156 -546 266 -165 498 -222 827 -743 -44 208 -111 -356 -337 664 96 -648 891 876 549 -783 -510 -574 -949 927 -942
-28 -680 875 -662 -582 -422 -904 696 -487 612 643 387 -143 -823 447 -613 399 -276 -146 -948 103 -378 -644 723 -771 2 519 414 -574 864 125 -452 316 917 -892 620 -975 452 -44 703 113 332 -76 331 788 486 542 275 329 -107 -175 -744 -313 -756 -26 695 -5 -964 291 -805 883 468 -792 246 519 -839 -189 -682 762 -189 166 608 244 -527 -560 -783 232 -269 -285 -472 -920 389 -268 -300 -288 686 -338 -173 -337 -979 304 530 848 -434 -390 714 29 -147 -554 -34 -894 -707 -662 590 20 900 370 604 897 -132 342 909 -843 -777 993 695 -151 798 616 43 -498 -403 -220 839 39 517 -676 -531 28 -376 -804 570 928 -240 -850 943 -554 434 407 785 842 -770 958 574 599 -22 -236 609 -191 -276 -571 429 -951 106 598 -232 -626 -714 810 920 -711 -290 -114 742 -186 894 130 -906 -508 -111 816 767 -300 674 907 633 -323 109 962 772 616 -3 -603 649 380 32 -680 759 -838 -457 -933 -358 287 -360 354 -225 343 443 -213 -704 -836 -704 272 -275 -218 -601 625 -318 6 794 616 354 501 263 -352 -795 -149 704 -48 -97 584 225 705 -346 -826 417 481 -294 -788 681 -549 -714 161 -443 -396 97 -625 191 104 -137 -192 -720 -382 135 -504 342 481 -192 195 -23 276 596 -450 610 275 -288 -958 -445 -960 580 510 -381 314 560 898 478 -83 852 186 -769 544 -80 824 453
-761 316 -812 -528 -555 211 196 719 198 405 -498 -715 -808 4 663 -832 976 342 -99 -607 475 -140 -78 -571 -306 917 433 -902 148 -172 622 884 -319 -502 -329 177 193 -980 -782 736 883 -715 247 580 673 82 -651 290 236 948 -900 789 -561 -327 -818 301 -212 104 212 392 370 778 83 -870 -250 798 428 746 915 -832 -345 -353 -511 -868 464 -271 -730 642 -260 861 -786 751 288 59 486 237 -260 319 849 308 -5 629 -228 -133 -345 719 -342 -944 531 -30 -534 -674 515 -355 -527 -183 -13 3 -739 -420 80 -921 -104 600 192 397 -367 406 -384 440 535 889 -453 206 641 -785 430 -799 -155 -864 -96 -188 -944 747 -737 355 441 786 -280 364 961 -551 29 -514 -10 -363 338 -150 198 166 565 -99 -592 434 970 -874 275 444 -113 -822 755 -717 -959 -558 -43 -56 226 -530 -733 -822 -795 101 -345 298 273 662 -473 -179 804 -34 -806 -564 -769 788 999 -563 -683 63 -528 598 201 111 -677 720 -894 -911 622 -6 -112 -259 -859 -168 -466 -777 -270 389 -999 -983 -931 216 351 987 -951 -887 -238 -358 -327 693 442 -602 -604 543 46 -265 -902 242 103 -682 229 990 -833 652 -37 426 176 -777 -630 711 -915 -442 968 -663 -434 338 -116 -571 -78 -54 -311 -685 -690 -674 -577 210 886 465 -688 152 -290 148 -188 -266 904 -251 -110 -605 -143 -511 -259 611 -818 168 150 847 -358
-474 -107 267 -787 -97 599 -147 314 -676 -834 -333 897 -72 -735 -300 367 901 -889 -378 -362 -367 337 -897 67 -957 146 488 662 -369 570 -617 398 635 -301 -266 282 -874 -121 -3 363 44 -431 -830 984 616 -79 -57 -507 194 -380 405 388 123 960 -194 391 -685 -1 878 747 115 -59 -688 -258 -328 940 -144 560 502 727 -102 290 166 -771 39 556 -402 128 -268 88 634 -114 816 821 350 180 94 -82 677 436 551 143 536 877 242 -973 700 -447 -5 -63 -208 732 -785 -816 -63 428 -653 516 -299 101 911 -740 432 979 -422 -2 -858 -840 -394 -305 234 -655 -505 319 412 490 961 383 -605 -255 -683 -296 857 -89 -705 543 504 602 751 -238 -534 -354 224 651 -504 -186 245 -91 687 -84 -290 990 646 -369 738 -465 -492 761 59 685 -672 181 -258 915 739 -426 497 -314 -508 146 15 795 -798 -190 349 -106 -858 455 -533 118 -519 -174 -738 -313 -993 805 815 788 236 49 482 -395 332 345 647 -16 866 -11 -829 -674 654 246 -308 -294 201 -302 183 240 144 554 162 896 257 -480 547 790 946 623 -817 573 363 -451 -810 -847 755 -490 753 569 138 697 154 -658 -186 -811 992 -417 100 -668 -252 -376 -112 631 101 -50 -115 -118 -61 905 829 626 119 -369 -226 -862 39 369 58 -918 -381 721 -54 -56 277 -376 839 391 888 501 -858 345 664 -809 916 185 -213 -680
419 -283 282 -461 -239 -245 -286 -65 -823 885 378 -954 567 475 -642 742 -173 -329 -464 425 218 656 -124 552 -793 583 394 -622 -808 -977 916 362 972 798 -507 901 708 -184 -722 -174 -91 467 167 -396 -804 668 -250 588 -345 -393 -220 -417 -766 552 -462 146 -294 81 -109 -807 205 632 -469 448 918 170 851 688 -103 -822 479 -668 -873 983 -76 525 -483 451 24 409 766 -168 -723 575 707 472 492 26 230 -266 -840 612 833 684 -870 638 -69 808 -682 673 753 -702 320 798 543 199 -408 -943 -403 583 475 -704 1 -198 463 74 -446 -939 159 -877 -453 -619 -73 826 587 983 -706 -347 -766 -120 939 318 -34 735 -440 -570 129 -415 -104 258 -107 -899 -722 -580 235 14 -919 -540 -317 115 818 -97 -799 747 22 -406 830 525 -530 -603 918 -455 -253 -236 828 63 -316 261 -103 6 -357 601 -143 -359 -507 739 -768 -609 -319 -916 -761 475 377 -99 67 613 851 -126 507 -128 862 -167 357 -913 -710 825 -312 -627 950 969 722 278 -402 899 147 -572 908 302 131 259 443 743 474 220 637 568 -873 -985 -697 -180 -64 -521 -904 843 -96 686 538 638 792 -417 -774 -788 -261 -139 438 170 -767 -117 -637 -360 479 -493 183 753 850 938 97 385 480 941 -253 -766 440 -263 -16 -138 279 -783 41 295 -468 407 245 -613 -127 478 -38 -998 909 -643 440 616 -972 764 755 -151 100
-632 -207 -919 630 -70 577 -844 -419 -60 315 -551 -424 523 631 -775 385 403 -812 -14 -547 936 -399 147 -385 121 -746 919 -279 466 576 905 175 465 818 -825 -629 35 649 -86 -199 398 -135 -933 -306 199 384 -450 -165 -758 -133 480 -245 -502 448 476 456 372 -94 860 195 618 776 -614 113 -135 509 810 -552 -528 -584 -947 413 832 -78 -37 -991 781 -979 449 -934 461 754 -518 8 -982 -733 386 -853 -410 266 353 673 -299 -76 -843 956 -547 479 692 -879 -455 235 283 -620 685 -413 60 -780 584 -119 -332 -135 774 357 -956 -931 848 -361 -279 -306 563 -930 -177 967 -598 985 418 995 -782 -644 139 -109 745 -420 -166 -231 -888 754 300 290 -534 -504 -601 -692 -190 -178 -821 485 -915 -15 475 -399 -263 556 706 -216 15 743 261 -90 -657 497 -525 -269 -384 387 703 468 -387 -843 -679 -203 -115 928 -570 378 -751 205 -176 95 -170 652 -38 -8 -528 450 575 807 388 684 -571 499 -53 384 534 333 -314 732 277 -485 507 -185 407 -340 -791 696 -936 398 172 286 -391 -858 -681 95 473 -981 676 724 564 -473 -202 322 573 127 -206 -206 -268 469 253 667 28 142 -190 105 -245 -856 -94 349 394 243 -541 520 743 339 -353 132 629 -368 -822 543 928 453 -911 -313 -968 223 491 593 -299 404 757 898 535 661 -67 665 990 -10 -978 501 -942 -953 -901 755 117 -612 89 929
-315 -627 917 686 401 -511 18 677 993 -227 -70 -442 419 476 -93 627 -834 -274 -637 -492 166 294 920 875 178 -234 -727 432 -821 -381 -571 668 -17 711 -324 847 -661 485 840 224 -77 -67 -821 -147 -850 -266 49 963 -154 -730 777 -209 -841 -55 -178 -682 292 -711 -704 -34 -481 -546 -336 682 385 -667 644 -623 -206 -178 -421 817 520 -85 -340 -929 99 923 -635 -340 -302 938 -405 534 671 -131 -92 -887 979 310 -294 792 211 782 -681 -972 983 -538 -234 -572 1 -359 249 973 -77 611 612 -513 184 695 -711 1000 -917 -852 -204 382 -894 -974 265 -615 465 375 756 -662 411 -223 -194 860 -826 -322 691 806 -442 -39 235 460 759 -762 548 888 438 100 -25 -776 -422 -83 -618 -690 870 -391 -434 -677 -705 -780 594 58 975 70 660 -14 35 786 -304 698 -460 -395 -283 -410 -265 201 482 -634 -262 546 -861 -126 -661 349 671 423 -419 482 -532 -419 -281 748 555 555 -392 987 722 474 -3 647 -830 -688 -598 -571 -210 720 297 -158 -355 128 942 -467 52 555 892 525 508 404 -610 35 -600 77 -206 -27 -760 138 -584 383 -228 -639 196 -424 630 -128 -790 964 843 -415 -947 795 -571 -61 -32 -871 331 791 -43 -744 -737 -539 -984 -540 -716 311 175 -594 -7 3 -21 88 726 438 54 14 243 -240 499 231 804 342 819 -530 -488 670 -857 -962 682 -854 -903 80 -790 -145 -351 -385 -642
-649 -244 779 -728 -195 191 -522 -404 -966 851 698 -449 641 -418 677 -612 -682 -961 45 -308 548 411 583 674 -594 -417 79 494 278 -664 378 927 964 248 -771 862 95 331 -832 120 896 760 387 -2 759 -96 667 882 -122 -579 -983 -297 601 -180 209 390 3 -328 -442 394 -315 -313 -584 -903 -135 -389 275 533 -309 -354 -645 284 665 -141 72 625 969 -982 -163 575 307 337 -483 529 516 -938 -619 710 693 878 -432 -32 74 582 -113 -519 -196 -170 169 -691 -58 208 -437 587 392 -508 -503 -130 -248 -559 701 305 339 839 4 116 -936 610 -566 305 -677 -457 -266 -304 -530 40 659 -522 432 -347 -157 -815 -27 864 -970 610 459 -456 955 487 -89 806 -91 -173 748 571 748 -808 -522 -160 -842 -34 -703 731 -579 -579 940 -326 -221 750 -952 345 271 54 -734 767 -312 -960 -190 -666 529 -844 38 816 -785 -96 481 779 46 596 -527 796 584 -611 425 -154 -533 788 -500 44 -254 648 551 -297 -935 -603 -47 155 209 -364 -247 -326 -725 -175 -77 -532 490 1 -570 -522 -601 -867 740 -742 -111 779 708 787 809 -351 970 212 -510 -406 765 188 -916 811 882 -566 618 -698 696 -461 -250 -917 -114 186 -117 -556 89 -876 221 471 819 -585 -47 -629 -579 97 667 481 -617 -281 -385 358 -718 617 -437 44 -806 -16 943 228 272 154 687 541 534 -149 135 19 534 869 -196 455 -157 766 886 -372
-42 120 92 -274 -238 -986 580 -108 951 519 26 -179 258 -810 -781 280 834 259 93 66 -155 -442 783 -152 797 -518 -674 -218 433 -158 760 -906 537 -533 -683 133 373 541 727 -323 -231 370 975 -801 134 -470 -662 146 235 -701 -77 -940 994 573 -955 340 -627 -817 -585 -744 392 -338 -508 -492 598 -684 655 580 -781 -838 -327 799 245 -589 -770 77 -488 -748 -779 180 69 859 -603 473 -263 471 414 -873 -404 -167 -475 -297 -72 -21 468 -752 -499 542 -25 428 439 -620 -37 729 936 938 -754 685 541 -99 56 -805 225 -62 574 546 -586 -301 -920 753 -96 -542 -896 220 783 -639 100 904 739 -514 500 -292 -184 -295 -695 -516 83 -579 880 -339 880 681 40 -518 754 -194 533 -157 -561 -572 749 -121 410 -892 -959 -572 950 666 -458 329 -195 262 841 793 83 -839 -442 522 -981 534 639 722 322 -276 923 -465 933 -712 -249 -601 -732 23 922 831 -351 847 942 57 -789 -152 978 39 -963 949 -346 -123 -736 -110 557 -437 766 69 569 162 981 -459 335 447 997 47 -982 639 88 256 -41 626 -498 64 940 -565 580 985 562 125 -33 -828 -69 277 277 44 -719 -233 -457 753 -94 -459 19 -57 -586 800 671 -28 -146 813 -75 856 -599 676 -158 128 922 -968 342 97 -183 -844 -395 -21 -479 -138 933 383 428 -616 -589 613 290 753 253 -430 -850 29 -63 435 -186 -203 -380 -359 -393 -304 -357
-620 947 -291 341 340 208 -782 506 -662 904 -885 628 539 136 -901 396 252 592 482 -37 571 -334 488 482 -420 794 -942 -591 826 364 153 966 749 674 -333 973 517 -955 305 654 983 -501 592 441 490 -255 -948 938 -775 -571 -495 691 -742 -353 -855 187 602 499 468 991 586 934 -18 840 -627 306 329 -472 939 -6 -209 15 52 -40 -887 303 -237 -674 -386 912 -969 -945 -193 324 -909 267 481 89 -427 -126 11 -580 -609 -905 475 926 412 889 -933 956 -762 -149 920 -212 301 953 -654 -18 -465 538 -861 537 860 -812 870 124 -54 33 737 -500 256 696 -771 328 472 -90 785 -72 -952 -119 109 -217 -14 -416 253 633 -352 424 275 -186 858 -745 -571 -50 -162 -977 -318 -110 843 -434 -278 687 -399 667 -570 -574 -893 -552 132 143 618 727 -838 985 -648 958 -19 -775 -383 861 181 196 -761 90 -603 -186 -805 529 525 -991 576 -46 -913 -700 714 -359 -429 186 16 528 -706 -144 -189 510 -975 968 -279 -774 -122 522 935 -507 365 752 -861 747 140 -920 -200 -81 125 600 -841 -682 -412 -133 -120 -435 -417 -998 820 506 -247 786 616 38 727 -230 497 551 -71 -216 51 286 -857 -742 -564 -649 -378 -451 895 -306 -642 270 -591 245 -205 -291 -765 976 815 -829 120 -823 730 913 -53 -901 758 170 972 -612 -15 468 892 8 -753 -385 245 -86 -426 832 916 -175 -77 -117 -687 -4 782 -813 -789 354
372 320 -750 644 -115 -992 -455 -601 -317 70 237 -226 -742 -18 310 -991 -736 534 -585 -244 822 -691 194 931 494 246 -191 401 -859 -387 -925 -642 824 542 242 -268 383 407 651 -60 -946 -200 -591 330 218 602 848 165 -660 960 759 144 440 -715 -50 884 -331 184 -327 522 554 968 851 -199 -593 442 -175 -928 -623 607 511 -988 -651 974 475 -646 25 216 -937 768 -257 970 368 -277 290 -483 744 -32 626 818 64 103 788 -698 -685 15 879 -12 -647 541 6 -385 -203 153 208 -967 -429 -394 -819 -69 246 -100 430 -118 929 79 428 -261 -826 902 417 628 425 -804 -313 -179 969 69 479 346 -24 212 539 -576 260 334 -659 958 -977 -987 498 338 -384 649 -567 975 -53 -575 686 198 940 -769 -162 37 -335 86 110 868 568 -432 -982 -376 -454 2 -837 -735 825 -551 730 -295 -829 -645 974 -517 770 220 -575 -536 -581 841 506 447 306 -690 -870 -170 -310 -923 294 153 290 -528 293 740 -341 -228 269 254 617 686 647 -255 464 542 997 -609 -195 273 -33 102 205 -652 -124 -515 -935 404 610 551 237 -43 333 20 555 -924 -712 -245 283 79 -873 -417 -231 136 539 -844 275 -937 -408 515 -650 909 -378 -605 -962 -813 765 250 -642 -24 934 -459 17 387 -578 -91 -794 -274 511 -349 397 126 -707 83 -292 -964 745 -840 -909 -340 -988 478 -798 -250 843 398 -312 -949 -832 998 -384 624 149 610 -475
718 -65 -312 412 687 144 155 504 -648 -906 751 -736 927 -988 852 -58 530 193 -500 693 -715 862 505 837 562 -908 592 429 -987 -84 -757 558 342 676 -114 -169 -864 158 -158 514 581 613 339 -648 900 -318 -409 491 308 -197 -353 -869 -354 -192 -613 619 -73 685 -869 -170 924 575 -862 769 59 749 588 862 -41 581 -801 -159 125 -348 914 738 -854 191 11 24 739 -461 -209 81 -966 -348 65 -202 -825 822 -770 939 198 147 538 -841 278 623 250 156 987 258 304 -896 467 -740 -694 -572 561 951 -629 -421 321 916 -894 -595 619 -730 -559 68 -212 -915 316 188 316 1 -586 -372 -720 -838 -192 994 101 116 418 901 -838 -993 638 991 -946 -1 -538 971 415 536 79 -180 130 51 -671 -724 -89 -783 -641 -684 -605 -654 -470 -743 -586 -830 -507 -306 378 714 183 975 -381 -679 706 -51 -247 610 576 -935 -956 -867 158 442 253 830 800 194 -39 592 303 158 -541 -135 -610 -695 850 -555 -666 -244 339 835 726 -460 128 294 -553 -670 -901 785 -24 -631 -81 237 -339 -333 288 836 -919 28 518 -910 672 -147 -170 -649 551 879 -297 972 775 619 -729 -175 835 -487 -639 553 47 -621 -664 -132 290 970 190 -796 -239 255 113 935 324 -719 829 -38 572 824 909 627 479 -537 611 542 538 -375 -493 913 220 683 762 -649 -102 -639 184 -433 441 -484 -736 890 -236 736 -874 617 -599 -352 -999 363 -58 -802
-33 -518 851 -67 -342 590 48 221 -652 -823 176 275 -47 -601 897 -42 -103 -678 -497 -208 819 -461 116 193 575 791 -29 209 936 106 -377 -926 579 722 -32 553 -420 -876 -79 485 -31 576 -992 193 519 55 325 183 548 -329 -876 702 -497 905 -388 779 -776 -25 162 467 120 -792 427 -368 -870 524 -772 -739 -640 454 765 16 9 -436 -171 -898 443 434 -201 -122 -645 15 693 -899 65 -370 -285 -230 -413 709 167 250 -516 91 99 264 570 -960 -734 990 -107 175 -449 -829 339 -489 197 188 -124 -178 302 -343 -885 -274 753 -305 -460 -797 526 -58 13 43 -571 835 799 -589 900 503 720 -431 -823 456 492 -780 -665 -910 481 -780 463 693 -43 458 -337 987 242 -819 633 -855 -174 -870 838 -275 -929 809 -243 124 510 -847 386 -755 -809 177 248 600 -9 -317 -559 724 -799 924 684 -693 880 -16 -648 -158 -309 -679 -90 -406 -942 -237 -299 -549 603 146 -694 -449 -4 262 -124 -631 -499 -621 154 73 -929 404 -463 147 725 -425 638 632 542 553 -120 -97 563 -534 630 513 -15 -685 788 194 587 446 635 667 -715 -193 -24 536 -844 -919 -259 -19 667 558 295 -872 -799 256 390 897 -514 -450 -54 363 -368 205 -150 412 -256 761 -62 67 -239 -111 839 423 -819 -561 918 -11 661 -899 -640 910 311 -630 503 32 -600 -803 886 561 318 235 -486 -151 356 692 -402 -177 388 -759 -853 311 -895 630 -682 56 48
-153 863 258 184 -140 -132 987 -416 -113 942 -658 -97 287 150 -432 -647 -714 -600 -134 843 163 -191 -346 -85 677 -678 -479 -675 -722 -128 403 255 100 491 -926 -599 489 765 -651 774 -81 460 -753 600 -556 -105 880 299 846 -313 963 -256 -260 414 916 819 -438 945 -113 -524 575 -4 730 454 118 -136 -392 -686 564 -829 -370 -275 -821 -55 -86 120 522 879 544 -968 542 916 -102 808 282 -146 -277 842 240 435 -582 -931 -894 878 852 -275 -7 161 205 -176 -203 543 -238 -615 885 -839 -144 -243 -961 -25 -959 685 996 494 299 -391 -159 764 569 -930 -772 517 171 985 54 -11 -935 176 -388 -687 -586 486 -899 -549 501 304 313 -987 652 442 690 445 121 -525 745 853 -171 -411 -620 519 187 738 967 393 265 -892 -631 -366 471 954 -69 716 -410 -944 -522 490 133 -892 -27 366 519 946 449 583 -739 -734 -754 -430 -300 842 780 519 -144 -691 -398 541 866 -407 706 640 380 -340 338 961 622 -483 54 -812 580 -929 269 465 -932 -352 566 -610 -315 -644 812 503 670 -3 -340 666 426 -763 370 -521 -552 257 -591 481 -456 -786 -87 66 -877 -844 409 391 243 499 664 755 214 -204 57 453 525 -805 72 844 475 709 400 839 -863 197 -945 963 -16 523 580 260 444 -904 988 -306 954 -991 90 -290 -539 -728 -858 868 -812 94 123 -324 182 -269 813 177 123 -415 -617 -124 -572 -224 -713 42 -201 361 -981 -397
-597 140 650 82 -295 624 658 531 -394 934 -136 864 -58 507 -472 -709 -522 838 -932 -325 -454 857 -272 630 647 935 -39 848 -372 639 454 492 184 44 191 182 -251 -589 -934 -63 -445 -426 -123 -229 -32 956 -406 686 469 -774 -138 66 861 940 574 780 484 3 -31 115 -437 -597 262 831 943 880 -770 -619 906 -750 217 165 -300 926 -820 781 20 -93 511 525 -572 -404 -221 -429 62 -185 -542 -315 -642 864 915 -194 325 -506 944 740 975 -739 377 591 18 -808 -789 -839 363 -967 962 27 -637 -4 966 208 -742 -452 398 -901 -789 753 198 344 -3 -417 41 -573 -759 -902 -69 48 -636 976 -854 83 -286 -188 -404 -661 849 -846 -391 329 -415 127 -627 -796 -233 -818 -734 -923 482 406 221 929 902 474 -1 578 207 998 748 767 -243 200 866 835 -674 -414 703 549 -163 414 -850 65 -99 -329 -536 382 -785 322 281 -224 211 -810 -861 868 -186 30 -373 599 408 -727 5 -867 -338 -675 874 -567 329 623 501 193 995 -189 327 762 -198 165 -144 -481 212 43 62 525 -826 -143 -830 661 -35 235 979 562 130 -317 -772 804 -719 731 306 -268 -790 506 896 633 443 210 375 -302 -676 -830 -990 466 -809 585 999 135 738 -567 814 957 -626 -908 104 -443 703 286 -944 953 231 -983 -463 -874 367 830 -921 114 -439 642 742 844 -496 820 298 708 692 -652 155 166 474 30 504 269 -408 103 268 338 -536 -136 -591
877 -20 490 -971 -633 -160 -509 985 -122 -428 -514 -128 121 -893 166 719 57 848 -544 -618 153 -243 889 -392 -730 -488 -482 109 -688 -714 -401 -966 70 -393 608 -156 -847 232 402 -892 -399 -390 611 -761 -489 -913 188 -778 354 -183 -779 272 -338 809 163 -783 -321 800 2 85 643 -433 571 342 307 -203 -790 -21 -40 170 -819 -854 -139 261 647 -34 971 -884 886 -40 -836 -877 -361 762 -778 -689 -745 -342 690 252 -502 799 664 -115 181 232 -393 68 332 147 869 -90 -829 -978 -543 425 113 700 -644 976 57 927 -862 -422 569 -116 261 -45 -781 39 763 -683 -59 -862 551 -95 -508 -847 -589 -143 -667 -651 544 421 136 9 -575 474 -868 -804 -149 -841 323 625 -552 -278 -398 -679 916 -978 -441 367 -21 -561 -653 -589 865 -990 964 -237 924 2 -14 305 537 -796 -702 597 -567 -692 -90 -823 -541 488 283 735 -255 18 -930 911 316 98 -296 -779 -82 -414 665 498 718 950 -913 -891 395 573 704 -8 -958 -7 369 350 265 321 -22 502 -517 -52 -661 551 156 -199 700 -70 54 -132 -147 -337 -210 924 610 -351 -837 -836 -245 439 353 995 590 -582 13 671 154 302 -564 -155 -270 424 503 -759 -873 -398 934 -514 109 127 296 125 45 -352 336 999 383 -76 898 -245 19 944 403 30 -518 273 -837 -101 -491 432 277 -688 93 -1000 -347 -312 -931 868 -77 -355 579 -359 600 229 -558 532 458 -70 851 245 455 921 -930 -230
-302 -487 410 -568 -440 -759 -170 -47 -460 -38 102 -808 286 189 593 32 -779 926 -894 680 -288 674 -899 -309 -968 946 -40 80 799 -866 -112 599 873 523 818 -625 563 -87 -540 -444 -351 119 -865 170 782 -780 504 45 -971 -323 -6 -812 -39 -603 -394 -297 408 -133 888 -498 -761 -863 -842 390 780 -803 -741 642 -915 963 472 989 -348 152 -263 -413 252 876 932 307 612 -912 -199 187 153 509 -869 -66 249 556 -461 -410 606 -615 -999 752 401 301 -618 -942 947 246 964 219 -394 340 791 24 -712 -99 -118 -701 913 729 -535 670 36 563 -466 -444 315 -909 -642 -227 -925 -719 388 -213 -864 360 -278 -53 -727 -146 802 855 629 -629 -445 326 298 -254 -449 552 -566 594 34 697 -723 725 -669 354 436 636 -480 963 -324 -885 -805 -226 330 718 814 -290 165 -374 -954 -579 -481 198 -399 98 128 244 -341 700 -931 692 -36 351 126 -389 -367 -673 -174 857 543 10 132 833 -193 449 -403 -12 722 -832 465 791 387 -710 -183 -602 934 97 580 725 64 757 -247 945 434 -738 110 -198 820 -492 -946 77 -560 -484 414 -324 -583 -523 -655 -685 493 -69 -336 -867 717 -35 757 303 743 523 223 -991 824 -958 511 329 639 -146 805 -386 779 615 -32 -913 129 327 -829 -387 -21 696 -884 522 54 554 -753 -870 665 -311 555 712 -493 484 -30 985 -30 380 -131 -511 -610 447 54 39 -786 220 -417 -498 935 951 -462 -114 802 576 -539
-115 -984 879 170 142 -453 800 958 -391 -956 -667 -881 161 579 716 279 -280 753 -356 -887 -209 394 -361 266 -502 -202 556 -447 980 -644 -38 -643 52 -281 -77 120 -836 86 -900 -764 887 306 40 605 -401 597 559 -424 -860 -774 -481 478 -643 -434 -799 -32 -913 416 815 -309 -714 -745 471 608 -317 -569 -884 293 587 113 509 145 -494 -863 431 192 -774 -565 105 -603 -382 979 388 -819 -285 57 747 361 654 238 -984 23 -697 -434 201 21 93 968 905 283 -354 317 198 -114 804 -388 -931 -959 -96 -802 197 -94 -494 -94 995 -353 567 -668 366 996 -326 -325 -3 826 -393 18 698 951 -499 330 -108 317 -458 132 642 -201 771 397 758 551 -133 474 -393 199 551 -388 -391 472 -110 -288 498 -775 139 -508 430 110 22 -823 426 -345 -698 465 -149 547 550 -411 204 306 129 369 814 -906 -294 -183 -221 -989 -861 -258 680 36 -211 708 704 -323 122 517 -846 -711 -395 -635 -284 -757 -410 -832 834 -616 -431 405 -428 71 703 197 641 870 -541 -475 -69 -527 812 709 339 -27 978 -425 84 450 564 735 690 -291 906 -328 -105 -142 886 539 -352 -401 -98 864 242 469 -612 597 -404 -470 114 639 83 -370 -917 996 -629 -327 830 -595 413 -828 654 -911 -396 -999 172 303 270 664 527 162 -181 520 -146 400 -984 -420 980 762 773 -394 -760 -674 -374 -272 -636 795 820 592 -9 -624 901 -150 -868 -395 -604 616 406 -476 -240 634 38 230
927 161 538 940 -758 723 816 572 -340 -964 -347 -107 119 727 -236 -63 -178 -625 768 -854 602 580 318 -977 -616 364 -860 467 -119 -381 -842 307 -982 262 92 410 -997 -169 878 718 579 -957 668 -582 -167 140 772 48 -817 747 -573 -877 -522 -291 -755 -82 -452 155 244 289 311 -133 -337 -292 271 -793 -596 -30 -94 573 -635 -193 -6 -132 -558 401 740 137 644 2 -630 702 -163 -363 172 -372 729 418 -572 987 -846 -290 802 497 -118 931 57 53 850 285 170 282 -152 -236 447 148 -260 611 -873 1 -69 597 256 539 104 641 977 -669 -916 450 -19 -137 122 786 -225 -305 -94 789 778 -156 813 -843 649 833 -627 973 404 -156 537 -542 -819 476 765 399 291 -913 -784 -538 694 -47 -110 -934 1000 476 -27 -980 390 -486 340 -279 653 -721 244 -897 404 425 586 -83 10 -72 200 748 659 -880 -731 -369 738 -227 -760 -347 533 -543 160 -163 -398 389 -142 372 692 874 -767 -804 405 -834 -105 -904 578 -261 -660 -806 388 997 819 617 637 -881 899 -567 52 348 347 388 -409 -821 586 272 -650 82 -402 311 -6 38 803 569 908 -956 37 -756 510 674 773 -246 837 297 -858 858 -868 395 -58 64 -453 -283 -950 -71 391 522 -925 -453 -28 -279 985 -695 -352 -462 989 837 -265 -530 -9 30 794 654 -145 -683 216 -749 -74 -658 991 889 69 -403 770 -343 809 734 822 582 -882 617 -4 986 124 -147 203 -34 -731 379 950 538 294
792 -187 123 269 -609 40 324 664 249 9 738 602 -852 -264 -212 -832 667 264 832 -543 783 968 883 280 790 320 141 -61 921 133 907 -44 129 -747 254 638 551 803 -470 -581 93 771 0 -497 -303 -750 -888 -257 -106 565 285 79 -754 -146 566 -666 -271 -364 -539 -504 -357 -947 392 4 475 954 11 -746 -395 676 711 614 -369 717 434 436 676 55 461 271 -19 255 -207 -931 -554 -578 -304 729 -514 -373 888 -210 941 667 835 -933 229 49 617 477 -536 -197 606 714 961 -138 -802 902 -967 -77 415 644 -578 40 33 -575 -755 -570 -24 -390 380 333 -397 380 -236 -285 -475 -106 235 958 49 -351 711 -881 162 -654 326 -122 -824 447 539 411 -322 89 44 164 756 480 505 309 -455 602 237 863 82 724 -854 583 -970 -540 -744 706 533 48 32 493 203 800 37 -902 -456 -405 -925 338 329 -104 -46 -531 -872 573 -808 -977 425 -436 -968 463 -554 207 26 978 -267 -66 224 973 561 -721 -360 -125 842 719 -903 -191 126 -570 19 422 -932 29 -646 -446 -517 -19 53 954 -45 506 260 -996 -839 -879 268 -598 -379 158 949 -954 394 664 448 -222 -816 680 -360 155 846 -756 235 507 178 180 -878 -618 -725 66 222 -12 598 431 -436 -1000 763 -95 364 535 358 -121 948 -713 -16 -458 -949 -144 -540 -625 -885 -639 -537 810 -232 599 620 -771 -546 515 736 -194 745 -974 348 117 18 -240 797 862 692 607 1 -288 194 89 498 42
-875 433 -421 -524 294 60 -112 745 66 -53 711 113 -860 -105 95 676 -761 947 649 651 -227 -846 503 -903 -560 -360 -625 279 900 768 -102 38 -393 -24 -856 -358 648 -191 690 -415 734 -985 943 -938 -703 -320 13 97 190 103 -165 613 -266 -1000 -739 -450 524 -125 518 339 -934 229 -109 438 -779 784 -21 -804 772 -961 -641 450 41 -352 978 900 -921 95 730 484 463 -63 269 241 849 512 532 790 -629 -100 310 -304 -65 805 919 814 -459 64 -287 429 393 834 922 67 -349 458 769 -101 -518 -348 219 952 -704 -107 -585 -482 -49 -407 -485 -745 928 -601 -4 116 653 -187 883 690 920 379 227 264 -691 -111 -629 451 421 237 -408 772 417 699 373 -143 396 654 -544 199 -197 -412 61 -606 702 360 -583 295 74 15 14 867 -782 -339 311 865 211 -14 -170 -412 -359 -306 -110 -581 103 538 256 750 -425 -423 561 -271 -701 222 810 519 277 447 872 825 -78 -462 -159 -722 932 -991 -686 -558 -569 19 134 225 -693 -445 440 -258 -791 -545 364 723 929 -932 -183 658 818 -599 -886 574 -922 206 26 118 86 -65 859 -99 -575 957 -383 -282 867 422 -78 -734 991 785 -163 10 -596 791 456 470 10 303 775 400 -225 102 679 -697 90 -281 -15 660 -33 898 213 -144 860 980 195 933 -509 -581 283 529 -276 656 -421 -292 742 -178 -921 -13 -122 155 820 -341 -277 -579 199 -627 511 514 -423 898 -459 929 -573 -37 -212 913 -991 -816 73
-362 663 276 -551 229 270 278 -624 -322 -123 -136 -303 62 842 -607 380 -442 -669 187 -31 310 -408 -861 -70 433 625 250 480 -260 -743 -403 877 287 736 755 191 -20 -6 -221 144 -854 -868 -111 92 -907 -482 502 649 581 -285 336 -207 657 908 8 406 -785 947 465 44 26 28 157 176 -967 441 -719 672 179 -27 -42 -486 932 -937 -814 53 40 -609 -666 -340 -210 -953 -198 -921 622 -452 409 -716 -690 512 -660 125 477 64 374 405 -736 644 -43 150 524 -985 578 -735 653 360 -817 741 488 -575 914 -674 -571 -25 15 455 176 -154 293 -788 -440 913 761 514 756 -949 145 -870 410 -366 -426 -845 467 -268 -757 149 406 447 20 788 15 -130 -823 -758 270 -987 -481 -112 484 -68 641 -495 612 709 -708 711 771 243 -764 473 -605 759 -955 -398 72 -157 402 282 946 -77 510 -370 248 -51 79 -77 -550 574 348 -38 774 351 128 -100 -259 27 355 -389 577 -223 683 928 -35 136 620 -993 -997 443 -564 41 -487 942 244 402 925 413 145 28 884 -438 -54 999 93 73 -742 -570 651 331 980 983 801 -575 -231 -5 772 630 342 -946 -383 285 85 541 -241 826 481 511 546 460 576 -309 -250 -538 -523 -546 333 209 419 290 700 333 -625 -170 -334 748 -118 62 -715 -810 863 -396 505 412 270 -391 785 225 -93 -887 23 850 450 85 429 37 -918 42 -963 -829 -487 623 -381 227 53 323 121 -551 -72 -831 -647 -415 564 563 674 9
-251 -880 811 750 824 -206 683 461 926 661 -638 316 198 -592 -860 -530 461 245 -911 -909 603 -600 -964 948 625 548 -189 934 -460 -327 -829 -503 -916 906 459 514 71 28 838 -102 618 526 379 -281 -881 360 -43 -840 107 -637 744 -208 -421 -366 -549 -343 -111 1 352 -447 267 -308 528 799 889 -346 833 -805 737 207 64 -525 -540 -609 113 295 702 -526 107 -159 -741 -81 21 389 680 -537 883 709 94 220 -661 -173 -368 -39 15 91 -218 830 324 403 -951 162 154 334 758 -658 -696 -715 721 -742 -121 752 -835 433 777 -170 -401 -961 948 -782 989 -45 -983 -816 716 -933 314 210 -902 -949 -334 714 -911 444 61 -146 355 -404 -785 -84 637 -349 -460 204 321 51 -769 -404 -503 -457 985 -530 -468 440 -834 -962 764 949 994 -978 298 -643 124 727 -607 -729 -487 942 540 -143 939 -299 268 -606 -199 -211 581 -142 811 -657 850 -158 31 -479 -748 -416 -436 429 -125 -610 -261 776 384 162 -662 -197 -48 906 165 -158 -900 357 -642 -69 -482 309 397 99 1 722 370 -102 -716 658 -963 108 -621 133 853 -398 132 -358 -229 548 335 -940 987 -788 492 676 -873 199 -55 518 310 353 -622 610 202 176 -795 -588 385 -617 -725 903 777 -2 759 427 328 477 -250 458 4 258 -396 -814 357 747 -896 -287 -76 -288 563 611 -211 -115 310 -771 352 -365 83 468 350 -49 -839 177 -186 331 51 347 -587 -836 -713 -20 -753 -175 -975 570 832 644 -614 753 -901
-239 262 866 -164 323 -551 26 -788 254 474 -779 685 128 592 -897 -481 -930 726 952 588 -981 912 -828 -522 34 225 725 -682 -397 -686 -952 940 401 880 721 -918 -542 -404 -35 124 669 -466 -283 -684 280 376 -515 108 771 757 -694 -325 198 -637 -747 -610 -36 -119 226 518 -43 -632 -965 471 940 841 177 -459 -205 950 -223 5 -934 -308 119 -156 -500 -360 362 978 -428 538 494 881 -210 272 356 -769 -242 309 -399 533 248 155 -229 213 -60 860 -99 510 -575 475 -450 -198 535 -635 209 -931 715 717 -851 -231 -62 -262 -599 -54 -125 -316 -250 427 194 -724 -598 -517 694 185 -283 278 -899 -416 983 -64 -315 49 2 -331 -442 4 -165 576 784 371 853 572 995 724 875 -201 -289 622 -678 -828 552 890 -956 750 422 13 -554 986 -524 449 264 -74 729 239 0 42 809 -679 172 606 -515 -690 640 344 420 128 -205 -690 -340 953 698 -974 -671 131 -331 -341 -694 536 273 -189 -355 74 398 938 819 294 -414 -100 440 245 790 653 211 212 534 635 795 -124 -455 32 -591 837 938 885 8 512 412 -955 208 -138 275 -586 -804 823 -658 -360 616 -421 991 616 -591 -599 -559 458 -929 962 -807 695 505 -636 480 912 960 304 -232 630 176 90 482 -56 940 169 449 607 -391 -298 734 -954 -382 -344 -584 424 -171 -222 517 -870 -930 703 -733 518 -409 -743 -92 461 -270 31 785 753 -528 151 -965 45 915 358 -602 56 -491 -865 -612 841 -28 -836 -236 -922
-232 -414 -741 -777 -825 -912 -997 598 -427 -135 312 -427 205 -2 -490 -955 411 -749 -911 333 -734 560 893 -549 -770 332 544 914 137 530 -437 -683 -903 -240 532 -99 -830 -780 -220 696 800 428 237 723 328 439 487 410 575 -410 542 926 352 -140 -550 -801 118 103 -559 -767 -269 -51 455 -631 -588 406 374 -58 786 533 -622 -177 861 652 718 15 -338 -272 -101 -154 104 -591 180 -126 -607 -569 -529 -810 763 -436 832 688 -117 -336 -386 -106 910 -696 -495 765 -492 -567 374 -418 154 372 -719 262 -389 -564 436 -4 -116 -530 -134 817 620 234 651 -103 36 -932 670 -909 441 415 651 -425 875 -861 113 -517 -455 711 -851 -391 -715 65 -892 612 1 -906 -932 -748 139 -197 710 -936 -972 -295 922 345 622 -827 440 -840 51 520 -451 331 -598 466 -599 927 419 -666 722 500 897 -600 -156 483 149 454 -240 -199 944 31 397 162 996 -249 488 370 -85 274 245 437 -176 -179 252 -707 -849 455 -16 -481 717 -504 -466 -491 -245 790 65 347 -281 -339 555 855 371 -759 901 -491 60 -606 -600 684 899 -452 -954 -876 500 317 -438 -880 -596 -13 484 -215 -825 -380 -439 344 620 -908 -638 951 -589 456 877 -213 983 -396 500 955 -922 -965 -409 198 245 728 203 -67 430 -809 -699 -342 -18 -537 -128 -206 545 -959 993 991 585 -713 -527 209 -12 -925 -29 383 -239 -287 -326 551 -491 743 -461 151 367 705 -852 438 -529 -505 -776 -954 592 954 886 -945 826 -909 -439 526 504
637 519 377 -239 190 117 500 -216 -247 141 -313 -456 -238 -535 -846 507 67 391 -754 -912 548 92 -938 -259 427 -739 -976 -744 733 868 719 -617 -647 -327 773 -859 -283 387 -382 -673 556 -290 -806 995 412 685 548 -359 -569 859 201 884 -819 -41 -75 883 -320 430 727 -461 -125 -504 636 438 -107 626 -725 -767 -46 339 844 65 622 -187 870 -258 -532 999 380 -657 841 510 -392 -599 388 534 578 -303 -690 24 -885 -338 -514 -308 -624 -47 479 -216 -111 917 582 380 -169 590 142 -266 -599 -299 13 42 515 463 963 -908 494 -520 -698 269 -565 -59 -40 -86 556 648 -671 -561 -641 -83 883 -130 154 628 518 -396 -328 228 50 -880 864 808 641 111 -616 -932 424 996 -153 947 -978 212 -229 926 115 -516 -982 -555 356 338 772 -85 -293 879 232 587 -685 -334 943 900 606 517 777 -267 -66 803 -469 -705 594 418 841 604 -398 -862 84 -908 -249 444 -837 568 -819 -693 -818 145 826 -30 -616 691 899 -187 36 -838 -126 346 626 -356 -189 -28 -532 -33 -880 -204 547 -838 -645 -41 317 -540 214 -186 428 -142 227 -824 -854 844 367 115 280 -379 -516 -618 -460 -763 659 -735 728 -913 -121 703 907 -260 -102 954 919 780 -932 -344 -451 389 -848 728 -623 -252 344 -802 -509 -597 368 809 892 -523 -926 -882 -837 759 -260 -968 -984 838 74 823 939 -358 -290 144 -586 864 187 341 751 741 -822 -669 744 -630 -235 -101 -716 867 -10 -616 -150 44 -635 -377 -551 458 96 -34
-604 -920 107 -192 -304 -218 -774 -939 -143 -338 499 911 -23 -914 568 -511 746 852 -179 961 533 853 -751 -360 -108 973 -562 375 70 801 601 -881 137 298 121 -235 -470 647 72 -685 74 960 877 -951 -168 458 349 -637 251 541 326 857 526 -898 -697 -494 997 816 -39 -739 -977 -999 -677 -246 -92 393 -25 310 178 338 -272 775 -745 -776 -439 1000 -44 -60 483 -757 934 -557 737 471 -450 -373 -714 226 990 0 659 -38 -643 -66 881 -750 831 -500 -510 876 388 -771 300 899 -560 -229 -858 179 955 89 202 767 -368 -642 -206 889 615 -640 197 655 863 995 180 -28 666 -173 -441 180 179 45 -399 251 -463 658 -61 -41 814 -736 -155 -115 -723 569 680 -67 791 -691 -196 295 -197 874 -439 -849 160 931 -898 -672 926 -273 356 -517 -156 890 666 -723 -530 -199 517 578 278 -276 -339 -870 -645 507 510 -963 316 -337 494 -419 381 895 586 560 -74 -627 -955 263 77 168 -391 453 -401 850 587 -580 864 143 779 391 -175 457 997 -965 -918 950 -254 898 -925 628 220 316 969 174 -606 -594 954 934 971 267 962 -471 581 -841 525 -501 117 492 -243 726 -760 -659 725 -337 -635 -877 -994 -569 -129 -293 -396 731 -488 662 750 -291 -670 113 570 -499 -64 -59 -647 -298 636 -933 542 315 -357 487 -422 937 -239 217 -797 757 -425 -911 -763 826 638 -547 -920 993 -961 513 862 -348 -155 434 -487 332 -280 -136 798 -885 857 379 81 883 -833 -39 -160 758 316 -133 -541 731 221
-808 422 -531 697 509 477 -444 -841 392 394 -444 -247 314 -245 -605 -212 773 -760 565 74 -325 -816 -729 -949 155 -602 559 97 376 -90 -902 488 14 -510 578 -977 -12 129 -529 167 1000 319 -223 323 -467 -954 873 -200 681 751 -30 72 227 84 -684 -590 689 519 705 305 723 289 332 -162 -528 -788 756 545 -191 453 17 -335 347 -294 607 870 57 334 859 -962 471 -201 700 973 91 757 -481 472 -217 380 -196 -125 -430 -429 685 478 987 -14 -206 -762 5 -20 832 -191 17 75 689 -600 634 -441 144 -15 -974 860 -849 203 220 166 -384 -465 218 723 -861 3 317 -980 223 471 61 -261 -370 -893 -450 263 185 -115 -434 -293 -891 144 455 -851 821 -251 -23 -197 658 -689 973 -600 -998 271 520 -994 104 425 -80 -819 298 -524 -791 -708 102 934 813 -67 -333 -82 -839 952 46 -980 -459 -724 -664 69 -936 -170 754 -909 272 815 400 836 -510 707 179 -920 11 379 565 315 -336 -523 8 694 619 931 -485 537 -886 -627 -255 202 598 982 -715 -810 209 -714 556 -315 -84 -150 -336 120 -180 23 -146 -589 -828 298 -233 235 -258 633 123 -904 -607 -519 -455 -438 75 224 651 -503 872 945 -461 964 844 196 125 42 330 775 -820 150 963 986 358 363 470 146 800 163 892 218 -844 -564 -711 -317 767 685 328 519 -519 53 426 -413 649 -630 629 856 -30 -861 430 634 -437 -960 190 -262 700 -758 -24 704 -260 -374 219 272 -166 -619 735 -41 -671 866 -59 -137 823 -967
362 908 -301 -273 887 148 457 -241 963 797 -986 -505 -256 -420 -736 269 737 614 957 224 -584 -741 222 497 -361 -41 -325 -111 52 519 873 -563 727 710 792 458 493 731 -880 545 121 839 -686 600 524 160 -192 -408 376 -816 -209 -285 -722 112 -242 -127 -946 804 383 613 -401 -53 516 955 6 691 -253 -581 -887 -623 -470 950 169 -478 588 628 180 373 -960 -839 127 -802 -139 -20 -821 470 394 9 136 -741 716 -456 -600 181 -779 -446 58 863 -339 -498 606 766 -21 -137 -322 548 911 948 334 745 -726 851 252 296 -798 -963 679 763 -301 -543 653 854 -587 690 -146 -758 609 -153 302 408 115 -433 765 236 -541 325 -52 726 103 306 960 794 -434 -421 535 85 37 513 -999 -377 508 786 241 413 285 847 -959 731 -439 386 436 369 -175 -282 -219 605 -67 715 11 -803 -701 648 -615 -23 -258 212 -427 418 41 -56 862 -11 373 454 -922 134 723 -676 927 816 583 -101 -587 834 -570 901 108 -889 -16 -765 740 -530 -52 702 42 15 838 -564 -879 -233 -62 784 220 96 -8 -144 -302 68 161 669 -882 303 974 212 -946 -320 -464 -38 -540 -16 256 -227 -606 -156 -586 -87 -729 424 109 -896 -886 374 485 -223 580 70 -7 127 -483 569 449 -400 640 655 222 -493 113 -659 -850 775 -745 -817 -163 587 682 984 406 504 292 769 813 -485 -531 -845 550 -107 -349 157 48 489 -940 -304 833 -853 595 -431 905 -309 -306 469 884 406 -395 -341 573 53 -687 -345 -233 -238 193
263 -300 -569 -389 -437 184 -888 590 738 21 -966 -572 -430 876 22 66 -436 -521 -269 -992 897 -969 -312 484 344 -840 802 251 865 887 -25 -118 -631 972 -752 748 554 -468 531 -509 825 -321 -337 863 -322 363 114 74 -288 870 -579 764 -868 946 -679 831 -806 -428 870 -737 -994 958 862 -780 57 235 921 850 -198 -837 986 -486 -571 946 225 -311 -642 364 765 667 643 -280 -467 104 394 339 174 -968 -376 -213 -330 744 -19 476 417 416 949 969 -219 -941 -834 369 836 536 304 628 673 0 -410 -555 -225 798 -228 -7 -9 -40 -586 -593 946 567 419 -647 128 681 149 -763 589 -419 453 497 710 86 996 -990 -32 -202 -777 -187 119 172 -537 -903 -445 -869 451 -225 -96 -111 -648 37 -662 -894 -366 -236 -364 -5 -111 315 553 601 -626 -419 405 -468 796 -96 613 577 -378 195 -720 -959 -756 -167 -533 273 290 -418 58 926 846 -631 -162 -4 -131 104 301 390 -486 -535 -246 452 533 445 -821 199 506 205 499 -83 -159 608 -861 -462 -782 -636 530 -722 831 625 977 -315 650 358 501 454 -601 50 -476 -342 282 -224 -147 -347 638 -373 562 634 655 -434 799 788 -921 -13 -590 -214 -138 994 342 -540 162 550 992 75 489 -453 711 695 -395 -104 -910 210 -173 -93 883 -166 857 -578 -800 200 81 358 -655 111 -838 -717 23 -452 -673 -933 -497 381 236 -116 454 -811 526 -788 259 13 -830 578 -229 -644 921 555 571 -603 -306 -976 53 807 316 698 -907 703 737 -102 -153 -131 -955 940
940 -994 -288 550 -500 -606 -638 -216 990 -556 588 -983 -918 -356 -195 306 -498 790 154 450 404 -277 -950 -644 274 551 -108 485 130 782 -290 -320 -819 186 -529 -366 -575 -149 46 575 -898 -97 408 -289 -14 -754 -987 -904 -291 600 -40 -743 -969 0 -885 -366 221 -662 86 899 882 -574 525 902 550 -731 -327 -451 159 497 638 -982 655 -927 -929 30 60 907 -665 949 -603 -411 -990 -519 -818 -722 -692 184 196 -689 363 -360 438 -244 553 -295 481 113 -912 -16 50 742 367 555 -144 301 -532 -145 -157 633 -932 -490 495 11 162 244 -535 257 -205 655 -526 -255 -593 -717 -899 -416 -249 486 -371 605 -824 208 -837 -517 205 34 829 776 -786 448 364 616 845 947 224 -547 324 -89 -669 -489 -802 -329 -561 -18 719 -681 754 73 793 -635 -887 -389 0 323 586 -947 -640 944 -442 313 782 143 -41 125 -589 726 -512 370 -25 396 -798 902 2 623 614 103 781 173 774 655 639 182 484 -942 -520 7 -582 204 945 430 -689 128 -436 339 918 -414 -49 -357 -338 767 -776 420 -786 81 -700 -710 -813 370 -492 -971 263 483 850 -298 133 -147 868 361 -502 -782 -360 148 296 768 -164 -856 -945 788 -967 -736 -920 682 -1000 -897 26 616 898 756 927 942 -376 671 764 841 899 -967 7 186 462 503 -858 282 563 -177 593 780 703 596 -293 788 292 -911 -405 907 407 783 236 -804 862 -155 -323 50 488 -294 729 171 50 372 -760 30 -45 32 52 -457 -465 -456 44 -7 -474 100 -400 566 -295
316 957 513 -514 94 795 561 -380 373 -834 190 -520 -423 -462 -637 25 244 -635 451 79 850 -614 -962 -301 -697 -763 858 950 254 -935 137 -112 603 -605 527 -8 580 -332 553 -958 373 -658 -701 763 288 -669 538 -133 -358 272 -460 -233 523 -983 320 208 -99 -199 923 -992 -362 333 985 -720 453 977 -435 -203 278 805 -360 257 -976 934 775 254 -313 850 44 285 329 -751 809 -747 -882 -995 -228 594 -182 -846 -829 -190 -769 633 241 -928 -395 331 322 -177 268 -814 973 -659 -46 415 124 323 -125 816 -219 -882 -996 -627 875 781 -65 -44 -992 840 26 -16 217 -539 703 556 781 -675 -580 502 331 645 552 658 727 874 -79 334 -718 -192 750 -704 -955 4 -884 -472 181 850 566 -893 -3 425 699 583 -283 200 50 -218 -535 -242 924 406 500 617 486 205 -798 -878 -966 -546 939 542 236 -730 -667 339 463 -350 -887 -532 -785 -216 -403 277 226 340 -79 628 -860 -306 634 -794 -437 578 305 253 677 704 549 -523 903 -589 -751 799 218 375 37 -982 296 -9 542 689 -607 -262 164 -562 -732 582 -314 -930 241 902 -721 -440 -898 625 796 761 992 -532 -822 487 -956 -305 -643 -834 -648 340 -304 -227 439 979 449 -100 -633 878 -245 -588 718 689 367 -10 -686 503 26 383 32 -514 -179 -636 260 158 -333 54 694 585 -494 -353 350 -72 812 -374 -561 -367 -80 -561 414 -274 -322 676 -142 -853 -427 -336 788 836 239 176 55 124 192 479 968 354 903 -820 -631 -633 -46 30 -945 893 -169 -92
413 -253 995 -996 -563 -261 -818 277 -738 -553 403 -536 331 102 -221 -571 596 -726 -848 -295 944 -278 -932 284 691 -934 -895 -762 887 502 169 583 -626 -286 558 -865 -340 820 -964 961 180 -295 446 -115 993 259 487 -803 969 -865 -288 799 -753 774 473 -791 323 -234 -271 411 -296 -947 -422 274 -429 977 402 119 -617 -216 473 -12 -328 -904 -76 -1000 -632 -535 631 877 977 922 326 592 975 838 -148 229 52 458 -453 -863 -186 141 999 989 -532 -393 487 -804 661 -709 -311 -842 -262 -939 -863 -998 87 -173 -628 705 52 301 798 819 -250 243 711 -833 -971 -232 -23 821 -645 117 -956 784 346 754 996 413 596 -104 136 713 -928 632 286 -461 -126 -952 856 529 192 439 252 -199 -243 -74 146 967 -233 859 899 -266 399 -975 627 727 -23 124 -879 -843 707 -968 -816 -955 -180 -903 460 53 915 -599 921 -441 -14 13 -297 -55 -116 620 187 860 -900 986 -671 -261 284 -126 454 -387 176 -940 21 -503 33 -64 763 -782 486 -125 417 -570 825 600 964 91 367 -465 -383 -334 524 -774 121 646 930 801 -998 -199 -148 453 -891 -159 -152 605 -807 -797 470 282 -592 -866 -750 -279 -467 -856 349 991 446 398 535 660 290 460 942 589 -125 -297 -419 -957 724 -296 -455 422 559 -292 -788 773 284 -425 -296 573 -102 -842 -551 -68 -389 688 100 -18 -908 905 29 -118 -610 479 760 117 284 987 147 420 -786 -550 -358 778 -513 -806 553 757 -990 -580 908 105 -336 -265 405 -921 64 436 -918 593 -605 929 890
-676 -46 32 571 130 -230 836 -270 -665 -706 347 -581 -332 758 336 -923 934 751 -263 -782 -846 -692 -799 -200 -33 -328 -671 -116 -444 -587 27 145 -589 8 -320 -858 888 -719 64 216 -270 493 -352 990 193 779 708 -955 181 485 732 -175 -780 217 851 -355 -83 858 -846 -812 -670 -485 293 -592 -591 -639 778 -655 -162 -944 -626 -442 -255 -795 627 986 211 597 456 289 724 -454 -194 232 -87 911 75 -547 733 857 751 232 -375 198 687 -587 253 961 40 -405 422 755 173 913 -254 870 103 185 600 850 -876 -973 -717 677 259 -791 189 548 -930 643 142 690 -132 264 -735 736 -71 -658 887 224 235 -535 -555 167 426 -206 452 731 -65 910 -601 972 18 -370 -502 -966 647 230 874 747 -283 -365 -853 313 487 -896 -357 488 511 91 -428 625 -241 46 -7 116 686 -94 -785 227 724 226 745 -959 -91 -567 -5 -16 -520 -244 333 979 -790 -218 590 -673 383 -34 -855 552 -679 242 580 -671 577 504 486 -376 295 -77 15 34 -303 350 414 751 -924 345 839 137 32 812 39 94 -912 921 791 970 726 981 -650 -11 678 -584 -360 983 837 -843 87 712 -951 464 -439 107 237 -314 277 986 -359 -517 239 41 -925 -849 34 -818 772 987 0 -174 110 790 -902 579 -931 135 -422 997 133 -82 536 181 648 -444 -407 -964 2 -720 -189 -63 900 553 -411 -334 -486 673 607 -845 -809 -580 316 511 297 826 -886 620 1 572 231 429 311 641 -194 -447 791 585 -307 747 139 18 998 -661 -222 730 702 496
-819 -223 -432 114 -21 -579 20 -917 160 -144 589 -200 -396 712 -591 732 -655 861 -76 120 -302 964 988 -995 577 -129 -239 -876 590 9 473 -498 -92 -396 734 381 -705 -247 224 -484 217 49 -221 614 743 -457 758 913 -634 -222 -935 433 -305 329 62 237 -831 962 13 485 -263 95 129 -819 822 99 636 33 -343 712 630 256 -845 777 335 -249 622 -168 942 69 452 -469 646 35 566 -973 927 -61 -792 568 -437 888 552 713 322 -422 902 410 -92 -118 770 155 -655 492 203 -869 130 930 -696 -385 -622 545 -817 -482 -654 744 -932 -1000 547 654 -803 -341 791 -90 759 -179 831 -326 560 120 736 965 475 959 791 693 739 -490 -383 -425 329 570 45 -106 678 -601 17 -389 997 784 774 -577 -802 -58 153 -816 -396 -318 292 -362 -886 -423 266 -978 -90 761 -232 38 262 -524 974 883 528 -976 -976 -904 -377 -150 882 -255 668 -832 -809 -561 -695 -600 561 -857 438 -166 374 -832 676 206 161 976 333 607 399 -99 -47 787 822 102 -791 -736 810 -924 565 -424 657 852 -330 957 579 -24 247 362 -683 182 -544 725 -771 208 798 -604 -605 731 -425 483 260 964 667 760 -650 963 -476 112 -989 174 -193 926 324 812 -849 540 -39 747 253 -64 -145 -585 191 491 561 437 -679 367 -482 913 -604 -286 -766 -436 365 -488 538 703 -91 484 -962 525 651 -881 461 -904 563 -783 380 -769 547 510 367 756 -588 -27 -933 252 460 -900 -912 917 922 41 -257 -139 465 -215 -620 -989 303 914 11 177 76 76 -528
416 286 410 671 -622 243 158 913 250 158 -456 -377 67 718 38 156 -350 -840 -308 337 -92 1000 292 578 873 -964 554 -942 -459 500 -49 -192 997 -407 -110 631 -977 -238 -167 116 -778 -714 -505 -552 765 -580 -603 27 -591 677 -722 -279 685 -351 742 405 941 849 202 771 -64 554 561 -552 -814 174 983 -829 -552 999 -543 -749 788 942 338 -897 135 402 -658 1 168 814 -844 609 680 494 -886 -261 -494 107 -184 -479 144 -35 778 -985 486 276 -939 363 -383 -906 -234 -573 910 695 -981 -596 -871 503 533 972 -523 -460 605 935 -979 -556 380 -46 -217 -312 -495 236 -896 -459 953 770 -954 -906 273 474 -449 -166 -979 900 154 372 711 428 -190 -831 857 326 753 -277 -255 255 -578 532 773 393 -593 652 -58 14 363 399 555 359 -856 -139 67 646 -338 533 -920 37 -743 552 903 280 -912 305 -924 -439 624 152 -686 909 -497 -843 -392 -701 500 528 -395 606 169 -474 -714 566 -8 486 389 535 -68 777 -908 -623 405 185 -264 637 -477 465 186 287 381 -989 243 19 864 -57 288 722 -97 224 -407 -51 -630 -853 687 -339 -440 -449 -130 202 -512 646 -615 -631 175 -541 201 -158 -305 -454 377 193 820 246 286 115 100 -752 -256 186 330 502 454 -159 902 -202 -167 -248 -810 610 716 884 754 95 -392 -257 -66 -287 -713 -961 -417 757 -142 676 794 -344 -920 -854 -487 170 -842 810 858 542 -79 -115 -215 -272 -821 -425 683 -591 -242 -727 -529 462 836 4 -664 -456 -475 280 228 795 735 515 468 660 491 -1000
82 -419 481 -100 358 -670 877 407 480 532 -787 805 -551 -812 -711 820 32 334 -654 -94 -655 -733 602 -872 -342 -605 174 -638 975 -290 -507 -311 -553 -302 865 871 204 -300 -264 -837 928 612 856 814 67 -166 662 -266 -754 -323 331 -862 981 -377 -176 -776 -632 715 -891 -975 -397 423 -389 -975 186 -913 722 198 642 434 -750 -854 -16 279 -212 -623 187 556 893 538 718 -917 -232 -215 715 -509 -355 866 -378 89 570 193 539 843 86 -634 347 536 -337 -378 717 213 -106 -774 -164 -281 -336 -396 399 -462 733 576 463 -471 257 638 -897 -234 -904 939 74 -912 -958 -534 -327 -149 223 139 391 -856 138 -860 677 573 -189 -444 -592 952 527 822 -69 962 -840 474 -7 515 -816 446 -833 -114 687 708 -830 -859 447 250 926 -677 275 -21 -844 518 501 -860 -473 -684 -257 -125 -1000 -414 -429 20 338 202 327 -172 -857 674 188 -271 141 -975 528 -94 -772 -866 -561 -205 701 -578 -863 -28 -227 -454 221 -27 522 -318 -507 -75 -383 -966 530 489 649 -395 731 -339 -874 -739 442 710 847 992 303 -525 451 -445 211 480 -771 964 645 -640 -616 658 -207 611 -165 199 208 858 -913 812 -302 -70 -996 653 -338 974 494 -305 112 -783 -556 472 925 484 -879 106 -478 848 -906 -647 187 412 926 853 461 277 -630 -17 -559 -811 473 791 451 428 -201 99 -746 773 623 -937 -100 970 -167 173 873 327 -800 899 -104 -831 462 -579 -486 -375 280 -307 -853 -978 -190 -782 429 -498 744 -108 -739 30 -294 230 -49 747 -25 260 -502 63 733
-776 247 220 -451 104 -15 -291 -307 -625 -135 -515 233 431 0 966 904 187 -311 61 -940 -443 -623 683 -12 -619 375 812 703 974 -695 -684 -136 510 -72 845 -496 365 -448 -370 786 328 -355 -974 -216 772 692 523 882 137 -888 -228 -929 573 -859 748 606 547 962 -414 190 -960 40 515 466 347 922 -843 -7 444 394 -80 -23 662 703 666 427 -537 12 432 305 948 980 398 -148 -922 20 317 494 351 486 -638 -919 364 -356 -912 -330 529 300 -923 -27 -767 320 895 496 -555 27 -161 831 210 686 161 -355 -326 -966 80 812 -988 692 -645 -583 611 -336 -534 722 489 34 -621 -336 -377 -80 -792 4 219 -602 -249 -890 -73 540 486 663 197 -548 146 -5 445 579 -113 -329 584 -237 941 -773 500 -884 467 -219 -583 -375 733 788 692 -451 -262 -692 668 -403 -472 -742 -157 -836 -897 -539 843 -22 1000 968 -86 -680 -308 929 30 -851 546 863 -67 207 582 -873 533 -883 -606 -478 -658 618 -795 786 -310 864 661 469 -611 -98 -361 153 494 -811 -892 577 -627 394 838 -472 258 322 814 -580 485 27 388 -676 980 -468 762 985 -397 561 -61 632 80 -846 -297 -366 -672 -166 499 930 70 -264 -21 -543 270 -411 -590 414 376 -703 600 -558 -611 -828 29 302 -661 423 -311 -557 -673 -12 707 -378 733 730 179 -544 -774 -359 -845 896 -707 -903 194 384 404 445 -400 -558 715 975 84 -3 -898 -480 -728 493 -598 -223 -659 -254 -868 130 -539 -701 695 115 621 -851 -74 567 723 -127 -586 -535 597 -718 -401 -849 162 -121 -751 -581
-649 -535 719 346 651 610 981 480 -549 -739 848 24 -787 -44 -773 -884 -196 66 -749 -174 726 483 -137 507 -982 468 -147 -436 -45 -994 927 -681 -917 34 -507 65 -238 817 -39 -318 81 -395 535 901 -231 707 -365 -114 588 -655 -138 311 -391 -285 478 557 -618 -440 490 563 -255 -894 671 -730 -981 756 -740 228 953 -387 -952 903 -489 -853 -144 -26 -279 -241 -462 -852 -31 -221 915 412 971 -320 20 443 -55 -237 234 -961 597 -191 327 -773 -282 92 -821 572 -276 81 -880 -772 597 -862 -80 -832 369 191 -267 -915 -450 904 -273 539 862 -144 -204 934 -860 473 -652 -16 431 -559 576 512 48 456 543 -569 806 -832 -948 115 -104 301 -498 717 886 -322 -507 -723 -803 -229 10 -1000 -50 592 721 132 260 -583 -265 -85 -213 -22 -939 733 981 -858 -718 668 -69 978 913 -944 -952 309 -56 -614 -406 -256 619 416 631 645 752 -310 -349 -279 619 -233 -16 147 477 746 786 -112 600 -238 763 427 256 -440 -421 -337 -755 -581 -848 54 -12 -21 204 -494 171 -885 207 59 795 -209 385 -818 -232 174 -960 381 -163 -976 -712 334 -373 559 -663 56 -292 65 475 -752 136 -641 -253 970 -126 -548 307 -790 -444 -192 686 -831 843 -44 679 -916 -236 -473 616 167 -976 813 -813 252 -111 -40 -517 471 824 892 -835 982 -376 -428 722 105 -348 -272 676 -838 -950 -221 -582 20 89 -473 -707 277 -214 -357 -657 -600 -153 -546 -790 -84 -349 0 970 -532 212 427 -468 -35 -282 -892 245 -701 -779 303 415 -253 -41 198 58 -952 811 -145 -958 -354 -246
712 -889 397 -573 133 -621 814 42 981 623 577 94 -254 -407 -355 696 852 631 -198 266 -411 740 645 979 -94 720 -922 -11 113 286 -65 -404 -949 871 929 -58 176 -114 449 696 -75 -102 403 232 -385 416 -853 254 85 397 28 -678 -466 751 67 664 -405 363 -358 -695 206 -588 -646 726 347 701 -203 -375 338 -885 -507 -799 -3 342 904 945 -523 -125 966 842 -842 187 -909 103 -419 958 -552 245 -344 -974 747 180 -870 710 245 376 -334 477 -546 -196 -103 945 -99 -55 723 829 -901 -564 -284 -1 -846 -144 -407 484 -737 -480 794 -259 -895 -650 -274 -88 -304 423 330 -930 418 -575 -621 -459 767 760 371 -535 -827 642 -16 178 -804 -714 551 -588 -217 -680 -277 512 -34 807 -695 -3 -83 -199 738 350 818 559 -432 -495 500 -635 416 610 -712 456 -637 582 -827 -515 -323 326 333 832 726 120 500 -467 -175 -904 -577 -479 -119 792 -42 482 -53 900 -49 -632 -997 -798 498 -503 -430 -545 -108 961 -376 185 879 877 800 -249 42 -242 -947 -923 -225 716 146 -163 901 -680 324 699 -574 566 -66 47 43 -999 786 596 -617 174 670 -10 929 227 874 220 -715 885 388 -236 -298 562 -188 453 -804 -7 893 -12 346 -949 -419 -964 -868 464 -485 -587 527 -999 -816 759 -651 879 -420 -141 177 721 -755 -643 -378 -47 -529 -821 -425 743 -239 -219 -490 0 -899 29 -808 37 -737 -636 -217 -664 94 84 635 -397 -137 385 229 -932 83 278 -304 -2 598 9 -866 543 648 504 -935 426 -810 807 -287 -856 -195 28 823 -679 220 632 178 -517
318 -712 430 -29 -597 393 224 -86 -894 -573 679 -994 299 701 -713 -752 775 443 814 -233 -989 743 -131 -68 -74 -995 -939 134 -873 305 605 182 805 84 227 -200 -83 -362 994 723 229 370 -764 100 -343 475 -516 -339 -63 -859 315 637 -344 42 -843 495 584 161 909 98 323 -316 -929 498 -148 -108 365 -520 470 862 720 -597 -574 -435 356 35 150 388 662 227 574 -197 -189 195 -275 232 696 -952 809 7 -556 203 -306 24 986 93 733 387 -279 386 -697 313 -499 -369 105 287 671 170 -759 591 -729 -92 -27 340 -242 -558 280 60 326 -757 -112 551 149 -841 397 467 -214 -281 -408 523 297 718 383 -386 -332 92 -932 -131 112 776 120 995 979 888 -737 -653 -881 -243 588 562 -358 516 202 -290 99 539 73 564 -683 -412 -535 205 -84 58 624 969 800 352 107 -816 -63 -401 -572 707 754 669 -444 140 -703 -161 -270 -778 979 -175 530 -411 977 53 -10 -152 -215 108 858 138 -268 540 -363 10 -947 -292 -56 499 410 978 894 841 143 435 -866 -208 -842 -644 804 -493 -364 -64 249 698 863 -290 -140 364 635 -812 -647 582 -791 -281 -410 -452 -254 -27 -959 -883 -110 -590 847 125 996 -341 16 692 94 632 349 334 -48 -73 -191 233 -497 3 -773 99 -268 -750 -327 -571 -496 -208 -731 806 5 481 -282 -190 452 -358 -799 -512 -830 -512 -286 246 676 -909 -181 -681 677 -31 673 403 -135 -255 314 656 -56 -23 857 -517 878 773 -65 186 658 -760 775 -24 -427 826 -241 822 -12 -305 -558 152 605 -111 65 772 10 -159 499
-293 133 -110 381 18 486 -242 838 -546 660 295 938 -574 -774 -526 877 -965 22 -308 -41 -753 921 -743 -300 742 777 -622 515 -922 613 -943 -674 -707 -378 -28 781 -731 837 -219 -670 -626 186 -951 -900 -990 48 -780 -456 -771 222 -885 206 -77 -192 575 -805 -937 761 -18 -218 505 -923 -58 72 842 351 -597 709 -179 -667 -654 -393 932 843 -465 510 -339 -51 161 29 -105 411 571 335 -489 -366 245 -222 107 621 -182 -153 385 -966 912 787 152 -58 602 729 893 451 -886 -591 -352 -123 -115 -427 951 673 -440 -797 -5 -854 -569 -278 -153 99 618 159 -570 -627 927 -513 653 105 -935 -372 313 -586 -236 68 -5 689 896 537 567 772 -842 -547 -308 -939 -394 281 -559 993 308 -103 -272 244 -200 -512 261 -585 -941 -260 31 339 582 -695 -168 379 27 -599 523 231 -17 -578 453 -852 -252 -365 675 -1 -480 -547 -589 -884 920 980 11 545 -904 313 424 969 -108 -560 543 -93 31 473 919 7 8 794 465 -881 -834 -111 -892 -930 -592 197 -640 -172 953 920 831 -148 -309 7 207 36 388 87 -568 848 538 -485 307 963 172 851 463 86 -299 -795 389 -557 247 532 -76 -917 10 487 -351 -465 37 -300 310 182 -197 903 -334 -303 225 -879 -188 -602 -315 206 -927 914 769 -757 -664 -546 863 -730 -988 346 -304 797 777 152 556 -872 -981 539 -294 -648 -250 -389 -575 111 72 -297 -469 933 530 532 165 -920 -148 -581 306 -748 -900 -72 174 -993 704 -255 892 357 -218 -886 -518 529 -913 158 946 -687 -287 -372 931 496 -225 -94 155 368 -119 804
498 163 157 201 716 -62 -263 -930 -77 683 636 158 -39 -799 -683 522 -612 -191 -421 -266 415 846 -943 -664 -117 368 442 944 -469 -512 -810 -592 676 727 -513 -247 148 185 693 758 -965 221 -59 899 -209 -92 -81 -560 -173 -363 -227 665 -824 457 -116 576 -310 -376 -163 -778 -732 642 -708 568 -606 -550 -603 -544 -745 121 -916 264 -127 746 -96 -135 690 454 997 -308 929 818 -247 -144 -711 -467 683 -262 -98 104 977 -553 303 60 320 276 647 -433 943 154 -724 -91 977 658 294 437 -484 343 434 682 -785 373 -553 472 -818 783 -197 897 651 8 618 -225 -727 218 -493 300 -267 -781 -74 440 969 -177 -506 533 -501 -985 284 -865 -85 174 -105 285 -916 743 -612 -226 -769 719 997 -765 522 919 983 -586 -815 282 833 285 800 595 446 -567 16 985 458 -178 -823 -707 -184 725 -374 679 899 -309 925 183 377 -854 -301 -323 -438 789 -452 121 -220 727 571 120 517 778 579 941 -933 -855 420 -264 79 79 -604 -8 -772 37 653 -387 -812 197 559 -595 -345 -517 369 224 241 -520 389 -145 410 93 178 -742 384 -63 -670 313 -217 535 -928 -923 998 -581 707 833 89 546 523 -254 -414 -785 -562 499 -704 -706 197 -393 992 -292 -145 861 -368 360 709 578 502 -134 345 613 -187 -806 356 -242 21 717 -644 -435 -914 749 -103 826 890 205 -839 430 -17 -104 95 -744 -491 -389 -591 891 693 133 -481 -461 -209 -54 -498 -935 149 543 479 -278 648 700 -613 -983 -777 -529 161 -940 912 864 242 -954 393 746 -367 106 45 -653 -26 529 -356 -824 -717
-423 -905 733 246 784 -990 -21 -111 -98 -235 69 -361 -990 -16 1 -107 583 283 54 100 -135 980 979 826 -696 -608 -570 590 -858 -297 -572 -706 -723 281 -660 -421 831 65 -343 -112 215 -22 407 816 164 550 519 -933 38 -400 -822 537 711 -430 -297 -849 -852 974 407 173 -572 -523 707 831 -492 -497 605 888 -752 -963 755 822 -436 87 217 797 -860 812 201 -251 -884 728 348 839 202 -711 -354 -737 -26 944 315 -856 -539 -506 -444 -901 763 85 312 286 566 167 -120 719 153 -721 -16 -574 679 -218 -541 -692 -633 -265 -769 -1000 38 931 -391 166 -64 -334 -213 895 -559 922 -658 -43 -867 -848 357 -927 250 -193 -255 206 838 669 50 -754 183 867 -962 953 520 -715 -589 208 -379 -543 121 -606 575 -741 -484 -352 -596 655 -207 764 640 -993 854 920 -198 -437 -218 -471 -906 -287 181 346 -933 -100 694 928 527 -749 -32 214 820 693 -890 -540 -536 -248 -862 -182 -480 100 -635 -49 -122 -885 -459 493 -397 164 784 394 521 -136 874 -654 -59 670 108 -294 -29 -423 -358 105 426 617 -1000 -250 -75 -433 857 -11 -865 271 22 -653 -153 63 475 893 -208 354 581 955 -802 566 590 -717 806 -516 -61 594 45 -919 -856 522 810 -578 623 -950 669 312 -886 130 -592 -999 -211 654 402 134 508 -447 -744 -648 337 682 93 -335 -868 -264 -874 -448 -546 48 285 387 510 -941 -316 593 -562 119 303 341 562 -953 710 23 -214 157 932 459 -764 -53 862 702 364 853 -640 971 -674 173 -60 683 -775 514 -326 -95 -335 -605 -607 -746 998 -247 -743 565 225 -570
631 123 -140 -976 412 391 62 -285 677 -629 907 -491 76 687 -718 -667 -382 437 795 426 856 400 -382 -200 611 788 168 508 -412 -3 -859 -885 -546 -52 444 69 548 -741 646 -587 230 743 -171 -856 829 -22 989 996 -61 -912 379 -870 -402 -280 409 -160 -605 898 -507 688 581 -729 -284 -531 287 -388 -59 508 -281 -772 354 -59 -224 411 454 -43 -715 909 380 -340 612 -246 -676 -953 123 -479 793 -508 -908 370 684 -860 690 -812 492 578 656 -990 -614 604 -645 -420 -257 -724 -897 -458 957 -680 -304 -642 654 908 -171 483 -877 322 686 132 -607 -741 -259 197 423 170 -445 12 -442 825 -704 -362 -445 929 -976 107 299 103 -237 525 -459 290 551 -293 742 567 209 -33 98 -966 458 190 349 653 -400 -468 -534 -903 -733 935 860 960 921 50 243 132 878 417 272 786 359 321 -806 -51 -345 68 -21 852 552 -771 296 491 799 562 -933 105 385 614 -367 407 -595 -491 529 956 -500 -769 -501 -287 -124 555 -713 -467 14 -357 260 -298 917 646 389 -302 -79 490 -671 63 464 -442 726 -532 196 -699 -927 -916 935 -256 -85 177 -256 172 -849 -750 97 717 -701 -11 -79 451 832 44 -435 -822 -764 -899 -920 691 439 737 -916 910 -952 -101 998 -211 -527 287 -826 -434 -385 -889 837 -250 -827 863 598 710 196 -969 826 -219 510 784 340 444 -291 896 -679 -160 883 651 -392 -383 88 261 -928 -704 -790 -469 495 491 310 -954 -162 426 507 597 287 -324 729 422 -402 -796 -275 -76 -384 860 -802 614 -308 -438 243 884 258 937 461 785 -146 465 -656 206 857
-587 515 792 323 -405 -375 -154 -463 940 -946 320 324 -690 813 -724 -75 -287 -472 -486 -38 390 -435 -611 903 -400 -780 643 825 109 371 424 -98 -712 63 481 54 812 67 947 990 -441 123 -313 632 887 807 538 517 -853 -102 -21 160 -865 -363 229 922 -977 72 -421 -14 592 91 -799 -553 -833 -84 391 -735 -898 -459 479 124 -690 -691 329 868 -403 142 -94 571 -186 19 -729 -310 979 109 -844 159 -626 935 510 415 971 -269 -184 -59 439 -475 -544 55 -293 131 756 465 -15 -409 -949 145 362 64 -162 -703 -464 -320 -718 920 -514 179 692 29 288 651 611 -338 935 -27 -485 746 -463 167 588 -381 -120 337 -146 -758 237 349 -886 821 343 -544 41 -893 -102 -218 562 -422 67 256 985 -59 675 -742 -286 357 -932 526 -284 79 -453 947 301 -311 354 -786 289 187 -788 949 919 -672 -15 886 304 -628 629 957 479 30 -172 -488 -409 -548 117 -316 -368 706 627 -550 -904 214 -858 -108 -316 -989 -12 -397 -857 732 432 -821 -545 -842 -36 821 364 -603 -785 534 -545 -834 701 734 392 290 -256 408 -205 336 -123 -708 -947 23 -775 -27 -409 -601 744 67 -849 -334 -360 476 -540 151 105 -931 993 -596 107 125 -551 -189 912 -459 -219 84 -199 621 866 -560 -579 243 35 979 888 494 805 -631 291 -874 693 -21 -35 346 -637 286 480 244 683 348 774 248 868 909 443 -425 870 761 -844 -734 533 512 569 334 410 -221 204 -904 -991 -957 819 -188 690 676 -640 -602 742 695 490 666 705 428 -968 292 -739 940 250 814 288 -486 537 -893 418 702 827 -539
-599 541 877 -257 -275 697 123 128 -522 233 819 -114 -574 349 -861 -254 -125 -982 -710 -424 436 33 301 -851 825 121 212 -341 933 -562 -115 -595 644 223 -431 179 -360 95 -420 -723 -305 -883 152 -887 -934 -141 -221 -892 -318 416 353 688 809 664 342 350 321 -644 -620 905 681 426 -933 -395 -764 -240 408 -729 -664 764 -576 606 -365 -970 -67 582 31 -149 -999 35 737 -343 429 114 986 -93 820 958 324 856 -75 815 725 557 -692 821 -327 -589 -228 -225 -866 473 679 -67 -177 659 -74 -431 -289 860 201 -978 839 73 -89 987 -295 -406 -750 -757 330 -211 216 973 -428 -844 123 -738 208 -492 378 551 257 -448 -203 -736 -394 374 141 -756 -135 495 -325 -707 326 -400 -858 514 902 96 591 -280 292 462 -825 -831 78 891 78 -778 -841 -3 -846 -402 -316 66 69 620 -165 180 -67 -462 894 -51 -458 -92 -788 918 172 978 -867 42 -733 254 -341 434 366 -611 -399 560 -856 -578 922 -692 -364 499 -501 18 47 -320 550 697 -802 -263 -800 599 178 192 264 844 -975 770 -755 240 707 -485 238 -474 381 996 -686 -965 -194 55 -735 27 -953 -306 586 604 -644 -131 672 333 -483 775 -451 -857 -844 -67 229 -164 569 649 233 -551 696 -702 -489 531 867 326 979 43 778 -881 -318 -563 -458 -921 -101 764 559 -825 964 565 -883 600 270 363 665 -686 917 -673 819 301 982 -269 -299 -501 -74 591 -123 649 -586 433 -312 147 -854 -60 517 292 334 103 -181 -664 -386 -478 740 -524 -483 -154 896 -646 -212 -656 -873 880 397 297 378 -887 -714 -612 -382 101 390 -40 363
954 -844 -431 353 -573 567 -727 197 74 466 -899 749 489 13 -849 765 -690 -422 493 -930 182 100 -639 197 -127 215 -396 -409 170 271 558 -963 -937 280 264 -573 726 521 565 796 897 -738 420 -615 -581 731 384 -512 -582 -897 59 128 319 -894 399 -555 620 44 637 -96 -776 461 -83 -666 221 281 817 494 -906 460 355 500 241 -883 -508 11 -983 -246 755 806 949 487 -647 77 945 -302 421 516 536 353 470 -986 -930 -937 -727 188 -226 -551 -142 522 -631 -533 637 -81 169 -47 -561 222 372 -233 -801 793 313 383 417 -623 -690 -926 -871 -50 -101 917 -306 -927 -565 -102 -56 -28 259 -853 219 -919 979 259 -202 -143 811 256 -160 -799 592 686 -461 -872 -537 -411 -389 926 227 599 -814 -341 535 -819 -331 -631 -263 84 709 212 -838 -513 64 -901 -825 621 952 487 -270 514 573 -348 -736 -317 -375 184 42 -558 -416 -749 -117 -264 -498 -240 -963 365 744 -87 269 -184 -415 944 -46 -652 -465 -285 -571 -511 -630 795 -98 -534 -699 296 692 446 989 -422 325 807 -721 706 -838 848 -824 935 90 781 945 994 -275 168 -882 -604 -531 439 -678 -675 343 -645 452 -997 381 597 -867 -518 -909 532 -47 589 -613 27 693 366 593 -712 -864 -883 -122 185 128 -462 -804 956 627 -134 370 -255 -198 -676 -986 -605 904 480 -338 -452 -610 -25 -702 656 674 416 378 -48 -530 622 938 15 -291 726 21 475 -858 444 -961 -214 -945 -167 709 923 183 -106 437 -434 772 -763 622 -555 -740 -427 -786 738 79 -903 312 988 -8 26 538 -783 190 975 815 -710 -486 689 327 -604 -575 194
889 176 -607 -699 127 817 962 35 527 464 -821 -198 712 766 -183 569 555 -51 -813 689 -437 -674 482 -985 128 -997 -292 -109 -905 665 106 710 -42 -300 917 486 4 -348 734 276 -224 -888 -77 182 -435 -346 347 -687 669 721 971 -742 -722 493 725 117 -602 -128 -623 131 -3 699 773 -682 40 519 -385 -700 287 -900 -651 -701 -641 -913 -214 -322 276 523 501 113 207 -200 -590 -209 -482 -394 633 -592 -706 -300 -561 645 380 -849 955 668 586 471 -94 708 -619 112 269 285 488 709 -522 937 -804 -667 238 -527 -759 925 66 255 287 24 -492 -239 -557 221 850 -452 27 293 709 -447 417 382 489 -908 -657 -879 438 256 -411 89 20 61 177 680 -133 -810 864 909 -672 249 -696 -631 217 -841 -737 214 685 -377 705 -815 736 -587 936 595 -562 -182 762 526 -334 642 837 -83 -728 -71 -726 571 572 -460 -588 -982 366 556 -195 -821 400 -443 259 -28 568 -932 514 980 -502 -540 -608 866 504 -735 -592 -599 213 -219 515 444 -393 -298 -53 -142 -335 809 433 -493 155 -959 -991 -584 -429 -354 502 -991 -15 327 414 -109 54 951 -657 -226 110 -787 727 -29 317 262 -504 720 552 -590 768 -271 -861 503 893 -807 19 -106 409 935 500 122 616 204 914 -526 -235 -195 20 148 -433 221 463 -718 -805 -254 -793 -140 232 -211 295 5 529 534 -256 -770 95 509 562 -331 -171 246 390 -130 -109 358 -331 257 555 903 459 -925 160 74 907 -618 853 -612 685 -653 -901 -162 5 743 -83 -964 441 -593 -117 767 -322 -952 275 645 152 -97 832 171 -659 851 -232 813 -529 -988 323
580 -474 113 -319 -470 265 -378 704 713 174 746 123 -824 470 -807 -370 983 -452 -578 -149 497 167 -551 77 238 -372 -148 -496 -951 -456 -99 173 374 269 976 268 -87 900 392 -139 772 263 381 844 -596 34 710 399 662 -162 -575 808 -71 -691 -509 -840 -576 -15 83 327 -551 -344 364 877 646 -409 363 290 -528 -914 -416 561 -36 892 449 -414 -979 -442 -68 -718 798 -511 439 730 28 -529 -409 859 -658 -778 166 -265 -490 -505 -31 677 -142 811 302 985 -912 -711 -347 -99 -655 -238 -160 39 -688 92 -785 -490 502 -344 399 -958 45 -915 -467 417 -660 433 976 434 204 566 51 566 -256 -427 -743 -291 -420 95 944 680 -168 632 -570 -701 -799 -298 -791 670 -995 548 483 -662 -256 -480 538 -880 -145 43 -462 -576 -165 621 -749 -290 761 613 -728 -637 -799 284 659 -734 948 -21 831 -629 944 -828 -902 589 -556 -259 -520 82 -43 697 931 -119 978 -657 461 24 346 -323 450 -314 -461 -736 642 397 264 906 612 -26 154 249 406 -650 315 -360 952 -417 171 777 -358 833 -13 -965 -819 195 495 -361 393 224 675 503 -118 -629 269 -506 203 -56 -461 -329 343 -597 796 -174 221 241 -287 -409 -206 -98 -796 -631 958 371 972 -925 -378 821 -676 -496 -917 385 -881 112 -690 -158 -543 -531 451 -781 23 19 707 -246 10 -117 854 862 -482 517 339 -664 331 -877 703 -70 121 254 -455 585 106 574 -795 31 -686 671 878 -257 560 223 200 241 -359 296 879 883 -960 -159 -941 -351 -604 -480 786 4 668 178 261 -915 -832 486 -915 581 70 239 560 -687 -906 598 693 844 -779 -541
-132 908 640 -313 449 -957 -969 -359 -189 -262 -571 -856 66 240 89 71 127 -277 -936 -285 928 316 -715 -658 10 -895 192 882 11 -174 976 -287 37 -826 -744 -882 -40 -37 728 881 -579 524 232 -272 -112 279 -803 -981 251 469 365 -166 368 654 799 688 -241 204 -466 -756 -364 -939 -907 -617 -298 571 71 -133 52 -444 31 -755 429 320 -595 175 108 -712 461 402 -203 -331 -108 267 173 341 -362 -298 856 -370 51 94 -294 341 779 -522 455 507 249 -297 -77 381 550 803 594 469 777 707 -416 695 574 949 -101 -612 137 -480 -914 -734 -526 -250 891 -957 -933 -195 -797 -508 -70 -463 525 -535 -488 -15 -816 -803 -842 111 -878 -916 -467 -244 -424 -833 -500 109 -409 899 -841 764 -258 859 680 -367 352 -636 497 381 -841 -288 136 -352 -367 -342 764 604 -279 -465 742 20 642 251 -545 755 568 51 -667 238 953 865 489 37 -703 -264 -476 -40 -232 -423 -840 -239 529 -985 289 136 543 -574 -936 -732 366 894 -811 -536 560 125 463 754 734 511 -385 -769 -916 349 533 554 986 -209 400 -844 -308 588 -789 983 827 452 425 699 872 -891 -732 352 441 -306 -907 301 -484 -344 252 -516 -47 -933 162 872 -983 601 330 620 -84 738 946 -908 -12 -258 380 518 -86 -145 -506 846 -304 -684 687 -114 -85 488 -749 948 -921 -854 589 -72 836 -522 776 -962 928 21 85 566 722 -324 994 -97 747 936 -147 745 282 -149 -968 374 307 268 -625 -792 347 -663 907 -190 301 808 86 418 -362 521 835 762 775 14 -945 -924 -723 -274 -664 366 -875 204 705 -516 -450 740 -426 -32 112 98 -830
879 597 762 -23 -171 -2 -306 -966 689 -400 381 492 -771 -575 -867 606 -858 642 -668 557 -709 139 -557 -630 -484 -316 146 141 169 729 919 911 366 -180 -910 107 577 -128 364 94 231 578 -954 325 482 -406 -553 283 23 -592 -114 -831 -232 -337 -791 -671 665 -910 174 -475 403 216 417 -307 793 -381 532 -462 -827 -309 -668 -697 142 516 -847 -522 335 284 -474 -694 90 -990 73 612 749 -348 297 -433 -250 23 6 157 468 906 731 213 -288 608 -543 115 -657 -794 755 44 736 -945 167 105 -980 683 163 -217 998 845 -671 -860 386 -815 -526 -30 -998 580 974 98 822 -356 -197 532 25 443 -989 844 858 840 -937 -403 15 314 -552 659 485 -998 -438 -919 313 -588 449 -20 -91 -149 469 -604 -906 415 -860 -560 806 119 823 806 -105 900 495 -972 -471 -473 -477 -798 -631 663 -211 31 162 -750 599 525 380 -650 -209 -105 -82 621 936 -184 968 -821 744 785 -256 -816 763 491 -277 44 -169 -279 -943 -557 -232 -777 -497 558 784 -264 974 -821 -21 -239 -638 -155 94 -149 -198 -768 -797 -523 -782 375 -853 842 -876 -485 758 722 286 -33 625 -119 -535 -405 -460 64 582 -313 434 -578 688 -796 -915 -874 447 99 -955 678 -451 -616 -741 -752 394 -883 -444 -939 398 -884 263 537 -977 112 -683 810 -602 -353 -791 289 278 -885 650 -3 -371 -926 83 -676 -352 -784 7 825 -668 -397 -386 759 267 -883 270 -431 444 851 164 -33 90 607 -767 207 99 927 617 677 -749 473 -695 -327 -702 107 850 -646 583 -814 406 -651 -41 527 -570 958 -62 981 -884 695 -499 -454 859 -851 -81 563 465 282
-624 -902 218 -662 -639 974 -904 -148 -6 574 -286 23 -262 352 721 -825 -68 -763 -469 -400 286 783 -289 -350 913 349 -868 722 -427 -930 421 772 257 685 372 262 393 275 -691 287 937 -68 -904 -691 24 -320 327 -651 804 916 -682 -717 -493 -970 -361 375 714 938 -692 145 869 883 -853 -989 358 62 -664 -328 -20 -299 50 -794 -644 441 -556 -417 -84 -577 -75 -321 -538 502 72 83 752 -519 -449 -621 -155 157 857 -826 -707 611 -642 -258 266 859 -475 393 79 725 -689 -322 -363 939 221 66 707 -75 -996 226 -892 -59 -291 226 -882 616 621 -778 372 610 -104 310 -806 -213 341 -366 -593 233 -598 876 605 371 -53 987 -500 -582 -583 -877 -489 -303 799 -184 53 -234 169 -47 168 608 300 987 -446 -755 -227 720 -723 124 539 84 -248 -797 -479 371 -881 638 615 562 -784 -114 667 -620 -863 903 866 -838 -662 -302 372 162 -700 -397 -446 -824 210 274 296 938 582 -179 202 -908 3 -482 -727 -21 371 244 -62 101 75 426 997 546 219 -253 910 277 -620 -220 -435 776 -330 34 -192 860 -998 221 -439 -758 -518 -331 491 601 282 551 311 566 -405 -246 -269 295 807 438 943 -292 -167 114 212 -529 982 -227 -149 674 -7 -385 -134 -239 -224 -147 -523 -562 141 -491 474 -747 -466 -593 -383 -869 22 436 616 -388 -917 679 -957 -868 353 -649 995 440 -958 -512 -38 -962 -71 -68 9 722 513 -389 -328 447 267 503 -866 -820 -723 512 47 -561 849 856 -180 668 972 848 834 -476 658 -843 -855 904 68 -679 -159 -315 -175 -341 -362 -706 -963 123 -643 737 -44 -697 687 151 -62 674 320 -492 185
-722 -187 292 -476 854 -837 -410 262 195 -410 217 944 379 -152 944 775 -596 -205 -691 -828 -166 -684 900 475 -23 917 714 -536 -521 836 -964 -896 905 -401 612 782 -282 414 -804 39 -703 784 -858 -457 -439 -261 -304 -554 226 -757 -984 725 -688 -449 260 132 688 401 118 62 117 376 643 525 -149 365 996 -134 -654 244 -432 -510 -545 140 -503 886 456 210 -861 936 -947 95 660 -122 949 -461 856 223 -34 -623 -791 -244 833 290 -810 -191 -304 -522 422 23 -143 563 -17 -309 880 -584 -663 -521 -723 325 829 -81 -794 278 680 -721 87 519 648 -713 -341 -486 -461 967 -527 67 -988 820 -909 -37 247 -783 -198 309 -132 566 343 920 564 982 126 -963 2 54 -199 -624 725 -48 712 -905 -438 716 559 -29 -218 86 887 -853 976 -209 171 168 60 -283 -868 951 -932 447 -298 -135 800 -793 -777 -383 -673 739 368 -802 -930 779 -218 811 -740 4 353 -419 294 -7 747 875 -137 -814 159 -408 87 562 996 -3 876 -309 379 -870 -238 279 94 -214 603 80 -673 41 -699 -909 -868 -902 -751 -939 612 -95 -617 -679 -439 -185 669 314 -885 117 771 38 401 313 -724 160 689 253 -183 -411 846 631 -785 -236 -507 545 -266 -510 -940 -903 320 881 -299 624 459 -732 -590 302 -265 -867 -550 237 899 -752 -568 -937 209 -460 132 460 739 303 -567 -871 -36 622 -288 838 539 -884 935 229 -561 -11 664 208 690 -543 -193 483 -143 -968 -360 421 -285 700 -313 -524 659 -519 338 263 34 933 -487 -350 -453 12 -30 -88 -714 55 490 398 -221 988 457 -474 -636 30 582 528 14 225 -31 -973 -334 962 985 160
-996 641 -539 668 -673 159 -99 -409 800 423 513 820 -682 -130 -449 -572 920 130 -265 -498 -872 -848 -122 232 -647 -475 -278 -990 581 806 247 -75 466 696 -736 -89 -65 -370 -751 109 -755 -232 -396 922 -914 971 774 -756 700 -53 -349 -740 -41 -880 970 437 927 380 -856 924 -803 209 877 -793 214 -404 51 297 -119 698 -804 630 -206 876 937 -317 -118 -396 -811 -87 121 -702 -716 -393 430 -495 584 -260 -549 498 288 788 -548 -819 279 991 -51 -309 120 -611 -227 223 408 -347 -693 -318 685 -363 296 -21 73 -549 -445 -136 327 510 583 296 188 -430 -434 807 674 814 -868 522 -372 928 -219 -909 664 -186 795 -594 -776 -539 762 -66 -965 -61 -874 617 -865 -77 -633 616 -38 -177 -348 -220 525 365 -384 742 -392 680 -38 -790 292 854 -443 -801 -923 -251 395 262 523 -842 -557 -739 95 415 862 -550 -227 796 -813 814 926 644 608 660 565 956 -582 224 -200 -77 162 338 627 -132 336 889 980 -73 835 -965 899 49 351 -287 711 27 -269 171 4 867 -820 -544 310 -875 542 -902 -591 -660 -956 -669 636 -913 -498 -258 512 -559 -920 619 -602 -35 -522 772 128 -266 446 61 231 -964 316 -602 -866 265 -833 -776 -146 -65 387 -696 924 -918 -151 -737 205 919 -699 352 -220 777 -170 392 0 547 383 270 103 -493 213 122 71 -679 -996 607 27 953 792 798 0 319 197 -514 821 -221 257 -130 545 -72 929 -684 465 -274 214 742 775 209 971 983 -653 -904 337 -354 202 4 -328 952 920 876 292 -860 969 -565 -558 634 366 -442 -205 572 25 886 -933 232 -99 -246 823 -428 192 -525 -446 -84 -178
-187 978 -560 -340 -119 -686 -754 701 -441 414 583 -336 -9 -185 554 -269 -714 780 -248 -126 -401 -883 234 969 -937 -417 -925 585 687 822 -505 730 594 135 872 723 592 -309 -491 170 947 -502 -931 -612 721 -864 -571 -781 -873 -470 985 886 -377 702 66 -533 -868 751 -583 -864 258 550 455 536 287 798 -819 824 617 -55 -214 -593 -516 -291 618 50 487 497 -523 -224 -538 29 115 813 -16 326 -148 919 -134 449 -37 -672 922 393 932 585 -868 730 65 -473 -452 -786 -976 -770 -25 -215 -929 845 506 -550 -324 306 -577 -774 -518 475 684 291 345 -443 410 -844 -193 -781 71 -302 152 -330 980 -1000 -300 -228 -556 -291 157 380 586 475 591 628 477 -736 -189 148 677 -474 -118 -5 -978 382 796 -388 -116 -391 -348 -349 -168 505 -490 69 336 -905 -102 -375 -73 759 -733 -652 131 -750 562 703 852 -894 958 -772 -348 -540 599 -206 273 -193 -637 -472 602 698 -461 476 698 -501 513 -281 820 463 700 -183 168 -105 667 59 406 534 719 -157 -248 736 -376 -518 881 76 -291 20 497 -542 -153 -78 559 578 941 -442 946 -558 -351 557 -990 -938 587 -512 -667 -884 483 636 -919 816 650 814 -392 87 -941 98 778 -610 -325 705 988 649 -716 -836 315 -568 877 -243 68 -845 -717 -193 233 -980 81 -147 -791 905 -322 -39 -622 -768 -186 629 -88 -118 917 -993 439 633 332 213 -512 -637 893 779 -287 279 209 520 -709 -700 -944 997 865 -80 896 -1 860 -651 -22 117 -714 -910 -502 457 -108 -600 -690 858 -965 -899 953 785 52 107 -892 390 -990 -896 -436 411 -342 88 -199 -697 782 994 974 -62 -718 70 334 121
-643 -988 784 -823 -131 437 -253 665 -271 -337 -603 -319 447 572 907 469 -927 274 973 -715 -881 -866 -406 -323 934 951 -847 713 345 539 537 656 644 -942 791 -113 167 837 -597 -37 242 145 -254 688 957 23 809 920 -80 866 954 -905 452 -844 603 192 897 915 616 -87 890 22 -355 -530 -890 453 -7 -891 262 662 960 -22 -4 647 656 256 410 -793 422 420 574 -888 996 162 -776 354 47 296 -803 -957 919 105 604 -924 735 240 -283 442 -852 67 -564 -424 143 -172 -648 -947 -733 -632 -603 -933 -723 415 -195 219 -474 155 226 -565 -785 -511 -475 577 -587 800 102 -475 -699 914 78 845 339 -177 -553 -696 -602 244 -916 -370 -334 371 -981 -727 300 -776 379 287 -9 -121 -147 143 451 -335 -877 504 970 -922 -141 -201 -933 -664 290 -545 38 765 613 -291 -403 437 -780 -437 -798 -334 -297 613 976 -879 929 395 975 18 758 -515 228 -157 341 -978 -949 -940 369 -609 -266 -765 -279 -366 896 307 278 554 188 148 -773 -720 645 -610 899 -221 -654 982 620 -296 -47 327 597 -440 703 -870 -210 -857 -469 545 30 -969 26 21 -62 329 344 152 -253 -257 817 -162 -903 -833 -719 -690 -678 81 -148 20 -713 755 -744 -596 -854 633 -441 -716 -798 -910 447 -948 -621 -18 -555 -909 33 -789 632 -855 -179 -401 61 -484 586 -109 -175 -344 578 128 943 705 16 -75 836 -83 726 930 -107 633 971 457 -649 -498 -708 -542 264 -387 -501 457 463 -832 -370 209 -842 158 -58 -499 -447 362 400 0 58 597 -159 -40 685 -155 -544 289 747 605 -948 50 -493 566 -769 -125 13 -377 -526 -148 141 536 711 450 -79 -473 907
707 379 -488 -675 363 -733 895 -854 -88 -871 646 126 -795 550 -925 -9 530 314 923 890 -90 395 -164 260 -220 -909 97 -654 585 -386 909 394 582 437 60 -674 133 -2 -659 -398 451 -936 -5 174 -690 -255 -728 924 -9 -944 755 624 278 -416 -850 -888 651 -497 -897 -296 839 773 134 638 689 709 221 -334 -233 13 856 598 -493 852 184 -774 114 -522 -35 335 579 303 568 114 610 -762 -557 -47 -202 501 377 -18 567 -175 151 -709 -448 -165 -815 603 -629 -430 911 -343 -264 338 -840 -508 664 -60 -114 844 -65 96 -127 172 884 546 -429 612 -917 -284 993 -41 -867 541 679 -110 544 292 -279 494 240 -233 95 -309 -476 769 -626 -849 -306 -406 -679 458 738 728 -1 -646 253 -659 -786 84 143 -817 -11 199 -260 701 458 -218 -493 477 7 526 -971 118 627 194 967 778 -910 976 921 -212 -421 493 -691 124 229 496 -510 -471 -339 -777 566 -741 241 864 301 -358 452 300 561 -131 -630 984 -967 645 -10 461 178 -821 140 -695 462 459 -775 -284 -777 48 743 312 -913 703 515 343 266 49 -417 -8 200 -926 864 168 -251 506 542 34 -969 -845 -95 130 578 -36 -747 -33 804 -827 906 195 -647 615 769 -806 84 872 -815 -493 477 284 -674 502 -538 -944 538 -907 -710 -701 185 -5 236 777 -258 732 940 754 310 -861 993 835 401 -884 -50 -283 -124 745 51 387 -294 -892 -251 -98 -672 976 20 214 55 980 -811 712 -219 -335 511 612 392 502 -334 -527 809 18 530 382 -496 -496 999 -762 -203 -966 299 815 -796 565 814 213 194 364 -926 27 -927 434 93 -107 -228 139 -366 -690 -492 195 -762 -770
-679 -129 -355 -25 -327 262 -888 -73 -720 -268 398 678 -739 -835 -612 -123 -396 273 496 743 -717 275 -865 -493 207 488 -955 948 275 -527 828 -385 915 832 267 489 489 -27 -504 -448 437 -555 -95 -555 -299 -748 181 209 -205 956 -545 959 485 888 500 -31 619 -739 433 496 -81 -767 635 -545 -334 -680 -907 21 558 55 771 100 605 711 -8 -102 92 747 77 -940 -31 691 796 -802 -656 -959 -824 660 963 -587 -102 -748 354 -807 607 -300 480 555 756 -369 858 815 -74 177 -686 278 -657 -216 -84 97 316 8 -478 -671 868 189 -430 277 -114 174 52 203 732 530 -131 316 -444 761 776 951 34 -461 226 -298 -540 220 -344 -436 549 104 492 224 -828 -422 -441 920 188 815 -201 581 -435 -36 -209 255 731 18 -212 290 -508 240 541 628 831 508 604 252 -260 -781 876 -751 257 674 78 -952 135 -53 -742 147 527 -642 387 259 -957 -260 83 939 -841 -348 283 885 -611 642 451 394 390 -663 496 -78 -524 -502 146 -328 -627 -884 -16 -214 828 -314 742 -802 -987 620 -805 -830 -999 174 369 -313 -954 320 594 -546 -366 -496 -4 513 340 -481 -707 -30 492 847 830 986 954 218 550 -134 -6 -903 -951 69 420 -950 671 554 389 -557 -428 -19 419 957 -677 228 -851 945 -24 995 -521 291 -966 12 238 955 569 -489 264 282 149 -446 56 378 -502 389 -198 -778 827 899 -878 -185 -734 96 334 266 528 471 708 383 601 192 -140 -581 86 935 506 -517 -656 566 -461 384 825 452 -486 -548 -375 -854 -25 -446 -412 -297 331 -258 -225 650 95 982 678 994 380 483 -327 11 164 756 774 307 -470 273 384 666 -782
779 -93 872 779 253 -535 -868 -599 302 906 -908 347 -707 84 558 691 148 -731 -995 -345 538 -895 -875 759 -868 359 88 -482 -560 -378 -549 -348 -814 86 -748 -612 902 -128 -168 584 746 516 309 -683 -417 -649 15 501 959 -839 -440 861 -733 -983 -378 41 -495 -110 -553 577 -805 547 -454 -141 -464 -599 -936 -867 -412 439 -211 842 981 -657 757 -173 -989 232 403 685 134 -515 -226 184 -778 -929 -767 290 220 416 88 930 -13 923 -400 102 649 919 -389 17 -635 33 -590 -315 999 821 -742 -373 912 -658 -260 -498 -898 -978 -209 -857 458 633 -620 111 423 375 -492 -746 -940 -997 125 -894 -597 -602 -26 -177 941 594 -336 860 819 521 815 -353 119 -970 151 721 -584 -765 940 -875 237 -983 802 90 862 -473 519 581 -554 41 -337 -804 -72 -74 693 -267 -144 356 102 -700 -309 -875 -212 -914 720 17 -895 -525 -558 41 -63 -539 939 -866 39 567 459 -199 721 -700 -766 164 -548 -220 226 321 496 128 147 -805 41 131 -16 -231 -680 12 -681 -294 -142 -400 -227 654 -221 -121 793 770 40 557 -725 -751 131 259 -610 972 11 -296 719 -903 134 143 700 948 540 -973 -139 -102 -324 178 -669 600 -765 191 -163 350 336 -641 -143 -740 307 -852 799 -87 -108 496 -536 -382 431 746 590 853 -124 -663 -275 -72 935 671 -772 -437 -598 782 -859 169 -902 724 -337 -864 612 637 469 -985 -427 359 -645 -170 -321 -597 -889 852 709 811 66 110 -234 -8 298 -468 -623 -597 -920 -339 623 -614 200 397 -936 771 402 24 555 -435 730 941 448 227 -234 -84 383 598 -807 294 785 645 778 -980 681 -78 168 -932 -1000 -777 254 260 -670 -243
195 -251 -357 429 -889 50 998 383 552 -680 -725 340 -758 513 948 -731 -862 -199 852 693 -742 584 728 505 -289 -959 510 -468 970 -626 -756 49 242 393 -43 -714 410 770 -345 -500 -624 -7 -146 -990 -569 444 717 953 823 -879 -429 516 -431 -916 -671 -725 -308 185 -819 -547 775 654 -679 776 -319 -530 712 -286 -990 175 -824 798 865 -554 361 -23 771 967 97 604 -947 502 -738 -428 794 977 -264 -914 378 -131 644 -337 75 -710 490 -547 -958 228 -452 241 1000 386 -387 -248 -727 -40 787 776 -508 -210 -156 166 300 -473 124 -25 -130 -863 139 -168 -987 -536 869 342 399 204 -798 998 849 123 14 -550 511 891 -755 166 -302 -47 -738 953 -400 171 329 -920 11 -566 -39 -262 -506 -732 305 16 -550 683 -380 12 -656 489 -653 30 60 -986 105 -10 -684 -467 -931 232 403 235 128 94 -690 762 -466 288 790 281 -843 813 -728 -819 -817 414 -919 -136 -414 -761 -305 653 329 662 -535 -522 -366 798 256 649 165 761 587 -646 -418 -760 -3 418 -160 -901 -294 -345 -247 -606 876 -638 914 -637 -95 -170 617 509 -989 854 883 -241 -579 404 400 763 333 121 -255 -480 959 556 -118 -251 -588 -707 611 -461 -278 615 828 -840 230 -39 928 911 620 271 342 -76 730 478 -209 793 158 -638 107 -722 -298 -915 530 50 -376 744 154 -128 13 -520 -778 -497 28 -282 271 602 -551 -831 -624 690 -239 -827 -681 -548 437 589 -201 292 801 163 -982 -696 592 -661 -207 -67 831 -254 -456 -909 703 66 -536 -198 -919 284 861 597 -518 -159 -63 397 814 -536 800 -16 -324 -598 90 429 113 -637 -252 480 806 566 -307 251 67 -650 554 -187 413
-440 400 -851 -549 879 -236 449 584 -107 -616 228 -450 -539 912 412 333 -202 -625 -233 -598 322 -570 -350 607 848 139 -865 -930 -828 -783 -776 49 -390 -38 139 -338 -140 -201 456 49 483 -820 -989 321 904 348 -244 871 -537 -696 949 -231 -130 -556 -391 46 -900 390 -759 -801 248 -898 -598 579 68 719 955 -74 126 180 364 295 463 115 -751 656 233 36 864 -583 419 204 139 674 -611 289 386 -831 -251 -647 372 -692 359 1 -700 308 -87 905 520 583 -908 -669 413 76 715 215 -765 79 899 -359 -126 944 -795 -759 925 175 97 -630 540 -735 -547 -396 503 -981 -499 -861 482 777 -467 -730 841 -33 783 291 769 -574 -597 981 491 974 -960 389 316 819 -523 -911 712 -687 -855 -391 252 -304 -787 -192 761 -576 808 231 -285 -594 -379 860 131 525 -478 -50 -58 808 -510 -695 -692 -563 -424 -531 -875 323 241 -604 -753 -715 529 -281 -540 578 698 624 -814 368 -59 -380 -609 722 434 -206 -557 541 -373 409 557 -978 553 -112 150 -613 910 -169 -205 -177 810 643 893 405 504 -175 944 -865 -257 886 599 -985 522 -80 537 118 -919 756 992 686 -474 947 12 -609 -253 573 474 588 413 587 -71 926 -962 -901 261 714 -579 488 572 240 78 84 16 339 926 914 -299 288 198 243 90 199 -411 -614 -174 42 -213 -459 871 -654 -743 216 102 -198 -63 -975 -901 117 384 -593 477 -196 -326 644 -473 -593 -351 517 -75 -653 57 906 595 -86 967 646 -598 415 815 36 853 -750 0 347 -932 296 -570 -754 -948 71 656 537 160 909 -416 131 -328 914 575 -286 878 -470 -171 -92 294 -941 812 196 313 230 426 -795 703 -657 224 60
-886 -135 208 -174 911 -709 314 153 -466 -66 892 821 561 174 962 -610 -476 -94 -467 -206 -984 -933 689 156 -889 -459 -3 11 -363 -86 6 700 174 186 693 -793 451 812 195 -842 943 962 879 -581 -886 693 -336 -213 990 -127 -180 60 855 304 -279 24 701 862 998 -217 368 376 749 -746 -403 -473 -950 -296 721 -884 -449 -744 598 -339 -759 364 -787 206 644 -117 728 -81 -218 -84 -165 -694 207 772 -144 -218 -201 -562 -80 678 -923 -863 -514 -666 298 219 -763 625 -194 -163 -51 385 -811 884 -832 -416 -208 980 -746 -665 -533 519 936 498 -28 231 -5 -177 428 -601 894 -451 -907 397 914 653 189 988 54 -624 -900 -651 845 -579 -875 640 966 -577 134 515 616 253 697 714 698 -174 669 -534 -777 215 -271 601 -479 926 -432 72 -305 161 -320 -257 184 109 -791 276 207 -414 136 -858 246 901 -60 -537 453 989 335 -910 650 990 123 -763 729 -622 -960 -529 992 -936 -696 865 -118 1000 511 -621 757 -34 269 -675 114 -266 -739 871 943 162 -738 285 461 608 -552 496 -585 -513 701 -973 802 381 -80 -670 460 -791 499 671 56 917 -179 220 -205 956 -437 971 -414 -871 -757 -412 -172 340 -314 -449 200 -495 992 -685 205 -44 43 -453 113 -375 188 69 -470 -627 -617 -164 528 -719 -27 -623 615 580 -356 250 -341 -822 505 -421 -100 500 -75 404 -95 -997 -662 -371 210 -184 983 183 494 -349 980 -189 837 262 672 188 -54 -438 180 287 550 -721 -312 354 740 509 222 808 871 69 850 -895 -812 131 -110 -556 -928 -90 -836 -170 841 754 559 -189 479 -340 -297 -825 846 -375 388 358 97 -650 342 -889 -969 -19 814 174 -865 -959 181
-630 789 -731 -752 -969 977 588 -164 917 -931 689 -282 -37 -955 -533 -591 -496 -151 -289 957 -77 981 571 -511 656 -257 696 918 754 -666 -773 825 505 -467 875 189 -663 929 -676 -307 -786 -624 405 -258 426 -373 -485 -260 98 -172 -456 -598 -524 922 950 -114 -725 651 -921 -553 -486 -449 20 604 389 -627 149 -467 -263 -512 -917 748 -53 538 -239 -629 -573 -465 -11 395 -112 525 -281 145 -291 -893 549 706 295 -58 -225 361 -334 749 26 -168 -282 218 -452 -311 -931 -673 458 -331 597 -460 829 382 -720 -300 -630 -180 833 858 260 -195 301 590 -589 -969 -942 151 -761 837 -759 -407 637 669 426 958 105 275 707 -535 -560 -688 -173 617 716 -573 882 903 -581 916 -803 -499 380 -907 -862 -412 -54 731 194 35 -398 -989 -441 -891 -534 -308 360 106 826 104 417 -150 -438 445 894 -340 858 -652 -574 -493 -640 -386 821 -841 104 -822 652 936 -730 237 -368 930 893 107 510 728 -64 709 760 228 -309 -207 -13 491 -685 -662 745 940 -289 -865 52 946 775 -581 40 764 780 -88 -111 -628 -687 967 782 -605 -163 241 695 -16 411 -536 470 129 -723 435 259 -72 542 -949 -971 -943 -892 -795 29 831 -622 -154 -634 -859 -51 -475 -299 -618 -1000 -410 834 117 -484 359 330 -456 974 753 -473 -982 833 -3 26 797 575 810 212 -646 -537 315 639 -961 215 202 522 907 592 -400 811 -614 757 -518 -890 -798 -451 765 -427 184 453 920 -775 -145 174 710 182 665 755 -217 -427 900 857 473 692 551 471 -764 312 -753 863 990 -664 -152 -636 -631 -666 -688 -110 -369 -603 -674 -690 -507 732 687 932 156 -274 -873 -251 792 -152 -969 -646 -984 367 469 -551 -480
399 -524 942 -807 894 532 572 117 43 -947 902 824 54 207 793 23 -863 896 -449 300 -292 231 768 -976 -522 129 -102 862 -745 929 588 139 -937 274 -265 633 -101 139 -748 843 -484 -226 275 -262 142 677 693 -92 -588 -700 501 383 -207 -351 -22 -493 -771 214 -143 902 958 -663 462 -466 728 -249 783 -78 -277 642 -193 515 117 302 639 752 -833 -915 657 -555 526 422 288 244 -654 527 -821 -582 -776 -782 -757 -374 -227 -470 -719 463 811 -883 -972 536 238 299 758 -26 455 343 -554 608 265 -408 -125 344 749 -667 -282 -907 976 -436 -155 431 295 -720 561 -726 -1 -488 -425 -338 -667 167 -578 -118 -161 -12 660 -746 484 883 287 865 96 1 -566 -520 -959 599 765 78 200 293 -107 650 893 899 -715 -612 503 -814 -640 491 453 833 876 -788 425 -883 -191 39 792 378 725 34 -612 -142 -129 660 -387 431 -178 -160 770 -819 446 -992 -277 462 -220 313 -69 320 -402 715 -394 -153 402 653 937 328 -754 400 466 669 -956 -349 -164 920 317 -724 -601 899 -526 903 697 0 33 52 -71 -865 -204 647 205 535 563 -645 -415 290 -275 -900 899 -667 -209 85 -327 240 -776 -313 945 -701 831 509 -89 832 27 -20 400 486 -19 -445 -551 -724 464 968 237 65 -269 897 62 -814 327 -251 948 137 -611 896 -477 -286 626 -96 429 -373 -236 633 95 503 -223 -570 -257 659 17 -364 -670 856 761 482 924 787 606 -608 707 824 936 -405 173 664 -370 696 -907 61 -150 -407 859 -879 243 387 499 226 24 -861 381 -585 496 -756 613 -132 627 -247 921 -394 -933 790 270 -154 -248 249 225 690 -846 -985 -34 835 -907 -574 518 -603 588 -304 584
946 -17 539 115 -431 -413 413 251 -222 -800 -861 595 470 -281 31 305 -442 -449 -687 395 -665 -960 -876 463 -781 -956 -485 524 -472 -395 32 9 -807 -778 -245 -883 -35 776 335 -750 -271 -154 840 -396 -505 -115 -224 -707 969 483 83 -463 381 -968 145 904 -566 -408 -454 -511 97 85 254 -199 -379 955 -43 -580 847 151 751 -665 -496 -554 84 102 -900 -62 154 920 442 -53 -44 -118 -471 -800 -485 882 39 -605 964 -252 684 -767 -717 -429 -416 864 628 631 -877 -286 384 23 846 397 846 950 -860 -866 958 -441 288 425 531 -874 468 999 -954 -347 -977 669 23 473 15 347 -820 -813 901 -473 -995 259 -390 665 191 -948 -141 967 727 -483 -184 -761 437 -758 369 580 -537 598 225 -811 456 -221 109 784 311 -871 -960 -104 -600 -672 -964 -963 322 -183 702 -591 -693 760 377 554 968 794 172 -160 -307 -368 635 535 376 -910 -238 -596 446 -799 52 901 679 203 168 -908 115 867 709 500 91 850 -196 613 425 -871 120 -53 -827 730 -266 658 59 -841 769 -939 -809 825 43 -626 852 -125 50 946 129 -122 -931 -332 -660 896 85 91 -908 -42 844 -741 -108 -67 -562 -996 777 -304 -148 -466 -358 -75 -283 437 -238 -451 226 413 17 338 -116 -744 894 -63 -286 192 877 887 819 -703 347 -855 748 -577 -439 -20 778 -247 238 794 590 290 -530 -410 -334 706 -740 264 -43 -149 181 695 781 -623 132 610 236 -639 991 -499 -165 -766 -333 232 -804 -632 768 394 -874 -525 -537 717 766 37 -661 502 74 -700 354 -811 -541 -893 488 -750 538 -213 -582 -213 -822 -906 842 64 404 -527 -163 -70 61 48 858 -190 918 611 240 -844 757 -546 46 506 952 117
-303 339 657 -663 -846 745 956 472 -959 -935 -360 217 -121 225 -481 836 331 -226 -794 -161 998 -478 -860 -526 600 -29 -470 -552 701 837 -757 850 342 -714 237 817 -309 -764 -83 298 -504 -518 -627 30 479 715 525 779 382 -710 -120 -138 -39 -613 -469 580 310 705 335 111 67 20 812 -94 343 664 891 680 -467 352 681 -169 -440 6 918 741 -531 -875 876 -32 -181 923 -234 -781 784 -51 346 176 -430 949 213 926 -488 277 765 -49 -68 353 -520 166 240 -652 -959 -323 -111 822 57 112 322 -735 484 601 -371 488 338 643 -824 913 -543 386 591 -975 735 -31 -901 -491 245 146 787 933 181 -594 990 194 -860 -950 798 -769 933 -500 -925 236 124 173 -678 806 206 -397 -167 -500 743 -279 152 807 242 -459 -996 267 819 -36 -684 -605 588 548 -737 274 -975 215 -791 -885 107 -975 -639 231 801 663 -196 725 -386 -172 -543 -746 -579 -812 911 -811 -154 791 418 -137 87 834 -759 144 -906 -986 162 143 48 346 -844 632 -669 191 -44 -225 -484 -576 89 -603 245 -694 -981 -170 708 -820 353 95 925 -326 -11 645 -647 307 -487 -474 -679 492 -149 -983 307 166 999 -65 547 729 -58 211 652 905 570 -728 130 523 -110 426 582 -37 909 734 -639 692 682 459 -905 -148 -986 39 -869 182 139 -169 -397 60 740 -985 554 -481 969 858 -865 -655 -467 95 820 -982 62 499 -118 334 -689 -49 105 -118 567 -827 -593 491 -848 -413 658 -808 272 -962 290 -461 -650 -165 -588 -756 739 529 -923 416 -361 716 -10 743 -572 825 175 344 533 -671 46 -903 805 -612 -120 455 645 -733 487 988 -843 -36 852 924 95 -184 -436 798 484 -22 257 138 352 176 -843
756 -398 561 -473 -853 547 818 255 -737 512 960 -903 634 447 -342 0 651 -43 442 -988 -339 -878 400 676 -540 801 -167 -437 324 -190 310 -680 522 -286 -21 -397 229 -764 -418 -604 970 -748 319 594 166 40 494 812 -423 -302 -340 -24 -813 -117 26 -362 -500 -655 -884 324 -807 52 -515 858 682 603 -110 -800 -687 -663 -488 324 -823 -181 -321 -500 -982 420 171 -125 -889 9 687 -295 32 181 -693 274 -720 -677 435 871 198 747 712 -666 509 -673 -988 746 -18 698 319 -158 -314 26 -271 510 -145 951 333 -766 -687 44 581 -598 -542 -571 880 737 968 -379 149 788 903 325 300 -759 -512 -571 -87 664 -572 310 805 112 -289 310 523 762 -831 460 -71 -983 -307 142 773 639 45 -30 -224 369 -562 571 167 -245 -682 -215 -586 -140 -48 977 361 -338 748 801 -173 -8 318 -128 -730 -885 -63 717 78 -911 -139 602 -381 925 448 770 -308 -127 8 408 590 -363 -927 79 676 -491 117 240 939 -688 -99 856 827 -4 592 -273 583 898 -853 814 -676 -240 -266 -268 739 950 -396 877 998 831 178 -915 -243 828 -96 -597 942 319 981 702 -312 -749 -912 -59 -358 729 -504 -133 565 617 951 -421 -404 -859 525 862 42 -17 788 -930 -215 -245 -511 -394 908 470 -243 -444 -106 542 11 881 -968 -549 707 898 578 504 -291 28 258 369 261 96 -636 134 -426 -969 -51 -351 -879 -751 961 44 313 -687 456 362 24 369 427 202 145 -737 -179 484 -200 -332 -418 -691 919 36 802 -749 962 128 -161 224 -533 -759 688 914 -111 -530 -640 218 412 -601 -224 -216 537 -597 -626 -879 -883 -430 -435 321 791 -251 -672 -477 844 -234 927 628 302 -855 -947 203 -124 -333 501 23
-794 -849 -560 -836 1000 65 514 386 440 -328 715 705 3 598 669 -394 -74 -707 -417 -2 -691 556 472 330 738 -617 975 -630 516 -868 646 -442 781 394 -558 345 -720 655 -515 -171 497 -251 333 -42 -762 191 -579 -597 902 -801 191 486 -251 185 -930 162 -894 887 -375 128 454 928 -521 -556 -2 359 426 501 -185 -830 -356 -322 86 364 -418 266 90 540 -327 -871 303 78 -102 520 -522 -296 -937 231 -242 -588 781 -259 -94 -250 729 829 33 421 282 -219 660 -709 645 -958 425 181 858 -411 -534 -841 190 -35 857 63 -629 326 -570 -11 139 145 4 -88 -790 -175 134 554 759 318 -366 -907 201 78 -484 413 -832 -983 195 878 34 134 808 1000 126 -267 905 829 51 203 393 283 102 -450 -771 -636 254 -50 127 125 -872 163 -300 -183 237 -167 300 521 -635 -665 -428 -259 -51 883 -880 48 633 285 976 -401 868 257 -67 -507 877 -985 659 223 -236 15 138 664 -838 -859 476 308 -771 -652 -960 -909 268 -854 -695 364 584 993 378 564 -678 -406 179 -551 203 -139 -62 -101 480 -947 -205 811 802 -120 -108 -592 -88 382 -864 -479 887 -741 -221 -410 141 781 275 -460 -384 617 -2 987 -899 15 582 -878 -692 -581 264 -892 -316 -26 -481 -619 406 -162 866 141 586 -468 -156 -138 -661 -951 129 -734 -454 -705 -544 922 561 120 -14 87 -788 -476 731 767 -456 64 247 748 -323 -94 -836 -454 -396 375 -937 106 154 -887 -749 647 -674 110 -263 -96 1 -864 -739 846 824 -42 970 330 161 -13 256 781 214 448 -371 -414 -96 324 364 768 -666 -531 -104 -539 -439 727 913 790 -234 516 -777 -545 -235 -339 -518 417 230 852 -571 -564 -974 227 -498 182 681 774 899
885 814 -533 -974 -564 852 -510 -380 994 -56 -108 897 -602 464 803 136 -476 -570 -215 -32 -334 -616 882 245 -378 28 518 -268 -523 -275 285 -455 309 -253 310 -301 480 771 -998 -111 -789 -270 -556 130 -649 619 -701 44 816 -453 50 -985 539 439 -313 -759 -802 -648 -646 -56 524 894 722 984 -498 -357 247 -818 -492 -780 822 735 -258 723 -602 -132 290 699 833 538 825 -8 410 -476 -384 -286 -848 185 -345 425 -482 563 -644 702 -309 687 -206 945 -1000 -350 -444 46 506 460 643 -465 279 266 -125 298 540 -256 530 495 980 550 310 862 -836 -141 592 652 -448 -69 -969 897 -630 55 -649 152 951 30 360 780 -5 -309 -45 -465 -369 -919 60 317 458 -357 112 -220 -610 -63 436 825 428 504 -358 -814 -129 371 -40 888 -572 -673 79 -2 22 338 -506 106 571 -745 -620 95 30 107 181 17 420 -711 252 650 -340 -460 62 -592 -474 902 49 261 668 158 -308 -848 407 -99 182 313 -337 -514 744 -929 -30 -977 -378 -851 -312 -727 -548 -924 -333 -987 131 -720 -49 -830 296 397 418 -920 -928 -612 271 -422 346 262 383 310 -811 -227 -288 -35 -529 903 97 -921 264 785 471 20 491 275 -58 632 931 757 -129 -219 -402 419 -186 -205 676 6 -850 -82 608 -277 112 -230 -950 -43 -328 950 -970 -996 -18 -488 -416 994 -216 -125 -656 -479 681 130 995 -364 -654 -995 619 -447 -426 -434 -991 113 492 977 -338 -816 -956 805 494 374 937 478 237 -296 -94 -789 968 529 341 -21 93 359 -650 69 -414 756 -15 -21 837 -778 663 -378 696 33 596 353 956 639 518 -671 -45 -286 685 164 -408 779 732 -804 904 -953 552 -688 821 61 -756 -284 -44 520 -311 678 847 -211
-653 703 345 -200 -641 804 64 -632 -706 155 861 751 -696 -391 -93 181 864 -411 -286 449 -509 17 998 -801 545 874 711 -236 -487 349 963 -600 649 -750 -878 -378 -560 505 -792 -45 663 606 991 194 -512 -386 -889 -212 262 -591 -135 -220 890 220 -359 539 662 513 -122 364 261 -675 -632 -580 563 105 -517 -298 890 -865 -834 251 -550 346 -235 603 -881 456 -637 -577 895 119 393 -478 429 -982 -54 -299 -309 704 -641 -715 -842 -158 -121 -77 -332 -711 1 -655 7 -423 -596 656 403 -439 550 392 267 872 -702 148 699 -509 -468 -175 -42 33 735 641 -130 -984 933 -473 -471 -552 492 862 -441 -800 569 42 -882 76 -926 -148 -196 -369 -840 -728 682 -192 875 12 39 -929 -726 -270 950 -895 262 530 285 271 -323 -575 653 -829 839 366 -370 -686 247 94 758 -226 169 609 -806 786 68 -631 -361 523 976 -276 350 -271 554 415 370 206 -86 675 184 355 874 -447 -960 -419 536 112 -674 965 678 -1000 -508 685 473 391 165 -332 369 -945 426 630 258 686 -711 646 546 -70 709 -118 847 708 492 11 622 -55 -597 441 998 796 13 -706 725 -623 905 875 -319 946 -745 426 -838 -133 5 -251 120 -801 109 455 127 -293 -875 990 134 443 -42 629 -856 -609 637 -196 612 561 895 318 -641 567 -392 883 -846 488 -178 -631 716 -42 274 -340 993 -288 659 391 719 501 344 -216 -248 301 502 -424 -708 528 380 581 775 813 -713 560 461 650 433 -146 991 892 -150 -123 -342 -857 738 -85 419 525 401 -230 820 420 413 -66 -561 -138 86 -109 805 -436 8 699 -406 996 -203 -759 74 -934 856 923 -388 -624 213 322 -675 347 535 346 -586 -356 113 -307 405 48 -962 462 -316
-57 -664 15 976 178 794 921 825 -364 617 825 962 283 154 36 -943 622 -65 -493 818 -368 -112 -885 742 870 526 264 136 -653 -177 702 98 -549 154 936 -734 381 55 -680 430 -104 385 -713 -842 -805 383 481 -518 771 26 -210 -890 -104 -124 -132 -308 -700 882 701 528 -214 -833 747 -607 316 -603 654 325 -293 106 -176 -8 437 -907 -781 521 -717 -347 490 590 -79 -818 -267 326 675 -729 -135 -692 -673 960 -655 995 841 64 688 -729 897 228 -596 -609 288 884 565 162 -835 575 232 -131 -905 -87 491 -814 -550 531 -726 -316 -652 -616 -330 247 -598 -171 568 -700 -374 219 -30 193 -108 358 -564 -415 -619 -810 934 831 819 -618 776 -348 -882 -319 76 590 -1 497 -898 777 -273 683 -29 707 -167 -734 179 743 -873 -854 -911 997 699 -205 -339 826 -59 126 273 -216 -716 910 -666 824 -124 -50 939 -590 813 306 346 758 661 -65 670 378 867 -729 -332 -801 908 -863 362 754 335 812 -945 -478 -236 -504 -41 -476 883 -536 -964 -925 -86 -823 409 -734 691 751 768 182 -617 50 -802 -939 -310 801 553 707 -917 -195 -360 898 456 892 310 112 460 210 -995 439 -364 317 992 -401 -976 645 105 -262 -327 812 434 -75 518 -575 998 -645 964 974 796 651 -794 -873 -39 931 679 482 -590 -886 -958 13 186 -39 -418 293 -665 -803 -632 69 523 -814 694 64 -939 179 -635 295 -986 34 461 -313 -125 649 327 -638 596 155 957 562 703 -995 724 -868 847 -745 -81 758 -286 -344 -623 771 188 -677 630 318 661 119 19 -24 -404 912 347 696 -426 331 136 778 496 576 -918 357 -885 622 -363 -364 -256 979 700 584 -936 631 -659 747 789 17 954 -350 -827 780 -884 -133 471 408
-815 587 -899 360 -337 -106 33 -851 -474 -314 838 202 -989 712 -190 958 577 553 -574 -699 -953 432 280 -218 573 484 303 -413 306 967 -556 571 103 159 946 -836 -723 605 806 368 707 -58 -434 976 -222 -409 328 -716 -827 -184 -585 690 -504 743 -259 -54 844 -452 250 -606 -861 -794 -67 892 172 897 -517 -427 377 543 615 -79 -224 -600 65 916 366 233 -862 -440 -984 -911 607 -910 -347 -690 20 -86 404 -674 -213 737 -765 -406 -604 -82 581 -454 507 -249 394 541 602 -48 245 437 551 864 -936 218 191 33 -623 -932 318 -804 -47 392 -518 777 167 2 -113 -212 223 -765 145 -537 437 -262 467 159 934 407 239 -669 499 -945 767 -45 813 -212 250 -659 -454 894 221 982 -611 18 912 436 -492 802 629 -709 -408 -326 -844 666 783 407 91 250 -123 825 -989 -607 -122 -819 -250 -462 -5 -544 -571 -600 806 812 898 -34 -490 -231 -697 294 316 496 -532 299 936 -371 641 183 -475 -885 287 -248 -787 423 125 -755 475 -944 -412 -111 -574 -952 975 -630 322 629 283 -671 -879 -405 525 -590 -265 -190 -661 -542 179 11 254 968 535 262 374 -62 -902 8 937 -158 594 -223 595 -119 47 4 -837 490 757 -325 990 -555 328 -904 440 290 291 -17 -957 -226 156 913 235 -700 -856 -48 -229 -31 -473 468 819 -642 702 943 783 69 -625 193 760 -475 -817 -703 850 -567 -101 -417 -66 -574 -260 822 687 948 191 -664 804 923 423 112 672 -252 -519 691 323 -428 -713 330 -773 -407 888 -461 -95 819 479 -214 199 788 949 -469 -833 476 561 378 282 593 -891 -617 237 519 -75 959 407 597 -701 515 -329 190 -706 791 302 -393 473 480 -456 287 -912 160 -907 113 489 565 203 -550 -884
465 -79 -389 829 -158 -569 -969 501 -170 -89 -712 3 847 211 727 -598 -491 134 174 -245 -191 178 752 -896 -704 494 512 -887 -180 -138 -422 276 -147 -707 -192 371 62 798 99 12 949 581 -250 716 930 638 284 -865 132 272 -841 250 860 -383 893 -227 15 -881 -75 388 -479 -318 707 -601 -33 -463 -787 -135 -425 -427 325 913 -990 224 -383 -813 439 -274 521 480 475 -373 -289 -886 -667 -613 753 482 -941 -11 -357 -861 -377 -572 768 -836 467 -259 -51 -806 956 205 982 -641 -391 455 -386 -461 297 -753 -262 -252 -923 -951 1 -267 -585 -566 302 -813 939 722 -8 -324 535 266 668 -99 833 223 -99 -776 14 -664 767 -295 -240 -186 425 88 936 664 669 -391 -373 541 431 964 76 -527 -786 960 206 -320 -77 -810 63 557 -506 -562 -617 -204 -485 -346 -7 782 663 20 -718 -879 481 403 -416 -509 -501 841 683 957 -542 -248 657 883 -707 608 821 167 863 -657 -313 -76 369 638 802 -500 966 122 517 -677 -184 141 670 -54 -387 -935 -261 599 78 -602 -324 -739 -711 326 182 433 621 -355 893 -424 -920 -496 -454 185 -562 -321 310 731 -129 271 782 -747 905 122 -792 469 556 -393 820 754 -186 512 807 -961 470 -409 502 -548 192 -655 -510 201 437 243 465 -903 20 265 231 -208 -718 -359 -805 569 -339 -920 -833 -329 794 16 -239 -182 -860 -417 -716 -85 891 -68 -20 -963 998 444 -638 75 -569 912 -8 -955 868 -204 817 -679 -441 -515 -899 -547 394 -980 258 -389 773 166 384 -418 305 -413 406 -522 78 622 -969 784 810 -700 81 -502 -871 -433 -368 361 317 -596 -454 281 -843 -80 -562 -619 -857 254 -391 -385 726 -389 -529 259 -406 -595 679 306 164 -518 19 980 911 -100 -27 860
199 -316 -723 -212 708 -318 -101 91 -164 -241 -487 950 402 549 540 -884 747 -271 508 -854 -388 89 383 -552 -119 -217 -303 -630 247 -942 -505 431 -491 -296 391 -685 768 21 684 -824 950 -702 -536 -469 -396 286 423 -834 -764 -845 35 -742 -632 -399 -469 639 488 959 250 410 731 571 572 -449 951 -347 44 306 -850 614 248 -202 -596 971 100 27 403 -86 -613 -822 -424 -720 700 912 -343 880 69 -424 772 75 -255 774 -834 -298 -354 -901 429 801 256 45 111 -511 831 -492 81 -758 872 14 -540 -253 -317 -872 695 -657 930 484 675 -893 -525 -148 -144 677 301 -286 -806 -436 547 -888 955 163 -710 -881 -744 -790 460 -645 -807 -324 717 -985 178 -338 132 921 663 -440 978 767 -815 -174 109 980 82 -378 -338 -117 761 -426 480 179 90 353 -726 -810 -197 283 217 -777 765 519 572 -965 419 -322 378 309 -234 743 693 928 268 -199 -62 488 -326 -657 115 -424 -195 -86 -822 -133 -414 -754 213 -646 -538 989 213 -573 -527 860 -327 574 256 684 592 -805 -139 276 -166 -931 -99 737 163 -389 530 247 628 989 839 -987 49 -853 -162 927 -565 479 -558 -366 -570 -874 545 659 -841 717 630 733 57 -25 -471 601 4 -835 468 479 -471 -641 744 -536 -967 -894 -247 -311 72 -67 872 -70 128 -450 -911 -864 900 716 -710 516 853 -407 870 -327 -226 704 -858 382 407 830 -42 273 -796 195 -603 -309 -563 -452 -688 -813 -778 -392 -652 -732 961 -694 -74 -886 642 -709 -149 -820 311 -530 974 78 738 673 -778 624 -706 31 515 583 30 147 -554 -60 920 224 572 806 544 -954 570 -496 -444 450 -181 -306 970 344 616 -409 -388 63 336 -9 52 -781 -532 791 925 59 190 -110 785 99 -135 973 112
506 -812 -419 -338 919 -119 -50 122 472 38 -114 -115 -990 747 -867 -633 912 -878 -810 -33 -220 359 51 -223 22 844 -412 -68 574 443 -312 -276 860 -4 770 737 -55 329 -609 -12 -747 -582 860 -728 -356 541 -281 512 180 32 -115 921 476 41 -786 168 -803 637 257 -269 260 72 -611 417 679 -236 541 -707 663 787 -922 358 651 -335 -537 -854 -89 -372 -358 438 -967 625 -541 -749 443 424 -564 -599 -262 544 -645 15 791 652 205 782 -904 270 -358 -867 706 -685 -403 698 259 -481 -747 -327 -844 251 64 476 577 -702 154 -522 -971 -855 614 -442 -171 323 298 565 -997 785 -131 -58 348 -349 -244 -237 721 -376 979 -93 568 -834 497 -950 -762 -665 -934 652 -762 -878 869 -555 532 933 597 132 962 109 -625 790 387 -728 45 -501 -90 -466 -663 635 -763 492 985 -748 109 181 -44 -896 -893 927 460 -888 -788 355 902 609 219 171 53 478 431 40 -412 460 -173 191 -268 -796 -792 -618 366 424 -465 229 -667 -437 -676 -397 -289 -570 416 198 693 -536 -181 -81 135 -763 538 -622 -695 643 553 -556 992 -9 -713 996 844 -140 470 79 -285 -353 327 255 -944 700 -684 885 -184 -748 -578 -346 -191 -640 -184 624 -431 -229 -185 7 -3 89 771 932 589 935 658 109 -241 843 114 166 950 220 -252 253 996 15 -325 -58 -997 -532 543 819 834 -822 383 -39 511 -324 989 -494 332 648 813 314 933 -311 724 -349 -649 -315 861 974 -143 -737 101 589 -475 261 -181 618 947 860 950 766 635 -60 474 854 440 -567 -857 108 841 -215 747 216 369 311 -181 38 622 200 -814 388 -627 74 895 -856 490 660 -842 -122 861 236 -634 820 104 141 937 819 995 342 832 -259 641 -975 -804 181 311 913
409 -963 910 -14 -457 268 480 881 724 731 -272 268 88 -423 243 -635 -261 -828 -552 165 -35 -787 550 540 362 722 -632 713 782 289 -978 -460 163 279 267 -211 397 654 -841 -353 -912 784 228 -569 -218 828 -105 -267 834 511 -553 796 399 751 -422 -135 924 674 270 646 690 433 924 -413 -16 204 387 -797 -830 -170 639 -521 858 -539 -250 -104 301 590 -512 386 -47 -479 -949 391 210 278 -227 543 -414 571 -751 -52 -246 -723 412 -847 -544 -552 921 -980 553 -934 -97 -69 -196 862 225 273 -655 -643 728 -175 122 924 -103 559 -156 828 532 392 580 51 197 67 -690 -695 -962 -482 405 -612 407 -594 -221 -339 -952 785 -685 -446 815 -761 -748 307 -436 -655 -220 554 880 641 281 -527 868 -919 996 433 778 889 109 -547 944 63 -482 9 547 -115 133 -112 483 105 -544 -195 -969 -993 985 226 -67 379 629 -725 633 777 -61 -631 -201 293 -51 -69 186 511 -446 932 168 233 -944 -554 -349 -911 -471 408 -106 430 765 -567 -779 914 -987 -117 -741 -10 87 -683 -544 -972 675 -906 241 -859 -156 -181 967 847 -962 526 -203 -824 792 -252 -413 -134 -597 848 612 -965 -743 876 -365 -261 880 432 166 -47 -762 95 118 569 -516 -529 -793 -240 520 -662 216 386 244 138 -636 -263 -233 79 -971 854 -19 -422 360 322 -566 -270 -156 283 724 557 -983 -67 678 -387 227 51 -344 895 -650 -1 907 500 -621 -618 641 -39 -940 -148 85 232 911 365 877 -300 893 -203 -824 152 -61 -116 -990 -51 727 702 -22 36 818 -988 -912 -565 -476 671 -158 576 656 -367 -714 337 139 -969 942 497 -493 33 -546 -178 -789 605 -819 494 -609 -47 -150 318 -237 753 -885 -57 668 691 -218 457 354 -233 407 -119 -660 139 105
111 -942 -871 636 -119 -384 -438 -861 618 189 -843 -284 123 -279 388 -457 543 85 588 -843 105 -41 -297 83 755 -591 -205 -114 -739 -74 -666 -138 -711 328 727 445 -368 492 173 321 332 217 -199 378 439 343 -468 798 -735 174 992 -907 -475 750 831 677 355 -565 124 46 293 807 883 845 -754 466 -578 670 238 210 -232 989 -919 -141 -353 259 692 -418 -390 -487 171 421 -154 -243 716 -145 678 504 658 819 -965 125 -29 -386 -558 765 -326 -957 -619 829 737 -940 58 -66 64 -209 -552 -596 -902 490 562 244 195 -815 -829 -3 -755 -956 -156 -922 -708 -807 661 623 601 76 552 799 372 -731 673 211 -341 -785 -859 298 670 495 114 -482 805 -886 25 78 573 -131 637 -25 -994 1000 -32 -31 -763 -80 -986 276 921 7 -928 -499 -793 -993 147 201 145 46 -76 -295 -402 298 -562 -20 -5 -15 -329 3 950 387 -903 822 -813 515 118 -878 959 240 -266 -232 693 704 -896 726 847 465 -939 657 919 785 -526 246 -24 109 475 -378 -132 576 669 -16 311 919 695 340 254 -463 -107 967 -469 -238 930 309 -758 781 -68 -456 -753 -484 -796 490 823 117 -661 -384 450 435 -592 225 975 -846 773 -217 268 -684 204 636 460 -531 804 -44 427 428 -57 886 554 517 -10 -479 -151 -577 -738 574 5 661 474 654 794 -708 -548 -583 -29 935 -230 312 -533 324 752 -742 490 -515 -826 104 671 815 682 548 209 -266 295 211 367 813 123 667 33 -683 426 22 -667 -168 952 412 -666 -137 495 388 471 219 -520 260 -123 674 249 881 10 -37 -39 -948 -519 98 -914 944 192 178 925 -784 185 -123 853 -393 470 805 -709 207 -631 -625 599 224 369 523 701 -367 -186 404 -448 -969 40 -358 -947 136 -682 633
-406 492 -151 -823 109 -630 870 741 313 530 -869 526 157 243 -979 -637 -160 -334 928 296 479 -914 922 449 -469 -258 243 487 682 -205 553 -567 381 -521 937 190 392 767 178 -22 -613 -605 -336 -447 76 -767 -101 171 15 224 -605 -57 523 393 967 648 865 -114 -443 942 -192 992 -748 354 720 -853 116 -691 -162 328 507 74 397 872 -917 -514 702 322 436 -496 48 794 170 468 802 -788 -3 310 610 924 165 154 928 -691 -941 25 336 186 -706 -796 -193 -107 804 375 -126 -638 193 36 -642 -480 -311 -704 -924 -277 -234 -473 -46 899 569 -217 63 -446 -66 466 721 730 -872 -394 -810 220 75 -205 754 -909 -922 733 -141 -521 -868 -692 -987 463 -471 -779 341 693 638 -685 -743 328 -32 158 -727 75 946 -706 129 -774 -744 -133 754 82 -370 905 -790 441 470 -611 343 -571 55 -775 646 293 795 568 -620 379 -515 -188 158 732 -998 384 -863 -849 26 654 652 -272 389 874 -711 -619 -346 -638 294 187 -868 -347 201 882 237 271 18 936 91 -441 719 -576 205 191 546 -931 -219 944 185 -147 -592 603 -132 -455 -680 978 492 798 181 500 -980 493 400 -8 -892 -72 201 479 -502 -877 -679 -762 -431 34 372 -316 430 -954 -998 -459 -353 -139 -873 -106 -407 -629 824 -492 303 -516 821 -607 -452 -292 -33 -321 -646 -231 -708 -83 689 409 -935 -554 -203 536 21 809 389 -203 -119 454 -69 98 -511 -271 105 320 -216 -758 525 114 -891 285 767 -409 -306 143 -918 889 -988 888 -564 -876 9 140 -429 328 930 -551 391 -996 -2 749 186 -929 308 -234 -854 -146 -509 647 -511 440 737 952 -609 -504 -805 -226 -852 -827 796 -423 642 -534 877 262 170 -135 -469 178 478 -68 230 -627 434 61 925 294 -682 -843 510
-454 -186 -996 -717 960 -124 768 281 51 479 -490 -568 117 190 578 -961 307 483 33 -683 -513 717 -314 383 772 -787 335 -316 -194 -933 -230 -506 -455 -366 -106 -533 -596 -891 -884 -928 -442 711 974 -800 -942 141 494 80 -830 -971 342 102 -712 780 -475 659 -57 197 244 -594 506 -547 745 -704 273 -273 -546 741 -931 -615 -178 974 359 -821 -346 964 -407 -56 -343 174 -422 613 956 570 -485 -220 417 86 -421 -112 -510 -202 -347 453 -563 542 935 -844 948 -155 -569 -318 -864 962 -764 792 975 -294 -3 129 -586 -542 -185 488 771 -220 467 -285 226 858 -423 154 -196 764 326 -666 -761 -267 599 203 -813 924 899 -774 -596 -133 -619 -168 -553 106 172 446 -797 -318 -904 620 -753 561 -703 650 -226 505 89 -150 -564 9 -438 -580 -515 -60 486 831 863 301 -436 -47 -363 774 -848 -178 -438 -601 629 481 426 -904 815 362 -745 919 -444 -891 696 307 303 838 397 462 823 311 -208 -768 -300 35 239 -106 899 642 840 -291 932 184 -547 -386 -999 -176 695 -357 550 -604 -839 860 -579 655 -200 109 850 169 -588 903 577 485 151 704 -195 317 192 -207 -124 -783 -943 423 -977 374 -678 -260 -988 809 -305 -96 789 291 -452 -59 -785 759 -807 203 -693 -666 995 -515 -304 0 612 -878 134 880 83 720 -563 -750 -91 195 -203 -918 -944 536 -369 -608 909 -309 -176 863 -369 -967 725 -903 189 -159 957 -476 315 -815 950 -250 -398 -30 -965 127 -5 -82 -840 -787 987 -13 -488 471 406 -951 -527 400 820 526 -245 -606 521 -286 350 -959 567 -98 -280 -705 205 -563 -951 -337 661 238 776 -47 -70 -549 -928 -264 -969 -165 374 -194 794 -981 -449 416 670 -342 111 -133 -803 -648 -108 -202 -403 507 49 -476 -781 279 180 424 -89 -892
811 -380 795 -296 -604 -575 323 -211 189 818 -50 -506 112 38 680 -333 -471 -604 941 -145 -735 -6 -728 -201 -919 -274 30 -616 241 -924 670 -376 -990 -22 691 -366 -81 111 341 -187 469 -896 564 45 -22 569 -948 -32 -209 64 985 -593 899 -785 451 753 -107 434 -25 45 536 187 66 105 -395 -293 236 -674 -903 276 345 -456 -732 432 -320 -113 -67 401 528 204 770 100 -164 -127 479 -296 -731 525 -392 40 863 599 -296 -725 263 702 174 -289 441 488 -54 -90 794 -80 -354 437 -51 -918 -661 114 21 -397 843 -365 -715 -728 4 -625 -708 332 -640 -191 -654 -771 556 -625 530 289 -391 -274 934 -885 -923 -141 -638 876 -363 35 -986 -321 -933 935 -228 241 902 59 609 604 521 412 348 -800 -903 409 -266 -22 487 -469 328 224 -749 -973 236 234 370 817 -811 -898 -576 102 102 -488 -301 492 -200 565 -149 333 -562 -993 -331 -75 742 -977 570 505 -648 -779 -129 -652 -145 -230 -1 836 -328 -961 497 -492 -893 -491 536 169 181 904 -284 107 -218 665 -922 62 444 -962 593 -447 913 370 -721 -477 -861 -724 192 540 225 391 -898 -877 -332 -385 674 698 993 942 999 71 733 62 -173 632 -719 -714 -600 -515 -312 -587 -524 876 -187 -255 -496 -42 -139 -141 -105 -422 -278 431 -842 365 -972 822 -731 -362 911 369 924 -313 -907 563 -507 -607 771 -655 -506 949 -408 -956 -535 23 774 965 268 214 -902 914 -96 348 937 -248 425 -335 119 -896 359 469 -410 739 -507 -731 881 874 -620 -399 -552 568 927 579 748 921 537 -217 -12 456 377 958 -463 942 -300 -837 -570 -822 -577 329 -20 -119 907 -220 -677 -181 223 495 467 683 706 -936 726 831 180 -451 -581 -881 484 -889 -890 -97 -228 -452 -407 849 808 -41 87 -494 280
-587 -619 -593 521 -455 -669 -349 -329 944 885 564 -596 241 554 -205 -168 239 786 761 -999 272 616 111 -148 25 -628 826 493 -270 -75 424 408 992 688 -132 947 -341 -751 288 992 -489 33 246 298 953 -252 794 949 -756 -879 -843 351 720 -143 375 395 326 -649 -879 569 -187 832 -907 927 -79 971 -696 396 670 -644 -648 -370 880 399 517 -427 95 637 36 495 733 -184 595 583 416 543 -287 -835 620 -605 346 -223 -151 -228 -229 204 -669 779 -500 741 -967 -483 -770 941 -339 889 268 -372 -126 -626 940 -64 33 776 -275 -377 -653 441 -584 622 422 682 -716 930 73 -544 309 9 507 258 732 -825 -992 -583 -675 -197 -181 708 202 868 -785 843 -149 -32 -552 -482 593 -695 407 668 885 857 510 -667 -376 869 -949 43 -477 -844 683 124 700 -153 398 -626 314 -460 -823 869 -180 689 -781 313 542 -100 -216 220 16 445 -23 -621 -638 650 884 171 251 -915 -175 -204 868 -290 -801 530 -512 -926 -565 611 -701 745 -861 -848 555 -475 641 628 295 -252 -470 710 201 891 -182 851 -793 468 -668 282 -806 -948 240 257 -802 951 300 591 -175 -158 -785 -817 19 222 -249 210 -789 903 781 558 -65 803 -637 -669 -452 -570 -55 -387 -48 -889 -129 -5 -833 89 -100 -591 -721 -734 650 -245 54 925 -854 6 634 134 493 -775 456 -706 -694 402 -250 -143 -977 364 166 687 -344 355 -74 142 325 808 -201 -590 430 360 551 558 -347 -530 -213 -394 797 -245 171 -853 -517 107 -165 -298 20 666 532 894 481 -538 -557 189 605 195 705 -194 504 -208 64 388 -556 741 9 271 837 86 629 34 372 712 190 448 41 -455 763 463 743 -608 -553 -183 459 956 -70 922 49 331 -714 824 -484 -798 413 479 169 113 -272 -417 969 704
102 -154 376 -100 610 770 493 314 -925 -639 406 -263 57 -418 875 774 -909 -202 -356 26 -760 924 -762 745 873 271 677 45 -511 -636 828 -421 -44 131 -961 468 -891 467 -115 572 988 -817 -599 196 23 -289 -361 -587 567 467 564 -2 -401 513 703 962 -904 -503 84 -984 516 -120 795 299 998 168 -267 -728 282 -589 -889 106 800 -890 -12 -128 -779 -61 -587 -5 -5 -880 -15 380 -177 371 -60 824 -543 593 600 -879 780 692 -514 -367 -769 493 149 504 -683 -499 -577 243 -226 745 -969 -458 -795 822 -693 -349 -612 946 382 -518 -98 -407 -916 -16 -11 -726 -778 665 -905 -268 -193 -672 946 799 648 31 823 -753 -63 -185 461 -396 -276 -603 -866 703 -211 123 -845 736 752 -705 407 277 -482 -455 -126 -124 725 317 213 615 684 377 714 -21 91 -833 -728 -283 770 -459 -565 654 714 542 -152 490 207 124 503 -261 748 -920 -30 -474 527 440 41 327 984 798 -671 -830 244 859 486 887 -281 -760 185 916 458 654 -124 585 -548 954 -357 -297 462 -568 132 -40 -861 -692 -862 313 -422 -170 880 -269 174 -482 546 28 -614 554 693 410 -516 -951 137 -531 333 -842 960 468 -927 -199 -249 -559 -720 -932 494 963 -54 470 337 374 518 131 812 -217 429 158 -303 825 -99 995 -999 -485 483 -978 177 572 956 -480 -24 -741 396 -643 984 556 -404 -741 -58 -12 176 440 596 -184 -437 -935 -195 -795 -479 -385 -880 -411 -58 -646 379 -750 69 -794 657 54 758 -275 840 776 -726 -290 -335 724 -187 198 951 124 28 -313 -232 -496 392 -557 557 -815 922 558 616 -932 -390 -363 183 687 357 823 -274 -12 -357 981 -295 711 457 -23 -782 -991 -610 303 761 -592 138 110 -406 -907 -766 723 678 646 625 -833 -594 -292 -406 -834 -249 -498 -98
-229 -609 949 712 611 574 828 -739 -837 770 -690 846 -759 -516 465 968 222 -325 159 783 937 -900 -629 -924 310 200 -19 25 -336 -924 -335 263 123 374 -656 790 -540 -157 956 733 89 621 68 310 -924 -492 -902 -720 -722 -591 -345 103 -138 116 -6 318 -241 -22 -463 -713 757 -250 -972 986 -84 685 -771 323 865 -876 -883 934 -219 665 633 331 -483 -709 423 -605 -515 -667 444 -178 218 -679 -459 806 -184 471 398 263 -628 518 452 239 -462 -606 -582 -479 -14 -655 -202 208 660 -98 -689 333 -551 544 912 501 -396 765 -890 636 -840 650 388 937 344 183 293 864 591 -311 905 -22 999 -771 -445 789 666 191 -391 -718 639 308 593 540 -885 -331 525 -284 923 -411 -891 -327 736 -84 445 -815 528 -964 -971 841 657 -220 765 579 -481 -786 735 497 665 -911 -548 -608 -606 -527 660 244 679 -867 614 470 -299 -817 764 70 879 602 710 194 429 690 -431 -744 -734 -787 -696 -678 724 -927 -397 -214 -748 937 -197 333 -201 -234 258 -947 445 473 -671 427 366 -622 -434 914 -141 698 612 807 670 162 536 612 -237 -666 -646 819 275 -186 721 805 -763 -300 586 -246 822 677 829 -893 -575 -789 -341 -901 -707 -844 417 -699 572 -709 69 765 -480 -756 -984 -258 -125 -358 500 720 29 238 231 -773 -398 130 607 -706 118 126 -2 888 -413 -43 403 -448 885 -760 688 238 -346 -277 -383 -728 330 679 -391 124 -148 931 525 -990 -15 34 3 -934 -991 -437 -483 -670 728 -464 616 2 944 131 -571 -889 -433 -284 10 879 415 -616 -145 -685 -428 -667 604 307 -703 147 544 -401 -207 633 447 -35 -431 790 744 -56 -138 78 96 515 381 244 -982 -805 116 722 547 928 598 704 432 750 736 -48 389 709 -379 -573 -30 520 -271 416 978 565
223 -123 -227 614 -742 -273 49 -502 667 493 706 -835 229 124 620 -435 -592 -114 -649 442 869 -361 323 -676 -409 -8 148 -120 -365 -621 635 359 -759 -468 -395 -266 732 -499 328 -158 717 -720 714 -147 -416 -139 443 -28 -504 90 110 71 456 579 591 657 473 -468 -764 -112 371 351 42 -922 639 325 -986 -755 596 -455 -569 -200 -743 -436 -145 -666 -460 -906 -527 -430 -903 -140 -292 190 904 -709 -64 -976 156 -609 -24 319 681 -592 169 -399 765 -819 987 931 823 134 451 -791 556 -500 889 -80 -577 930 -46 263 -252 -28 687 70 -587 -287 -832 -952 228 -866 -371 -574 693 411 -464 -766 677 -486 708 -934 -633 -221 -357 -483 -229 533 185 -666 461 -842 -740 -192 -564 423 505 -249 630 910 -125 -248 -965 -50 583 -477 -591 -214 -469 66 -285 -811 -877 410 -172 -127 -61 -458 390 572 253 103 748 -136 -241 -193 -596 -296 -882 -569 -20 -570 -185 831 -461 -741 116 951 282 -382 -554 -754 307 -973 818 652 -563 -419 380 436 -663 753 437 -169 594 -681 -552 283 381 -777 -999 839 717 -601 -38 385 13 178 -768 -60 637 -880 -414 409 525 -857 -512 -507 -863 522 617 10 -768 -262 -727 -210 716 -286 -502 516 846 -100 -826 823 -340 999 -162 -813 -25 45 458 641 -491 -930 835 729 239 -947 323 -206 264 -519 -475 811 736 478 221 -683 833 97 815 -528 -526 -363 -165 433 -800 103 819 -616 929 -873 -650 505 -137 -423 -627 87 471 57 982 309 -573 -482 266 -164 -179 -10 738 964 -391 -372 -864 198 -896 993 -615 25 504 -821 -693 275 -879 979 907 -196 28 -469 617 -709 98 479 929 -268 -765 318 957 -46 -439 507 -188 -944 -526 801 838 -855 -103 701 -950 -845 -304 -635 716 -990 -807 817 537 -745 -847 252 -478 -850 -504 -232 -747 108 -727
846 663 -334 848 697 465 -517 -116 -498 -312 -448 524 759 -817 859 775 -856 -180 -493 305 974 -889 -709 -295 -236 -919 -151 -644 -251 526 350 -644 -470 712 -633 313 407 861 431 809 201 -911 446 204 842 -274 496 -598 397 761 -887 -636 -349 211 -829 -689 -77 -551 128 599 282 -531 -865 484 -278 -730 -939 982 907 -351 -13 553 162 -795 -773 638 836 -127 -845 670 -457 8 -914 497 -331 -567 90 459 -438 -647 317 267 -876 841 -636 846 -764 357 853 306 865 891 -210 417 -843 818 -433 646 710 105 -746 100 528 808 -6 350 596 -158 874 976 -689 184 442 -622 270 -795 -509 -662 -155 94 -752 849 -222 340 -188 -602 -524 518 -787 816 -283 -76 -459 446 827 -502 3 -619 226 377 180 -712 600 29 910 900 239 -683 -628 891 277 769 945 -130 121 -910 153 630 592 380 46 259 715 464 -330 886 298 -363 -422 383 393 -390 -5 430 -612 890 -370 -390 967 818 -396 -268 -13 378 129 447 -676 -695 -329 -724 -131 610 -909 -809 103 -682 223 498 -323 468 59 173 222 350 -868 -456 453 -542 533 -491 611 425 -26 450 345 -372 -700 963 111 804 -964 -870 975 -621 -752 -338 765 -877 677 608 585 3 746 792 -816 -779 -981 -809 524 644 149 -348 434 -323 427 -27 -538 -386 -807 376 -289 -556 -943 -404 849 505 339 -90 -561 -401 38 -146 229 -841 213 -676 -669 -650 -587 -83 631 -684 -692 871 2 410 578 213 -733 -166 -752 554 -977 899 -597 832 -440 807 -39 -223 592 -506 642 -291 -482 -63 -260 -690 -114 420 -982 907 217 118 -355 47 370 -166 -821 -184 256 890 -782 453 772 -661 155 132 -516 391 631 52 668 -295 579 -217 683 535 193 -563 -501 790 664 598 864 -210 971 -948 -899 434 -387 618 166 -371 -566 891 -597 -839
563 167 -807 -398 867 349 -568 858 -527 -512 724 -361 580 610 -574 670 -508 24 171 -246 33 521 232 521 638 -833 792 -646 36 -955 -508 -409 807 -668 134 294 561 3 -331 676 408 -252 -330 -569 863 537 -277 -45 704 -465 -505 825 -864 3 856 -211 555 876 -95 483 -393 78 -328 596 -493 -9 -896 -454 -775 -341 -697 237 -189 -271 -690 721 -457 -879 15 -612 668 410 -414 433 -536 399 754 -203 207 26 -273 -63 724 -454 960 -280 619 -213 -417 -141 -439 -271 680 -958 -89 -797 764 -279 552 223 385 206 -867 -371 -440 425 -770 -666 455 -691 304 -174 615 479 120 659 29 219 87 -843 -541 825 257 -75 69 37 405 745 593 -296 -474 772 833 192 -280 -646 998 975 218 -908 -601 213 691 -130 -203 801 249 453 228 37 721 491 -672 406 -375 -855 604 -909 -503 -387 -886 -850 384 300 16 -450 -812 609 991 884 885 894 341 -906 286 65 -782 -871 -877 -782 -356 -270 928 -747 -674 694 -529 960 -872 438 249 -273 122 -484 316 -356 -237 -776 -671 -683 596 782 -548 -346 29 -223 -539 -739 45 375 652 781 -932 -239 820 -342 -501 322 344 892 917 56 783 411 271 -366 -398 600 282 333 -991 -413 136 329 -971 -608 851 -2 -228 -513 -619 -801 69 -279 512 925 468 298 773 -367 537 -56 1000 537 -443 689 109 -829 991 703 -960 318 991 81 911 862 907 195 739 -859 -828 376 -143 -983 -846 -88 97 688 -936 321 504 365 981 198 -615 -696 410 422 758 -674 414 787 167 -565 -727 25 -270 -834 79 872 -828 -650 525 759 838 414 855 14 -877 58 405 705 966 -575 -969 964 231 -316 542 489 520 133 382 -947 129 -715 44 935 -448 -874 -340 -108 -832 761 -1000 197 -385 208 -992 -435 719 -616 942 -977 -1 867 843 882 -292
192 -56 -875 427 525 -42 -801 -194 660 -741 -834 808 163 -261 991 -974 -509 -721 -333 38 -378 -817 15 773 -602 -417 -964 -476 662 -306 -810 488 -454 806 -556 987 116 694 824 -964 -145 373 -760 -78 -802 -694 -869 -339 -403 -893 860 -313 779 -771 661 312 -567 -618 -425 341 -221 -762 351 -570 -965 -938 96 596 -962 -263 -853 902 424 -777 -74 202 -388 -798 830 917 -863 -133 -676 -207 922 -440 -855 434 399 -472 -276 -862 502 127 -583 -527 856 276 571 -86 -219 -654 122 891 -338 -836 475 118 -816 911 792 -85 -338 136 -46 -615 -845 -790 -953 -406 -771 226 -561 476 -251 -275 -492 938 -870 -675 -161 -251 693 208 14 -57 537 427 -332 -712 847 -618 -114 198 455 428 414 409 -832 -144 295 388 -393 385 -91 482 753 -109 264 -54 716 -912 909 1 -549 -642 -250 -263 -230 617 719 -650 629 -819 -50 -393 -171 -298 376 -651 -878 184 502 -903 640 821 556 386 190 -582 835 -24 -375 -796 -217 -964 151 115 188 -398 -399 -252 788 281 -337 -505 947 -125 995 -169 952 604 595 -805 496 -440 57 921 -5 772 366 -698 -311 72 -964 -286 -608 -459 732 254 845 -690 486 -662 -897 22 920 138 876 810 938 -607 -33 2 182 380 -511 113 932 116 -219 -951 -249 164 -98 -525 -574 391 -27 -201 62 -741 -866 -224 832 -728 667 -280 -30 406 415 372 -825 475 854 998 -273 -316 -726 243 -88 -338 783 -984 219 444 -465 -652 -324 -556 2 9 -74 -674 -464 -536 -263 -783 -818 -252 833 -708 240 -695 -713 -445 950 -138 540 128 -73 -463 -527 369 -704 -949 -13 -200 709 -564 889 161 -721 287 815 -469 938 -839 -339 289 713 228 761 692 -890 473 840 -287 338 -389 -220 -938 -791 793 669 -71 -682 614 5 -712 118 527 -80 431 -785 398 -693 -189 -12 -864
-810 -449 192 -386 -222 350 613 -744 120 -629 799 665 141 -466 -437 652 -747 526 -944 -707 -230 687 -343 -302 -633 -369 -703 -702 -572 -174 635 -171 -752 -27 -141 329 43 -293 778 779 -810 666 91 -402 -118 -854 840 -571 -322 2 688 -118 34 -331 -314 905 -259 -210 175 -553 -760 -222 -527 972 836 742 488 -136 -920 -805 221 -93 990 -502 -854 -687 -887 497 -596 127 976 510 -130 442 -973 -159 -199 119 -376 -212 893 912 664 440 134 445 -37 -422 220 -851 -687 -553 -940 -947 -922 294 964 -507 -937 -679 -618 772 -62 -137 7 -827 831 -286 800 260 -109 -306 904 30 587 318 691 -858 -970 67 -619 485 -465 -607 -680 530 733 -206 598 -650 -909 300 -741 -188 -562 53 -258 -547 280 -502 734 945 393 -172 -499 -717 -594 529 -769 -40 965 -609 525 788 951 416 315 290 -788 767 427 929 760 521 998 128 981 549 412 402 91 -932 -577 -85 -741 -872 785 269 -74 -36 553 680 248 82 985 -201 -949 876 -427 352 -722 908 233 638 123 545 365 863 873 -853 -751 621 529 456 433 388 133 650 716 -924 -930 -428 355 496 -150 876 -480 -945 -122 -922 722 360 822 -921 656 -551 215 576 930 -879 267 285 -699 -305 641 710 624 219 440 -280 -346 803 223 -39 87 -592 549 92 614 -592 -996 -953 211 733 160 632 229 436 -942 -997 -598 961 318 982 299 653 -499 -590 -486 -465 -781 830 650 -933 267 584 364 -784 -773 -338 -856 928 -16 -799 -210 434 511 -57 519 -17 60 360 -830 -931 976 504 801 894 -729 784 200 -536 -131 -355 -249 -662 469 487 88 -537 68 170 160 -822 -344 93 626 -847 -216 978 341 -934 -74 441 779 599 233 456 -598 383 -963 503 -797 87 -152 -698 132 -817 231 -679 -407 -593 -134 553 228 153 -178 -233 -836 -661 -158
-586 910 9 173 621 253 747 -254 -760 -824 -494 83 -661 122 843 -20 -877 169 7 585 91 772 -461 178 -853 -752 548 -827 260 -650 -537 -421 -861 372 -470 995 62 593 -17 111 706 -72 251 409 -946 -300 -306 -623 562 414 -636 37 573 -420 590 -309 388 -258 -500 -97 481 321 189 -34 -712 450 693 -111 757 71 -587 66 -540 115 -468 56 -63 -968 199 -470 -808 -509 -297 364 606 -771 -424 -854 -956 6 -833 30 -308 860 -247 -862 149 496 789 -937 -630 809 -19 291 589 -80 280 794 -88 695 279 -749 -318 834 -583 15 744 -228 56 749 -445 124 -103 35 184 722 -997 93 219 -384 636 -913 785 781 839 -274 -391 -924 544 148 -381 -833 -551 383 990 848 -488 940 286 490 248 689 175 -900 -21 39 -348 -137 -97 -648 920 -960 969 -146 -829 -668 -574 -515 -757 -861 162 -622 18 -803 593 -508 659 -595 -991 -539 351 679 234 339 400 -200 -470 650 757 -338 -41 30 -521 -208 915 -735 947 472 -597 113 206 419 161 -413 961 -189 253 -786 -873 -611 -506 -692 -45 -657 -866 247 196 358 617 745 -529 -802 641 115 792 824 -988 45 -491 -280 435 -959 5 357 -30 -654 711 247 321 596 -952 971 65 662 7 -72 61 -99 184 359 633 959 655 -341 -851 118 986 -151 -486 151 -315 691 -263 -330 -137 8 -401 -513 114 950 604 935 -447 -775 138 316 -137 444 876 -764 466 333 -837 265 887 -196 -903 -75 884 -894 -847 -715 928 134 702 287 130 522 -276 -248 996 -693 -265 -383 -765 -515 -146 40 -139 -369 -664 96 -746 708 -294 -853 769 -259 -252 -798 272 -988 432 597 -491 986 -849 957 428 543 -976 -32 301 -269 -654 -998 -728 -985 387 -276 89 756 685 248 -638 582 785 -324 -70 895 84 -517 616 887 -69 -955 247 724 -239 -420 -431 19
-290 -930 -790 -807 -700 55 629 315 249 929 -496 35 904 -738 -930 20 -899 237 -275 570 -759 429 -620 114 -937 995 -585 631 -35 141 -886 897 -477 -500 -651 505 545 -570 -452 378 -124 70 -394 584 277 -541 84 665 -247 39 973 943 -395 265 675 230 382 -427 -174 992 -106 570 -969 -890 73 454 250 -712 198 594 -106 -493 -337 100 401 41 501 -117 -501 -422 -868 810 -235 483 980 -362 -750 -280 -44 -657 231 -613 -123 -279 362 -501 49 768 976 -181 -910 170 -198 -113 -104 -194 -137 320 -414 -879 -985 831 -276 -824 817 212 -901 -30 983 -928 631 109 794 -768 683 622 852 -483 253 723 -281 381 418 348 103 -611 -494 -130 878 -500 -74 -913 -732 858 -304 232 373 516 -664 102 -78 697 -217 182 -561 992 710 292 181 17 -958 -320 207 905 718 699 52 554 -45 955 -798 918 299 542 -334 654 419 -365 -92 98 908 988 692 -64 -700 -325 -564 -808 -155 -195 -215 -382 -674 458 -650 -306 -886 314 -822 -157 410 822 969 -143 -204 489 863 -131 738 786 897 879 686 176 -68 -673 122 -507 404 699 539 700 559 -659 -723 -303 641 -616 -525 -26 974 -659 -843 531 577 928 622 129 446 299 242 470 -555 -780 687 -726 -42 -502 800 739 625 743 -731 896 962 717 -408 -262 -888 -969 -697 -155 801 625 551 502 -220 578 -603 -852 -905 -666 77 -533 -479 -638 939 385 811 -71 285 -217 845 -235 436 -142 -469 377 978 -699 456 47 356 965 -799 664 -440 -395 941 -992 -284 -424 -130 -141 645 -633 -160 590 -967 -450 -169 -21 -777 844 -547 -75 807 127 93 85 128 541 -626 103 824 271 988 981 788 -246 169 -966 -589 643 -449 -876 -377 295 -158 552 -238 -62 625 -470 708 808 -950 919 -10 -7 427 767 -234 -557 841 -320 921 -723 712 -903 505 179 -111
389 151 778 419 -137 -865 -972 -656 929 -661 198 593 -297 -514 -998 -152 160 -2 -883 -870 -156 83 -266 -960 -909 61 -440 385 -79 -899 -524 524 584 172 -360 -997 684 310 409 -529 -602 619 664 -916 -717 974 -358 -727 -33 974 487 810 521 -484 245 -157 758 98 948 -932 -229 68 -82 -14 294 266 992 528 -453 99 -134 -425 662 808 -756 133 584 -437 241 40 -352 -1000 -716 344 -851 10 211 841 -786 -527 -518 -34 656 150 915 925 25 -664 857 754 166 -602 937 -329 -167 925 760 279 -642 -187 -760 -212 -353 844 139 926 837 -987 -719 -658 -146 818 -380 -833 -809 909 418 -152 -773 474 113 542 -756 -7 871 282 45 487 393 -511 373 -632 108 -222 130 154 -424 -550 -868 48 661 -483 -261 -57 -762 40 -543 622 -725 -939 -318 535 999 824 596 606 -520 670 964 -136 573 157 62 -555 -852 630 -933 -435 916 -698 952 -340 -432 902 182 889 562 -985 -86 -718 97 -247 733 -341 128 -482 -776 302 486 -328 461 -65 994 701 630 136 296 -336 -442 -392 -745 -55 103 234 314 -888 532 602 -799 540 332 767 590 366 -385 539 798 -872 -719 279 -648 -32 -902 -44 -895 226 4 -63 -253 -865 -230 -960 771 -536 485 111 -892 -975 244 -592 649 -240 363 -323 -803 -689 -240 990 734 634 -603 -378 278 986 446 19 720 601 978 -892 -409 -842 -241 -21 872 87 290 244 -92 866 -557 374 494 685 494 945 -429 -283 -270 -660 -471 -592 -308 -160 -77 -740 -94 -607 -319 188 715 -948 -222 922 285 183 -802 -657 468 517 -821 203 -865 -588 -809 134 -188 -38 -472 844 645 528 -576 727 -969 822 795 -774 510 -831 566 998 -636 596 857 67 -305 619 -173 -533 822 -624 652 -944 -145 930 101 15 -111 -266 597 782 -707 103 892 58 -741 943 -822 448 583 574 -524 891
419 244 -204 -433 981 832 782 -351 587 37 -546 453 -182 87 720 -621 -812 -257 249 -143 470 611 -698 -346 869 -874 97 288 -84 549 -29 -500 -511 38 -580 -659 -298 377 -72 -149 -592 288 748 44 177 652 -67 -691 432 354 606 -765 734 656 -522 -439 -931 934 747 163 -783 -778 916 999 843 365 -225 -962 -555 -815 992 -731 -790 -462 329 159 220 697 -559 850 -695 -859 -569 -580 696 250 839 472 143 407 -925 -568 -104 263 -414 -732 926 885 519 875 455 -593 699 652 472 153 -355 57 -720 -604 114 -183 226 -613 -944 686 934 597 385 -200 -188 873 944 754 410 -774 -680 805 575 -414 -348 -104 -276 298 -25 302 521 -494 219 420 362 851 -343 625 -603 -119 -932 635 800 952 -508 502 -514 -797 245 240 318 -574 -395 601 -695 -666 811 -670 325 375 -973 -731 -924 -880 627 328 57 549 297 781 -630 -967 800 782 329 841 375 138 -288 622 698 653 689 -600 -342 439 452 103 269 -134 -373 -441 -488 959 -651 304 577 27 414 -710 301 -438 489 -55 856 -964 855 -443 42 -470 -674 169 -105 -642 863 -14 -857 -490 -484 -344 254 753 -278 -133 -703 -338 -368 -999 729 -477 -164 14 -112 -634 610 800 -166 987 -197 708 -39 957 105 -620 -699 -550 468 831 704 -849 -567 -477 18 -102 685 -197 426 -452 398 131 713 -202 -291 -604 515 383 330 739 505 112 693 -446 982 -555 900 825 109 831 274 406 105 273 -298 231 937 -761 -387 -82 601 -693 -11 148 -474 -675 -827 106 268 -448 -689 -502 -928 716 715 776 -595 502 -220 377 473 -553 740 767 392 997 -419 -197 -60 -448 -35 955 -882 -319 -112 108 396 -788 855 794 741 -618 556 969 374 979 -182 -534 -650 899 615 485 394 616 -573 609 991 843 -368 -695 853 -16 994 213 140 -112 496 -864 493 73 17
-580 -790 -105 653 -235 -937 821 55 -839 212 217 689 -366 -576 42 -213 -899 836 341 -935 116 -882 -259 -234 557 627 733 237 -79 -615 -147 819 -587 -221 -606 638 -306 232 522 424 104 772 67 699 119 -132 338 -955 -497 793 -494 -877 -501 -767 -37 523 653 -861 -30 -474 -282 409 -418 438 -998 -291 -758 -841 984 19 -321 -741 121 27 153 871 -411 -362 477 268 -678 838 681 927 629 40 -343 -479 543 -271 -968 -69 376 -896 -769 -120 -44 459 -257 -537 -876 258 -627 -386 288 425 581 -915 -401 -959 301 814 -848 136 -700 404 523 -108 751 862 770 703 -854 593 836 473 716 414 -101 757 -352 13 987 874 -460 382 6 -227 266 -891 833 659 732 -330 -399 -175 -97 428 -387 111 352 434 567 -325 -364 -539 -255 -793 670 613 -49 488 -458 -862 -331 525 -832 690 -620 -972 279 -405 -49 -435 427 -262 664 -488 626 -133 762 666 -364 -200 913 -188 -563 -147 303 -576 -590 876 106 979 455 -159 494 -624 -585 -220 234 -208 603 855 628 968 -634 351 -710 629 -906 -573 697 288 -502 605 -339 -760 -961 -267 -572 217 109 -904 131 284 -538 -712 -536 929 195 876 -379 -643 -992 506 347 108 836 172 -614 168 788 734 -243 37 -968 146 -251 420 309 929 746 -673 968 668 -405 789 -399 850 -872 -610 842 -674 593 418 113 -354 892 -383 -595 667 -881 495 -377 -857 455 -744 531 759 540 -400 770 -600 -534 864 246 -773 -327 -158 -988 -359 253 513 -566 -593 -787 -522 923 932 -301 -336 636 -775 -108 577 840 -614 524 906 54 49 432 550 489 -591 234 338 -769 -979 22 -739 -549 261 -753 -92 846 -915 802 -407 -412 -969 -347 -98 -559 -338 175 458 -346 527 558 -293 -659 623 -96 504 907 99 -883 -15 251 1 112 -878 -669 522 103 943 -990 510 -133 -633 -867 935 753 905
