39918
39918
57991
12841
45150
156042
57991
206856
98051
133079
39918
109538
143249
298222
199412
149792
361151
585888
1428
158274
354900
157106
157106
708179
369014
71642
399284
1152295
324435
1048164
45150
1053769
1554862
271054
954700
549405
679073
196793
228748
181042
265528
199412
1529873
639466
1388982
237130
315711
1823125
245463
1772327
1854417
620192
581022
2109339
12079
2404394
482360
751617
728795
1406687
611829
639940
1070935
256035
305544
514557
371294
1032777
188112
455496
51128
1816877
1554862
2946356
949411
543998
1771435
1172530
1480027
2678828
1856293
1627924
1288085
2876670
751617
1188747
565533
581413
1265515
892122
487979
3852498
4387414
1854417
1126118
1417723
1737154
1979702
1593530
782289
1049327
2469750
2176035
178991
993482
2486792
2725427
558425
410146
2197143
1182281
2856832
5387022
2143703
2577459
802190
993908
5756019
3274555
2248280
3165612
940563
517674
4009497
5199097
5389596
3117183
752496
4924043
3055781
3870161
353170
420711
267812
1513220
4721162
561136
565243
6659195
3915163
3704441
1370072
1192273
4141380
463413
3897024
633263
3068979
2576595
4726312
2561897
2502465
4530814
851711
569860
2242782
428385
2204605
5474769
2219992
6060259
1631492
7200518
960195
4039626
2284041
624009
651471
3000569
810439
2831064
5812635
1272901
576846
1261950
2154820
228967
4280920
3206069
2584084
1047600
698936
1378781
148726
4243620
276398
3598835
5964274
3659857
865803
1261696
2111810
812157
2538626
2985145
4125217
973327
1827785
4650764
5063821
1946088
5515380
3680459
1891371
5987883
2756111
1238427
3629455
1378306
431737
675035
1366738
2524129
4932400
89344
1819604
8226012
5211193
2221629
3342352
7958613
7748360
681918
814460
1599121
751617
3288856
1871106
4596765
9704951
2344834
7300404
5125863
6912489
730988
4172168
1903957
6787634
2555244
7095551
3193862
482522
8731411
7972615
3224483
1261696
2824798
248641
3615554
9755840
9019910
9692985
10604703
699189
520002
1856122
3752957
9248715
3500375
10201165
7080464
6376444
128185
5951979
5646324
6137461
504555
848771
4434439
3918344
7919284
2537542
11570279
3760999
752674
1986502
12253144
5964840
2664097
4625857
1767605
3103383
9599489
1230447
4106313
8810607
10087991
3764957
3535077
2267030
7324645
3091781
10339389
4919515
3022044
10337656
4452347
10163525
9374021
8846732
727325
8728955
9697309
6127491
7481637
8736969
6219033
460578
9940340
12413273
9114193
1274313
2244435
5024387
555769
14374258
590004
2419978
142510
6337707
1163111
2683616
3711534
2659877
1307219
1611622
6401197
1503666
3379949
9589179
10330600
9447090
2027585
8770627
5750907
9283307
6872946
7188017
75138
3262456
8573088
9578014
1190243
10649980
10886195
5436296
7971910
7407791
3048415
1649095
396275
4682886
6918813
4340934
8302085
11088964
7632683
697294
1116628
7596050
6105621
11285299
5150304
8917710
11305580
2713765
6327164
15837682
3178613
7162022
2480145
14276474
16307029
14173638
11372713
11985652
13464200
2382124
8105468
5345073
8214870
14906686
1030213
2800042
6034353
10156038
6146727
10858940
4836111
3665663
11050138
4197856
1047336
521631
11354666
1667975
15614099
304758
4994743
4258690
11725651
11005527
6377368
443527
15955645
16099592
153037
1687967
3525004
14282078
14422785
7306903
7059602
18680805
9528909
4202838
3510485
11488253
16226916
5682393
5251686
6780565
9630049
1688985
2813727
6389309
5755806
9866238
5494744
9125159
9917968
15390091
7253045
7081298
10977514
8596735
9779800
6088846
6512159
15109266
12246369
2274938
16549927
8589160
5465141
9028963
683903
15682373
4841999
1032441
6884565
2383923
3581537
8814720
4848657
7566481
17796228
1845551
3752738
4087712
5713840
4653779
5252339
857603
1293861
4239573
11082592
445349
4783568
14651716
440816
22381051
8919036
3509092
8122497
60779
3604581
20413685
12725240
2458340
7729040
9343607
10266957
1432807
7498172
899838
1799569
11181326
8784677
7333892
1498408
4227527
6426487
717522
7490268
13957953
8725165
7541897
15689917
17421094
12935803
6224175
12982400
19974988
7346435
10609447
10704601
12150395
4011068
2987319
16260297
6944870
3240109
2607333
1479379
2104820
11618230
8383739
15601478
9713983
225926
3073760
4027106
12117879
10847456
13179336
6269754
611501
10121595
3927130
14611104
2941284
5537426
10389351
8139848
5239486
4807357
6518885
5539660
6621433
9985110
12929963
11568055
13279213
8438740
918402
18982281
17703581
17185870
6617996
708190
2330199
15224345
11106542
4869462
19563649
6653424
10120793
11433933
9975443
11320125
15201378
8879445
4499309
18224330
4017048
9210051
13359138
7959993
22638015
13577453
7788267
226688
8797765
26207193
3126543
854570
23674699
16018398
4534169
1241630
1772879
14104047
7736224
16451871
25364895
11283736
15350381
13812517
7537857
12402246
15933352
16281643
2974417
11131897
4000439
12642197
2193691
2036529
8209638
5702710
14944574
6296131
9815943
13675795
21904556
15597622
1608190
20088934
6152665
21643208
6614983
8678053
397211
7706561
17049086
16884264
7427311
5087011
15391105
1380747
20119693
5042192
9282366
15324376
919249
15326328
15194742
4980909
3595515
4891684
13810671
21966375
11018419
12224209
24029065
5477204
11651640
5059322
9756251
8231499
12891525
1554925
3202700
5544286
8253430
4196813
12495814
19612397
3843538
4388804
5208002
18145903
7565389
7498109
29588763
14057682
9885983
691608
7449583
17570412
8235886
5014791
47626
19910600
1287653
15151128
19548251
23546543
3235687
7593744
22621192
7185287
9297142
7616698
18208580
4910342
8191368
2340268
4258148
30196108
11432421
282221
4516288
18385305
9071767
2786859
11543035
2163441
4730107
16865923
9076773
26775936
14333653
488934
7386858
1868376
6185195
7377236
28667433
4707793
25450471
2659291
7098957
27424474
25444072
22703143
17960004
13878260
12265300
21739407
25181870
4983720
23501870
12158561
13608446
3058341
4669008
6827907
1843983
13394549
6899402
3878449
3470248
15503194
6986618
22036826
8124480
28388250
19988882
2925917
12555675
323417
16636027
4829352
31741587
9624118
9971069
11865431
267068
5775563
14153871
19777310
22520004
1135672
3738717
12899663
14837613
5504281
7204867
21580993
9887404
22323820
4886598
7213607
21555601
25741185
6059462
847144
4311781
13557633
11605829
4415918
6627248
6420845
3206826
1028638
1206668
3006174
7703242
2877458
3070673
18429389
10310978
9835838
11319713
15396982
8482216
26203592
36915850
4395148
4959932
19158059
20539696
10194838
21908046
17639383
551471
1137378
10428956
4629758
33828356
1732759
3230700
20970134
13301486
22215990
4598716
16444914
23410326
24440036
11235997
801979
9763435
24881584
6685856
5601153
25398251
2195143
2738385
7304127
13295758
32641405
2658232
8706846
928583
338630
870862
27221289
10146071
4542579
28096616
9354855
19661395
2507843
27035579
10510411
12584755
15087011
15090317
24572590
14406572
15644110
9079067
6885306
2297549
31559041
12826730
19283883
13687587
21558976
14433839
4916701
4648752
736954
4298843
20273495
27789868
10289693
22106157
5017545
15929462
6614483
9823611
13444637
26534702
1246974
1350064
649760
7330149
14634369
3923631
32202518
10841531
560462
14010208
14084333
3192137
15163393
16519275
9623212
13734446
2571290
8771240
2982272
3456308
5852701
13377882
20404970
1336496
19730959
3005664
27061194
29996788
21096176
6659125
12032882
10376708
3921522
10307707
4189941
14535175
20108237
26994873
21747623
28774251
1920575
22231282
18088702
26464858
37941996
1154558
6493147
11655354
6427290
26971822
32843948
14833995
9201566
26321313
15269495
5572443
24005000
5420362
21800368
12174161
23847145
144736
6987355
13472001
13496803
24182485
22652769
3812844
11989003
1576830
28993369
42244883
5291125
24692211
2160580
17366133
7015624
527197
16660239
19979250
22338051
12783726
12988786
16125256
6000282
1757567
16687859
18953075
609058
14716355
1631041
16310894
5408604
7771008
10975280
4018859
10326224
14944323
15729817
22717813
37054764
9680880
1765161
689381
8095616
25617537
38895163
5022076
27361881
8482386
2136267
1203661
23592819
11985750
32618256
9053658
9169392
2649265
14191945
16065020
18949093
31611218
8329620
18380056
41289975
1470775
15241066
24055677
38753117
35227869
44872247
11726999
993300
9121866
31850708
33367066
32840419
14159024
20969621
6547765
3163167
33982039
9409559
27228195
35231620
24106311
31623814
16106692
34777341
16348804
1800357
4188658
14206131
8992069
3803540
39283625
23771235
17250635
1828081
6548899
26051713
16902429
35408165
44411053
17424713
25197076
13418710
18559753
8330341
19330622
17206661
12500969
18501138
42165860
4649501
2109455
12141946
2196181
2277157
12723006
45578540
24237395
25777905
6030154
94152
16562335
33257700
4618975
2762766
19325434
13610592
26467152
1928824
28423230
5277944
23199736
9986174
9749980
17047387
8005365
25111161
4498675
30409331
14777916
2451297
6909707
10107362
10284196
12610213
22840781
18568506
17131239
2204004
3062092
16363284
8914003
32369874
10650733
16565972
2924575
11888111
5311312
39645557
9736391
32349036
850126
18934829
6166463
1735557
41138
165012
29678541
30669005
36209706
26516821
12601381
4545012
21549748
3281208
327818
5453889
2825814
3205319
7310547
11701500
31398429
19047352
43412917
4058329
23610073
16302909
50480345
3033175
36719786
12861180
25486639
3365271
32026022
33333974
20161234
13634512
12237742
19657919
22424941
21589888
23051713
3443043
4407718
16343328
11302320
21366693
21070511
4466334
594129
14042148
4360578
11502730
30665256
13856455
37862618
7734096
14713169
27359910
4004959
3722399
25465292
29210992
6732648
25957412
42073128
15715192
14087976
13909279
4214051
36686881
3512274
30114204
31662751
4867266
32322826
28338775
36821645
5789553
29175706
25765222
16241546
24282422
4645332
28237286
41593870
38234387
4867570
30625811
739393
1692044
31952184
40215594
34353594
17015613
48780106
13169079
36417374
13334703
5581291
13495038
5322237
38948827
39749328
30384270
5033715
23857393
35294840
883081
477933
31510633
20997206
38862600
29063439
30544334
33236210
37685316
4625810
23603931
12510991
12041854
36292343
23365638
22633343
47064896
4230556
7747403
24672346
7239348
56666918
15229373
24868295
44034513
32981027
5592855
15805869
5794343
46542099
50236662
33706381
17514255
21435710
864347
50541253
3525021
38084272
46824217
2218256
409424
24484732
6536524
20104857
5698823
31027068
10416150
44705771
45564392
13459686
24446490
11507441
27000239
3262152
8997962
16687572
5811749
13712212
9815502
5776541
17534021
49658300
13422795
6283218
8745065
37522789
30358020
37922742
12154653
409323
10199912
12384555
21427631
27046403
30818540
7542723
19019532
13147970
49692328
29923547
21352414
18980823
13025323
6872459
26560685
8522126
39773045
6603852
7417672
38975553
10409254
46979681
7795160
10448126
26941062
22817565
12174161
20869239
5376280
8235974
5354542
2052044
14568533
1669300
14134469
55158794
28051751
19288168
47641495
20952073
8074780
47193452
7727546
45008200
7961532
20082034
15005257
26374886
29607603
10654462
32749558
34261182
28207207
18993421
36335157
9206438
6678732
4698644
8100885
23904836
59140451
5713587
17102704
4058718
19268528
58921635
2299785
1370772
23729940
18061247
6935066
40382648
8702417
4064352
1749533
13346458
8622650
7608781
7660533
24292214
5831833
39617798
26043700
11250824
2013282
45531697
52717921
15907167
9500273
13892725
11701923
36706821
15072535
42678578
2415235
32482854
21643121
31031773
38685224
36362966
29876667
38307060
40292034
27198665
6494525
35087342
54804760
14317587
44739903
43793087
6617840
18458355
49827024
19805282
26673656
7705369
3968574
50013374
32281142
28157776
8058468
19245690
28039251
5661565
32718547
12459122
35747740
37292053
38265717
20623078
17142436
41652635
20755292
6328019
4108235
20017664
23737725
36950135
10165194
1012604
21821017
9096966
42037048
36622011
14444392
12698324
12901583
18785762
6665757
53918922
4372562
445938
16180475
25832825
29836603
1391274
13616291
40711139
31802651
46061103
2928227
39903046
23553826
16210562
3476171
24028077
817448
5823679
9724889
43831431
16995968
38678479
17560708
14847899
11698575
23359269
48754006
36322451
41875930
30782557
7971154
29916338
47441535
66882902
2289651
11278239
25953878
38942812
43835963
7339846
41610700
43567845
25017510
17516811
25215408
42405993
19711491
4777444
16284948
20599687
39938081
28960115
26185630
47696320
21277843
6823808
3622629
7501606
13822151
66702425
43458492
13110443
28024272
58474347
2100663
1993085
62222706
11917018
39431039
35049190
42090475
16848136
8025162
37485041
5798592
23689791
27359799
4412857
36998190
16148414
2108722
28124653
20318314
6556229
39268116
16625326
15447677
14667071
47834180
9261820
37620120
34033040
49836502
13601566
17022566
1949907
71802178
30662758
25796312
1403558
45690466
38984289
31528211
65232310
27272231
56612483
47203905
41420611
38834782
17983685
45616101
30385997
61801858
29878995
31912101
29249617
15269141
4756950
2890567
66020326
23411809
17161461
38515779
27250441
4788370
785073
3501780
1412867
27574500
39077358
19095120
21061771
27505774
3533457
28306249
11285904
37803497
6870346
49605402
29345060
1548113
6075928
20349191
66812666
37817186
60669880
7463807
36080869
14517351
48895001
763933
39478700
13231888
8431807
31309980
29519963
2213977
35399655
46860997
17594482
21498404
47947525
41266743
4249411
10358500
65336220
34517806
45377551
35975368
46012956
21249767
51476767
29261906
16073050
53825111
32796350
54896771
30336223
10444972
55699685
11477129
4909748
43624581
10388506
13656556
42885069
29836392
12109417
18531996
36074057
34365491
47177497
40222093
36230758
11028910
37293547
1203111
48553418
33914971
23586845
56237708
6125652
64875205
31224151
18732252
29026509
25519504
18949337
2005859
21937771
4573402
19567193
47417435
6096578
18788616
70676239
53769928
4689156
14349051
23097782
50093660
29503638
30664025
56340008
35922730
62244556
12688945
24111117
19921657
7920081
4771648
507028
54415235
23206469
58588351
34445343
31800448
51148192
26833834
8104190
37610367
18370859
22629165
11711480
13833906
37148298
8494370
48412427
65016652
17349507
40789023
10159008
3338054
39989797
44624447
16853087
30057272
41039685
8128910
5319986
8898395
20025689
52524038
27420185
51102727
20039435
57049799
15905266
56130997
35541493
20875815
4266281
5739105
36495304
55724412
22510374
50688031
61310344
33723379
16664384
18318058
47616718
14116391
39011558
49908543
83251847
20759952
13375391
14359939
43698164
42294720
11874940
19430863
70630594
17213721
31246293
9674546
28383935
40031728
16504356
44452329
2145515
30710441
22153947
316318
15289053
24505360
13238283
5354058
33667237
31113387
27183991
14333159
65976462
76624512
38345786
30375882
39104533
22178954
19932878
59159240
48517153
63014269
17982989
12155196
18942579
76719734
18598196
16817174
35340002
32058636
50358159
3912655
11235969
22878836
8905503
42384644
34836850
1297299
13780476
61301212
2541881
30850374
12309390
4726747
20858036
33995957
57067598
1790739
4676629
21442325
48248323
12338953
18243730
19535779
7416688
58843105
35082947
21293251
9431893
54693762
2850409
38211417
27850138
80940190
50987707
41336188
32974932
7145134
3816382
18118094
4228395
38906874
29668716
57328584
10170966
1856222
6295035
14815628
15261570
64114901
4094999
57564858
1595248
28798817
55216607
37838037
40701622
68221828
20238221
28075204
42917279
10146350
53068681
8193610
6952567
16998497
75139465
64149793
11862615
31697205
5493358
31997255
43579786
6350901
15579877
23234455
36221351
56895407
77780058
17658991
62758371
19948770
80103074
24014700
46040022
37246796
31939539
52043227
2042294
25890561
3298789
83575949
55989000
27504339
6454563
19553574
14945771
45973374
28792255
19878871
53006314
27616818
69642086
31289426
5286547
68450396
28992219
14774832
22422671
83479242
74065452
39267950
5499897
29817036
78371385
1132332
487956
365082
53763880
35939652
18491890
8441813
12855018
50059998
17340274
8159288
44227263
19455807
14406198
21782055
4388034
50486958
20817627
30109459
64178437
56534249
74972252
63980838
32430048
71035713
25260714
5779719
53211121
16504971
18856222
21506833
23478486
52733635
51658717
3546983
72459001
37262349
56894283
19223611
92496697
65131036
31096390
17538710
60039550
85720590
40998740
64020438
51115035
13488765
19670420
16493489
4324309
28883133
43560013
13274290
80886492
52593456
36607759
33483442
6239063
20351264
24488194
56129985
38927362
59701982
16713301
23048160
55503507
4360309
11851747
21398605
22813941
18285542
46784072
7133951
6373724
57394464
40077379
24901274
28818936
21342689
69794964
17811590
12851150
44656583
51418069
83120023
44352509
23509397
30744436
43427204
18551771
24966225
9956516
24493369
1692883
23656749
12574908
90529028
43437774
41554525
59016685
4206324
15770861
60061823
24611502
20009061
50688959
13592945
13211519
45351465
14284752
64571908
10501410
28308785
14154020
8948938
7977317
76622764
7470240
64822263
22153215
40040300
14394126
18928822
49366212
47690073
25298688
82043007
49633283
70315820
9705294
39541388
55411306
88668325
24772517
76837705
27446564
19909034
25758381
26454896
6202259
27985820
6190602
33058990
64448052
56296137
46488394
27289245
5779245
28167822
28410952
29863620
76464746
3912571
29499204
40289426
80389522
59048131
100392611
37779936
10743150
64011867
38001431
14334835
9345104
59716741
51563527
11140045
17668478
4527258
16215044
33452402
49794484
9397165
24216230
53959354
7500614
620884
17207780
6397922
7580179
10148479
33411415
13585811
57507533
9716548
45782073
7465358
25468449
39458726
31514666
36663818
53783223
33750400
66039666
46087220
53741152
21113746
99434171
9715922
50065270
66853301
28174024
39916499
23085879
10962275
74006574
72372633
30357618
37404660
17679955
18159851
53069886
28804191
24179940
3991858
20426924
31639754
96969968
47618619
28187511
26855441
41096356
60630780
5209899
17906494
19491448
18579977
79333046
42049075
16051236
6334345
21255420
60849678
51344164
24633192
54742032
4124006
1907480
76915108
43832333
42769079
68269018
6524424
18609023
22782918
37693501
9717195
38462896
7858935
42114375
49656623
12737859
66843733
59005860
92693520
23344081
6671215
31140219
18039122
15983420
37551882
22298665
76488297
28990756
51660398
56744194
60718182
62136577
62010143
7530620
18149364
93783985
70759679
15953232
5420004
41314489
24697764
11309631
46359887
96429368
37262645
53576356
82471098
31160916
4522106
21708294
34941387
39310469
81410260
36443718
4234379
65045425
10401126
13009112
1932287
46186265
428538
3541567
17488234
43139378
51352003
82585256
34283403
67422757
32318275
49738757
1593792
44161069
55434314
21982155
61508630
26908616
23685415
12925817
64025317
30551069
54796514
18358905
26188591
3191835
67883810
28234888
77210284
23072343
20252421
23291660
52980838
63316459
76981988
10206979
18571392
24983453
32441645
25783471
77301930
36445423
31357404
67806159
57212514
13812682
31555178
23474663
49933052
24252959
6046130
28583236
5594454
53520227
240634
18459295
63007547
18597382
63152582
30804266
57308981
33318819
2651211
11228258
109364883
61143467
51556134
30723518
49512412
15029008
18695498
18593387
69786706
81088889
17496814
29707404
26278851
67398715
16809888
9356673
45502890
16556864
34966024
60283419
19936356
69755353
61815116
47225126
4178794
18684156
2644613
48692095
32383749
41689737
105101150
303099
27961843
17054382
17737127
14696451
38477457
32688485
69948698
3920054
17510672
6184892
5652284
86161768
97699597
7499760
17219686
29867472
54848689
29191528
12165726
32809320
42729970
1728820
7987308
83211655
47804875
67953662
65433658
50716590
7848943
55589444
5060620
22278883
32463230
21843583
9586687
49641533
46361111
31164285
36081880
35900455
24217450
37401751
32421207
1236448
63220978
47754878
6189194
26556111
27682553
86517601
48872956
63471273
29334207
32247274
23570724
3820861
91722196
43387497
7408370
27799188
19098388
1501712
60045754
48423323
37570961
38992792
7987698
69126812
6557796
47349726
84490793
10472839
45032002
36336956
89362703
6679684
23404854
822314
4213935
69309137
68411621
13711575
82484120
42731130
42275057
54673888
52766258
14216026
893415
2206090
22384398
58592183
5729051
20817903
30004648
39128869
33923001
11607731
77720778
64624981
53873945
30773215
12824467
26002322
41281451
23267934
49257105
38401527
12711168
58165835
89696565
58751914
22764937
30121876
48278706
92433689
16823762
19136144
17155202
46262324
16459401
44698865
26480997
3747919
18268757
55993009
11462570
38008440
1596387
2303715
97425994
92877696
2742306
78663779
32404073
20112227
3453868
15182630
76000350
39216031
78400488
6157103
4171680
76785288
29544090
15185815
729847
57408882
3314282
46245044
51729862
84715051
30064718
65351215
36578076
28347423
32691250
43930958
85766355
59548473
19485664
2452495
22692231
35116413
18346734
118770648
4264104
11822258
67239606
65646907
11903179
58361916
54194171
17060456
4952226
53955359
20345501
79129037
4488280
65336220
69880156
31822478
6636857
7292513
80251697
19958121
2453828
90763140
58025459
27520230
64469959
52339723
101663575
9577264
41919147
8634899
82375921
25833595
16968469
41938811
46636791
11164913
83006437
24911808
38520414
74076723
4050930
9339949
49565785
44647027
41516560
46466908
45048188
12881984
30567448
80831305
4838357
27473783
5397867
68728656
32628062
64479584
78248649
44223049
42897959
97237925
14574632
16278309
26518423
60982899
50668268
37423941
84130940
28032187
35226639
17957916
3015568
29982493
12292174
42191590
22647615
88855121
86356962
19239500
5051818
86903315
57497946
58731811
31642527
26709435
14473046
40760569
54759741
1432268
24085772
68890716
4365107
82417336
30416500
308939
37403065
38067089
37554087
33333886
86761042
117649253
45911170
16059331
22580374
1187919
17975997
29612369
32638521
84469760
74508840
21839259
83117443
31743390
50627973
113911357
42681173
22143338
32317245
80214915
29837768
70291563
78555222
22330282
93367391
74463730
72953891
34722191
94435832
66414397
83129337
112405457
16701115
77369491
54116907
27288279
78995560
60940309
76870897
72973314
89128710
109689293
8096997
74019440
5236273
59989127
68699123
35777187
1604089
120071790
2598045
39302701
40573572
21490063
16967147
21905687
94266737
8378047
49753197
54046636
89274402
49261574
52063278
17021121
10566245
50784731
50230778
46397369
75496176
32107861
32930991
73799075
26711285
45299900
11341403
59505278
79367156
22525823
19009552
90685400
5760073
29313124
1920426
54526003
45735548
65761455
44705789
13783256
4731067
116197110
11351071
27168032
23206733
107006787
26704811
50234467
79492542
42502835
46795913
43690850
16872593
46937460
56613296
10358684
72497622
207076
65425733
56820125
33059792
40860346
44162748
44646623
21299459
28402139
82019554
7514510
32721471
17883691
82981553
61323786
43284675
108606112
99063847
5968810
57414431
104990697
125431366
50847311
36713833
1050273
7539489
14330872
89537151
18890556
111652474
38030732
3649173
54389278
6091113
1624883
7999516
18014565
26859322
43607968
1289767
46519821
14627231
18605457
54483667
35011086
38777414
7473804
40561905
66331245
39540210
668730
49061439
40783083
101766032
44573369
62682403
42426635
53233868
52621567
59861792
6179769
18319732
45440582
10993922
118429871
35166975
15226751
6865594
25976485
72962344
48747368
420265
45923730
59360265
103400849
1454490
8662330
37368532
615290
24188054
81456996
64388722
81312798
85334222
30689575
17168258
23810094
77976496
26539622
180897
69490752
43882632
59373775
31383113
31000539
9855931
31629513
71402006
50812637
97043321
3848382
117256600
15511468
68634424
42488697
49644176
15844914
70834861
79001064
71863407
10787679
23574215
49864981
5114621
6511264
77722847
41719035
85319594
57589863
33699647
27210043
87399387
1135387
4920878
985125
45881991
5128206
67191330
71325353
18681995
18468564
10719630
58666330
108719088
45782349
13424294
53043148
93374244
1179082
36871651
92880225
40388903
33562194
26628338
56246353
57674387
54034488
4023341
117150517
45407372
443775
77716840
116578820
42705390
26341574
22554712
4425710
23997487
68012556
68569905
31290292
16893880
32785263
76586600
27316877
29298293
37598029
34964723
59991009
5761015
58178682
18744002
58609773
69152523
64545726
66592542
74662366
104483008
9363253
35177700
89275725
30216402
7336303
5813644
4119640
13337794
79233830
22798250
30438112
25581177
53753441
11125908
56892655
24020635
1997766
90744570
8358610
99692607
83866623
12084414
65034316
55505781
20241498
7875851
46896817
7216087
14714066
3504940
7920408
104911525
31531340
29840298
24041939
10700857
37070230
30132864
55443480
9275304
8204371
47180833
36514345
77949500
30944058
10793407
20543764
26743868
58658341
69434523
121541590
106160331
2994829
71107694
24821345
59617906
7567808
36089919
80954970
11781319
57186555
11016596
112332734
14499028
25406397
35248273
35165991
57561637
101660537
2308173
57106871
59201650
30124865
4311736
19942557
32643793
39395188
48475673
47943360
66771819
16768349
53581021
44651118
47605440
23035636
89223693
17753754
1958463
64041863
9987425
35416077
7314279
73825447
29826369
77837110
4836505
110881115
7836879
75125401
24177782
6837012
60691225
22544890
8537188
92280631
133504656
39095025
17529881
75086857
16928349
83140403
45352490
21629885
69819411
27961455
11613738
13921224
86834188
13839344
41384462
5537272
102847970
6142084
31006403
70834257
47947398
133373206
4517775
107261233
57738085
77853117
86548431
6943242
95971186
76327878
112856853
83650433
15460681
59344699
30978578
58435909
33598337
15270430
47416509
85354871
65305019
4025212
17625693
59739990
47104775
106010879
54170711
39329507
106339658
55200367
30123518
125744637
73805506
2679829
125553957
35595141
115524139
30005320
53238194
71559875
40868294
23815218
33837906
3599380
43899147
787553
29852006
14895751
126309184
50199554
4515221
26863877
30337782
18450322
109879229
32161596
113337299
1209522
32475303
14124767
65261676
13432478
1943070
18134309
12725741
123154431
78679637
41184814
98511074
40749139
105057872
7607057
41166690
38725896
63499378
42949226
20293992
29101534
69411413
117743370
92280900
22405689
84626328
127559417
11203068
84579763
10219996
111279156
54774581
70440452
50536148
32678883
25168091
70623921
61110980
62132490
66366140
18587246
76708275
38775249
39562407
47472966
63682282
121613037
61661310
1843577
3904320
74800903
19949300
25487924
85374088
59691626
132063701
49917397
1640777
7027060
16952073
78163211
101833690
119644461
12668852
63438840
36703837
107961253
26116145
5766462
12363199
46164556
92251430
31343328
43324103
53683175
94966461
122938566
1078622
104123650
56723123
26117615
9883580
16501551
4576402
47524253
19533692
79951909
126700235
9470738
46664417
92191541
78211548
49969108
7581083
31618619
6615468
14844556
50429650
1326296
114476908
46880524
18145877
113537001
47767653
44844202
17184719
33991432
146393805
152429798
65415700
2598018
83864922
28230120
85246787
38266454
15599288
31736466
29968225
45278267
29021774
10789675
8323229
20979520
96907069
34744201
108182145
33122559
105373134
679651
26875303
31655432
75300762
64311563
51803606
26332118
103235129
113050065
112775602
24741338
68207786
48282700
29708615
13735135
4237298
37670792
38638666
141902275
20305240
52686130
5494794
87939112
2564096
79118487
21068011
25007403
103685311
122988769
3431136
129182824
3028453
25946575
17049286
45745646
49469609
118656001
34929095
37313757
69283725
82989828
91238687
65826610
54068396
23989433
28933640
85184006
26767882
40013480
40652951
118478587
10403052
59583089
14551277
26587179
14472927
29313922
4730665
32844606
21575974
136831707
33321468
37756089
93551971
5293585
98294032
52508067
22314130
2255458
1528549
59866669
96367938
6369190
58862754
65298546
24623561
56456567
91212083
84651060
57568902
42745121
88769997
29298926
21922613
3362516
103334860
18413169
49571195
94419860
14599874
48620155
28913313
70166674
4980944
145212414
40072979
17590535
2337339
69814080
52973056
46019481
117899785
672356
67421353
75385581
46598144
29856293
95305145
118022507
82653996
7631633
33947035
114669393
18182398
63192589
20591940
69514303
76729459
38281191
18180707
18113961
53858732
5847243
48771782
11471910
15653468
12735407
155788
22893899
61829630
10337847
61383127
14546695
57388151
66777107
39128069
38681500
32900162
51999226
134379322
14740925
56776058
50140862
5597809
26306194
5391197
39356767
5786256
73501985
46979408
39737148
29081468
35339677
58733854
35854506
20372394
101413943
67657994
5483775
62275965
132638613
13733874
117240522
63091234
6130563
76199503
57149870
7210030
25742262
124562298
38565208
59294146
44906268
66317908
32324707
64041353
114815007
103961701
3479907
18949790
4462370
70612690
68935311
27235316
62321456
64257092
26517987
1443843
97281722
2025183
55944781
35167179
22252360
25778735
62576936
84839882
67610328
26619265
122320962
72759297
2610082
99656549
42840179
14836438
19224823
25945022
34386569
122744156
7308954
13835413
23660048
16827773
109379481
27962159
1765786
56704259
96995518
106542971
5649564
2738368
101674050
53927597
78771473
68044830
25982672
14418206
32178611
147665419
40483556
36550203
25202001
12420503
117969582
142545911
9968236
115787012
122588000
912031
1816939
47692738
5596343
69777844
70914075
21819516
95033748
125153213
136938209
21064483
31975118
43437716
15767137
113032677
547652
7607632
93915324
58051507
48862673
73907572
2852783
132235149
371489
97655153
33574326
135149440
137096582
145433617
68935963
62110308
9668448
62069555
41868491
37588651
53218094
69081654
55853056
50836855
20582046
104305087
39707890
13439722
14851382
35726951
11879328
131878895
97949315
4411344
64697222
59041104
42943250
12483422
83346827
49558501
81767086
84891536
49551888
164559316
10548798
136777708
72121575
6381232
116247120
55009332
153599773
46095387
133561065
54131065
42744936
49622626
76852020
46998456
48620701
23933804
39664991
7066765
7413851
54528690
28252255
46473052
106754104
40643443
43518687
13200059
47346634
59703706
160246
16841534
43309283
7987530
122308473
43366040
63872846
111213058
113320116
2972909
109932449
105006830
77438490
4421849
27705674
13397124
30795239
9761096
18653302
58615499
116286901
121790568
49818248
17020404
14432872
67489583
11183380
22934969
151793383
63493720
105062346
79439817
83442977
46578019
77084017
39166826
14532663
26679963
6026149
21826506
109058290
23948347
109723389
52713179
50950104
34176028
22850481
39044214
93599385
5061484
155054455
46388580
11829368
56120202
113028566
8736988
48297331
37340070
29486139
111226451
69664143
37025739
86755987
136636857
108100316
108586275
109925327
14506420
9753237
18120204
7086925
77863184
5109694
21626458
28774543
125242693
104162782
48653817
47246575
58045545
117682986
69185104
57554898
32197568
132338276
100144648
32555901
60709349
52694562
97228672
4630640
82056369
82029463
130275351
106134158
18102292
115693898
11191097
34055915
7986389
96649592
75034374
57629777
96797293
55529894
52399495
69549413
85210340
76504229
48896422
35628710
33037262
26726495
1858153
6147720
68448758
72849269
144881990
20925805
136012676
46323363
59329564
105974308
75637647
142834475
133484914
54879172
87073539
74165698
32706983
54950141
20497639
65111240
68365923
23920415
110843609
31718782
61202958
34989948
16771957
24812005
115662054
87312601
74519188
26509009
39644993
85754352
6907124
32355971
90308666
63733102
20877085
46776560
39101725
52481549
31532006
30356073
70441486
53419146
47296853
102128053
41229390
30499944
62302327
26853403
65118854
88225668
138959410
54863845
39490290
122561162
135601240
13690541
18665638
42188668
23390559
103508070
16409462
110668453
8606021
94409817
59486139
77401291
89262290
162885232
161898402
80465773
102577384
18220712
69590545
75217012
99205525
100889001
5171985
2166480
52942100
148903811
44668386
138486218
3524097
72562150
45853754
177173996
99968619
55267390
13911828
202383
61584304
36394585
110945970
26118267
39567888
46440351
1883675
96836653
27164850
123773716
74865563
90909586
24884691
18121219
34186960
116552555
39116777
153216934
76002579
37835898
71708777
341719
115405063
150546262
16654344
25102961
102678423
58317098
40304527
105627661
5294804
85264287
72701957
86772304
7622232
88722496
44979644
19215512
115173186
64658459
22529086
166033704
59770098
70701196
37450190
97390059
924112
77969886
58021183
2924541
36894655
17273562
8141607
39507089
65491401
54387329
14967426
116523873
93341136
50030729
37462166
123723710
18163286
89197414
20622836
172569808
95032184
57389212
96648748
94647821
15832824
65148316
6347707
23420108
79802236
39075927
107068767
106486808
40309601
55125261
66386003
58806222
107574687
350657
23213670
133922249
1858050
140893609
116364314
29417007
104377806
97118087
7668004
3281592
20145465
100815228
10946642
48874636
80355404
67697005
142865375
39545462
138432943
71984761
94661998
17727940
126348023
105299285
24938108
140265940
41189820
20928627
21116413
3186467
25805934
24865086
94930088
883933
18427729
11622453
150610472
97762973
23214193
48928634
37565696
140402974
176610668
57956100
16683333
125602976
163753529
45451780
101441813
10060576
53916440
117788604
8140219
5467838
64259069
115827907
175140827
115396647
141564589
27185478
71077887
30657937
150972909
32109010
160666334
29749115
50970039
128309246
27768040
151375872
122418190
5834511
27441067
46775691
181784997
10650733
87740948
5885632
56153494
72285103
54817165
151603721
43614487
12008129
42826550
139071917
150880726
15812065
136480704
2099848
131578026
66066642
3597173
39372258
161165411
33953003
21548900
92490223
83313368
9087012
158092109
13075156
83523365
2882925
79308227
11841020
68661527
126246135
157914170
56405914
17671291
31113248
67218142
1267881
63559539
133136281
70041136
22835620
113278999
55909133
165380535
21128997
1446991
17243409
48259144
119252684
3786369
130732765
159740
31019308
70467011
110668470
67385012
157137372
112607200
51076252
119859862
138050182
96081688
99257179
114031787
169570834
133609737
66950260
92987494
73131281
57430234
48469363
105199814
88124594
102389659
104407276
17743268
29047574
163129826
107767013
47674466
98991846
141555328
5112244
107119878
15802537
137783333
91212359
34670993
78949215
115780579
6143308
3534482
4741253
82011740
442086
41566359
17318576
87412947
154821815
157839277
70472152
5840513
104455118
53998657
110185835
56236259
8825245
9368931
96975931
7414324
85655516
103193354
8366665
121903020
109749433
3692362
141625097
132483551
161409335
28088819
68960662
16317250
18045284
91528179
730988
76282719
177458847
68097888
57601108
7019530
112188018
12582887
76062454
31907913
21484876
92891602
18656134
26725883
2521456
116605075
43056337
82412361
1947970
82232019
20274631
158504167
71698084
55976226
183955888
35414648
63108525
19388664
73745072
128742579
51005178
24718604
187753477
25140281
27435253
61220326
36718986
122880727
136915465
48933090
2408161
90876982
54153040
13333779
6707510
41470595
52471403
99622818
67754363
13763387
94613554
38802696
3967884
14149599
19173983
37569204
80970198
20974529
47641142
184327717
29696744
66027655
43846270
45249886
9763584
4595742
39471313
27396065
60351133
31846206
56784744
26439793
80151928
94982065
150939093
70689378
110051809
28579086
78902333
137392714
100368005
35972507
82616633
5412948
39872808
153583701
72310369
45388818
90552559
51900447
8288974
44750042
124096613
82248879
97650160
15177961
87457995
152286482
21759187
109336225
13978382
73932964
15988048
10368301
59592804
57310557
42583734
40648582
50170850
138651574
127526756
126111410
2049515
914275
26575168
14482124
28462177
94792349
115245400
6821453
15393007
10104197
50479053
77105286
81964178
136635491
84299581
49288951
80360642
59842759
98161690
68792176
11966679
117615951
133462520
8498068
57948674
18485727
11524656
44391370
63083582
50441647
35808153
26266573
107421111
126458475
136301435
151138790
96211647
185151467
94716515
38533226
60477437
54101221
141037665
2824865
102288655
76485884
89895104
58289644
56330098
59163232
103850527
1505443
154745726
9140276
75294137
15397105
56739372
42443846
93328128
128425720
8425801
87850132
20966294
3827043
104363061
21401224
11435884
70825043
91365340
139679783
50405869
138799883
113369387
75136480
46196114
159023855
206378339
125899600
62321857
5949161
34981667
121600267
136244979
87757842
78166294
37126055
106755155
68063460
21370923
52591271
23968443
26726657
147573664
54334282
49797398
10035322
95318368
9379291
22531694
5590370
58683441
119095087
53079614
15550226
3716453
161282817
53146820
56165823
85419159
62347911
49828045
42823918
125412926
169516281
130356891
50985556
168886872
723462
92736053
115219948
113460698
76602570
7729
96576833
43074791
61547315
128133381
50402502
46991279
122524407
415211
66164864
120062278
61819920
126420145
24252703
66124636
151643724
159472912
114057473
8597262
122369438
141966345
147689836
190565702
42956174
92863357
31799734
199568469
3252925
14440987
93631546
63785034
132847251
7142763
83479971
43577346
4468587
94425883
11093329
103081647
9178235
93007699
5602931
19420258
124440348
71481849
67091714
91502130
37025532
154684504
97925033
74447804
15988873
38591337
55835899
18032478
19657649
173915256
25207556
107247693
128348651
37059155
28564549
72456428
161919210
27838114
42789380
29535471
21398605
95080166
124624310
149031281
166370722
59023348
45511867
75359469
155519011
132687785
60456323
22290978
15305905
169484772
3023644
64117799
30046335
177424418
33336667
76914772
16700538
29947398
40972399
61811243
52960717
196248222
62198151
142645486
187348187
70527532
132054873
122628091
143778934
9741662
84333173
50849417
118460560
61218766
89668574
180274249
98202891
146991048
52991999
39062636
25971996
76299245
69638508
25566173
99304293
94661426
47720824
151441758
45888922
93392842
185746317
134908449
124875785
172459305
28627888
174697056
13494424
91039379
164742175
99314953
153615723
109086093
154972686
62608260
47543863
75373865
47264354
103986787
88463250
79076025
40409708
27091479
49605909
109374554
46686889
87904264
12604122
3945698
45191509
104716082
106130153
212088180
132594333
19538635
95783475
105651599
4543242
36098811
1273294
54808811
99584858
76277461
36288135
145617825
161563129
48962634
109892177
12817734
97610051
66301381
19283565
139561740
161656296
91456498
117296795
9713734
23258492
26267731
82421604
61624301
14941403
172633833
43441354
98011488
72922266
81702856
55737285
23162094
204083092
50653601
82219691
170674211
15462422
6797857
34030305
120811881
26368258
38906781
172916250
47556679
5703327
45665569
124218856
35718007
62811304
6633717
53120520
46034452
5246657
186062882
95982346
79468949
30502248
91438546
148470416
87556416
15757055
24615585
137282395
125387060
15054456
44889620
21983178
120503294
131888741
58899693
169476345
61448494
99165328
164164656
21662127
40740498
95813226
131671390
49110081
82551652
54886499
46970596
131959798
8609262
50087054
10345787
39628499
26375150
2649714
78877762
5866710
112288218
43669727
23181273
43306820
105107603
182085842
26964937
163679916
145633821
30945570
58947670
2075141
115515759
69842744
40372546
163528491
23035319
163034205
81108186
62508469
42150954
5448100
118841260
9525089
22286449
14853771
74724765
4075462
97612138
59595335
124817581
113114939
9856713
50440979
35745307
8147749
60846387
151333767
155893174
103239188
113976138
110223635
140490981
11345525
111813983
31612449
62747578
148782312
147874003
120330425
5550736
84445048
71742788
21219004
86516338
95587072
142293733
9805857
81938396
68143276
173416814
137411566
46449202
11449094
213576088
48798003
104751218
46885119
46974732
26452578
12113172
152939979
39196158
1980515
159565489
46572560
65112073
52923181
67910115
52269034
26260131
172679397
54897463
153745628
32714376
38030888
61427284
35196781
174066845
92934564
127006219
22026342
93614021
2513635
36686046
107741046
8052604
54024672
99971276
544617
108221037
129859304
33315701
136517444
5742075
138568215
71288458
8346209
72734246
114855769
115123564
37626148
18356758
12593654
59586668
100638904
144670031
74378911
27450650
45979526
144748304
139803975
12170452
77036286
77457606
102041467
68507813
72804085
117173846
122362805
7663977
54806050
22479218
149369067
151465393
70973065
74727811
93187771
102274685
146178076
77545798
81613495
27902029
85630166
4918994
120137807
48297511
75340994
22394587
2687692
124618993
1119702
14256378
122864305
19889283
64725404
9303867
22128031
124036579
164820283
151522171
141006514
75760767
62778840
52140954
167156272
41200575
10560536
162771367
21514927
192988163
60898769
104575717
54392639
22702387
91023254
25080021
48479449
130381408
74114916
55233667
77128038
47994924
105251311
51531469
132333845
28364316
97648321
164584616
148971980
1057367
104821065
95429347
64234230
28240082
57049189
93354482
58910628
60288028
129967992
38795388
212927779
14149498
50254425
2370684
113995253
145458077
17657358
157883339
130530513
130825434
75571414
128900030
119439383
131173243
71116437
92520646
150816335
100909494
152415463
29531044
40789351
90102697
46998553
144455058
24297466
29464683
17748149
36502378
2947409
127337359
11516605
24446372
114858329
65561639
75046748
125973791
117575678
72601763
100864273
89940433
30729101
47375197
166801122
83969740
31473776
192787536
35579549
53210359
62890469
180948553
226354189
8752036
25964024
61352007
212974489
90543616
132127289
31993799
67958369
91155083
184124048
4607680
77112383
216153490
36156812
175093245
61264134
109559383
19266348
6841650
174228220
188120728
47342194
34500887
24751918
24009013
107736296
166389909
107472341
127397038
11558158
84855912
70837355
113957490
18780719
30558153
95050573
172563988
125447849
99481994
91742874
110374172
124327016
154953428
10712975
131780015
1079038
120009046
83328443
76813996
29950641
1343990
41935288
93975149
34195726
26710518
151514312
54274905
48819257
140165901
118428554
29715015
91574366
86972702
16783213
13621270
172624765
110784861
10321214
144057258
162679128
142607403
162677214
86095224
23305352
99340642
32566319
71947169
55531768
95725730
64161502
1608174
175994140
79387664
56941130
42642105
15434317
28817061
178634713
183240231
207348085
72660810
10237017
55411503
173439431
34642890
2843262
91865253
117825512
4912225
92936279
147010967
149086751
135007737
14510582
102814510
138906465
134877376
26712965
64925183
61965331
83077513
49917968
97408178
103689466
110326077
71122783
46121658
25951932
15219414
73046146
36036360
89107548
166930296
28474180
33182013
114950306
89905209
16656319
33442528
33118922
55695952
10084563
110330724
28274081
91417199
55307894
15418148
216710787
94152603
194210819
100173336
125461744
109921649
77184542
4477844
60140139
50193896
16549956
131228666
57048445
135244905
193884954
61796060
61871758
38305837
35045466
114169875
48287875
132674270
5028648
126838862
116881311
16160200
130336746
125874332
128396857
7813090
17701452
117088767
160799299
130223676
187794061
152822089
127746481
20994512
52280768
14862626
85566891
315457
104775418
168135180
34161477
125080158
177317920
79840401
54134987
160709388
109543894
31739792
10449526
203343679
86206246
161867675
48899328
61100755
12710589
1444458
164707266
152508859
7233660
121159970
81600839
79920222
53847264
160835078
33965380
194126895
42450287
3756972
51456160
66129799
139677054
6164234
167862104
133066258
46379570
6013153
20531125
7264541
166065080
37812325
76086518
94060684
17402279
130922575
44762113
10947918
101213545
78140868
32021900
57083965
107277189
222962970
136703053
26520427
96659968
36305365
138702968
38407385
57253007
5123547
106050516
190872779
177436018
125160142
151973155
110627787
181538637
164146451
91637503
48005883
82333950
128563547
81134303
205115669
89010917
1799714
15608702
40459190
214229869
169376235
23614879
54055832
182350115
17986515
17930044
26737956
190069263
118590725
141016550
62168691
56193292
149686920
60498746
70237511
181957504
214481435
140653182
81763619
183210763
155778451
68194725
6508775
110998712
101661425
90728961
58754527
2081010
61785585
60958403
79313733
139649839
97655219
32564743
53904080
132089302
46633696
8422465
36219401
33653017
84086436
86664369
79712538
2372823
19329101
48235253
60789904
96593694
4956019
18060604
11919852
19298404
181114320
62899272
23215575
129834823
24185510
16517857
191882407
53024505
33671551
26693973
7304459
36641500
5233823
97297857
84849569
112363070
46470252
105618468
103242883
56556139
33366253
50704841
146040713
8256214
65999277
40976448
94108032
205487973
117259373
49756025
92957669
26084472
29521021
51831029
35590693
88643627
12552839
19644955
65591950
165091322
139627879
8533541
113624421
177619599
140358139
241890240
48420614
8398516
11234656
66151136
17497554
148521739
149926095
53696495
110216503
171572086
100085520
5317823
204650699
157140197
11996516
162466702
132540220
81868566
27822878
16417708
110050121
38036193
65936647
217673003
910672
43380895
52740532
67833860
39008944
63129173
106762753
65988906
165808170
100636443
59654404
90447012
128605863
85450325
2730351
13538520
2704982
71005907
49548037
112585075
193240674
155703267
32132816
187895746
27450410
19658925
58422525
96252019
1501104
45700653
144769766
49835623
40008481
135232120
83914363
26898432
161269944
140677670
112336547
73258293
63696931
45786201
99766655
74328341
111277183
43535528
197092720
140622705
178900054
21340286
84581803
64441515
33806397
107124094
8960406
180007921
121870741
136837208
209770101
15976450
62746048
169701690
32981643
168645993
249907641
113620318
138487222
71973892
3079929
48364966
75060587
159771623
84163725
901815
44409823
11109181
34757535
71691219
22295901
29439476
117460142
142821017
97060080
232399572
93975660
74526490
189335587
818408
11572928
54718795
109318046
27908553
71286051
106711015
130401429
256316477
29221425
45651106
7376797
156068703
236326070
196406943
65657834
115546658
27732401
64523436
231380407
32331527
16581122
54028239
47270803
18294972
105667049
149772808
35857200
163441720
77781945
13906679
185985986
113615674
2729803
207479313
82687777
118116636
222060795
49879054
23824
95400090
42270984
220011207
68761146
218638272
13174136
126985992
138722020
62776693
36019800
66072254
20246879
41540635
117314286
224067182
206926237
136163808
67784530
15198831
91908
29884258
15749929
138270471
114556989
86124494
85019692
79622082
114708793
186981649
3559423
86259893
65996439
49346933
203310530
242890178
83629398
136300709
42115072
40892852
68284033
5838243
225259402
87837965
143201278
70319492
133961127
49116414
44212366
178819496
251980103
8135660
84952343
15467999
48396254
21538792
51821392
117890798
89740357
89902749
55192066
169430335
32873049
54285092
1819662
113635628
166159196
103936534
78438049
119480820
150914805
55441761
84227999
149181809
16764704
21306512
125828751
69182019
112759056
132127986
120996286
113510574
35343122
74522392
91024431
16673666
46179333
217575244
60131093
85783247
26149335
13795162
63701425
199140047
36770193
54457256
3857698
105110739
58026213
67335225
114118960
20214329
20447212
132020850
58563325
134214788
77098357
130458942
6060345
224103323
7516197
234227486
71687278
14446626
11639702
25135237
12681057
104693335
34885542
152721766
134223550
154441329
62572754
132728788
128105422
74606065
96449468
57903189
41536324
162807960
109290709
110320717
85827902
118196262
61921818
41366746
80346383
127646235
171524260
14414231
116268832
12851495
31416998
133336323
109409490
66055570
128555421
83329340
136587992
4849643
15870776
2174367
31312106
160898360
101664534
151494256
127568177
27532579
15514404
46944990
148867222
167100235
64258763
96299496
3160000
88939645
98450782
144415421
50441294
11472368
76397143
615505
113403872
38003728
50635894
187158708
92030805
142993195
34457632
13220587
226216910
23045668
45685819
43301302
42276848
120955141
34832446
42579991
63587418
77298291
206817386
36573447
33498140
146406066
18338250
187404758
233020521
193453183
23425674
5597356
88873093
212605866
14324351
36011924
18680882
217049318
65687901
237869447
77811670
84755290
102240401
20286022
88341331
108916104
50333243
115093649
236198849
214244950
83760744
51886864
69526488
17453810
114970580
1738405
196541206
202388541
134604983
14039104
189694474
126467772
225239864
65228095
87849781
165429721
114635946
101219849
254476938
249566075
450366
4572341
23297982
62417797
27727421
204510039
11459542
119954418
118623489
103708362
32580499
211814139
97783894
74234259
101304874
93935388
212501947
88273347
42239095
72704704
116554755
192362999
12862878
17525068
24597914
72913514
42409964
173561768
63292504
159494238
147601332
83871901
5105469
178159480
245037248
82901005
32219553
18784391
92936512
33554943
173246152
173952370
110541808
24125614
55583405
36631495
39150651
175262864
14890050
112650085
107589764
27374724
108048081
155675192
207025290
192644010
171274005
174468572
4653296
23387166
17515333
134115627
122233692
249620395
76754240
92659298
12058625
76175347
100679319
5837937
10729570
44252941
122828297
27455617
60555280
90104086
147965786
43524314
176331089
51312022
66365299
205899288
37222370
92209391
58182138
78447299
57239253
64206745
80229533
14356043
146686702
2026701
158875815
113865094
157167114
179009682
10548603
139989835
109555746
1190295
13907289
76987334
156615970
6684484
131271229
87736057
38917797
34723413
5959278
54476921
139198366
47914920
60072533
158976717
134729293
246129231
110779465
42214298
126132405
22503100
216982462
28878275
126023846
64378700
154470057
151241617
14980241
57407808
11663939
66027983
28471449
81104362
37384003
23956608
36394809
56371266
126039601
56703766
41856928
39834
73449013
70176031
129638088
80416754
147529179
76105607
241786270
135504375
124563606
95919021
96547450
43833486
96217010
86745346
92584872
104387649
94723223
57270944
27175781
167560388
27087764
72871845
112972035
128768325
9372745
16307922
6659222
74311975
250405467
78005380
73256284
49571183
75874939
47921377
236845775
41404631
4482661
52454171
5672082
229865828
26876310
74476842
142341293
19395172
14440598
232210657
83001325
52561565
48858131
115284168
147639424
178671066
23878845
105454846
149447404
40479974
51977089
12318425
29575896
43803644
138950244
121792189
24406136
64825938
212632647
41614067
9111281
101649126
134552706
48003615
57770294
58747881
162714986
193016269
85651368
69660414
106975117
97447026
137546173
226971462
221831177
150372011
25426188
112238842
251845562
151548902
2724807
41510434
171744689
48084972
22981653
119091465
24799868
104903993
65071827
16425442
4495473
31917845
31000220
99990319
46843012
72172598
83584569
58399159
2923140
162863174
53874452
18266984
9444570
149928276
204355508
61566021
123734525
155457002
773764
72746096
189135620
271100618
47721412
1214869
55792980
1651614
30030609
76477282
47482035
45762076
119299272
45636267
25252291
15728019
61394420
9258442
204288710
48448357
90389494
215996279
10410780
70703329
156501960
106779241
207078612
27862575
112445844
5716190
2830447
27447878
14651163
8253740
32205030
7753575
47112788
65656201
57270583
121647459
176944462
83458365
250631724
60521403
54673500
138575553
93179656
81783345
24533361
27420078
134744527
164026658
25462460
25206718
4132373
69876642
60286785
55845831
192911741
79904104
50292951
35841340
40898974
157037718
50092482
17838273
27298401
41965791
106015421
193176584
41226472
96971754
230326378
1723476
136636857
18033287
95464167
39425099
171046347
12315007
57157547
134965894
149747102
264779139
54062845
23015462
222964698
166780043
21802934
8446442
200680473
41661995
125800619
62862291
198781095
223922436
35583788
100184916
202532705
168388498
71684397
247510127
166950648
123281681
139352866
4236419
13754894
145880298
85479830
55767476
19767421
86903961
154107650
9652807
44381863
250322344
109257687
194300831
3792038
6745820
246947263
81310635
37884876
252937117
45431399
100344804
126533558
117789353
218955185
10216402
238305476
100550044
20930511
48229922
171565605
51907961
25213104
103745203
67761032
163025944
7917766
47540614
12317227
968470
122441553
252305671
213834672
30766758
22661439
83891380
3646370
21051232
11891828
121039690
112765258
15449152
58495987
110066626
9858340
11703431
85158590
129318872
28959671
36291496
102007336
80477274
62954163
129932164
41552635
142159070
56035142
78436439
95702772
20047658
92723180
208756776
47662665
174712973
534607
175431793
37614812
227118289
216182512
91307418
108120573
22379456
214098124
169662441
115607669
28029205
137823274
49418811
74771567
89117194
2475427
17106343
105889800
32066174
19909202
66987996
18146073
174059629
52326015
17731528
102442474
16850392
183875494
103151497
114487160
94049
174248837
36478411
63983353
40625817
155270457
226333893
17168386
74621686
181827718
156575286
118502090
7933678
134846575
195882702
68718210
91251361
2501753
130201062
8380944
73205083
42521064
67395626
77645562
158506243
91354827
239456956
56729134
193866432
74129932
126120271
62549823
67819781
182289934
42102935
143842975
233982397
59989147
157528462
69209135
125952943
43909332
43530522
19356356
242915106
18871560
43495140
61923021
72968461
148625404
6438952
207465212
81219562
169469021
181835034
28353440
255832191
112077468
34413319
91586495
289487536
171627395
141012637
132663425
95796498
51000347
219834183
491954
9870536
118507286
18518322
70417958
12442178
122937547
50928790
255473062
3771477
80028127
21284021
24152543
3201453
198512650
177468604
125419866
23686179
239652398
872776
10960680
154673894
64289896
134231454
170804568
33813675
77308609
210072984
123903096
154995103
71760476
33551871
127513733
17644998
134256607
73558021
99055518
253290447
237773990
39154031
71919914
215141685
150711467
91081527
146151231
86370022
228301908
108316270
58996150
135717583
119818252
71835963
9225645
110827606
118869065
99001657
33829279
10359530
52910388
251186980
167608466
135333972
219949869
191873683
89972066
145031051
166899557
87836888
65819141
74086466
256773262
205717523
12266099
108251652
15561804
16753570
227594320
42345244
95374442
73799926
109145583
4759355
62012708
76557384
134939166
23776035
80334253
110941541
70421935
107022369
136014279
137922428
59707521
80908702
116576254
22138431
1337697
296467
52207907
56081305
96099819
98809115
159448497
180036047
99947854
120898242
143274289
228623270
113235557
286079351
108736240
171090445
52266533
42514749
163247322
242872182
78865919
109623437
232073710
60837123
157740253
86662970
225277110
175881188
83086315
248951809
11556722
63480138
38256415
189131586
911395
9955186
160474112
249623342
153658866
1991037
97144242
99049702
35163627
40193721
73331950
17034063
154506894
191250953
70406121
12617008
140075660
197520071
1711300
78454410
117338948
180864711
131946120
195850456
89605963
188978195
150953368
64922008
202723830
169338919
101348529
144756230
93552277
131473289
69109988
152541093
34136955
40710421
172379344
34861624
208933010
44318814
14266932
112355175
83263190
118607747
9322407
147657035
26560725
15819839
20865904
15466168
166888022
31247176
11053028
32793075
156243389
8437259
266483387
37448955
114974198
136427598
98252896
158848491
22341432
59454537
18069133
44070862
181164839
181847774
2120619
95182650
118732794
108587012
52661444
132539693
22108022
156556908
15690703
1739180
179292131
39006499
233710790
10212773
866527
136910110
59074939
93614403
66761402
172374195
89511389
181116469
74452593
247351317
115840322
283907936
177829461
96570771
46872411
2315808
138001972
92494185
195938228
131647613
117802719
190629212
110426715
158108414
184434707
178326198
105247962
140995488
218882447
56676336
98644738
5426064
4785417
53963507
146668314
15237115
101316810
127955249
215518267
150313041
130799383
42455093
38723223
138303555
35881997
86647899
205219140
32593690
6023831
81282551
85962954
242014224
13742313
9365662
104056257
28199854
6437219
63764614
219070744
182758620
1498124
112082019
32842351
173147967
58138870
149160125
16133251
214928757
95162442
387468
83358796
14720709
114521368
135511183
7002135
3142420
212793740
109999148
107384156
78926983
26981456
18954599
77152580
84696567
19934737
52296170
110077842
104287714
107196057
117838466
181476887
18686198
57332297
196058156
145100647
131529786
78424217
84883285
112259525
124456694
12205655
3795077
252724296
103914478
24600998
6658624
57884178
20549750
229561044
10955974
65776640
131863807
104710666
205427012
73096838
201359278
131009858
289380172
114955481
188199615
27299380
56611390
8733284
38532662
18574064
254609152
111697750
59895998
66691140
19413938
72969627
118830485
24376500
88208435
204088750
38702293
171833321
12798706
43739959
194241391
60525077
137053870
178920242
27006878
160513069
8531765
254112641
46124341
32376308
123049607
89131358
60565417
126718807
54464482
283200515
130869298
97250147
238640883
87851025
249641013
25211383
141816888
171072591
224932024
61332500
74920542
32695624
61231304
220653066
225706423
20726827
95241858
170982368
43300655
44705605
73397431
29623035
34837616
231672184
64511193
96506954
182863218
174570333
118064610
127705589
107153985
104256791
221308263
12819620
71971690
6062638
47737807
84553911
12609080
86729993
65540900
36172956
187256392
100052607
154209090
137912006
165155982
175689624
20094660
148552347
19893452
127852337
197698188
31561106
63060977
106636815
133140313
171197054
162492987
11556719
41815011
49323591
76959098
23154181
164361268
26810108
123075799
51440481
139212069
5209403
71722094
78144714
144884252
110197679
217417464
145525948
24346067
177408627
46234641
120804643
192607954
59998560
72653752
10908578
129079373
102611033
146424231
66406091
12273055
171509946
19365831
181013143
5270884
107507000
31009753
203748835
163955594
31229951
25491736
20367442
73205789
56171881
226257142
139909171
121078182
190742155
130070871
104149921
42564799
6000059
171283515
135933397
144791832
236605608
199772519
11723018
14050200
161876805
48210061
159115042
106199528
65241420
41025656
13870513
6941785
93752230
181062600
35369495
178209412
5677088
33522161
8052174
223319750
142044192
1406811
114507703
88234356
57729644
135821400
37955673
272584580
5445406
145540727
51500396
22981997
25505124
101484651
95143974
138380793
65150851
127967449
3516325
12782831
280735953
218589954
107473382
111229212
31655681
189660437
24612844
190183933
86746253
35383533
8000451
179214980
107160677
161042060
62457661
56401134
66254026
146412751
196874696
27520402
71808363
76051
157859934
1413401
215409993
248756467
247688385
18683892
6510564
70417968
267980291
142669454
162656109
13883224
195682858
265800913
44460812
8080999
121766686
138204273
74865431
62874446
147751047
161994391
42741283
189211171
104497701
155909609
20057943
150521734
222574061
29615839
282708408
113660425
99555349
206299007
228238644
164333013
179143602
126282036
74626461
102476080
55252888
88883378
166335636
183868451
113450976
112666796
256231106
49758783
197392895
61868262
170490377
72550452
4042562
131966552
246159156
44873220
208709482
116822455
155054920
68373352
144521622
74098173
49240003
48029886
17980221
37800608
108339144
149853826
100520735
111609503
259740719
242808784
124907428
69668057
51620904
66620605
23990774
142501215
151514633
50442999
271147667
155495966
212479793
133093783
131943386
3197363
224197168
192183715
96624145
44934187
227416776
276337507
45490741
155160082
139091547
41030146
75746963
300132448
18828731
270907317
63511469
153618297
6272141
60694139
66016293
108095877
28420265
58195852
168770371
142758176
170691747
128077154
141567025
171253371
78519896
281941540
48854461
26578228
193728392
191278421
202581256
33728499
121394658
5405083
126864045
9346928
210349409
194600681
11922584
141296389
61262348
70715531
26183255
23164409
249246281
163043570
230034567
291884277
129182017
134452220
80821690
56414240
104238516
11081798
171801482
16366893
103345165
119458889
88345276
170627660
146792581
261347595
219377500
114740061
282885280
24715609
141489023
23906205
22454235
56141178
147725800
16539770
258107032
86399196
66042652
27001547
41205364
47095021
211025314
1491732
32649454
72865832
92651451
211902047
201471234
114350611
73995218
305511013
10202945
2937369
25070751
98789195
266204205
255740219
109101954
209570127
255177391
87038109
76748748
20627465
53026667
163042871
113210713
40094695
219888558
97898796
240194872
127199868
250188019
145883957
115495194
85296158
145470687
220729054
39677650
31186168
30744169
247442700
1350215
42011404
96393290
40712416
80501597
73334381
157349611
19573668
166484134
166794099
8115721
191552
23280647
48585952
38384118
2191250
240237485
102161672
10793961
63628046
13369576
86206667
54968165
121894371
148902242
203676539
161407642
183319619
11458729
77135420
129999649
96846491
72175799
14899945
190554223
192304632
27883231
186858413
133109963
210655957
82374783
35956715
293887032
124398153
167321298
63990256
25773699
107061159
235060324
72741657
95538594
35150498
90055912
128235668
108029258
229978137
63702473
160762680
239492037
198978238
9075745
87942247
212849568
59045905
46775909
291507767
100330346
72912180
229677275
119309724
85378848
250169132
63625593
59304254
76665308
164151483
29754281
153001813
102451786
50794621
291896184
182170425
33091406
9029982
45723764
127731452
60260722
129991904
95463082
87431662
223664167
18148724
97697316
133265332
51321222
5629523
118374929
140539400
218119457
557846
32577824
159522081
56424911
116250215
201543290
121869640
132450803
118568497
73072917
175226478
187956826
14180420
214434200
14031403
27518833
15612731
64397702
253670258
253149277
58635726
79179010
276944674
26809056
141271204
169689815
215115074
64247765
125301806
270491519
15021325
62625081
49484922
49733420
194798288
17321854
142975642
10820140
196152012
155013032
31228655
137593517
77242397
45706553
48498968
153240225
130834396
208228249
9507409
251309200
294237917
138542563
145395393
270987660
143236024
8223268
187916590
111514299
9958694
115242103
43507352
258125362
10002294
149003938
25283856
151226302
219792189
171305230
89570643
55346229
70670430
8621071
50067807
253148631
259567730
41789866
87486196
41088365
72895607
17251984
19391708
153614135
53914905
246399655
59902049
164200063
37256048
56581952
32596158
102247700
143705512
24345235
271854830
206486285
197924145
277305386
49135724
207515967
240842301
62571412
56718122
243017690
196292486
75582599
47694756
23996153
15880270
157067690
252107675
96975106
41619058
257608139
171121945
195979390
58518287
232787848
21580915
165169643
57282794
140968175
200773686
135538600
5719518
147978569
134624536
22836514
228318600
133938498
144690894
79995414
80937428
28640584
43260608
165232803
14645560
162352732
109253227
71041199
92033493
33408825
35125076
82040703
230642956
16941797
150913775
83139839
101424881
39754817
96769578
55975809
153338023
236303696
107186186
220045824
107633897
18140445
185907025
114904710
49475200
26381068
124233625
199970474
39892256
73463424
67287400
223903893
19080851
184798072
16719961
67780722
51565182
20475740
92657095
120722828
33711704
18609926
246198119
7031760
42399098
88496246
287775942
4022880
164491271
97505234
45625722
186010791
318519001
78384584
118925116
22164822
158887022
211831045
68521923
234894916
40864437
10782651
58906454
74716522
169692516
22489565
208579100
308706464
80105945
194574697
200394085
45978950
105984591
74756041
76449831
216171208
208468205
25867943
4981596
190653238
121991183
40404704
103797621
42456023
314091283
217569611
224219
78646101
28519982
142416726
30116684
216676826
105546514
21025641
35420339
277725670
152458065
24216892
77048800
49742405
245837661
240843719
94328481
23876789
207444419
8745382
45667727
272539328
279700525
18122106
161385768
141450784
266809440
149349898
104202285
23128368
116931251
49675344
124787933
181815965
91912094
121695580
184357009
158644358
168406877
52123321
93740512
14555754
97656542
63770492
174862312
52440131
256680360
33854114
135793075
62823392
123902719
34846706
58652005
185973417
23553821
34683019
227011116
197521701
71969280
86961531
147558585
132631105
239638263
328339024
137604039
85061151
180336306
94247015
7619669
22109702
253348753
71678370
81725833
31882904
129146890
240305632
266018380
219387721
243081736
112689301
8565731
98866577
60475106
267344588
237446035
52801811
68014630
47006729
125091567
168128851
127273562
171191438
282852872
3024531
163957868
194499786
60527699
163054542
48084500
30315702
17477171
244124662
79663787
125578819
173777621
32996374
30251961
102873238
40352284
47522716
101999591
239201584
206273677
87424445
113927764
169642971
104964004
214065695
70981911
82755035
29997850
264119715
173930362
37906364
177056597
234029651
233969403
74197948
113040985
306771766
135342054
97154742
225800679
287653889
179494903
220739180
156335209
8817819
164674597
160736663
149428147
179976952
34663626
6967807
300554508
34257066
580983
185510747
51029957
252323781
10426758
142977683
19998853
13040042
4637473
59098634
16618392
255211541
12959958
35553424
177991405
14809804
148432113
47451243
167214362
1692363
251764904
259608161
221259309
23547507
82327062
39431875
275098481
318055170
116444652
68032310
144677771
14438156
61642724
128465987
93389333
229145382
155235553
150143953
115009961
47740672
41428293
41109290
175876927
184254279
12344168
164941982
71395418
56959495
28199198
241083295
83454902
68236363
178214769
135756562
132570518
105597891
41911999
127467066
272639683
278120532
113957142
20851688
123552393
38245864
16481673
60532267
128961653
207703808
20408592
153919821
126022385
202904363
151268060
127240500
72792469
193964340
105991327
110234621
173004151
179449345
64016735
319129658
5504523
143300112
40011184
742832
288270751
5204249
89762106
38366603
40736040
56445441
41720638
146843968
53328200
21231357
39729484
88853903
189397467
2094914
42816563
230507105
308343075
86030052
30908933
178912413
37618485
246381727
70499022
112221060
65509273
342466562
114968577
188037521
73280500
215259692
280641762
44270643
177851378
95668671
7360442
269668480
228126984
217618590
111820625
217173925
2667549
96644636
206463350
88185783
217812376
173229233
109940450
40805325
56754763
90501030
220532013
41530942
9548184
183968278
131117352
230613488
82800007
133585041
330612295
5645364
183516644
55855028
22883218
35948431
204957248
211956209
203691154
139542170
77597032
278631342
101372365
226004443
81048819
122624029
121332581
32135936
199991448
53173437
183158890
240813490
112059877
34448300
267094293
61529185
175883876
19984972
336374586
145246949
43303813
56716443
294704474
13240394
50197913
159890872
213338683
201949494
18711418
151645203
64718080
177358323
163649127
8717929
131069053
184192941
97087106
134985520
15796574
290388137
261360209
139450684
46492285
256465169
154228416
222226305
253837478
260376195
265159120
224801179
263968700
75963747
65312348
135166394
144448062
123107640
269356235
34234951
2317545
114664083
293499443
199491651
258372538
73614296
12651334
66721585
81565638
67252216
117574580
136451990
299250143
1182306
172153761
44621066
198136719
3532100
172505725
180641386
270191862
50602377
230788268
115017073
344651099
64750763
48269902
107946384
125826442
19668528
170760640
66369815
107640386
283968785
173551537
67302248
35486274
117128950
59751413
288098266
27006802
96946786
164065661
118328190
101139101
190819703
337319722
286691296
98671905
335779434
72137954
214516658
121306153
188672308
99852827
43621547
101962950
136934952
212899470
300776065
215518549
137326738
9103484
39300099
73234093
356238385
265572667
29014710
224152480
86692745
287768791
82740430
18410388
165215494
56173885
150327635
31459907
113875983
84688821
74866214
200743079
54091497
40425935
11198014
305855947
247934292
49840965
171344858
30121276
97630252
81118771
320247985
1966785
130086433
87881880
211122381
254890737
56721607
91018836
112806961
116759676
152253286
101431141
223528107
81473977
182071522
90951655
148249008
26018061
225061048
98142790
87920965
295581495
103004043
30383124
14538200
203839133
148414406
47921693
42014781
114617222
1540482
44026000
281018971
13707773
83649406
139580176
60544510
69535543
45151479
113565104
130116576
40422003
40350402
70996482
57764954
302065222
92972477
293463702
70428471
236722436
218101513
96100360
16151986
44180119
5004401
41693477
48917585
175453973
232458738
72066976
10767856
15718468
3811269
157684327
23876156
347643179
285747288
17930250
2740504
167918035
105910634
240786490
73347175
31735093
119632714
49712799
60877655
36417788
103380733
349832787
263114124
29052850
150438677
45901011
193771537
57079847
126709626
231414570
31172555
48869590
328843276
172623592
112654602
165927939
42217228
42761431
172325350
18803473
77696728
80578129
302124239
265900582
65562821
47691660
100619874
105807365
204605865
215934751
14406631
192630668
243055270
199173364
194131430
28367865
153195918
226142715
48475673
144874210
110950644
208637262
210668351
46274041
124034646
239322574
165546525
122283741
53887288
344872543
267763023
240696956
162646020
61075538
24930476
173048259
167595999
85503649
93972023
65481809
95556449
37162830
94512786
79024007
65446576
196421732
56491932
131284576
151408625
273446851
66257438
76927067
338662804
48214752
31731591
245230088
106529429
35871360
22391979
67660836
27169973
39372267
50667537
31643288
39500528
20743787
14616682
34247098
107270388
94636398
150634926
264281214
216925710
257051600
110374363
144079172
230765386
93597470
151519685
114380722
59864205
213429838
73297067
68414524
97667783
80042626
356323339
132527102
175211056
279601040
180457301
23218523
40572392
77387319
260977851
141505205
55427797
186285740
181134214
152782397
158981003
140077203
247414047
22771677
103073895
185585083
87847603
124196447
154999516
83813805
93885267
274710062
11889439
7804045
111600153
60561993
182189991
125296192
107931126
234715418
196195228
133970297
64233156
134805066
156139192
138830993
27315498
55424841
49238187
28876762
207700962
70164033
141639556
81996715
167817799
129799354
31095538
88092473
34072462
121946274
18652090
52772915
5026328
172100996
239432170
143386578
111038068
59104262
89201726
17550671
88803476
2634425
144523790
113287990
152683672
204100800
21860142
374730970
27177487
266977953
228593028
160446262
178332777
234351330
43218385
26469204
127521566
56120264
155573347
74771925
155711289
124439244
299722947
139959911
173453399
236434757
253229308
118779748
127392874
79466935
180247571
202644002
5600690
141567705
127103764
36867400
307222816
366148375
230896093
312889412
270413137
93455498
145234027
51051433
40576791
1263626
36100925
190678746
149285087
132356298
5381207
305362777
52349458
93037689
108033330
172697379
84161344
1760957
241870049
190278087
37549188
124338408
3844890
252305066
196824664
9735477
246325953
140976529
197246827
152782527
122487111
229813501
101728393
291478919
30506946
17239771
165682714
108268769
154437687
113739063
346468130
188026964
241107302
55186137
171504146
34978680
87744633
600489
35957048
99773362
11809203
110423914
82743852
142268929
97224279
55467320
255399178
124936551
27851497
39228084
12024569
185872154
171468613
174031987
20512625
128617895
17592338
222072580
346745594
112251991
59150495
32205879
54981890
220595478
75859073
21297289
85045944
8508479
202240385
300564194
321557029
44069615
120679764
307094895
136573213
51110676
41450798
323389754
33191985
130065341
83113568
16218985
190863498
190284964
130428456
194729980
66666300
229118456
101774430
169201841
52806642
48171713
34004263
158453160
294737576
218379460
122221245
236954836
129307730
90933030
26121005
75511947
256332994
100020525
196151194
106784901
3782424
53712365
103151213
80398575
220757361
233644205
172091192
155435711
43670725
50723685
190655104
83289003
263434971
103359782
75088519
55610028
134445524
192699305
179041003
118988696
260822964
92322277
298322177
11857660
2275734
85140334
64062561
175235967
47776016
35717708
19385099
363062221
48685303
289237139
174962161
52210034
128440369
79924312
339329016
25221854
111887723
50972122
23715146
196545720
182596713
22188225
129629348
124755697
219105055
10227866
121167345
126838282
26672937
130321057
47226285
210769761
91509723
63783310
109411195
57870000
230734609
87191323
13482241
4678089
129160912
14329576
71675777
240706042
199209031
282487067
124855941
38520728
154784579
128409768
178548103
292465571
154597469
60721052
278422061
38368879
101309478
66189809
318641509
44118763
181916179
13661671
311824380
143780325
106708252
21157791
331656961
134787418
39704543
261206020
75459752
69912964
106958405
94690857
249908807
180767533
49472873
158227877
11077010
72993188
140330262
26546268
67670214
129999256
111257838
191841725
230601554
3055998
230995079
260348122
183883209
259021878
29299458
2427596
172266578
62741861
176252243
70440782
60240981
282371555
135061359
35381339
312873055
218336078
275378594
29495479
195234996
3603904
253046428
111826572
12115349
101600712
177654087
135535385
214273547
199907911
142601698
87142863
181177283
8695708
112074153
478729
115786696
70311945
258187733
6155721
82304944
90281716
170308311
277107228
188938915
60630949
9175802
221352856
8461255
287782529
181017364
160512870
220965520
350358025
33593688
104453461
5182886
84220567
211607067
50967310
148495734
41018853
265396025
246575337
115438990
84691174
78145588
36647813
222078070
33991438
40282733
208520201
313098117
326687099
227245856
344110365
28519855
82038152
364727740
70897819
101450493
115539622
51687649
45124753
10361897
160233075
178456793
151703923
266184724
70162793
63432794
92347749
183305261
98144623
41180373
143970501
4174681
106926089
228988748
68628512
192966645
336317073
71449540
109458104
172897785
98769705
86131879
66048361
160344156
87672575
20460940
53740362
82205573
79969325
32659769
80661951
11819122
10271394
30423449
106839965
125632273
61208493
239388003
62413373
252461459
67962535
556113
253671864
127359722
68971414
245611908
360162557
135770101
38696421
165741115
51470690
145966159
90975582
20690215
190794678
321621403
247641937
104173202
325247647
29274481
230165199
22665271
100820762
39501074
145777998
151783594
107740354
78501147
221107948
190320201
46512009
250161307
110729129
10700936
43782049
179940924
40610198
236107447
43024849
153688238
194386461
108476710
157311005
243397191
105327833
284538731
16557924
279361816
189902639
343855632
193509957
165817052
156461998
41831940
241718439
165393269
82259933
238928993
21669749
103825727
118528466
170317955
149161137
271913688
299954490
182903541
53402555
115825264
292231212
235082859
111028521
65263513
20318031
148895280
86176989
361050748
169990382
106239685
150088703
148618032
123235510
31930749
41606311
112690370
162887654
109480115
28848216
186972532
249471588
228285709
312879574
105110785
240136302
377977835
119882558
11001144
100098745
188861008
197952766
17228576
208700201
31005380
144656961
97726608
153562784
14831464
49805099
102939919
154118284
17444693
324829856
323455179
48764624
120933788
108040197
12945076
346941914
283556907
116281297
74561638
68570943
44506653
75653114
177716195
4571030
184973152
32470330
24889264
189543455
51355237
145482702
110083810
66497606
3528651
206756789
255374817
152322532
166667691
131834257
30228696
59474379
203094511
293850638
30592526
31678426
102844352
60100494
43702825
36374236
209932086
6836672
108060665
215800821
280063057
88401611
248498884
323943912
11448196
233055232
62681464
12097306
226436617
65917077
40700877
86019923
78590489
58507536
100718965
70734661
204951282
29789116
90982862
67595772
178545186
140928656
234434456
264927757
16909180
343864396
81611555
55881907
277853129
80394252
87963904
35782834
168487654
40177471
170438228
116229116
276809358
220680301
72859970
286882704
18642164
55642261
262593353
30414529
230778903
44123239
243855902
8922338
120580974
19516671
5660584
257009232
27449895
58872947
81222548
191284233
124562405
300885860
232153445
205275939
231878746
53502271
295946076
32593125
195889574
5554358
3775580
60550003
65859858
22459706
14682973
1717423
178601443
220856215
79840154
217990817
229927080
17889930
170892104
370095132
75545634
249651572
194287972
3231961
125130018
73516859
17477016
84749442
169385550
5506094
9181860
265858692
39965561
151249938
259014901
88869453
2148990
130246579
71138182
10462949
47193084
64458181
28491537
274670513
70329668
65228491
144129723
125680188
60705335
302180636
43356225
98887798
78660856
3463718
91856832
213865585
149405387
218900198
119709941
15350625
25439237
335923590
159085594
168731795
194851878
59613235
74120798
135425231
273667445
114391000
279311191
134285038
303113839
145589776
187292507
320012324
227024388
117391780
183612361
20991291
36707030
41294181
279239400
220999201
56370989
25116918
127317518
182021728
84343113
5370187
167609896
6006969
250587183
21415156
91272422
180485037
144748113
26035862
246890783
3715922
79531720
62725901
47281493
237705583
87416252
108047980
164907031
173111718
13314650
344932968
257839918
167444882
182644335
128910602
160289857
145217445
38554783
145576385
30971372
95948645
167358363
115373369
209333562
70397500
139971992
230169712
88708752
242240666
189655899
90316932
300947127
268520466
77234950
22828595
58259257
151239827
263142385
335393503
59955800
52623305
267369331
79993741
65131677
340544674
162401749
101127971
75475400
78370533
257076173
101564128
49548434
125362995
216797045
121167231
1314723
48103635
256290398
25184896
324499439
155106901
41846851
127670468
12596871
279591729
17601479
83611329
131759481
223302562
19524421
51091420
133055804
226740247
61620465
21670560
712120
16020242
59622441
109478968
90192090
3028540
249040573
7971791
36557312
90054969
189268262
130885867
390145895
193635674
260039114
146651265
41799890
72761984
80066654
9324941
88003470
76429559
246838819
101647787
199286687
5037624
100664614
26176113
15517883
132684700
46274995
63681205
85578015
271392102
138699325
117837550
146997486
11048939
291234490
41798340
163264943
213486271
342588989
130051333
75795275
72690436
244539527
331872630
3383056
7964446
273190517
45314471
262753718
1618078
121138460
272490632
27250788
293315599
31997623
323460318
284525133
38437837
34126967
61627137
104028393
22350603
84691370
339633238
146795175
205819455
332680157
290191530
39472037
182174246
235243951
27637308
6492804
13509748
61605507
194489706
198056255
139392196
184287038
236124168
194918892
398877774
129939284
25075424
154230391
241865756
254883394
29133632
97862909
94847823
271923748
212333405
77296934
63392635
215481487
261113564
78958454
57366864
204756265
108343716
3647755
103666432
98012129
27241303
69649715
104390660
338810819
194727115
69235231
69371701
140618940
202377377
127414908
69105085
117353307
180410639
31911616
96514172
94680244
216424675
70742374
288933570
319695340
18040603
7383587
155560197
43212697
38818116
126849361
276407722
391142249
106877247
308268839
185746140
102437518
167206646
101444750
404752586
176977675
285403447
89616552
252820248
7675987
276655629
130552636
67526884
70295805
165140546
237059149
80121265
199311191
184106657
122036375
268026644
16460634
141769677
88438588
1333873
205609915
2456505
63852366
60759952
73631154
136588952
22767546
158466256
204960225
318028168
323218601
289616486
118962243
260990732
212980485
224472745
338030437
262629396
74472589
99399531
331097735
52719418
39123751
151974950
85568009
255691992
163871696
152325835
82461561
106837726
78384939
203689915
40752742
84998601
208524190
163053474
100061600
54006179
217713821
315802843
185217454
71545937
174777060
125207919
169537873
195197548
308905655
4058910
4471481
204263284
393861882
80751843
78758408
268455647
352897658
90519817
182715078
264869394
44030424
109431783
158813988
8329424
99678000
169259003
158409096
172347724
123339093
430902606
94704506
277999570
203896900
251998439
99678608
307092688
388385276
5285959
336543177
357786036
9212453
132117613
139352151
3392239
138415138
105326825
138190604
40939966
160992061
217474805
89831046
111486454
174741292
226534506
19827797
87576098
3041730
249601651
95315586
185076968
270925860
13746258
173443415
162048716
167514978
140849024
329559391
411233407
107966625
91201867
11384447
31220117
177943076
131941303
153091259
132059360
177970274
102141004
369453008
166305358
138752429
834736
223018620
34846696
39889910
49429027
116672364
24013368
309195822
84980478
131453095
174084419
264214682
248977623
25235326
47086044
192440759
282285622
103416700
239288525
77148478
154261397
137205609
157834935
106905992
266928870
36368780
163153067
39989434
75858715
30681794
34704579
147451
134423504
20218270
6596101
83352612
32411487
380299462
29266396
122447379
302318964
69793486
223085018
64546023
223538874
47848577
262538172
112969565
331255728
109862058
296810988
205351927
54986217
297861352
185259894
32146636
112740209
220369515
176123373
46338732
14357966
239207231
356445319
102720692
183100052
121882845
346739977
10697112
5634730
90188027
97993187
88085958
61134668
202773233
91126300
119554745
44304117
19406911
254973007
136548279
98050019
30969034
367384668
221827407
74701843
339996507
13381437
84753279
181533039
219652442
374464259
22733228
169718698
71705233
148498919
4784359
58819963
53916583
168074585
123021811
194337476
342131292
302711578
21542862
51162506
115025892
210469209
106328007
249970125
129130200
50495040
302136658
232435698
28874101
308622803
30164076
98853238
459511
40216723
60510455
254750622
250489913
179236399
301268142
162130318
9512206
97810891
83040274
27862272
6508605
50608307
129927185
155051977
630454
12722787
213286465
16380734
197821513
171013841
188493616
170756211
184170622
363752804
23512880
173209546
174039693
187487186
261749759
78145637
115769364
301631999
160822182
8393282
115130099
216163499
196483461
9122612
111950842
196854547
32741579
145808839
17246515
85013944
152214054
165774512
118788669
187516303
63772644
112258268
105055064
112767798
268765265
52521073
194925623
48089105
321398475
226696120
217903853
72772612
400940629
87271981
146910919
157721239
260944966
155780459
180795941
287483832
433966
106646940
129151087
526900
327458835
119112821
211639658
150711981
224276058
164737510
5227645
6047614
142581503
224511379
387599944
53379364
88416110
163100300
287771643
75207867
183265925
259080416
59617171
67159435
104915963
65161689
8253555
109115127
33425677
142615964
24769875
4694226
169385618
18582954
123666940
206074588
37973412
211621138
82458108
183827452
84222803
63700555
133986021
10623389
70033853
2710037
37218508
119228761
19523845
78574677
262526802
214697277
72067691
219221201
62503395
42941986
153610023
101606368
72041330
251161026
211179911
37249006
134780105
58144355
155319656
154771925
150679357
170603115
167609618
146589645
155055242
411932012
102463444
34381655
36711720
251053224
4757258
9599971
158512550
143509883
288572660
3496473
241359675
112818773
98813971
170074821
72135566
39883151
53888880
158457040
203793300
29175180
96178230
294143913
220009657
164768094
177987473
87136015
78380140
155978779
277284002
346022023
84209556
18224532
184448389
346829450
424470642
250962948
53963128
300731969
363491550
7075971
323861384
189052633
203950128
340295652
203973592
145776785
3868585
16340256
11023261
117206107
402398608
52432181
254940569
35047968
48170027
61620530
144141937
231484129
89556977
50515748
39082180
83885476
2325019
253746551
243677759
149118292
80166354
230308908
182372054
3617979
116402972
204248678
39490175
118107067
82870414
44608712
101228127
9449549
177842938
30503941
184581739
72061732
353245844
94169307
13010648
87522758
129957765
146880488
76277885
177475009
3332519
141153026
5651330
126529624
110367314
140302406
360680897
152027233
56673707
281873556
77209246
253637290
166902440
249770250
146369751
19593561
423973118
42140048
394816894
79241632
307523639
222327278
50221695
206028540
370175367
260894541
52808180
64421956
101458381
158798905
38747165
234712549
32777121
38441942
73304805
173038998
267053757
303163303
126703368
65849971
260963006
44697292
78387341
146623376
115052173
240421321
289761356
372381239
87921603
126625911
34379449
335795604
216030363
6070108
254973043
177967372
189133265
75211442
257005335
145864765
137262603
175856383
233632478
153674424
438814179
253208748
253904394
221240289
372681726
392474874
174039644
35234371
231932358
208752017
202121912
27496104
204177795
293595553
77747365
220285991
299270020
382297443
22539435
55149277
177162171
18268974
99588653
282308936
112948929
194812383
232558024
58374798
345943104
18437200
126723455
97675447
258301562
104416425
138125255
158413323
35686472
73394859
51675827
123906438
35823916
70469115
317857138
12328472
32558125
9331596
306546576
163264119
94781165
78223673
35426505
229231261
15789746
44966873
318566870
194882937
177820737
256460538
158475974
100849742
157993236
237753304
308855985
318126973
224440787
80389295
129213074
34957876
233870590
276502622
99776283
10151172
378277523
60079822
163664921
44318957
304517751
60861410
215498369
404691242
304680986
41079356
240953550
23859983
257975250
161291408
322613532
258320146
91197301
52856664
165492795
282275466
67825904
99962924
228944237
22781299
119761055
302322896
238955685
10240497
374395380
262897060
232113693
116517059
3939323
214405883
174277891
219030680
172063222
283962274
3481757
142903977
72376671
126190066
25922873
65187964
62278666
151476732
91088112
123823040
145083137
275382750
108581855
403286775
113308177
101719142
98578541
214849509
32090070
3088123
149525485
164044749
81742226
16863075
39589811
209541464
57275172
206961322
18511206
103912967
306153291
119745482
1370502
167952958
35199974
218392398
270362614
148570822
41282312
302135856
12533474
39112096
49794923
28286679
97916107
192514872
56415066
448345174
293746408
9569761
65401293
135436616
280417497
73865855
313987399
349049260
12440448
97121284
306661289
231724766
148594562
12442822
316163385
69673710
367731420
152013794
171112524
90314602
103566662
290176575
27602881
236509315
316457627
22301506
309073698
98370594
20355751
8096333
322936199
269003007
172290551
125699698
26780417
140324307
92847658
155255826
186097676
11927533
76961391
4483532
39373215
115151122
229614047
153723554
81799179
21715637
91298614
336329737
115854738
40580950
18859371
112124567
13904003
2643258
319018427
84314814
110738608
36398984
144938880
117900985
318050044
58041835
130789165
227340739
150092352
260663512
184241228
176622427
202798224
272449478
7402051
22893314
31899618
326564366
150049842
5482723
165670566
37388861
133559654
127665291
274126501
19751023
222930743
170697887
19932184
193759524
97762311
45226827
204300400
46775135
49644806
258923922
212158693
121319884
47226400
284645966
342463206
187863879
47347622
221063274
39912896
218035919
55354885
901809
173708984
26612871
104521366
125784203
252436584
327337934
176565624
127466189
21212051
12604397
110136626
123546848
157769092
24890540
282016978
190754952
146656627
402171489
100223234
16666102
135701556
244646893
106177955
18476367
26946832
7800099
420369254
375863653
351857062
79277254
49811138
201810079
13628125
174237370
122804286
249717049
71879976
331610127
180155523
430548621
260673822
110665458
19551862
220760282
30613226
57043456
28063526
39087227
66853303
289341291
344675043
131312729
209285820
88689088
96552845
33975872
85944769
285746449
226544635
80605037
180900
363450447
373063283
287554928
78406897
220344060
4984806
204474202
93494466
358346576
339796181
271580638
373257931
161929617
187694617
154768462
317052731
13111043
137268270
115631838
79182451
297692429
266571683
49606229
56143698
40796253
199731800
159583018
33387938
415554829
410854834
242048286
325868511
305660263
53234882
4967253
115883215
8783892
182328788
231353001
292694980
418228765
179534073
192870826
84955099
201759049
18571934
65083086
67511190
31840460
401381793
163921319
273038579
85874708
222153183
164122547
25966936
13577202
373153809
266097266
292119770
98879377
197223399
93675277
109039318
276595637
140271913
238153028
201074428
79806724
66334538
74753105
92858253
289799201
372417299
53645278
346110652
184374674
227248504
101481750
295614678
201146474
2578189
29760771
19721983
174764822
143880451
36001993
102062052
256113930
66162301
85357603
45859233
72265692
19859446
26465118
133169640
164767039
303800399
81751954
273174712
178666948
124097080
126331739
25441219
149025650
306793106
180449187
194642746
113609687
179139128
259125504
127641393
43033551
131583023
15670416
62695389
31182795
176392293
286809594
354133461
23575422
79480983
69229269
113432593
120179900
259801625
302978126
457935542
98372864
4839988
19314121
232576766
373362247
4073964
31821909
223967060
8862314
136869169
159771858
271067711
111631380
119919088
101352281
11315533
165963669
47631895
140876022
73744557
69028952
242720943
66986574
68649238
303618224
354767315
17783400
36691522
284792179
126373448
253011456
200521442
248422157
295229508
10366757
64662758
46757632
125990417
134417591
140408759
138320382
179777273
308803249
7835577
3910470
1506973
326789700
176978258
138194612
17303809
35383936
135398204
4719225
167080990
215636192
231364106
6760638
194897614
230782057
171289925
445834789
143266107
317273754
341002243
147175371
159489502
401089606
327344467
46874136
229854627
58250856
211614965
89564951
113707104
127626281
229535432
24658589
34841748
181705925
84352142
525799
147145242
20978181
169596067
41544364
370552572
269522005
153998092
93722742
120501773
12471918
21404210
16807127
343505668
123006873
16712562
42903411
17471222
75512846
339033052
140594915
53287088
128277051
233067262
143654633
268943804
284426805
233333015
143759558
266183525
369437667
247069455
29956243
171725311
96057989
23164772
116316856
308956276
104536904
343399724
202601847
257255986
58907904
94848074
394205679
289303933
24519913
169670592
52689243
248640608
295383682
28091601
317161901
73149101
187178171
169518479
359642490
27944096
80029149
264864426
312192229
118591347
413302130
132252223
375713103
373036151
324102515
322542018
148018067
231941411
105045624
307362607
136623724
220148012
9415947
218098633
22623209
662547
55229566
173879354
131718842
142745543
259101387
190227982
187985753
37949656
261847412
369525267
23203611
152042317
372203431
172043
90198318
176456994
106586452
383557889
303494917
138717543
104971197
305950217
25941037
174338520
262400279
49902587
286717937
244834761
166265308
274791790
90639101
272007729
149963089
393018955
22999625
36465035
299505068
32174788
144793520
151426783
21940905
214672885
151178758
223653285
13793757
411125492
290255250
24723327
412235371
207279233
397281598
1970913
43234869
229875838
129647003
167935674
32968401
274024058
105341938
95251585
128225275
64812036
157594484
426665063
31268379
96451011
176467951
179465668
51057590
84257267
106725844
95146843
17312887
117655564
162742386
2302665
9091470
128405260
3258226
171746329
272404629
106752968
141442354
132335542
89369529
38093580
150303680
314386653
154387830
464737768
151715618
120190624
311494350
15824057
174389973
291032710
3162604
244288387
61839360
197045944
21169512
312131554
189839405
33686264
29104575
84179648
195656587
334244655
129120552
74268811
108291281
85286702
5190927
415097789
176379211
313148627
132801926
310361820
58466142
37477459
427302964
314127571
128089750
126835911
366523801
218591066
184897629
225282889
319558629
49598878
192883473
244449398
307673632
25778495
268111418
31770163
166533308
188823901
74652064
9806475
125845248
207607637
24179496
169170385
72403569
109354049
61044352
188615943
205142623
215641000
147506707
113989949
33265610
56933629
5751810
102418719
320064517
215815744
71621985
334314705
72536466
148085459
245623965
258225355
308667602
294802847
297114360
121159700
236844270
366207406
112258958
5658232
152351899
43095047
92225362
161800395
386235941
326262509
176833488
80863606
91420311
89017488
228305456
151749648
29198178
68737333
257025682
71715565
276309373
227259565
82832782
12847208
210412586
226532926
381177533
9412273
381497682
282122239
269574169
116873680
319757541
154871386
232604677
103127273
73977732
289364675
276331493
250714497
387388041
160433805
89580771
242623448
481476962
194822683
394673780
88781125
11645797
17721827
101901041
92597340
133653660
98516498
240558880
250719914
7770646
156397822
199818165
7572728
151580443
191676759
113107333
225469583
285446779
106713198
233576539
68949291
84857220
225464686
225719580
118444037
166252784
22039211
63126790
64637345
43268349
47573086
341981665
364919219
444910855
19156777
231746420
294272667
190829807
191075256
216810560
228670354
219049305
110500705
314928504
216429719
199137252
4852466
19896026
473754976
303010390
34668899
375076174
145586517
197636248
270525926
356571593
223822871
13927994
58023
77471120
168428774
104817427
345953756
423815330
150063102
74340808
38371594
397567115
210326200
33442952
71086597
118821920
7163578
309391360
198944949
264960043
19245309
103743926
147006516
96919233
234948264
208580703
93384721
245775250
85100825
92477060
252421656
401835709
75211615
19900679
14416694
26848335
278256067
70318817
173299482
118268651
229403120
128550924
28346304
97888220
9893821
20807870
309665034
306844397
356206866
317046
99261567
35445683
264475755
425224731
7556160
130063099
221646900
355372888
130890033
38257284
78698304
39570717
200968761
75675148
305681393
40549170
44571581
207341218
171320329
61220423
355728007
264801474
224400575
201955329
305877156
109287754
138138795
144697552
458633730
47828409
75779414
55574823
37868400
198422129
52970087
54860457
256823338
61996457
31428608
205954362
59439791
103517093
194026022
30306151
87663453
50086690
253053187
139849399
104022369
381165981
56611755
5693325
180772930
16946835
324274489
106961807
86070305
14968931
163791570
297343635
99480933
582911
363342089
26150790
194920946
305836793
152443996
230909207
55444084
394907694
282107346
1972596
293564439
234992440
336064250
14771951
278647515
47504394
88651734
141339433
188128318
366603515
154230438
159625902
47030945
44371489
318079168
101140074
186668462
227666266
148620138
445633801
174032059
246274178
190967964
189654645
162036320
222232015
292161613
60961296
87429581
251858569
130757863
368409855
43389914
176267542
313974694
17536686
5719817
476231298
249014424
254234405
3408746
53262469
409225189
33551576
379977411
133961028
174047787
100922779
89094978
151016374
326264647
303632205
115036295
161350461
137429556
247378544
120593062
162648204
73028275
313046116
23489894
327761257
141217080
361616716
247740899
55268606
70607810
28906185
6068117
242535663
138690233
360837096
62334275
232938898
169452369
266588248
20651456
151128515
352291237
170428197
38590644
253158359
96443267
297530811
216022505
117788108
32636707
94628653
320459945
303637839
236146385
4947463
119910974
187226563
75365664
16289974
121990884
335830507
61907135
119020055
103711316
320021541
254737491
369075503
161160766
63035609
45999468
104132518
45718066
37302420
70490025
206871720
58127471
14342296
186401736
29243408
4677924
219596928
179777722
117616158
46716282
106212665
167945496
102769036
45127293
374695676
38939367
98306756
97870978
214303550
12709292
287818293
455850888
167909315
131857341
78811955
208818410
27159480
261191530
100588473
141082447
9816326
213805076
176899471
138638953
26987467
19516095
329638513
292166918
15962912
368105678
105716040
304767892
164572833
8584220
156304006
84563224
278936842
25650402
236654920
203962744
287260337
155199937
4141351
177529046
15809533
138950077
99360373
196800721
100711501
104662148
249153513
88791496
286860540
108846228
15102916
198576430
114274696
16518153
251486498
148434980
167926173
355657628
84278675
263087247
187547146
24723874
122119704
158776411
18836270
167157507
5617935
29204166
96398550
114909709
419397358
419651248
363074986
398791172
312569567
48774642
107227819
378378562
146844221
229782296
103042738
3259505
285365670
165524082
98586563
94479543
52905872
126401173
27374782
64448450
32639128
68507915
47419096
341858632
139772262
62191973
409744862
390846146
84767213
446801978
321259562
68665787
14908201
79764933
160082534
27868600
323755669
238825821
210224213
213195119
30914705
13650205
416960486
85023836
448444450
156373755
368634004
117537700
51318547
335685501
439116597
311658535
157227491
124712777
251459405
159562479
162855113
114498164
207303644
34075423
227020356
339262399
126020811
307098849
6618656
27935253
359943827
227255836
36040474
7866959
11250913
265554315
173186872
226741205
198058853
315791343
38076224
69616932
327861195
371355342
39933433
3731740
293228214
170453171
8248904
181205701
361718763
155600867
221885742
157333733
181501362
71220111
28575488
316533466
141227874
199690561
214004428
118203758
138787597
251683631
378089845
219426381
115733965
318598906
172507125
414727527
114953611
219651200
427167967
379949150
129111553
103178121
108046167
1338433
183883878
321937842
196059001
255787167
223831938
383245467
29914860
55902765
139571882
77096980
500500587
116257277
15356514
203880275
491237965
448673506
229450450
43893683
157891644
105847273
228715535
310508078
234845479
57706027
189342363
80327287
173008273
20477150
412703492
364745587
18078193
135177733
159440694
96642132
188083807
30196406
101215313
294797870
232636730
92719097
122836849
161375174
363337896
75234738
186533336
129659704
5264148
12447301
55216146
4753506
25073935
66923383
19213248
180916133
310468245
70439722
172564807
42717445
150237412
189023727
264019413
256874773
256254475
29404912
57104969
46206628
26951943
451594663
338820271
5529441
366452280
92836427
10791442
411936304
26623607
116953806
127436871
63606484
3057541
99557767
388169080
28529549
95627543
2687023
33038707
123136286
353914423
207027
388440946
133594883
73251943
272099682
281352985
68357605
299384358
8823009
179376162
7474778
94996949
93710557
198400419
322552113
72558632
72433931
11685648
10356637
50688773
12723991
20291162
299186626
420505815
262293576
210534173
229750391
6260260
66909416
356433832
254650150
98960239
145681526
20627539
246566144
262020408
101529184
344206755
225848019
39501727
101862040
15785928
323700406
352501261
151697528
325466752
3398811
300264757
357870587
226756319
319124194
177040185
40217179
214838432
23892374
124506361
1146971
301875938
364124283
45913031
83896523
251874168
11793767
49694103
296891329
217406510
107693124
245791240
320309340
335314705
97124960
145739363
13360153
445027101
167081856
128494634
229239852
128101199
263659777
329444135
300564394
63166438
250565914
42627068
189512304
38730161
73538265
205514859
69157931
300839825
96329644
237210605
452941483
17543035
104451730
51698968
217159465
354516731
103281970
42744048
225361365
58060826
246731321
278075938
49981985
188663436
224558977
213134282
141218570
125403781
293794883
414442162
240908453
178933849
195629677
144326769
314632425
55246864
23096295
78990217
502798366
33482234
301217530
95901283
249577145
361912114
217408537
161993552
232489661
110362197
208883181
111669024
322374423
444233404
142114066
88251883
350433740
270909639
155616832
315976613
94390600
201763613
149864236
353324430
128937030
237494515
227811508
334907017
79142625
154339899
42086001
268529941
139268230
181858878
70193916
294900979
338862872
218202101
81925831
172543871
187521945
367047937
14711903
114498220
10748602
37151533
285396892
113904529
474606982
64882873
277427499
38172980
56923901
487031264
378628220
142090888
280099717
95543300
83524223
179483134
116073462
143628154
51082846
216100983
372320208
91874187
110330988
274074691
454160533
148058936
44431809
62532957
145929208
393060960
96032819
168671364
259191183
158376464
54743011
94948613
178398495
59864002
429848066
406439134
71592002
311392163
482627140
57110575
403221607
99883032
275269062
235202173
47736608
162095304
181253257
62398827
55130650
144952184
402203039
397490645
115704466
58038468
235848703
109864585
429891789
60599648
306370377
163148232
32576047
165198835
286316143
271872865
73151968
8961338
384916090
40208100
490007901
285703852
9375938
113129511
81366483
166197601
369651294
90445456
243048343
236454058
144484112
178274177
156391926
71534098
5190779
304504264
44654124
166375716
23746516
361489164
137776264
158177903
88145353
129490929
100249342
474144317
241167272
121429421
180743340
353091445
197732481
131211563
244886301
2643526
120697015
99603375
513276920
191053199
133286267
336967405
183398105
65674107
406956798
383617947
148292285
345820926
378056574
43247770
44867688
129346735
141412097
139274267
426455696
63313249
87402758
16750873
88629182
265869203
110042072
219523865
30375754
270606672
61240817
119245492
71506827
516016960
283130187
503640850
229323964
123623708
352799789
120324642
367667703
4942638
195647630
14933744
35970957
100051864
85462335
56831501
429826081
78850448
181925456
50814311
5730876
58889824
98418219
69369213
116462646
409344987
164640358
89394765
117786389
159676527
175040274
278875432
24711601
415525490
140940637
82762019
192825781
345744081
98094916
183949662
268175511
113868465
1385042
255764723
144596133
188033310
89117137
36751728
53121149
373931440
52908553
159051229
139435387
17619544
105355769
271335259
354471699
235485017
1236816
41743639
132942626
101179043
128489556
243052575
188558916
143061554
97238952
68509124
100765716
361196717
72014302
104031499
306426387
80358072
4773495
205831048
179980354
218988491
185777729
211268529
80693377
128581722
22231301
216417859
222016214
42327106
34695753
121188636
81048713
416948785
11069443
87932390
285922603
128068338
463778158
115777246
99027478
66123148
301470507
200474173
310935850
132044303
103262168
126555347
323772825
138982693
43651659
131046209
212500827
83655761
498476082
83285566
43659927
479568531
38794641
227361576
215784717
214606288
89228656
62139046
242398825
418943438
403581893
167503903
360669242
331140062
23691294
53161030
235806045
90517054
251530877
355606781
341299305
45090793
14588547
61402284
93512528
402561716
24856953
32043064
348291204
228889513
460335505
180669110
150970499
277903543
347901682
107964773
454486790
314387701
91285161
354372721
231795594
335769215
11477675
389864400
252264081
359708677
175782688
264907894
98309031
135708752
190553515
259121663
468804202
44495832
229364607
356448050
384251368
474367316
211214632
461265746
120773815
238104731
344775133
215719410
1247377
286577174
64519890
305581093
259586420
155730439
327188079
1698771
114698637
396745324
167819299
92735861
6528793
115014133
49294088
1560299
63081912
266586798
62171569
110705541
233074000
106941838
189266342
88442916
271661086
77303473
316358508
92477915
288754097
62132968
440242714
214073271
64713191
118081799
240837335
487248625
144576577
148440187
277855527
220276441
4181227
341781131
305535857
98363002
16163212
258923448
218808918
24961968
243819997
318793716
99596103
266705829
13671811
158661316
98022236
221456623
233700281
205020677
91969038
138900718
288317110
410243520
458446254
381187834
365060242
468690007
481230277
308636317
221070964
291371651
45046642
74668835
485004030
220150217
223242224
265588765
169431807
114656678
294966979
65090470
480500288
242604636
250848689
46269094
52825930
74634146
134142255
207216669
154124987
66361266
441376142
214949873
106474680
439898070
246088043
379945720
105362136
250853265
30379777
176099468
536685356
272917133
240612170
164635948
207997657
21896352
313084801
271030815
115955959
73843819
510465225
342806633
116745069
84683482
21748377
122780978
257693190
250218573
37294548
458422633
165973154
408309119
5100644
64174016
161279020
180593159
174435159
78325789
113028877
6666933
177071956
222027438
124780459
210426137
315933391
139148237
149864140
177885483
257702424
168615697
100548520
14402140
37003116
328307944
64595352
185575410
55467533
84292727
76171780
63392887
172119124
398421647
38530093
71629923
89245015
415124592
237253262
142158678
210191305
130053619
213847527
35900455
394182273
277209626
60448826
202980921
182045969
152047580
34491508
8274369
52942663
167318375
290550574
29433634
44432550
127265371
202658407
34032414
66039894
53390645
210558906
16189591
235689373
133208976
21363548
101845413
181590724
130801295
82385800
307889870
203486766
150267110
454654111
34707633
179288929
193973819
48092999
456851165
385829700
88544916
45537202
482119022
14822472
303524420
96478383
72328702
94130734
110648731
357233549
508414520
274736226
164226315
88219486
323460839
103888034
248336829
471354789
191813335
398325074
138563099
113421071
104960191
174349206
267975458
344119713
391932281
215624971
185012844
86656476
249187822
5428339
145731080
239126250
118119311
350129322
173672932
79268822
9988277
140295605
167581685
67453487
15208930
243988907
507583920
81155308
35933819
269806200
45323905
159789490
195329616
196098499
222798535
22474010
219262903
97797438
363189402
451910683
52031570
103548160
17563249
334216975
274334902
113971069
290172170
362908411
307029264
160017400
435574414
241017590
414475727
296071825
112405358
317489903
314022275
46341868
209112472
75692029
141671494
47626923
338667236
452069460
112164470
141651764
128535340
477784570
126319907
349898575
74020230
120992068
149951928
260584043
61723819
77914589
20388918
125049142
298951895
262617948
143603995
86604751
5162904
14409802
212916964
93128344
212302971
90234554
124188703
145206303
289896475
57550837
423409189
334597679
26776235
110011738
316410311
158624385
93361779
368872744
419734475
90267761
26816772
12050743
147189577
47132509
448503754
48742909
250956033
40125456
136771988
123107262
335024794
43274818
131628733
232134750
136956112
58805759
54760108
17564854
235620348
188789020
327617057
2762184
59900444
55912367
21779991
272734782
138096911
334431793
133684431
383724991
64975871
432075705
69909971
101742828
479050770
268473789
377885840
99186912
64771738
190747685
346987065
112127131
66286524
195400821
442613555
21068256
77884468
299694424
71725602
48271652
331636450
280447212
309369422
87288697
432374786
13728939
81447317
93823823
37847489
203854723
333992684
91498755
406455649
11221121
72104763
245962310
34887299
486875511
28124608
88655820
27929276
6148755
336791678
32225826
344802892
241280087
315447144
222124328
75514585
258168250
139544576
426774441
366854160
334336760
6285513
290199005
67130193
60876107
272778761
416802477
45868863
160244553
375366578
181240385
215763564
248062436
229845947
90096814
461722720
100032693
172148472
442333743
71630079
109006138
218743453
248265522
2007130
139262289
293316213
521431460
90431280
22146945
472146983
256069517
500075041
37410597
112662012
92636653
324691112
409995417
34515451
305508621
21461873
18893750
45821235
402338203
217303511
55108735
91552314
171904546
160776252
66182341
13379706
269456137
395824039
273368485
109108276
314642316
313998016
51846207
232050532
208560015
183986470
447356656
287614229
369812353
150767998
221603855
206184259
139436369
157911922
106786395
422575871
123773708
82090835
349862015
69677487
40166158
216055911
117365843
200708824
351819060
163501493
203724876
419364591
167133246
46348028
79655691
152902607
391782103
401048006
94304960
489471366
3923467
111985566
128382626
137160741
1905846
29227960
73395356
63729868
109982181
56220752
351318605
269479552
81184056
170392877
106185063
240988391
146341717
227829268
94038260
186325394
115149287
284018134
55151927
18600874
77307263
69601099
173841809
23882094
458797160
28383317
81823394
144385812
261216676
536141120
122148294
137852373
35236669
3949706
462889520
5615809
391129924
209313497
112464905
76455471
186637650
229819072
72886687
94709236
80236351
99231598
265507499
403717523
394412752
112958848
87445235
49624530
509300826
479656478
78804919
431337035
212051709
20331307
90900404
21980168
249915794
175067533
231238587
176002973
157491183
39845128
340714140
383824185
274086116
357881969
441161327
308025707
358317934
432277803
36389947
290559904
509043561
252996359
166660216
237894392
302165483
440381710
93835345
222055907
94813651
408795830
423237557
121657358
67383344
214411599
341613667
346362174
390820314
28256099
8208613
420352381
33029524
424322275
184386072
135881028
191225283
257775852
172912757
418729047
11241638
35717056
416244576
52817083
159033305
355854606
23439373
204703483
46663458
21349852
367801798
173899959
211427260
223335363
501596088
228342829
210015628
156971568
91451100
74050550
71647427
399429899
6702502
450155614
18670009
12359785
160356170
154042003
4324704
17066464
538969058
4565353
38622789
168520900
377060145
385054298
157975196
241458328
250022998
256671961
233108095
57322433
61262571
349544369
341112443
555774043
519814322
221351937
49064159
56061399
321165098
373176427
427942006
92580070
182171903
42244456
6026318
237820771
16737184
131043091
313659279
244286307
43553939
449009718
68475080
137964019
78979448
361465959
380874120
465004171
155137828
314479197
400203314
84396881
28162646
329734590
364560219
211085201
244786437
23746888
47619025
761656
162161711
193580025
80375842
342484778
143810473
282835590
198618165
3534062
167759784
4562161
237926164
364828703
217567796
133246565
448709955
91785589
48386866
335096734
158487939
326818418
121158184
349837813
149645446
37711468
249498828
81131654
91549343
347902875
76074344
97510722
103490838
202549067
58989965
356110909
199975249
276554133
99636209
359042013
42724267
273096006
336633567
144507693
100221750
204670948
250034603
49851289
365503209
414786410
26185237
43792211
164133499
219243854
244086632
80584221
170865614
351590652
231604615
206338112
201248643
147514903
19956023
206418788
495219715
451432398
348591758
228004209
46284507
132750256
450386285
215160680
52865945
17813867
278327955
53915889
91383846
216817010
208937673
272738923
285074096
196801583
503301947
1139864
383943614
243440553
20451956
131407206
28155126
354705347
452260628
75268760
221307568
38873871
16639431
406404767
437143017
132899671
63749151
159873171
99389022
204465622
222996349
130269753
163833027
366469314
5358423
208646198
81821358
216459258
49477322
34766861
100474597
415399732
266483190
208179507
175867478
103015420
282979021
303639572
223222931
271337498
58191976
409093378
138089682
260008770
40935688
332532342
988933
295743401
160098790
17527451
118913639
7299956
361776686
326429306
233441183
60761185
77202218
366005114
339434281
231568430
205211359
170257322
356683955
93864573
163567106
155864456
272118813
275885061
239021058
119743023
112009524
474517005
160309433
476597665
59449568
125303284
180327558
170058299
24532846
248583865
307104509
141234431
290256687
454332583
433593062
287924904
18389597
18653839
144832952
79072180
129814977
334707590
46360985
43666661
190467245
125811198
54081065
58194288
132252180
177430005
24945301
304841681
31861528
377355274
27697344
119228180
528917241
33388965
569678835
42378421
79912993
13274805
266662992
297186983
10867016
246180536
348196673
418039368
69488696
292538671
85739014
247184320
192602037
175071197
217499875
365360876
380799466
493269031
110003619
195265772
87398696
105396525
107539327
206277185
38343673
87432455
350149870
91151404
8142756
476882473
225603627
347253407
357089249
270389662
147853684
389956541
16992996
104811886
160638015
93538397
187622853
124511799
23547708
100696045
257719640
237155381
577000397
94967309
40451267
122215841
246239479
104153215
350363167
308955409
1718439
286962755
290503456
185179896
170512527
146636860
570074525
18077598
525776109
228558363
204484336
245918583
501895908
264983227
59035157
342366276
31584536
98234541
392290789
74546336
55718958
21845563
239698050
158320307
46460801
97854293
76622609
375665922
252738588
76330384
258786598
338480892
404431550
333294532
100155528
234592816
398796217
129198633
242640674
78363479
342223691
433095015
150801107
19162831
205361240
74572059
336250542
176196486
224794129
106081746
337146326
302491018
452728692
376899684
332187004
180907477
19763362
94203003
47491783
395849682
272650032
49971115
55600506
239459652
484249731
170245688
66625419
481621305
322419717
243869320
146340591
222079081
222572468
184565406
304449941
45595343
257179468
200580551
293469981
2787809
306906312
186249066
446871465
193043011
415634217
303648947
64208394
142422620
331748731
214985663
152305090
176692541
402657450
428692861
14235295
226465188
227174315
126103903
514920138
244859495
358239056
425703725
530073902
56373934
383954087
185022534
526569577
155389857
173445439
47553059
331228980
13873907
27807575
23217320
263342996
94320404
149132356
364915409
254456714
281713996
28885953
140009515
52820352
325514759
167304622
204346706
385398448
132267132
126266211
38321254
256176529
46046628
111687831
364230163
154012570
147810354
478155739
535793759
23333394
16277290
180163119
250588145
31021220
284959106
247362555
137086141
147705378
85950908
352908977
187871730
211357109
294533000
167494695
93571988
20888802
572798344
329461130
133016349
255901968
101497962
308398130
344320071
205048116
48860303
221074714
202882445
351674479
27892172
63941693
181317102
151193178
148244824
311576249
237700648
405661767
137684978
379027640
91804939
58082136
235961954
403767488
38318329
133972303
410712748
139143290
76254096
95789586
62376610
214936919
291891067
641633
160807442
347807930
52651057
289109022
107598842
450688721
35134168
214442383
404147607
172152128
322348809
338821753
111974753
187546091
301306125
6291116
13803275
245645814
228210807
305465191
152730785
431740661
70406660
98080093
15668279
8185264
529859640
274077191
249428176
44604792
281225382
141155733
173325116
386131044
85307942
190479237
252061780
133936361
360334586
449979924
251675675
152036613
88238936
429674147
166061205
210107622
48511981
115234173
426779950
177134091
430447191
473958109
44801085
28101874
53437963
191537527
236979512
99157219
135778913
62897812
81266876
130799431
73201297
125393065
46715127
262775178
119837084
21533174
117010359
25585033
249439694
100835419
464592442
287371567
242995156
207299248
177193782
277675135
311832176
254288339
306992962
68907206
36287814
68348500
55226102
108442948
224528526
154388639
100066801
282219515
300976282
260665852
58045278
284264187
56099591
326775992
299979134
91787173
31935690
269375449
50135695
156453284
195342392
180744118
363086295
410543142
221256915
371675989
1773941
100663312
162325090
337312328
396065067
336439659
59490939
95652659
105517205
322882266
111301250
242352941
25954271
24381318
80683043
78310088
181732500
90092219
106543443
143893890
7422105
81053373
33989327
109465539
158474535
361592800
135513803
78915130
329903566
281302386
420188640
167720179
401613638
261213547
30365835
418390236
161162201
327975287
498292786
21338858
125235470
50321103
82579396
53385512
138694883
195001838
459947547
325983438
378758696
294438177
342395369
7089032
311488341
215008115
329077348
181658237
129814099
297328816
179966967
430819375
282236051
202109416
967064
31528144
170163880
177583531
40215289
52282220
462944312
193748737
28271904
9524191
103692857
103963779
318253106
33959114
246245985
74269663
121037938
267675617
168391541
3197143
113363070
8682945
89233844
28671597
275344276
5043074
255337613
545794084
520529292
611236326
213979580
87107989
457306402
161282954
296861225
305941216
331744480
125608992
41937587
178921851
44776092
135015736
287768393
230048866
270491875
209215102
185986051
44219547
4708617
39160908
454069857
487006
206759865
83218726
136456669
163826614
45309681
117821617
295944565
26898009
294124617
32116163
145296002
582949506
280758651
346179435
382554238
204932333
255504247
144849250
115349711
108790989
238742017
161726936
14494037
147168253
12616905
394418284
95119105
56715545
276166113
93823666
520651558
91421146
59512937
54199898
26030111
373584814
91863090
233824389
320861332
30848483
94409790
182677935
271531858
63339247
136541150
230672433
298852013
442103475
478282515
54887652
92493664
255228242
371360913
466879049
40259361
179898190
73945879
71733687
143156249
260159780
79090326
87251990
279758745
350777791
323045003
498293196
452512749
21148811
153496579
359645942
103748696
221665526
241703255
37294325
268785979
102087429
425067145
168346069
53301178
45793939
327095251
130765045
477740476
129471252
277034811
43579915
178732414
264169648
70659852
31210209
151328580
155873849
176842341
260237295
504032989
63742397
353784268
194791255
227594532
409510208
75214004
190414965
325377228
295601662
15648920
164304584
398403448
272874529
152098649
187575977
21747314
6472137
216318353
567457624
119693565
226187067
265449938
38457103
315960189
233819242
212642471
424926120
83175180
390101831
300896686
351351904
275813259
190994599
444713839
296940090
148265391
193481990
232007396
451524542
53010599
333220013
282724461
16352424
580595155
35124357
129061133
441132754
212782393
135721259
39801970
359176958
72641809
530987968
171508476
383587699
473674614
412775538
151904562
287344416
324691641
571464039
172701946
81341371
179882444
96863008
188256379
213430971
256775299
33476821
76151361
343914766
216867146
16761585
490892789
293396229
324887252
114731015
3378654
159037001
252967378
48312278
101570629
170187117
55739934
535996907
6493782
212641222
315627991
184133857
150468479
166082591
72373108
161591254
186273560
3300530
42946653
223972476
219266084
71211389
90820424
52960831
239736119
175084235
513965907
130675972
419103331
277470955
7161858
267288051
243707264
25328720
454922551
51556519
70951107
133991181
516040485
122120097
328964406
187457099
31576308
67977622
131528079
160415402
345861637
286313864
287860967
242286323
104697945
248776804
32891988
349006572
165789609
476622930
72444102
392217062
184375041
477063919
117902822
108932941
189612384
169434504
200981889
146320854
409205418
421923015
96917494
33465527
401792310
93104826
40237786
184590578
127910026
223394385
282026222
12274321
124996966
459688604
84519919
482733882
500212922
31256341
108720974
284879677
211444869
53073477
441619177
76901829
37365807
253849652
138734562
23415565
420515776
132167788
302310761
54388883
6965990
133931863
2086614
149644468
261376639
21309281
7751488
7958470
25470384
225754074
374318751
145191934
89569867
322608601
141533925
56662625
161054786
447475170
5180629
72087271
147395259
228974824
285972816
322264601
259764961
294025311
210195055
194766257
348512896
382387575
341248594
104925609
81279933
366191574
202819436
267334918
151766461
49215058
162386316
382849495
459805392
10087190
65148912
70826210
430305468
458008921
528311318
408696554
27480021
404993791
142305500
310172939
281473549
181573817
321355459
88946149
39607805
18660699
1092047
83191317
47091675
100143578
23766850
296781930
106766310
430747162
175656298
8003579
503796938
160224311
146056410
149833616
424422278
398001351
179110468
227210077
101271051
96420705
506591565
267031218
113061924
414448623
15794633
204056363
260993380
106124828
309300466
71286095
109539236
301599872
322300369
197050598
337038199
344746376
306824950
100226019
200380080
221005701
84904834
538009031
75708961
98531803
95440801
243121810
333849217
85453742
14564237
23529363
468892533
137115811
428218731
84583077
409817672
518256229
234166288
165166160
561595209
343589388
141695453
337371365
102827923
202355124
45666970
350024559
14199978
517419543
98978612
490155333
104694172
161040837
103524783
272691155
459231602
42388361
510195779
75672848
23990149
280854411
280937551
363225944
227141887
346518281
258859326
40426387
222327272
116799210
277291739
1311293
368274571
162631477
88648671
55807732
228035572
33371846
96459030
30341796
275798576
191280254
275839939
193365408
165141349
36189933
603059288
70821621
8260841
47769018
522852786
58351909
180277361
35063148
147298836
232535697
211963333
18373253
155728392
81160593
478474484
217521182
214758508
258348331
99713965
324177735
225327033
79862782
401292400
446984846
53477239
385368751
48375570
102502726
247871971
247549587
313029264
463300275
136833878
151263496
413798974
185731258
176629156
110604875
39327518
22543699
144622239
110396676
374878129
39233797
87266753
46907557
12079283
629475728
121342865
244732691
323883197
170720989
109860015
23377863
440857197
212412813
457117850
51671750
100292398
4810822
159386815
13191906
76175118
334455439
132547069
85914828
241817694
33677456
456315549
545350299
2249615
101835206
274617044
208143030
241280987
64500029
8205316
446531584
83141704
275047032
215732345
91687894
187429350
54306277
146315553
246347110
4415893
66952261
107646829
68299359
226509639
26709827
96523531
69680005
305162817
2420772
349803747
138273795
176609608
83063121
250836487
203064926
21412016
119930757
165606415
344427686
244429564
55352678
108971480
114531116
265664470
135862950
27879627
307111951
120074154
121631270
37729182
504821850
84795886
391203061
180575939
378291838
40075183
13445247
263775558
144001612
68662909
58686650
230400360
196682507
190411457
1287433
321952501
131585511
11873812
212724458
27879661
166721428
223165245
29049719
124449208
220625948
304145014
220520514
324349560
378073406
195743731
492789121
153439849
32713363
171372321
267452597
122026364
206418722
270413709
146473763
162855473
65509574
284667339
183351906
288370810
225438813
498320481
40585174
442793591
378540936
96658783
217833915
325533910
190046488
208215218
184063223
171085695
254018725
72031527
128305812
441462201
76727065
336386788
41655610
400231338
150894072
140601093
81486440
260545679
360207163
431654271
143355425
98553305
139302110
178148853
96943394
8831873
341044408
56348254
147396720
213256882
92052620
50440489
24427543
335689050
4400095
262397181
32341551
380561346
171769661
46346973
69406835
135163524
114262634
441951703
118338114
487722246
259522502
368294764
495344572
186591759
188337216
430607559
416024165
498998039
387801785
348848413
288842506
12702821
135402439
117625383
429968192
364194185
62162358
122041696
346424708
448542571
390407856
409736737
11992858
473210846
141513062
426896749
67026177
335806378
169545331
14630534
45013150
219399724
355886365
65389074
144339836
25587058
203855766
239773014
461601105
124756849
614156425
91774742
155823753
108259801
102482430
3860811
186467173
22696815
491953635
363823340
47403947
62602239
532825733
477716246
35753761
256987967
123124820
163358394
581304018
576403555
59260548
30173166
77602978
253482793
440289696
557996074
129999617
119343237
34322481
452153804
56579887
289825680
214082541
192551026
27354926
110854497
113457765
584860718
294064342
92794456
194261440
270532094
283144649
295606307
182797314
484759244
233124624
283991456
242811365
294049190
98564778
384465875
56519428
299973201
92568075
98783856
293137169
31076064
595176163
18692369
296211699
440524945
153881546
361508172
132506752
94642583
373368822
376778296
73933609
22225836
63047471
537680577
91929518
19698441
261780914
170409496
256444371
43025814
126848742
107261194
359944997
108664572
276800238
249780279
391287778
312943504
23335796
316071724
381801194
13630329
166497554
245151692
247110104
537770923
263444734
96071861
239882782
7224918
282871811
433261578
58724320
60389318
94877294
143138712
449071780
247446217
269431146
451672227
316971662
236973589
47875597
133583718
520137579
263562689
337785526
370667726
519124468
597645044
196663573
33792640
226356814
244640983
38718880
132196039
547989248
606255015
296829001
430947824
437116890
94361796
98679626
220951523
214449263
117236011
398585583
356253007
2988406
371890738
100364991
352850738
81591857
477083229
21191567
577349225
273558942
581214719
254040520
477459603
195893487
79897058
298064882
163327725
250098227
234470881
125978323
456280233
210348934
322379647
50171295
141669997
210700066
205232345
176578401
439383154
201310092
48150208
191807139
167074821
176534843
164099157
91751934
28181595
37986872
472256307
87673415
510775027
441909367
154012487
78144347
243424885
171423646
238120084
413120931
318482173
287034427
155215033
318127247
449544797
64839412
232022898
23590272
208226403
172434703
133900340
29957283
77790084
355698849
260828508
167444707
360426879
42174605
224939604
363936443
585543411
131244491
89516759
146526854
271959379
1783129
80562518
331715404
106154104
247225712
186464641
242894241
89625102
61571467
41445676
340006132
321381833
38096222
342412020
208717833
310313344
158584360
321639210
97043197
211812203
5705724
224192616
419637971
97869679
227166445
112291238
32414727
213272155
113045060
340965647
101002647
100747020
315004461
578751085
105341500
639957190
180318544
31218159
60474967
327209986
8426057
194013204
45335606
184538365
400226710
93797516
70384368
3383319
151507276
1103688
77224313
509836639
139453278
340318312
418767847
341555612
195806407
507241079
517742498
81063344
345444780
444225545
144706019
67818457
113446914
163709136
257905931
152642368
100488958
316024005
237830736
262522798
161537737
15491993
132477620
185871586
243830603
182815782
192241470
348711811
84739253
80398879
463825083
24045809
270142962
354538927
105313301
328256445
79578721
175062176
15461390
324026748
194790531
267994247
467140546
216568936
27287260
6237268
33669595
98955935
144504666
256326820
231016749
52549616
196388664
430483131
278321223
264953408
436821864
299895799
92405753
132122676
97989186
440098574
186765533
41349473
82453955
264450668
356788845
378746543
265444382
201635652
168810578
17564174
424488268
208504525
459712273
963549
223079004
139445537
53000850
4441841
564520694
92107915
344290017
260652101
24601945
91668446
99850501
201347161
17557813
642914537
411783472
324317256
89253468
408103650
332164447
538967429
27788590
509614641
31287412
36551509
37061906
349323405
373627649
313096619
216164938
110321694
52614511
5273456
198982824
90497996
15637006
333960305
136548270
84137228
66844132
319979558
398490337
306844726
39878412
195580388
197831879
323621246
403272116
55451060
250816263
8866766
368192066
67677328
466017587
142114704
545738830
275041743
179076805
32153605
204241483
282332995
459126090
248390781
420383468
191274057
76835295
294848858
30712153
199830997
329703887
465114418
236906981
23331488
41315034
108718508
99659053
284803252
197206011
180837371
462406445
381045026
97484395
74316633
30715031
164243001
552345410
417719188
82876300
223898934
211692323
196279906
120955610
329418478
253865170
341462316
214326346
338987765
158510476
265734522
403225011
98442885
51123347
176373810
79044944
183894505
359083579
73359919
266727234
94237726
75620787
114683774
153945616
133491729
100003284
314733408
63921903
204878378
76981456
157184294
318794957
431547007
293082962
101609168
144445101
147631786
372322917
165382753
268389036
585379720
160657685
153497038
279024995
61182222
161933497
482963332
408768642
169380692
309518620
172478646
7916909
221453081
41822604
54294828
1297950
84671446
91551227
61403895
129587982
18610248
252877077
89069385
536691059
454840718
304861253
261429625
74216977
327338929
125315420
14004077
309865403
207492077
460399158
460556008
191011822
76556461
844671
165887423
257542240
161228948
183291316
384798504
150288916
644955314
305860527
548003378
243151136
66247382
376683664
133115329
92983475
130078662
204969818
294952600
38538416
33621327
4963167
320705111
133301264
493867047
16676389
63716715
337050179
378678796
262225910
329235996
312697555
343190844
430536423
385055081
553460319
45844839
517512987
129227455
118408006
134328806
87983951
73744554
454025188
431706744
403799729
47000017
178231395
252375819
185030843
36769584
76454949
313775975
268669279
299030076
220218748
499245221
101140208
149314983
133201426
450986806
62244715
96912661
109035145
18205920
115114938
73727597
250213039
319872404
1461304
397274014
443568098
403643477
287213880
82385294
465226557
99716705
157421834
63333303
174190234
224528424
64178258
338947153
145571214
70086251
297858529
188857278
219104205
414216541
561506000
18419099
139288618
149936816
415883751
245963880
323737034
281518108
83993682
114423466
101246427
209099764
59480070
11372950
407043524
392663901
124979453
225681396
375253450
438227600
29302526
63262795
67604738
279255626
101877348
81645163
424930775
79321845
453364882
406292692
40102222
341723199
73966853
179064968
426594614
641222076
547302042
389733771
92355922
121125777
511027567
404257887
71392913
24025407
218700587
52970750
478956596
454536030
295577726
62627268
361813759
192260317
133766396
389817699
90093546
621502600
94982819
177929051
269043606
511913303
279180802
138906128
191042993
21728239
434277028
185908762
188774013
403959480
211688863
484858381
193915108
429024385
85120852
621004749
577111466
352101624
135630031
320468598
256521584
28883098
260823938
186818486
391357541
339301747
220261109
288184892
29937620
162527974
21063846
48680718
37276470
167810399
312153365
14713795
124739951
536891868
117878982
266884613
317751729
412691944
225466974
157684306
112082751
99213249
221570096
57100919
273983006
372940060
76751748
443170181
271296909
348701912
146857546
175197725
237264747
372282098
165732075
35935241
297172768
603687816
377200005
276946649
353473604
557514465
40141974
224950046
381390479
161663401
234870541
303315737
37116108
197231755
46679171
106459218
399575175
468145504
454794352
359890853
586052983
31118797
294166919
241482150
388317326
533779511
153846038
384867658
51706185
197490923
299487070
38974905
217050472
72325833
304319535
66452567
454641078
420169211
318532925
75500404
569685840
521702638
32372517
462668671
535062574
351161436
105229068
180545106
461577818
468438974
326952552
514451550
352359598
309447802
437359058
255124250
216786034
93865780
366157545
51313554
5962907
104221389
426348587
209694101
255805640
23453269
61485564
321310488
192529185
48374634
523569964
293156717
220867852
304733700
345209314
66965915
268383287
44394497
272028859
292542960
228501642
349896788
363563141
474693225
310746840
25552670
109609814
496506138
73879215
248501942
34019214
40732647
215540177
60760089
268658303
160461675
178418360
473891897
583299865
565559734
337160998
234944475
408323447
564567856
47855547
326977758
627217596
226621704
535917802
631879163
488095952
257945566
205299280
498782670
12175730
437857012
470251539
505733907
68061439
74340651
484528543
498533605
526243399
16652567
258393397
559386950
77903555
373871183
297248224
613521901
44729439
113952055
566026308
371814380
354531472
122779249
255819052
400999482
43801247
328922869
477093150
157896847
312807087
219332803
531771512
152325006
167305267
164969184
11420144
75569460
489221223
5493552
301192228
147174553
499102406
76205712
541505319
303248285
70841496
278005547
24200418
275923808
329696569
441945283
415359544
284199349
140894261
461803977
52563079
296728087
491307758
86247506
207781791
251643930
295174436
36690284
186494586
220968568
359773605
212116628
340612803
348504041
105662569
366976450
117069560
31487845
255504838
13341812
133411675
250972526
12042094
228295456
126038369
279292964
112729909
348269928
293348879
224237092
98564994
53710827
421601147
342621355
463103427
406399229
147156167
159136404
420718144
7369826
503583927
29641714
185201820
19915818
207598749
385687262
203144847
280344366
209944883
270705681
119487807
384304162
583004127
100196135
329148125
197602610
367498926
341321623
326346455
31865786
130337329
285870751
68488195
298080768
46473845
317272446
390156182
307251894
267439414
208056300
243102841
51916859
101036146
648470670
516294927
148124532
161683316
237301302
428018838
78272287
124664020
152849422
49902901
484929486
47344533
344782091
51805033
306424920
249292973
220718119
602436885
517361976
455424961
78612953
266263577
303449732
519323795
86762164
177623362
503039448
159339942
2865935
126123151
402314026
54978173
296056266
311005599
104155000
242558256
424930216
52772542
34936095
268844833
155715763
210223296
233107376
51732311
144154931
184468403
348612416
24893868
319551423
12928646
306803168
163250054
267752405
52946422
456486320
6347705
549607018
14670873
215719771
200741947
105795005
156255501
16623936
194272409
141837972
175640678
15172091
81858761
490515059
861907
569159787
231795553
55066059
383393149
451391935
74861091
53328907
242706641
70092335
370551941
66293384
570070583
228646158
243094891
167292485
391728413
540689582
75254813
483982990
42488197
184458645
152646926
506943279
437036091
229357901
388057048
39365459
52577574
263585118
171277797
137039572
454448201
97077249
90517836
230335853
548979343
345338218
503329434
261437161
136563643
41180376
225259167
437368879
373084888
97708439
54057794
5453489
325280760
230775642
458719622
124909560
179902343
267443869
473155986
11898471
212269796
37527986
172571123
76011209
342582052
46623132
249954581
271179890
47331796
7845147
301329360
21139057
63456241
373701404
111050177
144372852
67176306
397808001
35943804
267685109
92061467
351509044
248122662
103614967
516674953
452032248
404236955
133427465
193934316
69665305
135279752
202864794
139896382
105311787
287302485
154779997
30085683
513910058
120687101
24807575
243395736
419866524
527511010
242470297
281985778
131322748
479260786
305709519
299703584
188544986
153940421
298008700
16428440
224183497
51192428
66167631
300796797
436765060
28867824
260503405
312834385
267595738
657630646
431115204
199098055
190926028
133091332
230698197
16735493
470489093
146551588
228604080
332502133
197147339
521261090
268143332
658898972
134547220
129348859
123754346
148486690
233329260
8399134
358368755
531274902
34786076
151160016
388234450
153996185
400760634
33082446
289118689
129278462
297784943
240296739
4599195
345983826
189154931
360301665
161928795
213065798
391229927
6436606
172121528
54136178
326614653
205250676
70503353
206268537
290632517
346441455
180386540
251695414
325395213
505724224
313255840
28431509
330283500
330435896
212504541
84772798
352197252
229647823
91822955
58439890
481241981
494193469
443383692
284912202
148512728
140856657
131033336
547866184
508083447
104803095
239210738
91110594
7326101
23532013
14167879
322483063
281738413
522394976
173712299
221917813
45278001
290681062
157131596
383832829
320197514
200054975
401332645
274986603
394168455
54874437
200855544
92655651
143295708
48347211
413156735
280361194
538018559
308797517
112831516
246076459
514983667
143922606
93146795
484456849
200524101
20897914
256756278
469758682
223778184
395561656
62308737
273792362
37337312
375984821
243536108
297516075
81502252
109270650
349840496
167907366
365358002
159905885
88220116
131195482
150832649
608753863
153758836
43962664
86575947
107244285
319646971
327676218
342003075
276493303
377847660
516258576
294551305
235422107
64393472
425837967
470258684
40167003
375937164
26606154
516482922
202879385
343020224
25220414
236801341
192451520
440658093
199907084
306930665
205758078
477440245
4048588
8863507
61841120
136891003
335230437
171031100
273399114
24892661
185055589
374621192
6242605
401885232
410123191
220523019
565613301
342914743
400865779
355207589
330746335
126914996
594002260
546109504
13907730
116993808
96892916
60978656
158270880
52810234
105969916
10756775
72693357
42290869
281640265
132959307
161374547
356367915
262136321
340382723
255411625
100651549
595232071
24625180
362860243
472624802
391708234
405242575
203123467
13672069
453111004
4834069
152609784
372082174
302813367
74345412
51159841
499783706
97915225
115971908
96746375
149564264
488662676
326159637
95282534
167033502
28806710
141119185
321192000
150988451
14969410
12378157
59988853
40270483
98582141
279803008
524886308
51348740
147536692
446561951
507369259
58188976
333947799
214454889
14566141
220340577
161096648
327574498
528634528
9425603
97628236
455153483
90886758
181056332
188392264
75934910
197362163
544566076
213812579
473158043
437946272
390699093
41320559
392953239
349743600
367881863
239007905
588354036
3613133
78996837
227399644
23476304
385233987
560798426
458789292
44827045
413850153
87412794
186673015
572935097
637424752
17742581
219550757
355614536
293670511
23440748
356977244
10776431
115664292
256015601
621661220
82005584
13799368
425626577
159328705
53268104
353043677
265740307
439462478
490840893
193336635
313903030
80481493
487817512
92126027
509911887
128705338
41536556
357614235
318831024
133777485
157420580
7233341
108128371
31753321
219775681
77655791
455447771
434026242
336893423
703018186
18366022
183375979
524933476
350647808
399279125
362106085
84154587
433805563
349609225
173841605
274459953
343919120
322315551
101002734
146425197
312140740
28988786
325588107
315962381
152429875
66878357
244915238
272918092
325692712
79707594
252528485
110982797
80492057
187749985
39464308
51533542
194402506
26499528
572435622
310676688
318691186
396511768
188395747
198119580
20655929
115071698
62845201
108849837
74794748
296250133
31655823
243624668
277870633
85115362
1417695
123410614
512957162
280100156
5386436
82742408
9858859
238306735
458490018
188734745
244164937
269282185
541335422
212718121
220047820
129015595
28201630
38628256
466235318
127773220
128696306
560206324
160987765
133183963
286430471
363280426
314730935
94674741
223317533
15819065
532172231
606688501
283492265
351210664
118090380
614763614
475493533
538287846
39125855
44630020
470223795
245953745
9068574
307657187
43269004
193390843
293133712
74167237
339599800
83926753
230386320
495239277
419424953
130992136
554973058
190323904
385560817
61104075
121727593
601359435
527074986
418449783
497020101
6696525
299137602
5530677
172592169
218880526
225859090
57770554
46745166
453127239
92295389
116178284
80868080
11271205
207066726
462104869
20544394
265779445
103944671
343457988
59267410
402696135
251736159
535146555
228701607
240963472
2437193
29512510
559261552
192753213
90585415
33613033
5560615
437335972
30743635
356937253
127348053
102042163
218620000
593431384
63538886
115882409
492759998
5336577
498333738
284521169
514143301
250372140
91397202
381231575
273141798
496014959
141982844
514130621
60591256
72340354
57157977
88241083
108050549
339224378
234740277
375622409
33859434
114127334
200610497
657426981
502017330
168058535
151962477
615833174
552434311
48518235
415085185
216494828
107844693
16511440
199356453
16369165
498447706
631842865
99346093
127763328
425297766
164069602
45072847
606017803
363645865
171679943
31373228
414263766
210090921
147845797
262855879
75817421
3532349
502138435
346404311
58634540
195316787
92459872
337816648
123744125
282489456
125956746
372710149
175408758
23180875
6313067
248854946
310234248
389862453
158179843
124444373
482712907
179089371
159354609
290128151
146041380
69273933
165465044
494140787
14824686
641304966
286847177
330326016
32458048
79455725
320462310
191457433
53832424
628028862
532888229
633203848
69344191
598752526
189147538
275740752
126502494
160321140
64650645
60852175
4063794
39849943
100903048
203066113
56118071
210118983
356527464
10379622
136476941
248263490
111624820
528738915
97519813
153881552
323806887
221506198
120418359
53739676
249298736
367171309
358274365
356939425
341015878
131707290
237909285
440053264
247086653
89044785
224451260
544046933
276855801
316652401
389012245
181111398
168353754
385894702
200347348
4846791
138008048
508724290
88118315
22922751
418515115
107741699
55970184
246998437
205096723
8606201
29176660
533375582
48451561
166847123
152275157
31858705
256094371
541044770
50367154
487894531
326835597
535732454
98968203
335554858
259486129
205259298
88233950
227642464
327187982
20195037
45721499
374904056
8206821
341171033
327858231
167258728
127944608
147966268
253667887
354565532
183134844
237228921
434129668
567180777
43533712
175821287
280904697
275613886
140287134
130497022
66810684
376793345
58646676
328826619
392085534
4369084
67163092
169327454
87391242
142121887
409902179
313524000
12693059
600425593
213940734
45532925
335699315
273623714
440275353
578135230
33104524
82945618
147805402
412043066
305017544
146676530
155065550
314683152
387841459
291487224
354996593
510922877
546969646
376917937
416566755
78928058
220893242
496556749
240142634
127200635
322601618
284512475
563942858
11008289
201376727
435412382
327192566
121530272
50318074
169206356
727638055
164040424
461174649
249893897
106433846
229458945
564965895
496855827
231066938
325306424
116866988
237035495
229857811
52985956
81111174
401201887
22782538
266672023
55764629
120440659
228515608
362172690
248072307
67410661
508078654
712529873
166080196
372396325
514472229
109905287
417848428
122488925
15646535
79307175
672100921
44118776
375452368
83362432
11391604
37967833
325208082
45764532
534424071
133175762
32000229
13714429
86101497
185698454
240781576
105496343
231765942
155210658
303653015
155028896
242213885
205048933
372990754
44189239
527930467
386065769
94562498
320337450
139119666
100596996
495222439
40537406
242190289
262319872
42797464
186811263
7721589
53511287
49790177
205627057
284767226
173985334
15198882
46400559
121436812
20430788
449929621
100255779
131228624
103632495
301655086
444805965
115206997
379323536
44958934
13038109
343639908
683521223
101510786
101093711
380424989
193356872
316667270
542980221
31266368
370859732
187854723
215030496
196903428
298610607
110016007
237633030
6440088
75800500
130791328
512582024
547193032
168383185
501302608
209426965
60085323
147744176
478019008
642032203
6528893
252630601
76048420
555643384
266647073
40256598
90475965
316125557
385687923
363579651
20934824
455345879
486647299
20157869
578684104
482444194
65192168
93117139
325458122
514973542
158220502
624837588
465837689
165574172
96793174
530934422
672446338
330009197
608520964
691794125
17759181
434315767
19201642
581128252
48101065
78626851
394223049
418606839
230356680
12811345
353789791
413618849
167233726
594796757
6747153
224983296
167159758
162236981
627345689
390875903
142937662
310454726
254763899
203296237
151511315
147544524
291877277
260406766
715535311
19442133
223457777
281184756
509421589
258818665
23094463
130506719
527397785
265471958
167520467
226836008
60804237
72353200
79343530
236317199
263900692
616280410
291386891
554821639
709620150
312564482
204091315
286561782
501148068
150724985
367447759
507247209
507125108
318690466
4375859
116398056
113702680
93987800
358024957
1339865
352350622
565453689
214099223
497888905
5809094
110992040
161801424
295749690
479520535
336090022
567699918
276253642
461399583
149948710
612481013
26059033
696438694
410828230
145300967
394968937
198003291
238908532
218385906
82424172
2395177
98092557
683338757
142055306
103103255
344015077
284020019
13286563
231484070
418795886
96506307
369031368
502617392
189385108
365512749
15178826
560861261
253544835
114437632
488243963
375702634
61770141
65773633
419002864
47319081
431708051
225885495
389027920
219594891
6647976
377261500
408733833
550212283
177750226
155486628
615180314
468901120
133016015
55649210
33737818
463274028
275980821
288455846
2438645
71516332
189939951
338911020
39133176
188069424
96380208
173955577
3402740
339447696
198738752
176675059
85619457
535334495
116881864
1339493
288690729
230154228
214402062
97327116
239432283
153117248
247784526
126934853
287198724
138016473
390592004
296494361
376157467
149274810
67367564
170500021
72857302
70775125
410659957
75330088
394586524
444051272
560249482
357866128
445813753
550930871
292433544
488091052
120390840
559980533
127830042
128760119
280550133
394367419
110621531
325257710
54235327
260017657
224178925
146043459
279030548
136268328
38596566
520218025
161206199
365843579
141999257
388559568
387726940
367763749
16894232
470889767
436065346
83408273
175680898
74651281
192549309
269467555
358998125
144705884
465614144
628906215
232306634
517153524
458217839
205375684
232432041
186110939
269305426
59200325
40348206
115794737
240298599
185049940
188366181
159505921
459826531
307278378
299279845
595617504
29069840
180981213
176551511
39555805
514875014
312636786
392449631
233797870
55841855
164196739
617197329
487345182
112178713
428476312
666075622
692500535
21591381
104398943
311847582
96832790
381590016
447654020
91734795
534609454
379192511
38039117
276904286
129261587
116164310
30326377
467385217
290879477
366995270
96681202
282631274
273733485
382549431
87695573
434599571
41700626
298606718
95617293
18796804
136970601
564876524
167018941
184441847
313626464
458593085
97184278
492076163
33067066
196817653
447001607
269002709
230248567
179027752
96535464
115161536
66187176
359002167
360159892
30092152
196171610
700266801
33719318
181287418
201513246
199055716
61382297
75618054
352891029
15340177
99212338
382303291
279077138
508130490
303951045
11499852
124202541
153520344
279877920
282959636
73818383
517587289
76288794
456629404
76582148
38599303
355593311
8694337
252014256
47533230
393493946
257455890
468564801
470743520
79554118
157225423
269172776
506878290
106155611
173694196
121782223
454091226
216887373
72109024
373071027
407802922
309314723
219026595
398984250
482053538
575573662
606963554
237533573
55767679
378130897
81250350
103916610
453409809
660410899
19415769
76949867
357118178
249709345
3632671
294877975
516407123
223880461
135060659
99485518
32647199
720314570
276386277
432417820
86757783
64986155
196947859
67630792
176953215
171409777
463139614
480624428
55280540
422894626
202333272
95157442
15128853
243554982
205065421
57714168
238310098
424126477
161790896
375382549
413302552
397801393
198338844
219792957
503714158
270723947
57200211
59281362
375437377
126440071
13173050
91837949
416490963
274316283
119350586
405491701
430131818
660765456
534373960
364288638
191974322
45066077
431673169
370805127
275331202
55418671
129233357
40844476
557725023
213362727
271273104
123329296
206498638
173497748
74154648
401880534
264137224
311081949
47545457
590809728
384427167
329337218
242966141
65080554
236271826
358028032
676741395
374101496
306055243
202230127
329233819
108673978
20550096
125714288
495140468
181368308
257034866
638113586
272578465
488174944
703461048
118214661
309003319
166571227
257659814
676984173
151838135
665364715
295046165
84557362
592843674
145101551
75619317
513883383
222574519
323569199
293515613
537822806
398567977
309665434
286462894
481415567
96430270
46891030
83548406
374753420
136162689
173425057
287829777
272097509
14714849
57657173
601483102
426587875
24727094
231827057
34399736
451993775
214341173
470326643
706151714
238624746
253263260
344413863
352491860
73792254
320635031
482649280
353421095
130243492
223151376
680554573
37812117
190748366
56439170
167169711
213204633
382015276
29560599
19322985
602655026
74359492
110828615
414606770
58691118
231894344
140647648
280087219
4282714
203034457
185281397
207575940
304460061
36108775
174720667
211039172
351124137
294005217
53048406
583041611
564711141
350848804
88981524
424759062
245655386
319637383
283611341
729352610
181819612
51645169
54854864
149821342
270486540
391478491
49729003
236776275
518952225
241749661
122777542
193648780
45466182
334924495
79072564
167735505
15654394
415637387
460700139
81262885
600924342
279366895
35174594
26866741
131986069
326856047
36291494
448138988
34653760
97569981
187585841
392013224
402645693
309477723
131708622
200460778
10777270
504848118
106114102
53871311
193207122
432462976
31790787
140279016
4775377
268252534
624534603
467574616
13080755
11423154
46119058
241280126
240295365
530838359
761130314
435358571
2866021
154247122
91536475
254831540
402581835
508708656
197105272
644464248
53408395
295666108
92020900
28652118
431022980
255489559
195633121
242199550
44050806
407170801
425085225
238353883
65286101
180376684
555088008
76610295
21531938
69901217
237123509
135259030
154402565
281705748
69874957
107473511
23878816
257189964
275743434
234040897
262365007
111135120
456960277
76520374
262413693
498544208
190998359
3750037
105283167
33324280
281775322
472891780
141837932
358210366
410551774
62376037
48426082
57161586
336353416
431680658
620723286
358920484
155478208
163313388
283807573
603977499
344866960
432471008
129319698
697300460
329008570
162011335
102638745
264244449
61897324
684596419
434269479
284389723
465486287
320612646
456694788
146563551
517274155
324652245
193159836
5068404
61678233
28958318
252947250
46395995
690987503
151152284
520493205
217765612
52681363
457547396
539643360
249505426
228009812
224675097
274497444
231506822
425173150
392494604
244906981
561977477
162547246
361395540
88564880
8109899
390272169
50891544
50727279
153776383
297353147
17002983
280391845
29691377
64240395
181939289
215395798
256267112
219054962
70446995
104320628
243260091
639437125
712246541
127457597
308806400
487055322
470979297
446174640
127419439
361419786
262169374
724237253
258199210
461477851
42494960
188795367
463339961
28362303
469305107
442995870
377760505
2278168
70917203
138874252
76979321
54541956
140904465
636698374
40842237
311586434
149879387
163332189
174820402
648147071
95221877
108910607
535575901
193818736
247546615
180837292
534552847
480069659
299060420
108695361
177023956
361991040
547963059
261307993
185628967
576908716
69036011
75810945
157422100
164101295
300470139
549812817
381001755
126599601
285906349
194409945
260760900
535280211
254247895
310489856
104500286
292623550
165616666
94281604
473714254
66571252
578385669
247209704
254593632
375557973
421108725
88551306
80410780
512461292
563025441
604808250
649218153
235522569
521049222
418873376
54180139
313355064
89413768
707248082
9162424
300606208
29952816
14399198
260761369
27685044
91507151
536980386
406191783
680362091
250781584
332021590
112992348
560336487
272755444
401749077
244488204
129859992
715228625
386404935
179571707
648760320
267312811
49512921
290660089
406603813
367313356
97468353
587530174
649689239
254040609
381172106
152849661
231260119
94455571
59671586
342348975
157858693
484902224
116445936
129436666
711427601
73642597
660917368
162599794
389333808
141697221
84434509
181710807
44279004
267322081
173697646
238712194
80426528
188487056
95171000
506733527
277608712
347718424
188919190
405222718
222427168
559696499
279313296
329264917
371173157
151224333
317168273
188744133
356666470
112623155
17320426
38342317
447190412
483116723
319413881
57579102
402622712
270296944
509259793
26078360
29262249
937950
262398054
77000630
504007742
185298176
411157490
307711749
381394521
126196913
135102666
438417415
273997612
118921281
128914098
12616498
131786919
61803466
646431280
339619233
406140966
26476608
600717762
246650538
46444510
373416757
328216388
146057130
123018340
53467510
515441486
289916112
56421387
122126596
577719694
52218611
568296245
482942609
172354580
356998299
26361481
226980120
19440077
320117132
233489708
348243289
67474127
348430789
441154786
21470780
10986688
333216651
70603938
402310018
298228198
170402808
229414571
495431162
397909391
2843921
339729147
302123423
365839617
440365442
284785623
89646581
302702250
39035003
219101346
187591931
265976425
260581490
334964540
154735312
149807052
54164788
204947767
46748549
509729413
439650963
210204880
168898423
276983195
180628936
375826812
191247156
145037503
562951313
594801645
395648629
539340295
476145082
99932849
221702961
40925109
166697521
617575544
626269920
78809771
755668448
621140813
175295334
336336866
92330092
36307228
406251539
196125292
189031477
10440535
301995324
699623845
217733805
606456252
81395521
62973364
83924189
415854724
455199953
437992374
565214266
393399573
283281855
562258206
258031683
327194259
29183653
344241629
60411894
227174165
341608256
166910067
479374678
400131637
467476479
190912369
223572567
158039749
442499392
154952666
83916296
141645
69759552
11264793
220768670
163912884
355659573
358492214
47293694
745303684
500382732
366690176
461874273
148762944
666934308
275390782
3872262
526339392
290556912
76006131
383237923
249712912
284250068
205993704
67562198
1768270
232300901
459735217
4947840
396575243
95556479
445303054
10897173
438244087
94734553
41752844
342808532
153657778
15526331
163420678
289018411
141809220
499558942
65992981
216694343
189329660
200309300
588388673
6964503
159137625
231743615
56817670
328804153
138277522
781458415
441422676
253647844
358112840
564727373
465822825
98445733
312728272
82009833
386529862
54053827
339191975
44604602
220564871
402460437
209292045
264892361
431758274
94415864
246000248
365038502
433816761
191806844
182943824
525355595
78694210
6080948
199180446
73489012
696386413
740760690
8437709
26426305
394432572
219281883
157591825
94406385
84278854
314088948
260580249
289280107
163463360
610007654
104151240
127408253
275110201
94889251
90406839
484166752
214747016
479413235
434614828
67221826
159865509
2000455
310051002
214240295
196825684
389600843
134582473
2599642
491563798
403308941
429070450
60837159
238225373
511310846
14811850
298633092
479534834
62322749
406892204
28998652
61753011
27497706
587124274
296208133
471012218
53470609
778836
316119890
98844076
244893390
120007375
293430638
93266510
43741717
166798320
131008087
69687011
259961168
54976629
423636202
506099868
486184826
175128140
246422126
162814279
327625377
514612271
584316189
69115555
1541326
424538954
454018715
172596047
455352222
178082921
349138051
240820680
205024136
387880493
91607021
88084025
252378994
352653030
383739454
45542996
203427839
226260930
74335978
454690818
318932163
468716536
349617352
88514507
427942819
464052849
124515799
275126818
69192367
263301775
56785005
272438442
170450591
570684717
357910406
531988163
611326358
146600974
297792261
56742437
150228299
437511688
306229295
194749016
61477885
184186752
25819647
272347980
551095689
224588588
129528791
69581087
255001149
57324269
420865956
146121467
112468445
4186925
557941316
235576147
263228864
734598555
257574519
608489375
201272314
59252849
676329845
19006864
8924330
13395663
198719481
576590338
100186233
54156075
545879592
375906389
312889579
45910431
200259457
726579635
29087029
385404140
312396760
426024428
511362265
333769612
7136963
368065119
167793999
332661601
85818858
715675588
456940292
175732593
35927214
727863325
189753793
240603105
440309745
476177899
81860039
377348095
287455267
621830470
200277847
422038219
386542790
308793169
293011069
452332007
788202120
181900900
194766101
404220655
588524830
2498960
343352912
300655394
394752161
12619138
7200050
185674208
309760989
346600525
418522688
157724381
69282486
647181143
24539844
167502586
500973741
136732561
79578700
2330423
146318770
440175842
467060180
423951302
700242650
488689619
184099217
93723242
86518389
116065280
12265924
25087442
71646651
313882051
177852025
211699528
453345259
145069492
164329676
283879737
48818524
162695022
329487146
262826757
71558282
9131032
484407380
7392449
170145009
22761762
464511671
774216942
126564932
223137897
200848997
251880335
170866838
170084113
270272343
370553354
209447934
301672021
298652719
284780068
181383008
703350338
206102827
67787417
47058340
76100573
191490067
478819209
21856801
56673690
293150541
180714698
713815826
108598556
118322908
19402606
306260847
306738973
75747466
324768837
548463345
228880474
281666916
375502298
725747482
647375028
256926645
698208302
95351469
371786997
256969735
516717122
177894119
617020510
633232121
68763970
644020447
124810240
133963196
156289880
236953702
142491948
402777643
550901398
217958119
155796694
189381192
165969105
285961923
37279540
126083870
666555252
596929735
259484591
263312608
121018984
106720019
19769340
151882103
308905498
614025369
45494170
206292583
167300439
282172839
342141060
498164350
89718894
555921554
33876712
284941014
301425913
153136215
481752268
319206956
296038118
137553056
46214828
182525220
271730252
215264313
438484730
313595960
469155756
513805503
229797248
129418638
81122294
294431521
234273456
346914754
42531529
295133188
98985366
17842723
289267388
724651203
220188868
97403411
68402694
292641038
692289667
122368909
173987993
382109504
400751585
45341123
253105292
13316334
6125659
17744746
140507817
268799834
176027630
317217375
129133539
144408397
256340872
189343314
92383328
330447166
187145665
116962649
374257465
333841806
379250196
73642664
36137480
104003681
330362011
192232245
577648649
16288418
275802559
473125585
253637652
40608835
388315539
145463625
48493573
561228967
56820395
72129418
427776312
82765330
78474206
331031726
303314604
24358503
157336134
381459715
75841212
600569651
224065067
317450555
2024653
400022686
138956759
630845878
141455960
167410267
478566387
389337717
641507714
175635565
324503112
55695829
602376719
123233524
220896372
367870833
184345009
67568985
153981574
120896483
378570212
16087644
415250673
554574139
227502796
212093701
244324416
291996308
359398670
7710904
358980290
437557039
133752580
224415888
456186955
652224200
194600711
95539757
475694407
354973746
309491536
502329986
699655846
316790999
132121164
77001301
203524879
143887387
42217022
117968285
372165250
164805161
125353861
98472109
284984623
315924020
177553869
252055308
242114698
134426399
10144170
187083516
534142704
126752478
667598732
338942690
52249904
474853573
340350723
125968300
174291450
114612054
57260734
27772833
369314585
665457885
401524761
234654798
29289340
212667562
456762256
242313240
453411747
575952292
67511682
191605332
576896519
467882312
579486406
282016584
172634296
301330706
110388006
214092220
100853881
302193554
81425030
444244559
396824264
87459497
384999080
265816283
584444142
129306479
15792346
355125974
133349517
288945518
77864298
77335038
273395606
481973445
138981005
128188683
547986714
323637180
130633254
423740882
211331695
60165062
182166374
319896797
98928639
131483795
30362401
258899089
230245011
33059489
794986614
436001872
577886575
463034088
521359183
69952284
91169716
341774601
70738242
683858910
229129792
368467953
642113779
35488322
17268675
649361646
481471649
489619983
219150184
119481613
91454768
233400017
604673280
59438736
211186624
105976498
406438387
367776633
307752495
500161551
141517638
325372717
145222945
373430904
556808127
363313172
307515802
42979551
633245809
594306239
663911174
322307496
221103234
243590097
77108142
337346014
353378521
373530236
13696999
100199627
377691168
69976362
286107672
312334138
733639822
73025482
439904590
497467358
101245423
334061485
330206911
85232732
414178210
317818118
230138698
157532959
232644322
217489465
214067353
384007512
45656339
799002787
573107734
490177277
99243246
205453328
132922426
14231215
49960538
2751272
545744089
307207275
21338089
146669219
102104327
148624558
621850484
177106644
321234239
181770175
224269334
373956219
47748370
270858307
207364180
50345794
305866570
6176725
23717343
55552766
190725373
180000136
633102348
47215
545787117
243844768
335108985
429857858
583750454
253968439
514177462
31413371
127948077
120952404
449689570
250633808
76590477
10298958
343092769
297175221
114497834
382951753
4777582
413552895
398303570
533049802
160029761
288045949
467801890
564340398
66268249
523257234
191498328
367152734
508947743
358302456
78458844
12096626
485024730
550391325
496556201
306386426
439669105
529521519
196413769
506492824
292423211
54534810
106084404
127379680
85120225
270028464
53907480
228824409
3089728
548141174
162874425
172478005
717338428
449382678
369920342
506146226
537147128
374785982
46742874
738037898
594550134
155579410
497602701
261512252
42318457
308611502
252096781
157274120
130462077
52545248
18183804
687754752
56623256
423313526
454778098
381513275
274847096
348840324
27952707
337885162
786033973
528983301
247710691
524002986
351247140
97537351
391927188
713634094
775512639
131899676
635425595
110518872
505689214
314053672
445555308
318719612
343426121
224453059
347877515
633183320
107821091
207530303
379105288
307288909
358236146
554956157
629954951
20411554
69177012
36312049
458546428
662502115
333757372
301148818
32244116
350941499
417911349
570374007
20853796
429149071
112524857
639543668
55523741
329103674
299990143
404035967
327099155
86646714
217612527
548600834
179828327
139650456
674154893
194509584
368367722
194272777
176707837
237886373
406289840
185978011
286433966
74308442
190928048
298808231
233932721
246585225
68431598
117635387
548663683
282207533
509820105
473614089
297859084
339655420
77431869
472999691
15712860
472721381
69207762
97591489
143109897
219466524
80778682
661855003
478928078
450413109
174772373
349230097
361128367
171165643
299545405
62626331
326500320
201214026
269808680
267116999
148566878
827902468
243140897
386326225
493702648
152705032
321551523
524285930
143823341
321966768
128238446
220230899
48570051
70818164
124408439
447801781
528416322
28681388
288921236
494172928
435215465
346199276
620212723
343667334
146649594
369537336
401259338
359992674
28613883
457398783
22778433
457239739
216514360
539754913
88908600
188917557
388511318
107792107
651217229
173671288
177417185
510808834
326960452
194340566
136157015
546339541
731353773
344429611
355695898
187638131
6655565
132501337
117730843
528567309
189751980
595977442
386712648
62815791
10709160
279022588
33912341
736313030
805663265
112034889
96783838
451723406
60654570
94800345
753657055
110482432
505703873
538160751
69723292
82252618
98689977
64304668
733701472
116050737
253322970
46956217
196584407
265390555
511606792
326554792
549242019
472117122
421194171
136583222
234998924
135779150
258807453
187324463
125422289
110850404
54585277
545037794
505341727
538841748
407536501
267919329
553322606
196697949
266898937
822160309
39278129
111237928
187691004
200952340
562280588
52962019
378688678
117267879
226812340
6069348
168951585
4182917
137618496
220611374
75322151
449409363
80666266
48696559
495213759
323694676
531184021
53141884
130163046
185771963
449561515
208718729
223370849
205003448
479565214
116960378
601060726
133749774
316191804
670025
108048597
531726810
71240806
418316330
141626603
14457773
249991139
101999865
363264979
146570266
417172978
169947571
441824572
48169678
326783323
228570396
61207033
16770376
739932594
539615774
38072235
396718540
165569209
144115380
2589379
25314444
561242231
52011634
111440648
366881383
143748253
168185099
142735575
313506996
392166345
386871356
34452050
56492400
381842868
51930583
581034581
228050545
133217372
2099767
629327251
290490473
569907788
543802622
273174166
563324302
525062017
8383695
243693354
391274543
65236527
576683948
427632716
96942432
287945656
470488311
334860495
211757193
231872839
587612524
379585583
24810242
46103573
472625414
467848952
616824583
32406936
24177894
30606961
229870946
510844453
143774249
355321061
290601508
241579577
92832872
59296593
211923104
674195771
31039899
639243047
485706663
175043324
3131830
471696514
166694671
542332027
399301836
99975259
84142819
114620801
256483918
122588164
156931703
164526840
54077675
552126210
731936986
15881876
323032451
89548948
46225914
323008260
311916952
124804751
171206839
93395474
25961330
212250238
474274325
444293630
76743516
102782225
578143603
146994343
165987848
321011407
8448804
497402679
659279417
666706337
251558448
624080661
459819026
727558695
439588156
368541873
313864777
750910532
374166678
284015634
167798512
652268714
152720053
43644307
726448813
122791055
183237001
280250292
292581578
710177864
227370403
644742290
9134158
137005007
386311379
499235885
26685103
210295651
823336363
495376911
432957457
543436890
157385147
118062603
286013411
223852745
338784155
77441337
238008898
129920843
368605794
289100505
483970096
351702062
113171642
488079896
508816879
313248416
196806733
227625602
74379406
158348839
30418782
583404473
225788681
196862482
127776110
411757331
241575175
717091255
551773499
173425231
244178272
170540152
134897833
76106836
497076784
419262048
351671454
385404944
173883968
589985279
71192034
84851137
8332695
349455782
393301530
82738017
40405499
363228123
831660708
332081521
274989007
762143972
10076561
761862770
100477870
574539410
57560898
17003944
81335078
31787273
70614053
301653281
479210931
212843468
196925936
537144031
375842818
250159656
197263332
38297939
394852485
346966886
257827359
89955654
445000874
2559678
410398847
226300457
167692179
239903329
54174468
691398301
129422571
32668213
454798883
274536323
40662363
753305641
463782592
778840513
11828252
276251347
105378477
122809800
48542749
311624742
261861246
469978497
307545621
141552513
565461958
187854477
261552733
207971124
255219428
22209626
115090828
352210883
481587615
513811162
693664973
70602073
148669076
10779954
171483597
651105650
313531810
470596991
242262899
144326849
230928975
397945026
359483723
82966928
320755438
77568586
274969107
260809780
103344343
688030106
312319081
219171475
206116174
192277837
188906517
382746902
223418512
222363365
101785256
536815916
455513430
506179308
196660051
337813829
243646980
550887740
441403966
229439447
496429423
531198778
108820082
407575706
408579182
320558992
169868769
174020982
452420713
68706233
265267798
87942873
362472812
139212836
473242165
48902159
444539924
302725467
119772514
303353132
274679159
230487929
166359272
257578322
27117930
487538025
149219076
364478443
287488756
451217244
176189614
332657140
82115750
227121039
95113140
57816590
231150304
541090598
626869884
520263039
123426514
278144664
441187327
81496072
361955357
439782814
482647166
290208943
560271873
53987336
164339763
363837279
371079888
168576700
333313576
786796330
239344301
264987599
355931373
313407740
94409156
570965419
119311813
622963427
241339894
168449775
588471939
343245141
173512279
198373069
257618525
101088103
735993034
577039779
142961942
154327917
409344819
158603321
16576327
505469235
9570736
1351219
268041042
357560950
415350749
514677
249784490
227802266
145979993
278001180
406948915
751451107
656697060
109734950
346420361
344609316
151077946
229443950
675274184
103838180
310033131
192027924
183631255
706965427
527121912
196956424
107061731
197842383
15943898
212642087
261639409
179194747
118828599
222715799
288202960
68243108
43514280
150563059
334012033
34260719
755322857
188913287
464246442
346968450
57991509
51445802
122674508
225341624
135806342
133142515
6709569
732124614
480598979
308356032
467807362
659928023
145528615
211504236
32583787
72571232
229393192
367483668
75965664
122769058
186772511
63767300
79024442
764350117
450653790
223171789
545816353
129161313
665464316
274147724
603469528
271703098
110439884
64792412
178333638
421888507
300021766
88113192
442750428
37027509
60270669
376119664
31638982
101768446
249614732
573063387
112976681
591785619
73898861
186893914
47455253
777301692
79254809
51855383
223769488
95700821
436359774
395174149
44850341
168620830
33511362
1678968
244157326
288217276
291140062
139832144
1125431
335088882
366862947
171675988
236450496
55415529
377673264
527788628
33506384
777501688
180941126
286266176
21706874
68624651
376889541
386326754
310448844
166890422
65410711
306633260
557872156
95115800
44384312
327219074
231399523
101430817
227998432
98751841
40592655
375664696
247450452
493948293
381614678
288148087
8739789
239037677
466700435
143910320
134963759
419333349
78203360
131743625
359139901
444258768
180936081
7152347
36983206
32712874
465127035
802028395
507358570
140111038
442183544
153408511
577014719
96928763
303927044
15113360
432643680
68157333
336005314
66090304
18237653
510460553
178241633
309301006
329465380
310182592
131218333
134764154
170483468
241862421
59098282
336943742
81014102
668509438
336393490
64097244
247721594
137490707
236199828
270595481
621417869
157068189
293395352
284781279
252580600
171763654
49343212
90000165
308353280
187845233
376297066
124232993
144456073
54055361
684944691
1606257
356149300
20834735
152658282
147689000
617480364
203272620
622857044
265852707
616379102
97552506
151625059
302203433
755855309
528262264
623048439
236762455
195452814
116516176
328472934
259827152
548481057
82875648
164673127
367262705
288343755
445436139
359756238
86606380
332266844
9945450
537736948
284642111
63310280
201415391
294984111
256134586
348660337
248909891
292526596
158798443
198619325
269636411
237667900
239432040
353809486
202460625
699664673
177966206
324475723
380839485
662109132
50822628
64878124
100526122
194466666
266965424
441870921
279723717
110803262
12514123
423631877
222625614
590523849
71945459
79764280
516603278
470355685
279733909
321025965
236250180
652790703
112980431
812877233
189384939
54516241
95017103
44021735
511714714
444689334
275467460
218093648
407997320
266924806
15759984
222854766
433987998
129705567
607977398
316848372
99382229
648481302
184779046
271048283
126614243
32977747
319066605
530831933
55327377
334327720
202261183
253283242
330137255
284160326
142623933
145704079
6815763
443752102
581953763
382889272
550367997
340910567
199683849
326208581
130344958
84473292
350006828
169588394
311482728
530160316
167997754
550717913
616607882
245001968
363265778
505935480
180344755
364726009
538773475
429350720
656513928
477017541
235666973
360388509
50765261
4719080
101776915
165528529
258279755
162729508
56570521
482171756
152169977
187497990
11722784
579411412
480384766
38029588
377588846
396791883
188162150
121361816
606808135
387684747
183932688
246949073
378190362
408796518
626973522
148836253
88737374
74612144
54748193
126298936
155985092
360324871
40874377
36821349
443862139
315996319
239977609
57356942
461458740
384917342
701043070
563671749
166101145
263489577
111219732
580680013
295681778
352756244
775123810
372876041
124780722
697065193
80850181
359551324
406863098
233996458
244691948
24094623
154144266
436723768
878458883
219888395
250333956
73825914
64287154
136016698
409454070
416803976
182513774
480331382
166923926
229455479
81849420
520941215
394485337
569761138
502283750
116869419
219563616
64657403
180664798
57900888
259555583
398387487
319403172
671925507
56167175
126884017
45470745
383600918
156882597
107913931
26237544
649494958
244791543
66948070
47545532
23484715
20300394
516207588
580569716
285912110
178464622
518329139
28517581
539111004
585791657
242282151
482477955
259823824
346835286
95692893
507688976
76833830
282722387
821061157
34313468
457251944
238194172
273613717
45506190
454121925
459147581
232045411
280295864
316656668
49546634
184272432
449193848
227954417
638563394
527919276
499650034
36454808
349200602
290824115
369728935
197260306
40379701
397578904
39542439
90738406
6257134
67247935
113180326
34177376
179127898
106499391
677468588
52896284
397330818
2408238
169080762
681451359
649995796
733714350
208225444
439033399
350703357
516236467
470527397
204093738
98052065
151957892
517596494
304943095
389778152
7353064
415012203
680171941
341655902
183134027
286081287
162118394
201618881
586557830
444183807
105961348
502905820
547435840
91157546
702497700
499521008
550199858
799707051
847660718
750370647
165943423
9105797
124341786
275640695
67458833
105616614
67824785
181698221
587847924
338799359
88673605
765077706
209610599
253062239
257771136
87587593
308229022
346767309
482772725
93554450
159003941
225843738
747882188
267546383
687223208
56285696
628245761
585606234
540047734
97426369
226391920
87103109
738384281
368978098
235389967
650483851
283154801
56357691
106098949
434251788
527693219
645684292
550518512
422618666
373984085
447221535
90987675
340635449
47769797
77919021
79536007
445626936
878713048
782681880
311053180
531466714
206583389
292321058
372685742
46444636
288481908
561970436
259520526
315061148
11811743
75146761
278374460
721504934
533029409
214858106
31653098
288790815
566530911
171956312
169071972
150644076
681940912
308973618
411310110
73529591
62854166
70268032
211203096
566850462
188050099
31254447
67958532
416675458
323723089
311096678
72208296
247744388
557555661
54062059
506531975
11066924
447776753
398355392
157540941
353530087
326066083
219755712
50322380
17556722
644662180
207655975
497739357
44800395
143967325
208576297
631953553
335140874
304758768
152261215
847756612
500421523
51291815
255190997
288212937
746100431
65926677
734676958
817352620
525266676
509854566
94712480
288478124
586107669
85343976
67458167
283169692
340491434
778663072
89820229
384198926
117957986
525967401
355158552
304008287
57646981
398142996
564390117
283082446
147076731
342211719
120638727
763083328
178357592
328736579
566437984
412575821
226134543
651467490
213658106
672178613
54538647
513940477
444176080
99024655
213095326
751726901
471327585
286882418
134984545
174176786
109633103
243148153
175973092
328288080
267736291
212028408
428586834
61175732
163366104
282956465
223039467
1551384
302824635
205324791
479133633
421785624
169420457
155730745
443100305
477969325
242205250
121592278
108774234
674068547
123745315
156223847
398807950
258016823
222090756
848275075
53952736
741110447
820572540
52248113
184991625
55060901
851959591
427814511
295977311
312520526
135559726
127119799
560029504
197778195
525491935
321366864
687928303
251771864
668880965
622799413
285031251
477966461
381954832
140083634
477657931
105278368
167839346
490109887
81928332
150461027
64943435
371071842
404480702
266433494
200362591
395705322
297958170
143593187
544736652
314635049
338541758
506245572
81702599
836169022
500855928
104686438
714722850
180954079
314360396
853380115
38355812
246329554
427789616
183856309
154963610
530206776
30859298
200805853
473152726
259088590
38421756
431138375
18862308
169010390
444476550
327859452
182537838
247642067
31545260
99318920
257622805
435538214
120046071
128309282
639048193
108065949
172810104
204945359
319506394
307833079
385015001
440656944
215627377
181705191
445546255
272281044
406526103
130779202
223559498
153066496
485541534
4990273
33856637
90636608
225100760
537864782
362807300
215726814
148157559
554907325
622329677
504584098
356323700
293148633
102189621
214801711
145172215
254833691
256273635
196866530
164914335
7717915
778720433
362772087
20931621
219288756
147952945
460210
562775618
66958163
232210032
588222883
95466980
39122713
315875425
89547842
329086755
635076224
509584243
248097156
412372607
229689271
79919815
369182214
374375729
257687589
416903963
80960384
174800646
477447658
574585129
163866454
633967608
58897837
91442354
100193811
503493084
641685664
629868934
578756065
49402623
380865801
148448754
582531082
493135949
501203007
717245675
109913459
512944025
372033404
331531532
377598831
117299782
322776166
563824056
480273587
389735395
816988188
99952963
496480088
172379831
331204067
225386676
152132636
317656491
408806671
21374637
18603264
597975734
217034937
198053113
770912723
95870245
632934781
125410051
122617937
469944697
515714631
691837376
283900939
460851423
674988637
117441552
75743167
30712183
238361755
187506124
137697930
88046503
645939054
82883557
372842234
211069547
111241914
718310558
807573861
173327796
583960106
554762516
332061116
695177071
101538206
129723975
601424872
394260283
118215754
465817224
699239460
467801840
165653256
585641692
316607489
257366762
157482834
400291959
82158112
492754329
501274506
57103717
674775630
210673381
100217610
432938077
373369184
353137938
743921998
515558021
575732035
346423097
312408018
231231232
116098455
243626413
225320514
277576281
106766436
201565118
218210016
617867662
139963504
178638893
210786954
65085541
282111649
203991640
255170515
701607783
362124103
347024511
227072977
341336558
114330259
60118915
102623179
12153069
547331020
643908857
23964778
116415321
111050407
85939880
501235948
480507895
437082757
278152650
854301657
174102656
532551287
711203891
203028090
362509294
645904648
614311896
250925460
224059717
287082685
398356
58967469
470009000
480799528
171823030
329087728
328016858
311102354
485781408
560465595
344886330
309839428
556024511
286313610
134599898
598466530
57416188
229027130
130724317
251933268
102345838
20976791
266338320
378158599
40497547
366775007
11057352
312359956
422247847
887606407
173457618
100027379
22117601
101807266
290841745
307610801
407206843
139620179
209425164
598769237
203906374
686165214
83879430
22917451
497703015
688766088
325307297
101712268
196079694
363079271
41351500
113474824
273697807
11085158
355883802
392370323
395295729
204925021
565256294
456764033
709934648
275667745
334733688
719715592
396811919
375699521
438712447
180482165
553053762
235096980
524569842
676956005
202850627
10781990
263541896
144464828
106443901
177489070
226678510
93458008
453849140
321120085
392919206
453018694
210948604
141147627
176609701
244455492
752183691
296670032
46237133
327286143
282391402
402507322
364228100
762651642
69041136
142143177
268258048
123131686
363279547
50565311
730354586
256796404
98848559
63207507
230205774
288284510
150958986
240422538
492197095
5865032
487461228
31215483
217181878
555159018
578635260
395130097
586392455
384751492
488393342
117351381
14904540
165434087
330157078
35545027
27608482
747801846
167422022
221866768
47314040
430530877
476220519
157288091
239186152
205543824
623305629
205677250
86254462
11667004
115600893
49610439
745858557
422918616
100283055
733228694
41497435
120750048
483973759
542467825
188237701
250084303
475398430
680681323
13439941
683022928
205951854
719145862
412314363
207705183
129278607
284767256
300497660
491215310
110990614
279236646
67134061
23905833
379879354
91841552
451379616
305913905
23878067
408247741
278552578
871930956
139330352
337781208
124567988
407648704
119630770
457186753
113671087
302221813
307398792
438073086
356073597
24414046
756629367
84789952
276474688
21221184
533457880
302855652
340270517
204847894
716237519
137830682
50828004
278394703
484096354
243325615
525505223
687415911
130389233
351162255
69896399
263411025
581938013
355291101
472114830
189255885
620774704
40964091
132607323
493939435
718315813
94092538
703051285
82110970
346943207
58807512
652029
268113636
167680820
386575345
330688822
128863656
12800412
247689788
221828142
435037714
338127064
813293483
66378200
39469060
380506290
401219483
95842408
266973723
667736253
441639708
318342064
150652389
181668855
123451399
237458973
133460094
171840633
721506391
386193081
383560451
156220610
564739454
329511074
363203511
194796151
743085409
315052241
431500437
588593627
537701646
57619060
228338858
201517995
666611509
437520714
667009556
72048682
720529850
332232042
206329240
819324344
77922568
38546818
186401226
455465588
59206241
251835185
443928436
527304791
18671164
201184776
403154901
201817903
233590445
160152206
459973232
180719998
49191843
43246363
590737340
587783272
99286641
866507246
1230098
85256427
67608889
497098542
485557292
799582682
106909615
259079818
817115130
143583413
368546263
280998297
271505419
70137063
875265092
512799740
225483455
503600502
276089419
118022136
543263877
735424162
7260201
41654727
356425555
341032785
209087706
349946403
62862678
379799801
680170518
308193043
883848567
412723523
496188600
258370021
479211381
69409365
492387047
493989345
222396314
224079773
83196704
682634864
94774208
230832618
26083399
86592395
419913110
495551190
85818833
184076463
271540700
432408299
319096726
657929185
276140486
282384578
215521827
37083752
603725971
478821362
220898487
885099457
207370487
152963629
253482391
879917410
121739082
339420906
240495922
306927668
209696288
24110118
209596788
8231254
32105137
62989021
888897824
452546407
802302801
272821934
192977001
191608924
414576142
103903838
488194963
91360749
118569553
757792327
401354087
790443808
99965701
386643615
288741694
43789902
230997142
28561777
9130195
621456510
113912078
32713239
596760652
118114693
739800003
196856835
69894647
520317909
114469557
137720366
378567201
201841357
264487155
273597797
449656942
197199568
391511923
500208442
774841312
74321389
294779089
297770060
511331890
33834026
425931166
191043358
252003272
290092205
33792124
314147623
481452152
114433705
279236086
378033163
96523572
16972193
704792178
99915839
644766379
595190649
370421272
435151597
237182792
82160131
365563716
615363925
80704926
56062795
301652121
32076119
453725808
146063574
526228111
380804394
718517958
60762607
277591918
143955125
533295356
557698001
80131050
330347274
31031888
234390187
384069400
76768332
301931675
240468071
900849345
87036821
553644156
376745731
505488363
565837967
448783663
243062966
41414350
636555385
154547799
794225814
691025430
15362565
136802619
75899906
691069616
763763901
318428879
26930875
532660522
19320880
129262038
507777727
164338114
514880141
163287415
181386647
462566853
238291828
33760720
52129089
272299238
254836124
272759868
303161971
465263878
206929927
781356674
419053186
467774559
220132540
172280072
540065876
116124891
533763018
545620137
462781230
375722846
320239963
34120485
391649732
266302589
605674904
91499372
72794675
178297219
520627918
194294686
734346593
467377536
168290424
131063047
416523986
221047592
505906766
623362527
586666472
243418668
365682585
114628015
691514631
420361377
49603231
277491773
9947131
23744781
549208664
95600992
108364603
537689433
119102355
565956446
608884076
776534639
14836986
147012656
450553194
362338865
318157273
13769446
375844649
207875433
269641742
347535992
49547338
293050025
385190956
15176040
56812867
575985680
42479247
56730166
297095966
640458482
28043263
397617925
399818140
472175189
80978891
4714431
155527885
165949701
182861701
382941544
22920610
396515671
641135721
457136473
27566901
304312626
98880246
47189131
484466517
752274399
379669086
347299585
382917511
204549454
406564511
586659476
441653249
138782120
53071346
467878355
73027592
877477225
303234228
211344744
274743697
304653761
680486943
618767564
161364245
247778913
273512851
283286586
389105512
260241975
84282083
243869900
554238779
69207873
413911973
524576528
201859462
413737391
276625450
434364607
349327033
174256389
669567847
15249625
525659433
660792769
40310725
547375109
719596330
98785333
410183924
536534715
57214379
462676994
478536079
268562510
309658287
32191038
576527787
390490616
307974655
30043843
540240010
632349115
185118811
115892468
173398912
176137423
306666658
749959847
18544814
148655885
491150181
250646068
141884256
258106848
191016302
322761885
457784616
266830951
485413816
756609637
33641891
104102173
397795733
306422327
374116103
565896769
421091318
710439175
54135958
88723972
33736731
284211638
126527774
50584599
176194530
645121401
305205925
217354023
251775997
371190058
246289781
510218261
13077675
772024672
71454578
20558475
314125488
461692320
84459921
55193774
577626926
282692306
433817040
520416948
195940207
285225551
76243799
47453685
615733466
208321460
362221900
9696883
166777003
180994494
196412582
42235023
594565976
445126411
98977764
449246473
724980772
182339918
160659373
706627120
315402773
35723913
203329127
203515756
229259796
218067893
641686698
195067464
467955339
356852112
203221378
400621632
242551172
353013509
114533925
604050737
288759292
149499323
743283798
92800589
369595346
411877544
406093156
29654745
177778923
160177355
791203158
480805020
331041779
445879210
421347941
132715008
529305079
270836600
446367374
430001515
52127645
404656682
30889951
626965472
152000841
420943926
474581578
314435100
156988275
222874985
63166179
846570972
798914943
94683667
595916461
181247191
80900303
66137064
243682656
667378334
470474381
146596565
46013044
183675607
531948943
255458632
163062235
104523463
226521480
47455793
579184604
590858536
92879415
343819986
412278169
395552187
13014973
702118871
10032818
868252824
530903541
194155377
497930956
640564724
25128953
523414473
183907855
449594666
535775325
549283787
251639743
556659086
219574715
294456404
62994741
658842690
138512489
14430893
729149674
670322715
163608367
72527989
322498655
161022728
285515776
88476092
8889264
291420375
129344147
78170281
99810606
240386498
451989609
47543339
70653031
101096998
365134446
607690362
130621445
527914359
341439144
54425089
33855958
914938956
283603272
138701830
346151633
598245955
224722389
118613799
42246797
282852317
294750066
653009271
274822284
188632264
359281384
459186184
554250301
289816832
43434314
65314696
62135623
177422920
98659463
204266691
171431987
224668526
219503187
507479231
514543247
680659942
697732169
44881483
63486012
84099037
266759909
180887876
217578668
886621444
811923788
275387221
582742322
32092943
488986077
68502260
433027516
1997154
665305355
630068531
573657907
455096385
263147735
162476214
95660085
394922310
91323843
456911221
47107146
366960704
211989176
255707950
446633775
657698067
137217747
88722799
358543634
481556528
78745214
15286913
17653679
134703514
283584272
834539782
78007027
95245984
468622123
134699099
85084538
633108048
441277196
517462794
323475044
626875435
84215494
132335505
326129622
129264771
683362043
141983734
707098178
395669937
174526414
243610977
312608042
175458214
541079781
113740466
78561382
438981506
32905679
38138646
281800957
659291773
152584297
375212074
157096257
553022303
192561132
405808683
377855204
179557335
156146122
751160868
232581476
3526463
94096667
80936171
61062678
707892295
159598981
321738192
238122456
193589904
193130264
856999330
587466793
236659991
283726776
569762768
79785764
179586712
459667003
58675121
633798879
591762580
2600186
131834068
739821840
165145645
667578164
469774795
3069929
655721248
618988030
356278021
431797108
41308210
485914660
91782216
727459561
247029266
201071000
70884369
368273450
472014144
203131704
238331104
96757734
696157306
420802057
110284132
220164668
72874667
165998020
31461457
213823868
166173649
471227960
347138623
255440076
432190598
273719733
370350101
497335795
28623946
303412469
409596272
34070642
390070881
649723270
177931221
195524363
24479201
197339000
535446615
278537835
196663304
105718328
210443659
426069120
429820645
552157448
437599460
329756909
634879460
477454031
536663238
191366166
98290768
430193325
564575207
436762408
688974454
259024589
136621471
314823962
190066384
104443915
135588774
482349868
74020758
500514309
57014738
214116455
127358429
156076170
616291955
829734226
157394943
233986463
393234424
707022752
716508344
296493359
283536125
313224512
432761480
659731939
541654990
173761276
462467137
561674117
72472907
10738135
305682815
21234816
200237042
127861899
87561550
694166381
186401295
75097268
804738495
479237080
266899491
269741367
828464176
467289822
607676475
630838151
114203428
353964876
38408040
189450300
46635119
109543982
223895616
219333790
282570056
539826398
801215571
727256253
54580764
347410907
408789619
709376551
610228892
610207974
190209131
165640511
511897609
619583061
416613340
247047015
278867172
433045994
130098703
84799752
111632939
498756040
112505806
32945196
328842575
256275213
528576573
16385928
408872941
119835883
102016482
66491492
916936935
69610674
473488148
255160802
39456481
86391837
257713079
87211603
235173174
352035416
144476950
22342306
252975971
340355833
173517072
413215039
429400651
55917554
305356621
159350700
398745527
612922481
321671793
219909607
148661907
190524248
187660288
64955482
28211237
535103169
239318553
335934373
354772291
60263292
850483716
83797131
178736242
140090873
240211754
109641467
338309844
402721650
527056669
147145342
301306400
380454396
520694379
791547480
559264773
430747952
264341119
406452119
667058365
283235292
180370279
828304059
21300830
300682693
817795207
324495980
35970485
265784143
699736544
42697325
241756828
683506321
806087999
246009249
185990170
200995280
517640833
231421137
157148171
510098984
262178613
99235880
273013629
58340353
521577856
6213625
127282094
464765577
459213044
253410289
184660861
390669904
509434497
477277808
549909002
56385707
26751731
246681003
356130815
865168462
22196553
588998308
648851130
862299649
155453838
381227240
345125171
2940960
424839908
407057871
263296979
382691783
62455618
271070262
634095358
628813457
652783634
502573243
612003911
638987649
176537445
154280411
333319455
748553083
590909542
620610175
94833657
271506317
170024928
337718775
292500643
768965244
61216500
419799660
254279061
33111466
67085923
576499345
11608923
493356179
23752717
137714437
110314713
28593336
51988149
392255350
366820666
26441468
28125908
382096951
294212603
306271558
39471577
141923333
62864370
37070644
397751082
324513154
72686226
79227230
803640901
238130076
530111243
293950473
261322768
456129225
574353474
95664793
703631325
416406580
476205820
120701810
75195231
224526268
114242923
569498193
166715747
39097381
111769463
524564547
549000090
17757923
209577984
434387074
317994164
370558732
207903827
57356885
174844914
180427044
403376396
477582834
356918822
26761780
945764618
236995179
495389368
315572194
458578659
189358470
195074801
98351013
505388095
724494155
140425120
55028935
377032174
188889492
404749610
626382546
803409748
429813518
2759147
256434530
340646132
53677277
613357839
299513065
561898108
415715559
411500182
474216680
136902052
52151056
122022759
168191760
716569268
323672278
250468474
708579877
240624511
799164609
294934275
21640578
156046193
159186346
103598410
331495639
690894336
108959601
305156706
526007372
408247270
364640292
199899864
635829950
70310364
128938233
352804224
650802714
99547418
282391082
351696264
144141218
68669404
676877984
703787487
10280981
668539
310812134
265208025
481936750
201965763
693320632
305734410
424181790
479618712
549956753
460369480
109083445
888105972
665757046
363571150
207968508
166637357
325654017
148979349
60077700
307068057
915985632
227473398
251576090
439352821
95465336
891609826
391040961
109968919
195283523
529220722
246818761
46234738
831112456
215435695
253408758
352924360
307925445
6006859
383651651
444499676
101006661
499614517
756046735
177861022
429569277
385186270
34758287
551969698
339891739
80470233
89329939
113543612
810778990
366366550
282800548
523130945
111738292
637725229
168898031
595306043
340882750
494946149
134196733
126517847
748626905
552734574
470956935
306158338
511418837
276872461
262818242
621255950
296576700
651992888
861408092
95145098
197774584
343105323
345710551
319980217
295042420
215624057
187930569
64707641
73384282
204769003
153729604
527435929
84551935
399325719
262263819
329341533
258230504
325676664
611579753
206145686
114475455
665054173
329979036
162163039
753299
503673778
619823573
280437843
474193525
179935999
681503039
59170957
822503326
593395615
21110867
309216593
189488492
325704758
234721475
437142449
47841959
97661705
725787846
90553848
244496263
177892819
944000556
635039
116338657
485606409
500309584
35012489
43811952
261920819
556617206
82439293
367619251
262067690
155953832
213627793
244637308
198682917
37347041
478146752
342524376
211116244
387131586
224827718
467631273
197233470
299643525
64695128
145075049
850936746
546503796
268070144
315019022
202076518
129367485
229857981
113986842
779235499
566301033
300484334
281886357
494724446
424454242
308222001
95885485
286004258
410321024
474864638
55881103
442608476
60262979
783183966
152565781
762833054
186345765
144303310
140080115
901739354
57620298
37599617
454620274
24851608
83033729
89200030
560983379
332826578
313071605
523887211
883720556
608417192
65760988
727755442
553683369
10342873
456773278
2129098
51252097
624408533
405407629
399927369
23541639
315934397
167170641
737950475
804698928
459438305
640542215
565708635
546814422
33894665
41819521
69029092
613515370
468439208
23950148
57568407
156169314
156709218
11433999
10279847
242340372
74598449
119353376
601784588
167378375
511117575
175564108
83023277
149778435
247733664
336991127
486196330
334734579
102983367
33625886
454675445
127519085
252247694
245531155
183672487
544086738
140020171
594282205
416561047
558856636
412403855
76613240
25075559
263499056
213508318
502548042
128693475
73453112
74956069
364202751
241126052
243410924
291551601
103391218
19473180
630298589
670701281
22029080
194924033
78258379
383276376
42292808
609078845
495736846
376320636
429649008
582224428
247566400
519124118
175808746
13764993
651202594
40445798
148214325
600853801
50514757
92297221
72919328
208397479
370818422
645737353
110896030
289501334
296426619
199979437
279026860
216395268
154983552
250062375
635529391
449939915
474436269
628100298
516668016
515653908
378187670
201913078
41346539
353197125
911027230
323397521
301465982
221976440
253705352
796001069
730290375
28080269
865432812
29599577
268336721
556608896
703334808
75570845
127138492
294759658
36904371
442826964
556280412
39406252
278071103
529117339
88508831
602090389
391486662
174111916
539767163
129089810
424067462
121734045
484863748
294279627
159073442
792239632
354591866
131222809
59823995
336459441
43642947
158897376
20357580
759096330
7324429
69193189
310355246
610898661
346403021
135784221
150395339
592168759
176326146
407799214
194683664
590774204
936142654
422583901
41392025
98172668
113451000
287076991
166408012
94595401
665049386
434081716
274833565
341325581
219507959
2575623
372113941
839569132
664467753
531259975
237638701
248816227
792672346
87404877
484010608
302129587
143087654
401541763
699676374
817377616
158686766
333147515
368779794
128994392
635955322
563611005
171887307
526514206
88425118
133472979
48236519
7221207
967462011
298370606
210179591
287406009
457952279
66831574
195573458
771279225
286914001
315230852
565161867
131802343
668762995
160094507
286603862
667434830
28244253
724259554
374983730
179096936
458303858
216673745
83705393
51928476
523061430
474932216
333113478
88793764
199823641
499596970
302011848
602692451
112493967
531833027
102247946
340053163
126328308
204185417
231866891
559098091
298459430
853159156
82715700
156076637
501944657
302792274
363832839
261671012
89322950
114777271
675925859
183401159
610305438
90711730
314333457
463522044
222066555
459551991
186079175
268813606
587557952
76929639
202089245
348691591
243481878
83902188
265818753
428457081
621887840
433056857
525737613
157568305
489524045
387546006
577229838
673589453
95299268
122048264
872645267
610242236
203119619
391004580
224773056
582765283
813962263
738620321
747383190
293140150
309449126
777058672
372236285
411637959
775276341
573100826
399551940
8792647
473646357
104656206
256079416
261076277
168409148
143432561
351044715
214599902
339883986
741191127
15688718
84359288
267750471
790205873
185181215
399262318
353370187
250359110
570253196
644340331
181897653
156871887
191791613
405956380
404423210
149583946
296438644
246962671
476210460
71651659
562938034
580560392
263022650
317069937
456465967
791524909
142010612
307968445
257056828
546323404
122357063
73469629
122296457
202168401
440521614
897339315
88782557
293420038
923319564
394357321
240244118
217798020
284453866
155894801
402976942
76657086
452210247
641338911
669111138
364533558
229197740
708123107
7252377
535451078
731891837
592597748
128305395
36775846
362069692
25978350
111386666
45188720
295462583
116591304
531700407
136291400
265785477
497543902
70720820
287396912
913168855
7138310
731709135
554853150
447171701
643849863
561896488
351374481
250583035
400048405
277123935
303193977
271223681
156705476
309678490
164077738
93451584
904719199
962995111
155599389
596930399
100217109
8328789
67486106
415805990
421569784
240077416
438690310
667184797
717050906
160590081
109775440
491575822
258407397
685377855
197761689
555360826
588552478
115779799
281721716
591080034
367898707
120938274
263329275
205431225
357100360
302288069
320998475
518330162
818560720
225943509
449418148
424729410
113367871
290574973
324510955
157397368
481186973
210553365
408217267
301683585
175994309
274400946
338888270
180047136
458856263
334921664
63209965
604085216
242908146
65579550
441646675
357976167
959338079
14158057
848618632
784298410
144150906
606333400
20678641
184817760
500334410
481441362
788248373
438894863
14944629
794734712
401670511
242732468
16827342
296718406
411791355
223127871
459443744
766611262
181685895
42022160
795763492
737240267
545457807
653504477
410450049
766182493
53041256
96229155
200913516
30132779
468831158
287742523
363507806
257143253
604159892
235288387
256930543
169398618
103028048
34949367
52133875
75286078
93620917
487569297
699168744
765032573
471891622
635327354
785192046
240040789
312769819
103875863
41094325
840628847
587066360
59371412
224888527
100136468
97712558
267987996
260784811
50656729
676617866
244677481
354025880
354620862
146360755
487038953
168180810
178813261
522597606
114698126
438699718
513081221
292282126
152278455
327830531
63123875
757099437
64489606
295780574
214316192
474253749
113584055
368171922
478954270
322449479
155715969
534543035
441166654
645771260
819939302
379582909
533725766
452112109
396926201
327078097
38692694
9586638
369332972
90351267
766075274
229929400
438718830
150751789
28734570
412951207
431269219
180195313
1656805
128786780
827366066
390151451
430477105
322107463
398270874
539561997
67205840
813752918
445150465
212708508
577166461
134456654
56955315
169081459
11825047
280282505
42989668
442805052
348673556
34774835
277659541
65956402
74964302
404852150
439485338
278147358
342667214
316723317
669362969
167653901
79528168
119664546
733443833
257044692
473702677
460740749
355320667
153878571
183993284
827703491
195586400
488023915
454658762
170200195
24185385
580514907
130559103
361719905
213972852
189331654
316808108
328802245
183820104
499811735
805438715
5416550
736961258
174725176
228968586
391402874
499012730
78956634
651054612
822294329
337828926
80759739
20945970
247114466
991423621
237599056
189997739
483335674
466041611
121632449
677188647
79729465
829848356
81026022
673761045
165053703
38346681
316524120
572466227
274041098
444978102
536260636
763290547
181976414
11319452
901106884
315519586
487354671
430275338
530533300
46049989
804614609
153959837
234794930
7212656
931985759
228043945
276160535
471777344
413000656
244657269
550504198
130589629
856067863
3011102
908765174
95561743
268820684
316568835
747847157
458410657
537048449
804037153
217097090
363492952
632628742
937547487
153771670
87611391
213587973
305718172
367881279
145865142
844911497
722244152
490777513
516298642
584174430
39449627
378871500
49911234
271680737
358985734
397181726
785985223
717412
101772716
18523831
663576675
503494429
83637068
225747255
241791699
422603703
331750907
178170474
567068565
287937262
440476910
528057935
359815656
499966876
20287613
50744417
39518670
769722805
144711112
683945814
292856547
419855916
116057563
501316116
79397495
288667575
303055227
209437419
55254899
239819389
251937065
201750183
635059486
307154262
18807712
287888
734985734
83678353
19538909
225329180
231547250
258544083
530265847
175812345
261896310
45763354
394459640
721971783
209591809
667636961
204855358
524848162
746808481
521872856
257138800
263248725
250576747
83028311
630889974
395285188
309900301
186106729
27465167
162874206
708734610
62776974
329441368
222818080
557447002
866011401
736045757
259896152
301845450
710724814
339074037
392584802
451654291
372759656
68188145
591462676
232006367
22637788
91670427
154354206
641664329
545726154
252135584
168831427
562647657
103212075
137421494
416876131
327988497
392468450
125850684
170653739
6384280
292962207
82548442
289816957
247051703
319745164
42320932
716151869
343555042
819736237
416179917
5968181
971063514
129677067
935945908
260124025
902344438
271246507
196234735
44586346
78890449
591866837
502837271
615019208
409656481
103103412
543940482
357030917
184937514
57351500
223684386
556810898
298118152
288991951
552047328
472257368
292883722
228623624
236025409
655799864
895317616
280054862
289337654
174015444
83594361
92054621
536219578
93297833
90978106
462850350
732732111
625786459
155089605
651723813
137303834
334058283
37763452
127905972
438002789
120518872
403495453
172796134
102233109
205929779
48921108
208482991
294248710
755555381
380746372
130787038
559849826
142312314
697207130
387534896
900232261
345902321
45394200
451526883
328282327
248463117
378917771
272258124
806896519
202815867
221669896
302405127
645229892
34036187
426977437
1000731262
168005682
77805405
741246349
239771750
817408959
42597861
715848848
138555658
155399272
465859737
281184410
182787018
38024736
228774769
600999122
170336896
368451832
114674018
349443619
346667104
183308212
514710563
26081032
474079988
271437685
765433212
148556604
150735670
103754954
617018329
455452634
712107333
883125285
187191019
51745543
715691846
23656553
71591616
555466092
353630899
31734807
783844944
37628701
633368256
140134990
302808522
163032366
241741695
290078739
653177258
368102391
352657894
281018855
498033691
447671684
727920556
267837566
474403369
226763383
22065521
31665852
478855688
239734262
450339544
318830657
453304985
155376174
316067478
128359764
211326253
950748901
495095594
221910262
521517268
53141061
874352440
284476658
190012091
55957870
184416632
66925549
198723839
120022845
117901080
786310039
485947049
17645192
355014842
634297776
805582654
90948901
352755372
476108870
330297855
11578217
35453329
50756760
416490671
795591487
863969577
121244077
124073519
113184755
57348111
17629447
338084149
370885251
370449942
496918957
426715011
77560088
592046114
276829982
358892131
121497584
498557678
676122716
379251746
510821834
744504169
606985173
43060485
575988167
75546651
626047657
141782547
374440250
870316170
139150204
342083387
809833495
87543111
27349270
108060238
516192383
94617813
631582588
648825657
104810416
197058464
200938814
474799263
93629353
170252823
63332750
666615102
28484227
198001529
559503839
770166296
285942340
32578016
63102358
350931962
536675408
200436530
816322337
584153698
543032360
15871886
674704162
57918605
284289948
352814036
267404031
92094185
278121259
15067795
620993715
333857486
701902063
397781633
100189188
377521838
46727339
46294475
476320294
623094446
204397164
367874086
10659655
503000609
117777528
261936726
71494497
129502232
148126607
299067009
249160313
158932974
17079248
348129390
977652492
302153450
345010272
49935560
993661191
481845483
477746712
64824505
52145351
184636929
192200680
314967676
156478721
267455714
10547173
65574414
197874738
195018939
432146465
853694805
515850248
12318191
262404775
162578021
179049409
410723726
562665454
641772103
340296026
167303137
472699760
119185434
913699171
440167285
190338531
638966157
463627997
458472557
366093898
95041004
280565175
320701701
980564837
298589840
176280320
424524433
406788008
52051796
541776574
292778500
154341887
871933350
398178418
199449093
689407281
346003358
149332207
105652416
319926301
496069622
292963732
292556213
446687334
30498622
539354890
182578545
397797248
487473732
174364502
216666861
670599778
118171370
702563474
8190182
71553233
858282643
31292773
40479726
350236951
102424903
778086581
642481552
38112505
560094573
430888865
202570591
654301692
262951568
52532647
725458317
57258642
304953368
588452491
372727763
213453754
606972297
646962565
94141443
259568021
216875329
410687470
740996105
302578025
426705843
272678370
353720278
52043698
386840735
205569906
319760061
504818736
356276878
520970438
45662778
217539865
311473557
652680875
115693184
333311437
486673302
449449792
486664317
654883923
777189570
349415760
157986812
50317795
125782874
731939437
315230945
117718508
274524048
142058378
619533181
505275417
212271270
408540271
777590562
168970688
15740977
36757718
148171335
471820509
182695375
416928084
278522245
113880710
593109199
329407485
301805372
349406984
149550649
485913824
731057005
474063572
231745041
507221848
434087288
307245935
887332490
11564743
505213292
452430227
289131425
718367731
209733314
150486315
470345167
258203095
389208282
23404993
160008324
384535307
180543829
346939174
79530179
736299861
102436621
299033102
594965750
544482284
65727007
526501843
251440427
240803208
150860687
31890969
76933510
320969136
664785793
394999415
69583583
192919873
129235130
23599625
461136738
205864775
298143317
882024911
157333631
788125056
614345807
307463721
309644201
615930163
94143047
23160861
657884441
531918017
958282012
377889661
162879162
96554342
121876621
207550010
119326076
4088834
396911936
49671661
105598241
97684351
679381539
922233979
27687279
450207420
519282100
272025231
309337537
99063037
268110148
106147214
162809136
559330309
208108884
258902959
594250080
629082682
466532567
89645574
302668264
42441781
38775262
616351455
262763914
688843067
387415668
604179912
736578824
73342284
317618020
815481942
52161626
625933595
300220760
201884160
269791124
56196847
112636166
38118394
254219062
828469946
143246959
137478888
352829881
685550459
49366905
489052347
283733888
17676787
701719517
689327716
515389124
298718136
146197940
44889088
210699917
285635798
106969744
166767201
17594409
7519450
792951079
192801220
50994482
764888216
316194563
239766100
91077491
457576714
21853114
325876435
81070672
54725359
254518213
270713026
601604445
611086350
94377013
441223386
399067399
262458273
716055733
255949697
375401849
199282476
12634810
228769338
212128692
77321544
363619683
248103570
185928682
400994904
335105150
402325378
168569607
177273093
580662074
440222149
214401760
328288677
291714587
483688909
466765908
409776013
80938273
369913106
44817047
167703619
235078758
176848795
189431322
500118115
634641080
753869438
672801564
6201751
77904485
688398223
138688790
787780289
1035884572
535639993
436134768
107248502
447734641
784475484
610935789
942564764
452874114
355036444
629018582
237947470
564889268
174450385
552677011
111497865
201329472
151896909
33463631
41336866
191343646
861898452
470487317
139138590
553460799
10098431
1041061159
205701003
447535777
191522195
430763381
490211780
5634916
205543246
222412133
675466924
93355843
87887033
308151485
614214712
47452866
271061311
790390773
20829502
858154036
13272463
667988762
962995484
165432889
570285569
501969501
517270095
46173852
790853439
798029220
302445367
273551426
751125294
459370725
362409980
632754523
342341883
73692446
98956247
118877085
4943245
48330127
572209469
435897062
242838040
763708772
864057807
396224791
446594123
768447611
316317462
144371307
247355701
292714201
709361343
93495561
530358758
145977865
790094429
350544983
989509057
375501391
245167438
691010886
399546161
79651545
205801775
313998048
959673889
123348811
230595447
20107096
325792219
458127353
334547935
15712830
512761106
160277567
480684460
364046629
59694642
726235841
66451775
80431945
189264005
345079526
564593321
453658403
368830059
255007877
155423257
501778837
142469966
677115545
53257708
54284824
38514547
104627433
1053029766
159810391
220178690
43768899
251994395
246877663
373102994
105423845
186598025
790492132
529228888
196110726
507494765
71338973
50762815
280071855
599707728
459766477
64486986
229833124
820829191
638017640
158594192
591040283
738558645
439388459
630322828
352746607
355005465
88687982
222006134
535022386
699745829
805774844
689928498
209321620
94467690
736438553
48704858
405348653
300541671
435408860
941614540
763437488
199518805
15883659
1037403605
395146846
457478603
102103846
650717789
240274709
246583886
260331837
530413783
862187073
151437032
588416157
689534077
268934354
24530401
366064202
269677520
154618505
341936903
319322244
106186904
267981177
443086067
483834316
618637949
399590605
141809846
278679355
249723214
860555990
26463255
544778436
496301280
140528777
99207200
236114669
426793256
433820865
243951296
307704485
540591012
508325710
832352708
69598132
211445534
106968415
532935214
702374319
436897139
395144160
216216073
338466846
436446315
454474777
307867970
64018359
171923167
314113893
266927659
492855062
132017499
126772093
760640921
758537735
218275777
418070906
154900221
324807904
307002832
118831832
437517472
6414953
514919273
810523046
82637084
268760853
70723155
82419094
232412535
674996933
200836626
151134744
775318389
111843948
461709493
588772754
471287054
482359164
235457670
304968450
172866873
496827816
377492175
335568996
51099080
723109169
6970101
833608035
113112010
751260499
39824201
191983231
217942764
90171650
282603731
73930407
620358410
438011966
712970045
847346471
82645566
23887070
671633472
159014891
150797393
827181119
572910950
502295092
167540159
28061211
530172839
433693422
32722180
419905883
411597755
363676002
13326394
64636672
51713421
319410135
506383650
126134121
295025838
247860261
102164491
511934299
614507784
995858547
688869131
148918488
96557648
476579304
563938077
63574909
450556974
164530452
764381233
522655089
210164124
35757251
299200895
269287606
257045224
111610330
528999556
149025567
503435663
719728466
759297144
916371508
999048683
163779861
2679609
238277297
35097494
181139688
378229668
32608524
157978945
1048464273
333327825
853524466
36080144
913641863
842772468
56900258
129778155
584024472
127680724
380090463
103530977
624523049
61439890
467145005
473602093
158152566
246115602
886735261
409748147
438808097
8462494
971919207
116865826
132849479
201601594
351717194
209293648
771146119
312352985
365760192
463093256
74483633
633930244
501886658
89018205
72919985
135769073
840847884
725882330
175514055
12793199
145917172
603001685
9594860
413854504
122576137
431820152
1011881010
868144245
273447851
15930544
218859497
675468033
121353062
234526776
61018383
429637789
365546086
71994506
72097160
237349258
95026262
35339376
170404000
916766462
93698373
266662037
218563752
741890019
259893105
98280961
228327976
6051795
563959504
133693809
785942531
407692226
137154275
474560545
802874472
584760178
591873169
402376662
398966468
78901468
15718345
419498226
12642802
864681148
15992922
128356746
612915355
300180715
1942056
78795529
299926006
842481406
59285128
456072157
105908790
393680668
288268706
378947285
457796360
601100755
816463135
31059822
530525590
192918985
84079771
327266435
970374308
491243782
59956909
370000935
414350957
750029669
99304666
561749442
715138937
449445543
172057823
34013633
176227274
19904807
610947350
182225166
175461776
495240835
563004635
31106499
45722111
147932912
265686034
691995628
233744690
813143826
166060029
956194034
149057973
511330266
86037509
37712975
265711617
54974394
188285908
267297252
513140709
228782886
98439808
63304889
18951693
478751838
584916437
939486465
1014351162
759498690
309206957
576738983
290327474
523731544
276476555
301692379
795634874
84645993
608618542
648251415
95704293
389357747
203391338
146550730
44740874
482746037
352267022
448876486
557787381
86424212
82559189
4827483
510304056
177287375
1052791177
440547887
18489348
323468013
31841011
779226783
592960546
407142872
343019863
145042813
197829318
369500240
709690777
800292259
428712931
787162805
28171529
55302796
383608694
74629651
18152453
409558683
611813128
1057244855
233536743
406813035
704786749
655213187
195386844
44447073
238619802
5877300
622473761
61149284
575844661
350348269
805642219
652697931
679616445
587660737
46526066
25836871
457826282
670107282
843758755
30428598
373646943
29606289
707595820
306412960
36483697
144475124
67620963
101504088
306283613
635416488
476038238
19415078
637454505
15269846
544866153
374750683
327678955
750049318
22093410
286305172
778343910
714732326
966053756
518045751
29414918
336228059
724322069
147013541
17912561
417596561
598140885
553982704
236635412
88695954
25388520
52141451
132013259
172976559
158269974
407250902
714038541
321544151
232671617
151287916
416149259
239821206
451865702
139185270
707779610
395932875
260105288
79802233
134558075
750567376
71761246
397202656
620629030
322333892
197386787
136996869
302729210
174697924
273004784
616293287
264514971
242286559
425733031
332091984
229128441
119535571
63453360
14794589
285281851
73266122
232973195
422316203
124569464
52821185
91431939
206500903
300327077
371366817
23015413
936748168
434090721
405016021
499661283
562932441
297793664
17505242
882860
452163847
650218291
707149528
193102797
590613518
761910283
79804635
287720302
1032466531
640781461
368594102
194819181
99158500
990684222
323000606
654838354
151116442
266011540
589403130
9474443
315401265
509421216
700490794
312792665
212820928
605806720
614044873
100960963
623156966
416085478
260479647
539430115
62257848
276371073
638811986
71923992
461889486
687627542
676834275
258666307
169309443
217922483
28013896
461355985
192575544
777558093
426038413
54169515
357116307
308109913
576412682
218139053
369525918
273252110
401239065
233351971
804949184
809504891
581167218
146765541
114113836
159962100
961374156
335485157
142421289
897900609
109621415
67013845
888278418
599579786
263248980
95305364
54357637
391658955
630653247
281089131
517273022
168008203
324199398
739489162
167898605
396338569
491052141
446065628
543821961
905260478
399754121
363166314
26022878
64090208
950885683
700305151
751938369
638539805
188725758
285321704
719350054
106351732
115045633
628460025
147288307
490554308
245584599
38363872
32459158
792464890
76586218
847508647
416466272
239024990
916212569
993905725
113755571
473156204
199162872
58598063
327258975
48919203
179865443
31571259
267767431
62245722
128759088
472212496
93733490
112312178
484203756
181662390
602053888
786469547
364300646
264126262
526650334
522064977
321400929
29025935
613657724
24167000
111927734
773022326
490786734
283785579
184420060
1000308698
285487681
389203947
523770588
61375029
64308786
86591335
192847513
831031435
13713285
350574307
453296921
804528687
512388254
868362266
648159636
741631949
650535645
212859650
139742054
450292467
272313816
294034494
992339553
465781494
580423435
483328755
347642384
5867575
348446585
666961338
368215872
112020563
255653923
130159763
258264094
58718055
250787564
44814661
200929242
911661672
185345381
57954609
194502504
437730310
482332992
34145568
408049353
132386243
76704471
436382099
234283311
58447462
757980050
256016975
54404669
1043461641
796034799
1037696940
464357260
11687715
340041847
529407032
287143111
423501456
46820784
428449259
480405230
666699185
642074220
220733093
541085726
159702193
79445497
237771382
425991945
862811286
596395517
281351871
666829688
930113748
150400851
407815775
89154568
522532547
452029235
385311776
392137028
880799835
749917177
440113083
14800808
782145612
242766842
385632199
142373366
250447202
309070790
699231253
754612564
101863128
310134128
231930971
573064489
275514488
722818188
170372910
631101513
43266563
599840608
515127330
1038835065
575113123
841667727
986850068
582443282
235246613
38362708
249556735
1049276997
416734038
638332884
829255419
423410355
18364858
1045198235
454879044
263263095
217921853
173382171
327690752
237146417
47395817
900716795
357170457
4004160
489898510
790775817
601889630
434657378
400213085
136256374
736102768
994001991
179963372
362014196
441732527
253625545
201998590
397267470
537564613
388424674
789093006
125528152
257877237
790473776
78501156
66357555
878824426
93451295
159960943
344946789
458694199
159120436
476474429
58725316
138791767
506359519
375655913
154223745
145219956
453007073
753921753
20211787
566597837
130540495
29579076
403091521
346344724
423571331
179398864
506922684
641210305
666208047
115712938
187575925
665456680
901674177
505874300
487078726
293409528
3458495
80952768
316437071
582520627
308293299
278037208
834299899
242280475
51589175
508418014
143233064
66670751
740036757
105012572
686280111
657126389
209013882
66019140
140759595
102142640
144659592
89307120
376531214
732983946
518457946
284929160
422263927
339661320
329637762
346969542
740083010
515402823
241610559
103187796
316223019
694945073
731764440
488044026
420720197
232871801
246103189
32193944
138394827
203734376
2726424
582872246
147514889
411966408
254405397
265267648
63622083
52507177
589366602
408253636
526084889
709258503
45267267
53677442
214689694
229360102
539758392
138990875
22910310
150071763
70274846
650161951
148773656
867205092
81803239
600489322
81867480
79203689
365844097
156708264
771466351
52427983
459252090
423147672
358455197
446651840
151878960
813196016
440414390
491794347
117936066
695416109
596753999
104790275
583451921
581571619
49578719
55163277
425190442
504783213
793446297
431950145
58813971
7761909
928687462
129381748
238399645
112815715
542231726
284040101
32077350
542451004
628388048
183380270
292685107
365285490
760632749
457579347
178391582
792418973
684967131
113028976
974529476
473155315
157645902
308834610
166140744
639170894
524258106
347363251
187710123
71760594
952076307
191541317
10606248
133174940
764420014
262492530
182495942
322473967
206201457
49259039
578459800
581190453
11262850
922311064
649654432
804871444
342872326
484022823
203077696
426698650
433340212
107977871
599957375
641032337
78850651
1045060004
374725775
193220694
286706228
123899306
500616660
101521778
142269565
666690851
499711160
323292510
93006960
91656229
61038990
304650361
187484308
566733090
265565725
322228906
47519623
302453625
681049431
372518471
214100253
15690807
492027735
147913219
672189925
110913832
712628041
529740254
25431897
794450128
61439662
878269870
133222043
531000348
213136188
707588471
605100717
437589380
54383373
428079929
117259637
847973380
386730320
443696190
186210376
299970047
30800641
13132363
59625650
220769481
20493630
32703676
91129416
642622057
250176871
3985663
521572281
702459556
704763403
292496650
441772339
81245231
268739520
633893208
33933493
538687783
34191177
216549260
893716934
55026407
591259959
259161211
323701316
298518090
63853950
503201858
449129560
744526591
400272319
278681836
55309204
684447676
752501850
125239403
1047359233
570365375
331125761
653450200
264827370
465761225
11028766
219282138
225574035
530884568
283428039
59616901
859964950
216433085
336070332
51667153
406445275
83001915
494503577
418237385
285347071
165838678
71094504
612020775
806612708
35265979
638494491
123336034
299812271
267862047
506064173
38582513
235285122
138563270
443406443
537293387
112271628
691809589
910165344
317540518
198918067
71789320
475594988
689570882
844442413
823193895
567450268
198675752
535178967
461281872
94458985
752535227
602115059
96290942
300968202
184459178
732256958
31941783
914456119
646757828
17973914
534840632
672131667
275072181
63432746
790338943
428439259
576512712
107165598
678694654
454397145
254075152
4123872
513042792
625789394
392534525
477541207
660092872
301786353
197439452
757349804
669638167
288565867
430187147
868497177
449804037
466138747
70687517
383624049
43294707
73029236
229325
372347132
958203068
632538854
435229170
468075016
529441349
64000465
3147796
769399066
308113046
579243326
318477837
351111769
552489538
148458914
254591293
955929908
497101672
744158400
380743425
230463113
581095733
205808594
109007690
760664002
256170215
1030802466
111262821
105832726
86451224
268759018
303887341
336200856
255587831
114275060
272443410
332826473
869421203
425578524
205705106
102163286
215598217
482885746
377769434
740981851
429659446
67905875
557818895
620994188
241229470
873382483
222579958
180879645
476040894
28506577
201832348
422859717
173125070
439161812
89916691
244646818
201173019
164876716
814353696
546609572
553783271
153703375
623420672
202550894
994504865
24454379
774081817
85873165
888973787
1025464589
307950591
297514610
193101354
827203659
165914689
140293401
864941230
546933601
260800187
915034817
148731595
562392944
298706584
186397124
56289408
827906335
555417617
336948956
505528367
1021183857
262487264
524775524
42658203
880471895
33621226
475454685
154950945
460476064
1009793305
429209037
49717627
466306698
104078674
361861681
243329769
601095509
619811985
186515664
452501476
423543705
310016751
42928439
322478263
901147510
100078617
601495850
17572542
531863813
528691587
545650689
578085573
137982367
166623708
152822294
106858226
378853091
773326938
152743772
127743068
264374599
396295903
613597134
158336558
230093737
143738693
192329294
253755320
237202781
362313199
291528669
305125
452411225
696742461
211543059
277998631
797511294
554790035
845206675
111170400
262016371
369553981
301780230
252151205
35458224
215675631
37307557
173601610
175054319
76012389
74476776
184110783
1035603553
619487164
555906601
698612692
1002370577
986005679
528900842
179063709
505816199
257143650
550658155
353682290
172792342
439010573
126983586
570070698
542133461
709051650
385847689
31925368
917204323
38097413
73010875
383729827
415914791
51983619
546114823
346648138
284405303
396933995
535211464
601515465
55575000
268025631
305495905
566955909
89570710
135144607
20110850
418577165
719836184
512708012
440254399
835778053
232146520
261153748
405931812
162931304
657830872
611551362
797023805
842709246
138674724
400304008
339467498
258055641
625643781
117158658
298416814
423557593
414210026
465657373
281097374
138045908
326059352
686961616
773589414
40516242
390401361
451386770
808804941
417200162
308566791
573238614
514826009
508885555
101788908
811863217
349385475
349733105
330837124
545068389
868158719
112113216
29798979
674174419
170354995
22266918
294845148
407086641
395934055
164379982
52240387
664081580
470297952
386405340
688424439
203833490
322322992
92045108
341136238
693762172
840262958
301326667
348023806
282130316
66655636
117444238
786471155
177683234
630193204
101882999
412987667
547760352
298972386
21939354
20793170
604539342
179055554
211418528
118185663
33089986
708965013
702400134
648390401
185494682
80954
990477034
65200621
311219663
49739506
343144590
251009997
655832
113114540
413819119
81610029
454115932
216193975
394056338
415148896
203257683
420474777
379653411
167548220
575570683
300738164
162628837
475885604
481001198
226631946
754313547
562875220
34626122
338025688
180902535
167579847
512836131
115810298
267588213
229925113
376246559
548949289
566732057
736955961
382922279
74722626
662219355
599566653
565800309
146371289
110383088
77949029
45998528
841569832
1071172835
462579098
107808537
747396902
36321339
713477239
244191886
647899381
455988554
628054677
678634068
185755830
44043062
449800471
886908135
564273782
151442758
26613025
777792793
970456463
39012883
50044864
429661607
103521071
136125025
707932785
408217464
293812961
743308812
626554253
381956340
77628682
260673351
260117484
64240646
243715011
823325613
782147137
524270050
759660963
273999281
739197088
858959273
678732690
618369491
45392868
140363424
145860682
463675628
929689536
120453343
129545077
380399779
268012361
544411984
591692756
205295878
190363369
440485156
533029133
147222793
675396803
539856842
54309243
418135265
3132646
144111207
232328549
254454079
83526523
147214189
998610100
379929366
172254381
139168322
132189118
189653857
740322711
201243281
593162643
17613450
574584701
36479441
732454162
404769590
50041847
694876633
454705539
558394414
247505711
704691727
102647250
208142101
433423504
153223557
280380555
677533511
504972945
818280276
530597344
309258216
124887970
543138641
509951780
274765572
411833614
842370200
80450566
71822857
326511333
5362332
725310505
376503130
774263547
722710739
655760355
64460657
656980240
847817807
60712100
259935035
138154391
239870390
277003516
35778565
122701387
789997762
157932246
173034050
396179307
9596490
483053188
497035022
321615507
897574321
148424179
112506384
142999967
924327941
296918549
170817374
556666645
115017025
358789587
254382961
667817442
20576092
319645132
159597415
27519838
63732373
350049914
688175441
223513458
404896688
4712549
465842080
745908787
324910687
3860895
88631560
134889893
133029187
1053074802
598710918
4501454
228636325
273981256
15860775
4227434
212252755
14557319
851352671
460835415
68721855
360219290
265701163
416484149
305590502
204046826
706336807
138029623
389232474
227464108
332786371
996989271
561567533
445463693
507481374
21970955
209088970
82828062
87980209
623808701
225361922
569777038
844141169
716263390
1029760559
253610478
127000297
146929673
50111
131907057
762571597
281355335
223329521
63175340
393180237
377356927
379599392
286755507
35109404
826587333
804482156
71489841
200778448
792818928
444219930
959117343
219961604
1051228567
191278304
1046148861
171555764
681017948
477437196
417922684
418894236
329312996
1038444809
511400915
461630176
675830413
611260555
359742484
129808684
621162907
140221451
177282888
63113025
497728279
202179380
53371271
435355829
218982430
36442834
48341361
753766286
37837562
279135975
339698764
631610022
9578509
406561145
379239917
638505991
535723667
626443066
93806223
236808620
297281130
224131198
88051705
289632949
87276948
135931797
127315361
8273357
916826343
69292660
878358432
913975687
475007060
923108296
260380869
268955374
739593476
515191681
414517392
205123763
719485368
55734954
79892810
702361319
162310483
60382720
66149655
874818859
18308178
27896360
523089395
706378299
863575937
168179279
120209427
64908526
715754231
322068035
458034485
51520557
452473668
636516996
666599729
108651078
116560673
369032512
885902939
156389584
23042368
396465945
306430707
516332043
392223631
162065777
904797970
653247447
209700790
394354729
859638060
282984633
383740636
449459803
981762
39102489
109358564
718562609
578017685
626361391
44277648
587918303
112523473
414514724
135152723
1011039169
387661195
412515777
990787383
359270372
419205125
819893303
537057603
352466213
91525410
771525677
759083725
657661634
146379008
211544886
440490126
188600764
449433912
104196987
25305300
65998291
513999026
620727211
62737945
979281
63035148
225739079
135196648
107473933
60907319
820234099
340127104
1029504806
170413762
292605926
214321324
352208692
101749664
616290401
468683705
514269714
499059860
155441937
351131394
1112987128
357218884
138101424
559624440
358380165
1005759235
163392654
497453349
278906008
545632585
160045643
516451993
68008254
621162366
786300157
189002902
182214143
944948503
584354166
566656746
770769712
493457875
704077500
505486779
114424242
2181922
56548538
33309407
635660568
633752762
25014342
270293395
622738982
78571959
384444534
967454930
717819250
123512392
383566593
366151177
675323214
211592299
41413287
396015591
605653284
412898809
495937043
174601132
230622030
463377784
206995039
48294642
89532758
140055213
240001094
244475209
306548635
795089107
6137665
220761167
491647313
3795659
500739600
403442006
166743613
932699177
81568299
257077546
470020746
130982496
918803709
361497209
736574564
35272874
323756051
181687815
348408083
227837671
516231310
84662277
616424104
651668653
629225690
611105247
498892458
359946140
877630357
311280888
502590486
187401393
599099353
448816854
172554559
685218837
350306651
358941688
727692351
186908481
202311645
203765102
105813885
421910509
149071573
9189222
737569651
984313998
529288076
589391486
616822685
918804665
659329972
301478822
584855407
1155013358
282451297
83573481
443491575
623729024
793007003
978925867
310049727
108527796
210963792
114552094
295213316
320746997
549463101
250602492
111284358
137279233
320322526
188153298
172500102
268010192
275584650
334363140
93418536
113455304
295091194
34395330
714172440
487368966
123344271
181657704
52850216
52884590
577566836
176008576
1011500016
38980432
818358687
778088532
444176746
36292448
231400686
245037585
407608148
383188927
384886940
675490109
233752540
788616590
543940115
89932286
546876729
297690785
29071460
124690677
731342303
636355580
996866403
211200892
460316648
862131183
46455992
762549881
738352782
967424535
93568089
66469024
205793073
169350517
299059500
42193187
209789099
377352409
394374626
933300951
309503594
156659475
209166105
236424296
224175701
465837795
640501075
516126124
19866217
23613045
426968781
664794748
898891694
837118659
533508039
153545182
581260639
487421417
63686102
953904446
41260592
461116936
67961223
734354258
363171250
1023037840
843494970
24983853
442719529
7802198
279081650
555695870
166103248
214268964
42466414
554831709
362189436
729631653
166148472
19690912
48446305
76574641
230911638
877133637
801650736
36900464
891162517
273770126
281609996
12901534
9010446
769302528
1112744889
199433081
701527458
514496680
426068801
46821652
108294761
304138220
401519632
836470
827278936
90807124
305388765
513351637
65717409
100695979
802533516
1010244954
607392584
1115692399
156472891
11094828
866527581
843390374
182542855
1017393517
806039131
820968626
1115529642
323001863
51813593
5235883
762784932
90359750
497284283
225360269
32015205
328266830
591582596
122153794
79753728
868812723
793234794
631243327
1049504006
341704841
94549648
381152113
223552017
504191164
133697213
43001107
246109654
262881200
502452300
41758247
33948555
289297404
492014226
27813488
86287664
1037445822
101860637
341280763
535451908
144070888
747690536
513989715
939173655
19364654
649039507
257384025
1050924727
301751068
153745982
594392068
46553247
142276447
327815892
735638375
383013283
698054889
33598690
1125073131
874022265
357689254
760624358
697994868
746062826
275599521
767630424
48947337
105894076
86768244
910376386
21367736
490169377
320595784
824978697
797069751
609044263
397442171
1148456968
828746742
453555281
428675267
122609209
129673110
88768964
413193280
601490972
12953349
160336096
330929585
1169322780
266367468
248622195
381157580
15938026
784359261
861349445
359730651
97153248
243088619
420004949
318919205
631370475
1112580768
897555017
147565154
443800065
584005874
610530628
270468139
103574204
178830541
167829220
21931337
663837379
617600864
147428723
667242029
612290914
728265654
306055538
115637990
189738022
237815938
218596397
887529483
102879758
18142921
60682294
662869503
573936715
435421856
3739676
148925086
469494394
107519198
374049779
479985952
203859069
1055512430
233096525
537758481
53331490
3692652
29895035
438613378
473115933
258793365
456217648
117699322
380946281
972585187
98216445
913618768
79363931
778244942
508992388
169373405
54371288
926101350
350626558
173381350
208787007
57598203
177391257
86662852
373719756
528093880
750822456
946055384
967894989
1014742650
451676208
599972568
802185437
501333381
615861680
8018202
659545764
26679014
88270058
436647660
247697734
469042313
203795698
691821876
111212398
46355013
665133256
9205438
134674819
428134702
611886576
165223195
676944695
301340317
711589908
1017139754
319451318
704588797
374827841
925188824
35049317
775291823
149496850
358693483
525420199
738854325
443759677
256735273
1013828223
2114073
253551784
867446488
20557674
511497425
99106924
511380495
142075483
774124679
94577717
164805297
351835542
224183603
702625427
487313087
130837303
323312694
282186127
153798984
662116489
31808628
302233119
66005538
252883407
130118008
252050736
40750876
335465722
588468249
249938553
440989016
146536131
990879441
876086304
389852989
254354845
826570609
520423636
40590373
520319780
102036564
143281487
437307906
800904597
45154013
293064480
707527506
265206777
159896037
518696483
401808868
293751987
639197643
479731986
316557064
250411759
223498621
106079550
812406790
247982320
422475668
166184569
78584037
70505691
698964525
952740494
105593948
91358347
261193421
3920355
360263668
603284773
58095841
493332981
181601482
612760759
25104466
605404033
467552908
256704731
212236632
315150295
867473930
851802633
668897116
267725781
527729488
1175843340
626581460
775373782
699179087
678087594
749144533
583715031
735855017
897899925
120184759
190681492
302270767
277838912
613829341
809796128
274036918
770489750
812699210
456616938
31149621
753766018
535898378
116322075
937249772
355107863
508239833
612059067
446407210
134517021
291310919
691384949
775587106
458301458
89389378
72048200
7954065
219331227
250085317
852932617
684553288
769939960
461243083
186545967
620430874
583621669
184712365
201656796
414554108
778453411
382893255
67193002
885486686
662767975
365149832
1929447
88338143
159478107
920388141
255212393
229970901
304286593
362139781
468107920
425131378
695912314
511058980
829795482
124946694
84401150
777996651
225729394
277727706
794502772
776290505
415511037
394420892
75466753
93553175
88352814
760037377
214301855
4237310
413523323
745751644
667179
134110976
395180705
721500681
137777936
545117725
56102746
320607488
25811880
574757609
99821761
244200437
317823077
763515142
746329258
299725594
566857831
307566336
88243435
81014092
992840128
90267145
94318988
101693270
497521860
307576335
214323286
74329099
377997165
27253420
785073602
350443681
165900942
482713958
183652229
354647118
909930003
149427403
312089356
617985521
569802726
268533423
211731449
644851287
502015205
321560372
602221690
1102086186
105868271
28274049
351008237
599156094
65027603
139650752
680197973
83803447
256104678
275257084
121919801
676193119
1107948645
444912802
149935248
425395675
544757099
130339240
440517084
954213758
147383297
569024398
824303984
820272569
983297270
332067829
286243723
874029254
30992872
877576404
871528390
1180246019
66346833
647120290
222941706
1151577861
15978678
296157067
46049215
790421463
212448225
369474476
593294896
296493640
2536308
403470727
295162143
242176233
125705218
328719544
432207731
863412747
653550666
29647173
215127264
617173586
135936953
799456256
114355345
1024797469
21656556
273631246
309807939
185345862
628710930
760134606
73413695
641885506
248633207
172516266
125400916
626330521
448810852
741992524
460571980
996029388
206222488
50561331
256065975
179921878
72845389
540508321
110077792
553217796
397244306
127117558
204630823
71570382
28492693
438987189
318162947
196310467
401771301
715597737
538350388
92078573
389062056
236445060
366386106
691842479
493521570
667068106
422661905
1059048098
409252877
424377193
147081313
614263589
585694618
273270490
1093681224
590448028
35248156
13202837
705479475
582944822
705747764
841400269
144052789
832775247
71247177
286596739
706833593
465093658
413189180
551625134
98697833
493645588
103930426
790319365
302499382
6798076
787266446
258756531
72219870
393218301
329145082
865420595
258060573
619936222
1105081710
1072908341
323291249
997570491
399782241
345603967
839026800
150682331
962841665
448668485
1008019981
348233684
154480201
356982657
178214710
837106513
61409129
179134563
464820169
822204453
932971940
345731781
235521819
505340249
242406320
371934055
954401337
49599650
269548295
235403724
1085763213
240135893
386405572
560944474
587113341
216868315
760424885
889988671
1138054101
263021333
607841054
83812437
743872494
875660754
78747930
574422991
728072349
613093503
283357933
467907093
55817266
170100139
136834600
368157031
225537079
287314643
87209053
65576742
55091888
96241325
698531772
128029690
355243548
456233641
16687743
685326562
590596478
16827222
313815577
870973688
243598194
501797936
222737577
79388630
748783180
692692927
128128947
922439495
100998542
109823799
396373620
130799777
503596574
66542056
802286653
655433381
63317736
159479785
566146342
492338145
451374769
21745080
957780695
159135096
150045128
665505001
147337366
620809971
65318221
82908629
105302020
11700584
505671919
739689270
37823626
562490088
1096082078
283764494
259861550
122350473
157992181
445351628
534229437
681514429
42540286
25681102
117402981
384622970
128090143
133668990
459351495
703901807
334564198
163397780
213228941
59217171
63565311
369632026
673209963
88458653
176392448
534221915
443845483
4277521
387746540
926105081
778312063
574108457
758942897
258036898
393131825
722014484
994353372
691832711
479003344
1678572
101135116
462792055
130989758
315711608
125054833
736830107
303021167
512720043
7671201
384275626
73049614
175196176
234528267
301398583
602150772
189459001
493799639
500462775
938420012
473585323
353148669
711525349
400134072
835453778
789310357
40171576
511235757
206400004
61563925
856561394
555084366
213360519
110140255
283142078
828831763
484280140
267198455
367093931
1135372297
777659066
50631178
220312217
140031241
533995966
184577819
235532120
17093029
154266376
550788072
336066674
895421092
426801491
690714124
301485108
243031120
161974292
727201905
2521269
532816337
67829658
549517552
721898581
642771668
348758729
131447923
32288886
48901191
1003467721
389947948
417677632
484152226
485989119
674222133
310913046
549349753
994434811
423721908
449393234
161850688
330326742
510966474
487836904
291766575
80974956
350834199
235254145
314208676
108159300
149891313
221411244
352415330
304684513
564224728
772043337
331426218
544079942
195068142
999103605
30471000
412756244
703413941
213920939
1019830
242263010
152901284
431412435
120175516
320284908
168911313
113169804
125482784
65442892
269380704
345285310
147624465
98278463
1164216857
483998884
471485358
746686407
616285590
24964877
83121334
427742909
518853359
434206013
829478844
461726093
214478423
260388585
533990516
321154625
113661796
989515055
320581211
439306977
280424198
511258085
98582204
1044677392
616059645
198034741
47441881
1073334033
644702116
483980914
487941140
90475589
931931716
339804249
355071453
11694929
247742300
769562853
259101140
74467279
564446465
293383183
473135789
85481050
980325452
730229921
200335064
175114585
171961440
291280367
160840400
975860067
99325357
780120595
75308474
231064557
374876405
787832976
265975699
545285585
271147009
1027819982
251058221
227842816
29823447
599285276
698857896
137327207
444648675
172862666
570873769
297807021
30416113
599517729
182049188
335324757
22389910
50154671
609917735
91264482
234571033
768984732
247525021
334940320
569808381
21504981
626120284
41153890
672300499
539253219
427455416
100445122
62221410
341467339
615593848
601011780
18741582
339141475
543248498
82073596
525731562
319559962
704901634
558757707
83256586
200824238
17043750
22591309
299169411
640712040
174465180
207240645
547940830
43622992
753560135
60267281
29806070
125896534
393564057
37172454
169433705
1043885191
177803480
356363547
705223317
170043372
1046683026
627114442
623707517
223588581
663917666
274617087
239775887
232321088
312292746
572868388
953669354
904871866
1098945119
418123176
623942171
1143966788
351552286
481470160
846427379
580861846
446679034
464068067
167014536
480132300
796895712
69557570
610917695
870170044
685384652
37677203
472078993
4275264
615971497
704116725
508431013
264064451
470622429
187245984
685395789
101464627
227351553
693178865
617351537
296714079
1012289980
149921130
249004957
105952850
434353070
873411219
8854361
360063150
322306807
321819847
414121253
318465319
1002665329
1191033132
290869661
255138965
304006550
185301269
687791009
798549848
595628028
215647006
656603426
1129047280
617761338
723003141
801285553
564506264
229207327
275441937
195083202
356022094
793562709
202984893
177706804
496461733
344283773
953994384
802603707
163248075
375891738
867185318
931558880
430137768
474084239
46417930
380295613
179976335
446759864
275284949
380615609
117801632
359357096
603072827
211487547
568094668
410617568
437893550
733731673
371041526
275957241
149735250
310824232
210990884
677625243
861832419
643679876
240602835
839982323
198149109
5186873
361142993
247637104
249831565
438589303
222239725
385408482
200090511
654607925
499008618
157548203
285557909
139996519
149318402
296166296
445501507
898872612
82058725
505244605
857124134
413730737
204743162
264773682
559602906
321608327
644662919
528789714
544059101
25295739
423284392
339440077
134888246
182779647
941027430
82457808
723033114
488126222
287794977
711142470
533297745
172708585
892928271
586165495
512536702
122430573
841051832
185828345
123631145
23649272
121973484
26204518
74790407
196095480
1006664409
779869534
458024237
747129211
469075337
667427273
583050505
189783455
243619829
238454399
306064007
212319756
225700706
799819275
812831068
109634048
395176203
195562603
191797711
21460234
323386001
205007783
690295564
1050542281
97260186
443783658
719893704
754077384
711342818
7859176
44247610
1113838326
731304774
449470590
181343020
975225888
106224347
288034765
66778541
70397952
175308125
323788823
63707007
252775555
892854305
857143247
659199735
1042582587
391848834
634024996
1131147093
1004883961
852324775
758268677
248535103
621674313
127286864
494125913
3399698
199563445
326910241
625630728
764030960
119510730
250105687
862448399
544967857
457931517
847486877
232569598
159799460
275273641
418825319
84168467
77960180
256322532
186616511
311057274
31335274
341116074
590181645
251234824
711222437
117296669
774090212
538682491
150767044
171055762
381570837
800854240
330717218
680060005
304481527
67226639
178977480
787506116
650095131
387627967
667871044
102302382
871209412
84023882
137017324
599584087
841183968
183312443
513540767
297397571
522472520
809430376
521484182
1131495197
50971709
350795602
635201346
32752312
1048114007
153369053
474918536
451561456
901863788
789735481
154019724
362091303
563996531
247265800
779146435
600873090
687684355
363044567
387190458
149789430
842955969
623182950
497035317
206356881
385511530
622773230
880638319
863383450
236657674
1111244866
68291383
101417981
367612586
196152224
7812745
654258617
963016432
43310252
160119814
60464718
994673215
555787220
399772424
180124509
128378483
269501714
650235053
695026809
344339245
622689470
330183643
165894410
388372770
173863658
736927200
1104363032
131113028
85451971
440500758
131877428
502622764
479384959
599775426
236477424
264436574
279566140
658798237
1138064028
653174014
965575109
280088864
100341978
654086177
72603994
134719056
68634953
939636187
390106472
781124195
874793905
477274031
549378923
149347041
212698758
395523470
414935919
637611341
1020753806
220932515
478369365
37901501
13010104
187193356
44777383
531329205
469748921
439005059
415905405
845727823
122869460
608901450
406171720
221309490
86299604
359344638
46170014
403479621
640108862
963632884
503635011
171960828
49826492
40535334
137533637
94386400
298212410
33219774
608471157
208335362
53164576
148651655
85580427
172303998
1271959
219188630
867825351
517104867
721585018
169488062
730689979
448729138
621756621
376731648
678794955
27248370
1098281650
782640817
456688801
68351163
446894626
652671318
90758068
54000876
891626533
90800896
188927599
173907141
346020285
503473613
276126980
663913410
376913130
291030661
241193534
385664709
863162935
144307069
55914045
18206807
7381258
452086452
271411128
785009654
190590399
304349687
55136996
574500135
136055856
652167615
623596034
1029517619
412897201
250440490
692953568
869461227
123247156
154094468
65203656
581574461
723976928
168471097
583755405
122113322
423083257
168413702
1046922284
875544330
280697040
288488171
178726730
397507571
929579578
15431603
77214407
552600509
307788617
159507127
826594961
237017980
340037625
371120097
758944624
558312398
831607253
210439064
346310813
20960183
160344341
667243713
370987923
651163489
56433677
477443614
292293649
966491359
43881249
686587784
170168693
735070966
130709870
868638053
312352769
283764093
639419203
756858532
151592771
325116149
156867226
48443451
867875777
126118157
869102579
1134318454
350747423
124995491
548711538
8099135
58175103
177178691
1035164693
938959369
21393509
468616398
592404343
208254796
533730633
239811999
202263957
631181882
118324229
265812779
842962471
1159873871
15612151
1056841423
132449833
277499212
56493296
456427900
548247187
744740426
132628343
624786630
562958738
110168864
189600520
642169769
548002890
155077341
196575549
343613799
878268822
24159557
420316224
254449576
336582684
100169349
427077579
1049491827
926953687
400361801
382387740
1156207112
167201028
1012971183
876250173
465301587
719839885
408895770
711102576
1173253567
63774047
40734024
807371876
223468521
196471885
334470053
419613008
281183949
93859379
230193449
378000021
552837360
76842872
328129206
434388032
952330213
74725534
373112420
217557042
117452852
561557421
144320761
268220830
441534461
331755971
282151227
137533339
91175546
31013427
288782287
1161798304
991859453
492486582
103868429
36134340
224948648
471397142
398747386
43988970
1004108774
346398162
105649339
51564934
147099592
369688096
351114171
55265805
836482718
21516364
75300599
933016046
96633361
254294408
394699980
622045521
728450509
5883525
421604312
303092089
945216307
101597747
774703226
67647328
225910345
891032113
166476380
168024890
307177984
361522659
411853962
81783382
706671699
731206801
274155059
320159591
27332080
554772836
216728057
468164942
645626285
751232582
433729767
506043779
34789144
353271266
205514768
434869916
66559481
770237201
545390339
200118847
17039748
907193204
230031419
6466876
1084592472
167527213
938010409
809784586
773111156
372791088
237551768
171686676
775599083
494490456
259941564
123954642
813856874
370764517
345862825
909889191
191124065
401288179
175005083
306030655
528717727
623558039
764901539
556556002
594149642
179735762
387354633
190274755
30568314
387817125
101371649
243610218
59695011
162931306
533846086
425695497
500241109
62826717
796256055
306348629
1172338853
130596564
433713007
246709965
254404948
357746968
128129748
113623543
403516917
384478099
363011756
56405706
816033330
587241763
998327250
42053211
1177771543
371860311
691514622
8866057
46275726
397083020
142570833
252548850
488401057
434600823
582209075
555208949
156173578
45776299
27586692
194592021
546785505
502486298
1011758890
32907501
363237647
584408213
867356078
142360309
408914274
895733693
404472529
124906905
748447890
332572552
57089516
204066547
310794886
136865220
391186595
104345373
941989135
895989202
708308752
174805780
1098183914
841339467
151136511
107365902
212188003
760189853
1051595395
335745644
192790247
391994794
124534396
334039570
788756398
339958540
165461864
634835192
255171385
116466855
719425548
57333459
529575923
369100539
768642593
92222037
802863036
431263745
584253899
195540191
427137818
274897377
485059524
245777434
605489523
262369379
42983064
642325942
293083902
466880157
1248072724
115917703
346882939
430672906
503479634
478719638
679436448
831756002
165210395
727931055
281791268
199893917
840443791
1124156328
410112775
118863349
923480852
183807033
702840735
717415326
545109433
274355901
521444565
297850164
105986670
222968105
272780733
136846296
511622982
345509078
376743302
182682761
120190504
399140226
603430313
332572603
344142114
149582547
383426203
573266522
1192940106
41985778
994983512
601180251
676707835
826893404
865838917
774752740
501240930
488931174
597801271
389202822
953623702
246239579
777411935
974554080
933215135
567011455
172251263
247319533
554698185
849562349
15349789
334120484
326046928
737335983
133583753
570450095
993208799
365982521
588031061
174040929
15476362
285490748
267076502
383460172
736068314
168405522
129507306
277420342
406721369
59891958
220494541
477205753
21094554
503933794
750957143
409919407
245252097
8012817
836403914
340569335
125624005
916082420
83543137
878506287
148349225
303276382
296423052
593885885
525716558
618146989
278385068
278052713
712473451
193920904
564067067
214186931
42391080
857840924
757364712
628308780
884853372
293354672
751780041
104448609
589522939
318491269
331303217
44142018
827666592
313477741
424675187
1114342606
36220500
305972469
178911901
139949839
272986433
77145209
5327494
1205577859
757727990
231981982
275635461
754759921
15542537
72965382
1029338450
777669668
779705919
59870931
411215948
572544360
376629842
350303227
366282851
144661348
486273010
54425357
392436141
106712418
517277852
333873216
917922684
141070962
701619770
302733603
217925333
437282241
440292720
53606436
745499596
363844016
493688498
305195199
651910995
341758106
1217037940
665976219
647340501
1124003083
431734801
137711550
419568901
935175776
131202288
147367141
9606243
222157831
695429661
170556893
27985341
29342173
872970949
77479343
925569068
901113150
814306244
153787766
301998263
847916043
451237716
699598098
975522297
684544473
931444709
517458255
801785076
1067899362
288348633
450866926
254996287
472068264
149530843
693658486
857771488
675948514
239603621
756372250
956385222
17553952
105878350
884805520
388942024
111585965
599818964
731414992
678493066
161381664
245179519
85145297
347706188
847874463
65627160
304387060
409904646
134820477
1040329847
48528359
64797256
2409001
1072244028
854179496
562271741
790450530
324766636
604134302
195137141
162927168
406150407
118630531
302856712
439807749
1141629623
11997637
402457198
445206640
1066047020
297946629
123653174
98091304
946117038
275380431
1247706073
429607465
950329880
180259804
727193570
230251157
294654577
279709879
520931533
347063809
310040822
136103218
300023728
119718766
12489878
256290100
299388920
389263788
99091640
533806937
791261361
77543550
446783259
152299485
221282690
303644495
625783027
151727370
252846121
52487938
243327498
3004428
247658198
323158389
753430190
7736498
667206699
217102927
135653381
988120220
179060094
133282885
921301597
355280351
76357717
148306112
1048585978
373399340
997241283
437237531
362347392
653767661
466658531
140517953
451237749
42565609
770508564
517314309
259858373
726315735
51919677
602465258
150471578
1034710985
342437312
630764483
653541234
111800987
626616814
48193163
1035750131
625439420
768763457
799101107
722675070
42894975
4354923
288511740
337707076
467526923
53191331
143623251
924998044
778643227
82561511
878359657
156637785
541247288
33247347
195243785
811434385
654223690
441093351
105410136
169317295
40190241
300223169
224149693
917323166
903359424
183387794
421949918
146404891
181758950
540886274
80706087
394157850
277063365
369357168
461551495
461932821
410231104
966782871
153405276
246827946
308741664
51100560
797648879
580217753
218228923
78404632
648810124
670343610
445687866
541153509
611027863
517894778
1109954144
247897162
261737650
332466019
537726706
570191336
147127927
221631170
1277417314
407471103
929391238
645239628
165364662
608806680
75490368
1142866014
155665099
547000593
298321169
148140543
521936436
976308693
368106643
323213395
301917138
176836846
477882697
45098516
604000583
193151957
19708683
899806843
600384699
275846770
230932328
87715133
26045836
245596966
393299698
562971874
405378790
153140287
1081019582
1140903873
781724168
98324244
443980596
185603560
771407571
141285469
303271189
171831599
489966340
822009896
450682619
245567734
724963303
376009353
632737180
409255703
931341900
597473265
729377423
116272801
564301460
304905143
6138582
154340086
277932003
764432290
478720356
1134992032
481067808
152473544
649419045
363560170
180057057
677073561
1117379738
198721819
508329402
604846465
694802808
87176651
942779711
116193644
45113838
84586522
326617921
481948817
89689980
115809592
307830564
393763611
611079336
867399206
236810369
604492574
410287806
270386170
872823931
392994781
194421987
443821423
305534117
592282863
271608656
304411933
225135232
23190568
1017741759
468787905
320422594
470269391
697796492
223443497
687623292
386535993
226058926
601495633
551234552
576770877
179248242
287437866
428553913
40883030
765882028
572716208
514672533
403659572
630526180
1007516792
448907055
933586380
75631297
831777058
204760270
311763425
447208476
479627376
500091672
116623975
486818927
288183079
680828328
205695944
1071255472
7181056
67897119
33985467
71110346
68606242
786403304
221261341
46138557
35401884
978958392
305676097
1017377409
402797095
449248575
25242701
290264700
979713360
996363403
342302294
5154023
356221777
1160040312
53773430
76776213
74776406
643933
871419982
95564737
846045289
90873300
402172031
1163668869
298579454
427680976
719781819
621706393
363352546
54623368
290692299
696418724
740449373
120127554
328244740
648124391
91454872
581837711
208165132
44726682
919851356
354858377
232303411
298002980
763214227
153764946
316196813
914733605
177118917
199263507
67847278
22598872
526092988
298506341
885384375
707967565
167080282
86692803
184378525
799346385
496561165
181108581
79638265
513640127
1091896276
22077846
527402168
744992705
13189358
332178977
664904749
92443464
283304055
571199431
760597061
616024112
82689162
152277265
235616623
69600477
774506593
474984620
375857294
95745392
274177534
4078052
72520459
306596176
926231472
989813837
16620656
4535033
275722549
224926309
363961108
183737572
499402432
732623700
567949932
256120783
471625961
599711550
362801849
41325942
221139460
993136989
1214378360
280424291
581756782
242318367
731460115
381557856
389320899
213738665
19706311
497531949
245130598
512203319
881744510
68268039
965641785
492718489
918341680
186012693
134357198
231689536
86638642
241582539
127667895
968435990
215549684
787592382
570189434
245934155
82611352
834457602
616429123
125341797
114583439
71196822
172301205
396415952
90958136
83121201
171129052
258005459
468706260
941265865
386371515
244045442
390115986
12962651
60974017
12262943
412109465
233358595
120326089
74948937
142578125
1069487853
1126775993
276932522
265715802
494387500
639020996
371275826
256440413
99884138
750454429
661276496
275280028
128061217
464457058
950193347
618496536
457967391
1141143373
6212684
872962649
578616714
128257703
285579610
173622481
731211779
279416171
749068793
210634796
207839631
212741165
121855114
993577318
36163750
1104784638
814035381
942985432
724415281
433241191
2834930
949758283
765081372
646470115
594641073
681231191
119845396
289359074
536588300
43774378
536994596
105642301
369053870
23237535
921319529
677581026
900264659
336244547
595560577
276850448
355105610
505545556
397719059
199599787
473267977
944781486
256182391
149272356
554657492
39936947
29398409
1150470163
595876508
644266233
575286137
2174715
122404234
190833456
766865588
782761913
113888566
194651719
261578296
147964962
880713605
605385541
260942613
617259591
977355288
493937714
934944165
8227973
974154615
799286888
198971102
292904227
201085772
568562666
594964798
126400233
210754733
438429092
120166323
712954658
786860492
295363132
677157716
225150860
280896599
739858278
284870648
355745847
505391760
107915648
222797088
284155032
615232783
746782574
694462112
146564209
74868152
97172294
452567852
851942462
1156615557
307009453
456060421
146028257
155332912
274590658
418747618
570801922
141104073
646061607
782655116
88237166
1029550148
195521140
207367367
780730578
1116961169
1004725151
944888969
94652059
250199844
20805851
226801578
479397621
809436738
22784737
776986310
775890388
467348727
4529527
739379210
34246558
635344479
692165448
412713981
615488557
27164595
23504355
466929602
178483786
459418430
912794923
193564844
34028308
35838461
35415214
518057314
353822705
690213409
750546463
159067465
212394975
110787504
90280803
25287407
316154715
535396002
1387677
647961529
924992749
448445899
390914276
40986537
325214618
308890416
275638214
589404024
341374811
539466534
383418268
267525437
611488891
134879346
88751000
678004502
663446588
35770128
30873114
366469570
211221402
108497699
104687392
16723206
556604223
594748305
626514047
53622928
229939220
416749449
425108285
195294027
722460331
675481546
512854309
74926235
779534976
105691681
256374929
851232306
88823906
77794889
748495182
495859604
831576235
877332247
67255808
435383126
160211451
892447038
487562006
160911226
452358605
40644569
453964548
593341000
322913931
452684505
108066157
556876543
817984810
285128744
422474769
726736053
284166976
505783543
797572171
1045534741
454366950
493829260
631742927
73600561
181628803
174197424
724861003
571711869
25366402
1261976036
533954109
697929197
102044108
330084734
1061812005
262384547
424981154
261122939
1035343526
141509432
8502571
509333639
152922277
727358152
764154706
1042277451
395562757
188848935
60839737
250203156
931778494
319805228
242641142
236071010
225396626
687189930
164927408
492307615
370333015
62783607
611616039
1181541955
479014626
522781511
203289173
784715475
972287867
697668002
568570488
106849871
273977962
354847785
309322477
845842235
148935313
831392741
344200979
549377
719847484
538111913
284831549
427406997
94581500
329184060
272399351
476717978
411503732
626514112
1186634951
85957512
291597960
64221757
904482702
648553441
222658985
588369692
967594618
88888
78442882
30439659
171618685
459093520
845849897
259639635
651565629
109544043
596986912
210733205
717121814
339722664
574266995
93534136
1048404707
147447796
1003984859
829792502
720796780
69503287
892276120
499549110
54608843
705576235
27157935
1020905996
278934930
343012342
124211510
365199565
17873676
506361579
796608260
1124840267
420394118
839890865
118708362
727106107
813041976
416733449
679311876
41500096
594601907
340013625
201635833
154639700
410166674
140690299
122093911
690408272
364359677
15982918
501693923
1013458045
421918031
166958052
536633717
483550910
901956303
529497625
30968075
862814522
150591489
1223953916
387620078
107234340
326983059
196989634
503585012
377506988
171731478
561946099
409087408
603640407
458935735
44098454
330025596
627941025
35190641
503605694
168419156
405735026
235306179
243601395
342851004
660493777
280555217
626942760
4890702
268573851
900294004
806766319
336346127
104968786
782389737
483250487
517093694
396092705
149799003
855496818
45943095
279257474
3856354
1083524469
161369761
211171898
122087331
741555524
97766651
557959797
520546113
14205191
839867095
444777413
65816211
1162995996
65692590
267494455
667958887
600366000
284508596
373500190
62335936
100648045
1133977519
655272127
306889252
340461776
581354472
184115743
1033178784
516713005
544187496
168886408
482187984
145923005
1098035563
338235502
403560977
325084893
342976281
567050840
382164313
98497198
234353294
87224692
486012554
159477249
196434558
47441074
503060906
974400526
290055056
264760465
661134207
307623503
789838816
136933577
18528028
983961346
1176809215
482838070
741123108
529846756
547450554
71190317
529393654
130469039
362144243
416794655
503760496
334758247
369081627
12019990
251552188
910402125
140062454
148726067
152165768
571943134
249344566
483518418
20356261
130909761
266845348
352049558
96384778
397160393
141294050
287622504
366859504
780279971
493318476
131652307
1042826986
458635210
435859524
453810554
777817759
1038019709
1053132420
477979916
485989342
641124988
715462370
487407485
638476914
168004473
230580670
438594055
688038639
4001899
118763657
1011624002
341237758
821262060
676860282
829988075
107736300
50848297
362445844
1088273494
606900156
63403159
860515667
199387145
121071030
647289785
882312423
429962952
808278588
369526616
1018220846
629281808
15477237
359504581
892053187
281106628
718847094
1054463386
551180997
256360107
891697681
57315817
273927298
539292576
917751670
130986049
201563748
92678147
128863851
143703811
607627484
372398940
622144335
287559381
92660340
278264162
855688459
566470313
469146473
479301449
159944662
339943782
776657397
857531036
479596231
540381779
731276351
870541218
204341860
576526670
256985272
275766159
579757031
748546574
483407494
101007022
145831719
43621916
482213665
522565337
466608630
325528393
52365839
373233734
680505854
354514839
126324496
14102113
327435334
35764364
254677306
373764956
842655168
11107712
352845840
224899024
284684528
382900870
638700493
203721277
304847550
133103406
535218779
1099349355
778555520
10611838
193789331
817754829
148765720
1123391300
905977247
38340483
125544136
765555069
1207865590
326413249
570603621
649097970
615153609
862700414
979852166
228420379
49887967
446036783
1154711180
1120867151
63482512
602155778
656003469
959116103
579157365
482250237
466297739
257115846
569401405
127333399
338859898
203073737
370463742
159104166
93801328
157386118
498929115
628243497
596242683
197506962
1240713634
183350166
531215249
310056544
873434625
344565122
369157414
126215977
504754663
724454380
764078742
407407910
1050291137
42077205
612750347
52668766
297217448
502326023
946513737
32375104
1031253782
108180411
839370578
274174769
128056361
81145194
135958209
26707688
1101491276
10744688
265964787
888103326
759299661
1000605775
343749143
805991611
372652940
357177092
32773494
884809721
347336237
375859270
485365249
318904885
415426654
145132394
188588542
31985698
354941919
301173878
418232865
96958019
349542212
567835832
334568445
881566201
780966013
272632125
54345232
279530288
1152231894
122437246
586019220
934293909
1237166826
305242039
195578600
160273312
188354216
317826172
222291953
922417325
612474247
244606128
536875745
891891468
612350478
149787320
323196729
898420696
24881487
527881067
868016172
24624651
158033773
988895695
181917123
97069518
787186508
910193949
330033263
522654207
602134926
547123637
544884754
327014970
700568931
282745736
71225639
41832234
429550672
1103075267
486535150
587345578
1191953931
835553523
1145129904
261620936
313049417
267535281
1178521647
117454445
646790455
218455265
582160484
455900829
277688352
2371802
1005803501
893834030
473610869
568881341
538703226
322897258
827695099
1671259
533812795
707436058
984236446
507665095
491638238
448370650
900114888
657148338
538785203
241085377
537383119
571527250
541919609
512756103
555539443
783292450
794624496
517699419
207494613
416649181
178926818
86205013
1170996072
330885864
85772787
1242443050
284827964
51880805
186982198
4310238
295288592
158197220
1052587508
893802866
771100347
709281233
545120074
881778281
1014146609
88720419
44834693
202376168
864598202
884837826
187246725
415493330
941890238
575647284
183658435
591850588
116576945
84703478
640426472
367484
52566626
556546351
259583106
1164857858
841458768
63184014
933026382
46957119
314533082
802701172
1146640389
221331751
1110848393
166247052
762206657
411859513
777538676
624326819
1076599108
875177293
602627073
58893380
727933328
249977628
1052458882
47483581
536279696
603542525
461578954
528910774
332800880
281076583
738235517
369109815
164798706
850357592
155623700
89310847
683787459
24146578
342745121
463849041
333630013
665135077
779459545
316617363
905710201
341143148
208176922
593591063
581351958
235872038
830365108
705039394
71223699
344625415
761042234
527444835
1072068730
231388697
196540923
482660822
413622160
168920107
22355757
600727700
711769845
385838075
173726924
779789810
425545311
962109803
339623128
644318349
543595583
1094185374
587942404
182314013
1215997530
264281106
1049783445
748121270
980463742
856080866
738746176
115383797
458687938
21917381
146763285
518774506
204240465
303215647
134969461
256620400
723697473
818748
128317299
611860665
75874148
913694801
186403977
384258256
73240247
484346736
802883886
870137808
539144696
260158492
532751445
270601677
465624274
620411040
255411953
273473922
263769649
373327718
200156676
803868858
1150557431
167273496
383312143
764586848
533299364
48368252
216123986
637717765
342371920
1031090098
180784762
38501774
928172521
462591968
701699390
35838034
209654540
188655249
1322057002
308590611
665728996
685684016
265635005
85167079
292489939
283317801
458914208
673965877
654981435
599794908
663784814
987503416
1200982189
287799977
307742227
157669859
105105961
395700917
218513398
219738151
352659196
805096390
818908996
717390330
29651578
651250545
71303771
254170722
83656947
165712383
701317895
244128736
560224897
289852892
255615071
177136802
60077668
1014050522
410279500
1206596372
475539794
620247736
172394926
395178484
847558231
769001249
699993585
14993861
871311195
640193553
127454021
586520520
817438617
324420528
815224635
674080154
1072659953
317079804
162175127
980036885
497536541
498368724
491501608
150447735
531546697
322994100
244666433
494492650
315782179
698741960
1045005038
108088866
154226790
266300357
356560724
301590802
455057205
167634679
840837405
713844771
261518258
277818027
1266031750
1084560642
228786364
11081760
1134941061
432747700
335822165
170835316
720603024
399678430
287539481
451861656
690129360
484819754
716067216
242571129
215362573
743773547
969905105
1113850957
295448640
200611829
38279488
97198549
975239497
31205962
435061301
323839035
10082433
266670624
1086528727
235840775
568921368
264341179
853346077
554086235
53263142
815704504
902494659
656885808
746031389
782478795
350911931
14518044
426242528
1261773027
22604075
1374715
287911131
519040925
42602379
644118390
146813824
481760927
496808316
109453621
222562874
99531041
92618535
603907612
842195454
652508827
811955023
637395315
237998434
71639428
138510178
125917062
515742412
957416362
37040319
7708973
954381199
429156466
634052030
506358
1085762563
1116177610
321781865
522120971
758776415
254592258
85748440
326419783
453604636
499396781
12759055
983876728
725650682
1060881971
660165351
38972489
537953312
58349654
347872475
147754428
599218959
1289078345
225177070
620623781
910173175
243728661
149669590
531234261
284072129
756972790
326280636
506031688
75691235
536404708
785573328
308885051
619754334
370670468
283876020
735091401
1172269610
19880602
558360478
186078259
676609350
90910249
167155996
430244403
1060626525
159329675
814706007
617715879
346759444
574210985
484387161
689942635
901699069
156280848
236511654
761335866
688920649
293946780
694436866
1087229748
170764606
254578188
322328510
281797060
307207218
689530513
827643812
367236343
209171479
548255480
215023402
42866403
423753406
1225172991
499231267
313147914
692490604
1092762255
944714052
79710575
845775312
1047893
237244030
414065964
509043456
1009101075
974714760
865821266
237263315
1362621832
453459222
480631211
506354537
1149323177
1063504282
843720198
248800623
34038600
481852690
706904454
275575462
757683539
1007768922
715158215
65063431
266668571
400500288
296332902
160541051
110956926
754365262
1045032812
234695685
81133334
126843792
198087832
473710754
114131155
334502724
366050369
110215539
475506532
644837727
107410953
784381240
146803070
408040690
62151071
988501713
43737361
342028079
220040635
25993068
78146590
989896834
94935767
295267860
690519494
406843764
179540917
273585166
1060455366
1053829838
352159563
332165494
575700028
547035155
750818193
514258403
357684841
204593917
185576440
1010946984
101519531
180259582
70184247
891006928
310747965
723237730
295237062
204058738
715821671
98123400
56246815
164228976
20017831
286897222
59123354
558088547
434492677
977285696
715751687
304562902
1241551204
1224747106
565225382
390842469
263444495
213347902
21383610
97737228
562721387
346619378
179707942
446658481
1020268325
525969291
684321815
134248679
23370767
1115736207
540072664
1059335605
404534741
79708768
497510076
977603284
785846422
592176847
781247828
387782955
552324036
942952386
524519356
196440204
170270330
478992510
825362793
782452334
115752293
684523127
105928824
286197905
100681984
809730638
408710933
424681519
1247640502
1070326185
115591059
44714431
1021069672
734919734
1071740977
85257776
161794456
1019916623
266983060
100538530
273051234
464845503
256839215
497848927
4951285
165989214
382765775
11237754
443639485
843579890
175255306
1087512749
409990426
518040010
718135781
239997921
972792899
215940263
166102479
780819808
236278555
693594040
548949652
272292929
766209251
156512582
856164702
86338332
94191035
213410802
1025273515
187761410
822440698
277657680
603707058
726424780
30447268
677671331
556336186
308440154
227130584
258581279
207529304
720519744
136547763
166031768
41411189
1080048320
1063430229
885720343
751968873
411545769
1353354
87995016
193993607
235369029
593486393
180113105
687255374
517799810
1172452295
682655753
468413961
593453496
202481555
497529345
604179719
322363616
98585351
1086463160
808803692
756143266
1160066880
568246671
509511280
14107111
505622622
91059790
477517767
95743062
113198684
214681351
92831093
207378119
501897046
522489459
240389698
159299531
211941374
460163173
776842216
1317378154
52305233
801940118
505928178
349752910
152276363
647356304
413039349
1027871599
1095690202
500726668
1030804913
120122357
4499385
434347503
835219066
906587837
422118559
340730503
340082371
110363081
108593100
253450669
66828588
304546439
98987241
730230948
82486661
1133868598
915366790
34609227
672264228
538584227
267920709
246228758
548145918
969864977
725095609
186296825
404161704
561984803
230430038
358202114
409716582
235335311
1170028998
51830489
357366641
585072155
359777105
206496423
559462856
603313043
324915830
15849858
1000152272
323833887
580909403
218234218
302486381
828750559
790967047
530797642
22193444
688869220
692752592
67806065
812367577
618443445
1329335022
98005110
106065699
543832507
276257924
1143639403
164583905
359917629
120850237
60050204
684411191
421144496
625698706
214111306
209188020
679390537
496942072
86220048
811291688
493584327
563630608
53014019
653160095
226262111
76131580
82173584
391708019
288732765
634425671
336454737
9757505
900135543
279145355
269115771
166973276
911078280
390068806
348295258
1123455819
649454331
48107217
111224706
505905596
120528639
406372824
519365471
1004013788
214341350
210743894
568481462
135130395
891998094
141826062
170673084
712008088
672286063
210956632
395869441
393082464
56959988
211221475
30687746
739765541
577071304
663687822
465045096
60638803
24885128
472253873
984625597
1354509957
206467918
818133046
106052002
177012412
1042021250
1303464498
432060946
509613579
1132543986
257615535
68392744
178011406
851846236
706086243
1133641303
851381658
254080126
336782178
662325948
69312462
1145446670
274863463
47474994
698649307
1032533313
169228803
66166615
889152008
684517235
781716749
717995586
435851172
1142769492
271261915
43396109
124172703
1012531573
241410563
455129218
153771168
713344374
265387414
53331337
70308815
348579650
140885734
1199682336
395631238
619954799
494425515
231467994
640779754
62978678
152012811
891167142
896767368
652582011
893364444
181567108
348707321
594581554
806795115
92763512
344895132
749375122
516259815
643979825
506203235
111156258
799712017
247283223
1050270014
24437839
930855510
382439153
763774217
569463405
575543887
55117153
582272656
673072652
431874957
69096206
222033796
45213054
153253201
1287739394
706446225
420655210
732477998
193587024
630972960
166018926
552656740
407191757
89938804
17039541
293684394
1188716058
207507846
418441750
371168060
23793936
351978967
678408072
414344608
581275573
64107684
447213720
187316412
433198488
627858694
1192379478
848049593
557721361
856197331
28132315
440330326
1159529870
590314562
408079427
887370071
70556185
95986423
262621024
134931811
536278813
198865917
788806076
222808247
140357161
193541752
623831142
458939475
252371794
4668379
880132692
143422601
336869262
1069058716
827519059
507306805
338017421
341533484
546066119
343416931
324385084
859499433
215819163
201297106
268694584
110281413
916644440
135402793
192298478
1192595606
635215560
454705663
118280004
258076710
515028797
887555073
23888999
204783985
43204342
659921903
355562727
194136283
57193940
713256077
655404807
520518948
784831699
144887018
364145656
274724236
1050608684
358344480
863875894
258209840
644633876
863584805
177186553
937920766
701501267
204624568
260607971
361855060
92508770
17898108
215411732
1100615134
279013593
32879827
932088670
602368490
13719688
307823333
434747767
129605298
490086894
500086549
794867626
735170934
836987755
56181178
328983730
802925057
4689660
176262358
636277706
334463577
612589565
359802243
287141691
373040406
556351458
800028878
72919636
1032497896
595806230
400612396
117465028
924906338
175722981
751261986
620911801
566955610
320507838
25429461
540119338
731104667
39196462
327622062
53058869
904428569
945289676
114597304
365440101
441022849
414654009
689103657
648413712
460634545
371735974
160686126
55580713
78321032
988615415
470220879
991971536
104094517
987103691
814486604
402104284
1305262844
23089917
41524964
683587087
940760793
20081889
368572387
210398047
422819004
103578814
56134107
87905444
534124808
754468106
952616725
903283004
132880636
158782386
87087155
355434098
248756437
634819757
830992959
729924403
620905791
30336636
261239400
682966267
291511876
1065939313
310710883
408633631
720903453
46868153
325224098
259954185
600372780
256554318
252880442
538486575
923256099
692195728
719256240
716038669
410683700
328586860
869347763
347486477
171078044
640373585
326891863
523565148
381578479
587397477
28536271
260553730
1091087176
705345772
531677345
208755980
38675290
121220794
536954360
543969351
90291079
1240733341
212175403
656477823
845163843
728574968
237538610
178930525
557191733
496098399
532425330
374754047
1048090374
814860057
532979157
242375838
946051504
575839912
167289026
209773026
667753945
76410166
268109223
102796906
1192043306
477362411
828195085
396988457
268698603
1121628102
689548920
70908947
774015833
3984283
636436886
196321549
364895939
1169977816
891246036
769437863
453016299
77896224
226095450
635341899
28529208
90951789
168154170
703818233
335931277
4743050
414903087
506250508
606065021
101955689
794911059
209286669
198176200
824072787
323370127
1172164772
490888020
120568446
1350260645
306144352
819677693
245126046
611635162
657228518
804645195
17922836
319878059
855757603
452367996
891929117
213298064
833525469
243899317
85948588
334093891
637848882
824604736
742606332
475148191
262585963
705982769
295741045
92904840
909903165
76801008
307399098
576451618
984865146
592932027
390087189
474332565
109248952
216029705
1230124335
704874544
88917023
180907605
586209276
1051962416
508117
1011555549
281471829
483327789
115335931
97414930
88776409
475597133
218782198
169224398
669529479
87213359
1021705903
804792481
374369874
90175186
759817677
45087838
501819792
28319524
89195487
751486871
436730923
285512786
119909406
237919314
908590890
507439594
82348052
573105931
532438296
371120125
490399737
386147560
1346527929
879976590
159947273
569951138
1062911084
928934814
669523559
413108253
101916312
162226969
1081289006
118645881
588909108
53824438
252178848
175931330
654860889
265394455
188877447
312133420
171819400
704941686
354228468
639839548
269236555
414410975
546095590
333695203
18895566
229444961
364540020
11986425
1090877505
165804945
1338821152
413146031
199157819
246346252
174644642
361452038
22136694
354572672
66119924
585643253
856615471
117121620
493220700
881296765
36152315
932398608
601122990
47693028
626159409
54079570
428887704
173542754
9595759
403473412
1262301533
452310176
135666174
59499643
217468921
233219038
121148725
906676290
388592162
512805065
274696433
385572375
678418599
368425426
49637418
8481207
113821723
114848984
794634460
154342668
803815411
694635172
710987965
532028271
256748836
544001785
20669068
21676422
42118473
495323448
247223072
264525658
470836213
134084923
311896154
680569999
69783496
677366817
502579938
484620202
457922266
817526617
184143148
525234028
84863198
163787780
800385867
516757624
661576799
1083939867
941644372
101522713
956767938
242224196
33285340
87428814
215341553
550412763
1284536025
297727320
294373674
13381360
297774786
657890714
355950656
270279571
438492147
98664692
391334829
769992806
91925331
102017868
122523709
1314281727
237593717
126352680
1229764137
329816764
491617842
539574984
126707530
94975987
30520019
939373940
90776391
11167449
1074851009
1154403917
420158623
687047247
202490091
1023848252
711359498
51559353
29845514
1141688458
95693976
253633286
221736787
835009577
317642394
181147954
30664684
1084470832
781056587
1271204469
182666976
362138766
297884846
54049108
14888902
900034287
472092298
708808349
166002569
991068299
1032645116
222482521
556780264
222653075
108050896
237125398
522893392
158655266
140910065
173851452
361065194
453701900
789592879
541376649
331321733
795788270
152754496
874268285
449492898
1097871700
108085407
226134227
386507546
527931867
5366020
325877266
246796437
733339363
161020558
1368343255
842307561
450152115
551130941
902216987
1363466464
694203834
587435132
239459876
561127451
39593590
646744768
371750286
1043658459
238524665
558304685
199711415
37687860
96888250
703304360
807389749
940996190
87133622
32461740
54861853
390806652
269634683
342757982
522391359
132577513
820189665
690759229
372378200
1116080082
679672532
82069748
907446370
266503539
689141899
205566339
1069579260
254978030
1028455832
944094097
652313660
318897399
719379781
215505051
30804760
222061244
181335501
430298944
161254751
40773575
30350496
469268106
792835466
247408369
558087532
220672452
567337907
812843948
710860873
29031341
578845678
158510816
384224921
73982480
663340212
29848431
609753455
7891675
111824907
587058230
81899854
520985707
618129590
1131292966
133359972
448329654
700894569
238063634
845578302
950675049
265515625
1066901253
708153736
162533786
66179994
182122389
73974806
774937702
261189378
609746325
634799556
467088064
792587327
363840395
153773659
663121845
751612217
682930139
37499489
1126837846
881737660
159160713
750900736
319472160
737802544
1086196893
580510588
371860267
589649376
137184864
3734564
572507480
722645079
179780605
976159260
159293454
782163689
523849922
83824069
423536461
907696612
250423336
705275050
26368014
632136098
293162473
301383561
168665584
839176636
144574072
327967034
65410135
514249117
403412248
474293271
416958921
1144371649
313600864
161759277
246666508
864705119
1142221899
524494396
392493171
39848313
9964427
53193492
322636
1218910954
957991294
1112206741
443333536
1089262061
25972807
436620029
555063110
149700023
1176343554
354095532
384733005
171736740
74297276
1148934162
304698206
132673099
894494331
829554298
180381387
789469315
707960466
401601839
675200603
55524330
1016816109
14054140
80895402
421053222
223924726
147862652
602261777
162967343
139236096
1126319148
800986393
273434708
666499604
115797292
266351116
638130085
780985201
740642984
142666169
3178490
398895012
843811841
356231298
424758943
287481875
19201253
794111060
459973092
54040820
1331320625
241729546
975004989
712747275
539206387
264233824
710900237
629208503
1086464668
828102439
844791518
1063900028
8199281
517926741
100418734
377470338
61230491
589347090
121518174
102723390
173325614
292986205
230539741
99270761
678472812
805826430
216889211
899097783
1089841158
347640663
74778604
39235147
475718398
296042458
245338459
859117773
233388555
1287712116
892999924
988824011
905401584
407166045
87518403
700513521
404747765
720658663
316808222
1154673347
388591656
37416538
49700195
411141410
144444260
717136157
99865933
946603897
416393073
292038470
125490687
238195689
131566653
140676755
44533293
78139047
553194993
75816811
1331486942
485199778
420396793
85983093
805151964
435533806
101567862
167175366
613558396
1377424171
180377553
432676208
543502780
1189350957
448184151
715492706
153445120
89583169
1247244457
1199723701
490578536
631708774
944234550
556864392
161091149
353800902
481738853
411581056
715158593
163409997
214536356
480676041
380841602
504308929
205895535
1202664482
70579761
120087510
464508662
87870265
728860885
1246701092
502195752
214898899
824012632
255528657
770040189
120049219
1180542483
46567009
458938686
544314766
56378204
315544777
588586488
378355456
71343975
424318462
646120193
545084227
51760479
106667765
21693276
239146478
1412443016
620497474
90780109
226335930
1028851481
93815658
19809813
945365258
663353092
320117158
285991037
69832063
39796162
1195896101
136011511
478763334
523369803
1174953270
566737064
495420737
595550226
85925631
178702377
340963126
13838629
405552259
52029659
544904623
339199931
670397713
296085902
952661727
3090929
366743164
931755645
1082303713
154559579
580086432
1052725528
331153220
119439246
1072022831
578569753
345898227
932157276
635565468
1080133118
471220177
139981531
382686112
237556556
631379117
192828025
339096910
314759757
998802749
419878308
604135366
343233858
142658
3014724
590082908
1065899283
130661783
467572734
524947539
30089644
133258408
438571591
493769602
487922472
23703957
630972959
1223022493
645322242
1042709889
561060957
27733287
105547754
60045741
82767841
275590259
874047316
340911725
394491553
123485073
683404854
893118521
422126317
160351999
730643971
333211225
354378571
221238546
521643901
354178622
49917688
379105805
1172577384
89973762
1349458878
489683176
240294477
656215183
677248182
854479391
110313108
714130267
1082903040
334821739
295752356
663042763
497329696
379809359
833417741
1293771173
419779844
174291439
127859263
401267474
736525025
726945184
645590179
323342529
57282931
62956689
46872708
549725420
554877127
240365293
158457681
179437611
302656956
14084629
288315776
1047531090
293995782
240688157
21988883
12487920
169018385
356213945
988918712
877769751
306067561
550983578
543705169
46818866
252661649
118082036
213686084
351521361
1041454893
96364060
137855913
971844891
1094717651
398108337
352457496
741004265
70970365
1141547829
616538343
492302595
278948914
16392578
895088866
717585023
410903009
409055618
418871389
287657058
461315177
268810532
499162374
362219267
782193679
1129430301
315156876
50687364
339627655
116283734
412179027
457236455
529500537
381896056
271274662
431062261
14620485
532224210
142323002
46797167
334920404
343385134
1375826757
301254460
485456267
819618460
219299946
60317558
23192480
343734014
829178913
56498716
648238658
210601768
49490942
437315490
233616114
211349416
495684151
807124596
787246333
968002563
862872382
803223369
653790760
128314740
1041994259
544450427
368543998
674192080
542123870
559872658
1179256358
80709816
193447815
134200002
72390427
95988498
180152127
171099543
302603710
173370403
488995409
414083468
299512311
807561018
1059351780
851981837
237675389
581068065
598198661
272971841
603119997
662208230
544497435
135445815
983127812
688357761
391538761
885195722
1048515674
660834778
441996583
356059069
1001938880
529626763
161058774
585924647
175644693
723026525
432306153
708731306
879716779
450452436
599183680
900465358
306972699
40123190
70234420
43501833
1384273455
992822676
307360568
603425857
7117072
72085286
417173414
770014846
1037498518
680371422
933714603
507817694
42621947
486847145
507759794
227320671
1087813635
45812523
190616692
551744954
37329721
80717192
256449953
280445843
737112533
875636650
706792968
40992154
734102813
29967573
674853887
603060526
34479280
282025520
571804141
13192515
91926811
269684920
833716849
851235615
776872831
30229228
76397140
594442794
381414213
241659400
300647446
347564437
217646027
175028647
479499685
760415760
446328064
234796381
841901741
64147022
724436391
777454817
615593016
111458226
81724240
812894544
237921911
171541941
394807935
105049149
70474532
488962696
18546569
160210574
1102126921
734241316
613602959
192868703
695828781
1258157694
1359353932
479970677
474639307
297116753
248440992
851835453
145983842
784280545
156367451
473627221
966634228
234197824
1050260790
641242740
9937487
936628438
1020171476
516814537
1273880307
271197446
810807581
22588412
447594886
1032337420
687210318
1182247387
66569843
160943250
822453395
1253444850
1245692446
1002904802
262898417
164903377
74774562
217403740
69860688
725907545
87629797
434729615
46650310
806455735
205310020
345568325
286831961
878288610
134795642
341125558
1070058624
227592754
1217161196
507724641
1188172512
233662837
266739338
893244912
541437710
881061355
705738532
283946580
50964960
688445574
888192153
342451884
444527743
906787903
670504138
299196018
332799129
398148030
322853245
297558735
100294350
14596095
277766312
511515679
1270526334
66285396
1200533630
1052968172
496509411
202191682
90376186
714293734
626672826
69197944
1288436715
181251187
10821176
1288455807
694722977
454484447
741944336
375287957
295986018
159340844
64654069
370289640
145520772
735129090
314126487
1135285907
507658590
913424661
226184559
1257337355
939657631
380924782
601677239
355995807
467601390
666343682
538066965
189966459
380992618
442252929
179493004
481633985
203584353
1182738495
490081129
234164009
119459901
459818890
659804300
263105652
1268206354
384679453
1089275666
621400468
957990504
414863378
617803045
132661705
39440174
680834595
626680968
484242437
117110084
692919822
100849753
993909970
760639984
390535015
703784102
44154594
140624057
388609759
128823964
411387352
893461586
45803099
685216861
25793070
837756511
480990487
1350210936
372681188
446683799
170781243
975623628
78820907
89561823
140675456
507195728
922956220
648448963
590379876
204302634
657781336
41528091
71962453
145297784
87347351
58693827
458325501
659540407
473401846
245672684
440647273
262549622
463993322
578028743
1198092623
158631625
601039758
563505893
707854710
725839375
138873269
613377303
34413151
401365828
593515030
56854881
437819796
443326401
643014981
530847334
260502578
467043192
933080583
221073738
727563153
26303708
216396907
10927981
470677847
466577388
820849789
647876879
259406029
793830135
7378889
453212916
654727038
833027486
783619556
233216188
188965011
159866972
45412412
175728675
439202288
470275706
1085399809
364715669
13471032
645872366
617088039
1233251088
20083828
393381964
504671749
956579714
124252637
3845973
572803269
50134128
2250763
267087400
94483267
120530295
968670232
584700264
618298846
152443955
21763825
221941653
589842328
94036501
878741436
1157273932
827074142
77365823
55708791
777416821
402929700
734166476
133924115
293560400
455555963
401712620
198369069
1072020014
333475952
881825657
435533715
598414691
100775400
1050890998
937169285
269011013
623434935
317210965
1126721922
934418457
535294218
1133295766
713476690
758133339
498234873
671301264
630716807
1442333
203429122
9400636
8471522
971574282
851053995
52375818
470651135
289198616
307453422
598250861
418796368
312647034
817995437
303446887
271425997
740904730
139688163
231076175
282741641
82939453
984213847
698480373
384713699
620564234
683531133
131059369
523115690
33813285
881203757
742561597
35767377
484728073
72505550
292152578
627838331
1194977496
898631251
888086753
919513921
161010393
80344532
785060806
757832551
521024737
689071893
370926433
598094612
289625327
159944337
884755037
764380172
859363535
25796218
34124389
216521865
547515475
356164379
41651962
529367271
270464886
843281424
110970063
29156874
938009091
183781026
167763161
352527220
466227527
297405889
692218336
10747074
166517839
295713512
163160938
167537071
1155037019
156134245
391985062
136672249
837053194
378504075
381554468
50020598
260014511
448296166
272927808
783753166
640503839
523021088
1241062501
174027005
68371423
748429400
415517235
486016963
491642897
104770408
1152985341
609517294
108117663
57977192
417089565
1061183891
619509661
291034866
342424650
770804714
753403623
131998103
582966812
628225514
460355070
1168890634
897397924
384970754
375922019
216868269
309528892
736780588
1247233972
973612627
1431136645
387805438
212513825
989942857
463904330
467328881
430901690
328650125
53853952
680980015
822880180
963840913
416773654
543359420
433154971
493118861
38524396
920617644
223289574
996045603
835326687
19253032
184289969
242411811
292697860
136922537
62862862
489899233
696807485
264069326
521107369
615034028
881993867
365275205
553481583
991182227
203693274
254669548
962338489
878455664
122570864
376782523
358315632
198089527
361533978
1021794459
808035256
578535884
830583533
151759952
731922515
912604295
322801661
571327198
4654455
1231372619
602719965
648655853
1025384693
533926597
337026337
230398358
843135266
20934704
199364184
666932615
886721197
789429486
1103484906
326411980
672265238
388297977
867060396
302318104
269689046
429661348
150982503
222307996
187396684
1246747355
804267330
589560359
978595526
581004801
502029634
208110530
201303475
863438552
312868088
707685740
658448551
700055672
433056498
910650771
157872180
1224218746
1074876152
932888139
792622009
311325700
168172365
10282858
595729345
1370944398
239319317
733954516
52840510
850014051
34761250
237759003
426982995
281967282
162716532
150539866
95303959
95665675
682829601
589672491
796277016
1079373709
454702264
116701259
599440116
529448338
1017348672
480688375
115523962
103904522
126360517
5643232
1044154082
103775287
578279717
316370067
75151986
363201811
450451156
662887805
301751521
637107969
826983461
575439852
351295573
869363175
464716562
354265492
1001680781
31731290
348707767
287783241
510353022
2920343
1374055973
272124245
65718977
1097797243
215393687
545070911
458845160
302376216
1184688546
736859238
258574143
471439771
195802141
735786775
245493673
15472666
139841797
785098895
734402628
1040972827
552244910
190963738
865068308
32314461
228794880
164588473
149695654
959163912
83821699
804626405
22688938
152421795
113031940
105625760
20804075
166480225
116908164
216754917
458919292
402499794
54862292
1085260307
376375622
561022203
425418698
802070153
784793306
485162927
746300560
202622345
562223681
486990456
953774828
742995084
1258238105
1391078893
1081373593
730307178
707577026
565321552
771625064
207828141
501851261
1074289506
111213708
555677534
348605305
99961013
371546824
620575511
266290647
588449659
252478470
300563957
804831576
403956118
230044980
352289230
552183515
168150809
1173348986
1052951096
193737476
557706017
526623450
827025137
725990142
311504094
743331643
46674531
923553931
871488924
417506971
71043921
42368149
127726503
247827982
905287586
947369857
1379329272
953094925
929747847
725479030
950676510
128344208
928322973
78877670
474519612
107357460
1059815623
772739834
506846358
197702061
820570635
617733363
12887505
600092622
685711905
283993661
1125198775
599523347
1197559946
108744796
513530300
159988773
911258952
65874667
733608215
146831931
905557823
540533316
326718690
152636888
252359437
1072906535
406185708
35638835
530320789
969799260
1209405457
565090504
1073178733
95414229
13458912
244562835
408434970
1053952031
491692251
164916780
6228778
1036304958
168838569
315843004
494613527
1046206965
740966294
2374120
1350820017
1212890565
433930491
414290813
223420548
504101029
505862105
306665796
170840184
275209520
548134568
332463334
535125719
326598099
166532055
45596251
101461923
1098618234
172733603
110961865
422887468
331290384
1276735067
597655425
621595587
316798106
1021662767
384012261
958885335
256619611
224819142
455534800
339543143
757473379
45246089
314563475
81808255
684412333
428657023
321584409
330589081
1185601609
571324613
914929491
103722173
493304787
639008197
1043281186
107290949
357325696
944235755
283100587
36127898
592879412
472372290
198107438
585384284
865218138
406183546
126603839
489758794
1311747415
437963257
685753123
1116001476
783157841
765386807
266533119
1361840433
205594183
706850366
386887749
107768272
617727899
609831119
240115807
78185216
226920434
745248699
38892180
1260260324
661672244
221197451
17726186
558148564
516950665
915032597
321946178
443388274
553777334
521862176
552816906
740062374
340340214
713566032
101053303
1184771985
464976249
29437038
128068907
466244387
966587833
205921496
153491109
580820083
611599088
834695611
429388593
341072958
771167679
608894825
119591617
732476431
149158147
1430228161
69642711
160951232
205921766
1298640760
1059965622
320755184
50664360
422018213
264816434
477117137
98372287
333358448
37793121
466527635
88634814
951197928
402382538
202773433
794395775
14253707
289953723
526303554
819522427
349636362
1064462216
856895209
279889502
491923905
106835063
907131898
386515799
146427390
394219150
275848483
508787716
7255302
166602093
34055788
250095495
794753684
49760485
196846481
1016251358
760639741
398041836
325025461
66949984
216285830
827514018
399618055
321075064
270653929
380699484
606819146
801504377
129747624
141109321
1228597946
96890578
395606073
432652227
716316050
859002069
51086755
351067725
89484665
201672859
517026291
93266268
1027330560
890502155
439691987
1164402827
77866433
975427376
1244114198
738734533
1128415853
268636452
95224176
87080785
297729157
213083942
369046653
836202886
623661334
58265782
607609275
235670565
311113285
1349007131
780182642
450764087
625895267
1120351584
1056556969
147475578
38628617
124176489
930542890
55376505
483700178
1261844366
332264079
987087586
352421625
67007639
775218320
492079924
863374199
246431178
318821764
515058713
95826796
353609404
129508455
162625372
416749340
524086450
151427187
600735236
558127524
73157661
440488927
141649129
345943559
1144046709
682109075
45965686
212619675
1306682845
1359343743
447998042
634651054
759035989
55647080
909994677
876374363
1009994082
157561302
845229271
501401844
810445300
242464763
285573722
60215845
124612463
301565548
607209948
312922789
1064604854
101606128
587372724
835356929
26800033
754064481
556937532
614796395
43698909
920780873
906997666
373022802
11532194
615247985
101684591
419257593
528557790
396513091
127029797
718449542
733416939
336852715
1134833773
174162283
1004961484
218035777
62056041
321442273
901524971
480332651
113196503
342282673
522380067
226889911
907348663
204326258
1015950903
111774420
880904801
448800003
417179006
482107935
1042660767
238363359
38682373
225936268
473777553
361891782
443838613
668423708
293502135
965208909
76151514
899296591
253570106
851589517
190368031
180175715
982772103
722086098
763702185
64556246
1235297376
456770520
626908976
31946781
1014572497
695484608
530988303
1205855989
519272668
72410772
328852572
572418571
549085489
71850738
521316464
95247537
422739296
535143807
443651094
489610648
552346677
549502967
866009472
245707677
610494228
209556723
627199753
732462058
761009806
1285555746
575369863
798659247
42021393
1265570665
497566860
590209475
289879838
519921666
74931017
1273697861
272416333
411839178
683375428
24113324
118654861
118886590
942244693
60891212
126377722
439965665
182697825
920056617
438331382
381628808
315488989
251414836
528769215
670108949
698734604
710294048
417754345
451325893
1045222839
270777721
292912961
457117548
217234488
1045974993
557988008
637426824
235712868
11306402
546148238
126794826
183116123
337480222
703641354
17984483
175416598
44948377
805592909
211597869
299164819
72508030
160491979
1248807755
781269907
1330597950
104168917
644732227
251936016
31339284
74853464
24883571
407746681
501874360
1123009334
211510365
139671513
552200454
1230067484
404062314
289505366
294509213
319211144
76681029
579115559
941376650
705456911
114169607
138175706
708356354
244420659
957151638
40490068
462948299
207123433
677953336
599398136
70740371
494867458
134757619
22690961
723778032
929435577
1387994907
522961937
490176204
217160305
666615813
175306801
653429388
62296979
1011710282
549642070
311701543
61966320
379925889
1009968774
408805681
778713015
286332888
377782541
876835720
308720949
544899277
379402219
1253786690
883892630
619830434
821420692
178220488
119523395
912868594
243110972
1124417842
349678397
743191101
85028685
371830187
618925965
87968656
975390059
522620582
441452828
590066618
352324031
699448281
473124202
179460019
483670016
1175950515
136378790
861846967
607592923
1055484661
1128729805
438241745
318798357
689067400
1030524444
1016535069
430979318
781783091
253102575
1065227397
184869051
511123783
824684013
577103016
122349167
207982172
170271758
450431839
633378675
852911012
62355812
1777434
220781146
117008513
42719196
797200801
262971209
534568995
1096335318
60617624
33610060
310412655
66562361
32689843
527472125
222281221
191336304
236996346
222336745
310508447
351490776
30140530
20939250
246821446
675242252
830043965
35010748
459748979
702471882
837160573
29040476
673564357
530935164
524310460
884742765
328192758
417455068
68846657
408904241
464189871
906846041
701292060
910660391
1152589181
1085035484
162798688
707796092
671330638
646720081
403062307
516875471
203749433
867398611
82610833
983221047
191028883
112313069
881490096
605222708
849629789
321949697
565738463
975054848
636890953
152981249
810324567
641912684
545187129
146078928
367446820
38810736
488272269
777197064
864692030
1140128431
141166327
807402011
723174938
239732529
559037059
102134331
164898831
92185327
131731889
49919118
1085144502
981741659
173513355
621583094
91861113
761738860
1064879494
1310170398
1336745483
1059038693
203769765
663758915
1020412437
1199039342
590208429
1085371498
67609479
60939258
368723272
190492218
756504463
151058781
1047595445
725508818
328782624
966101609
116388549
516847614
666577054
425688434
1049958682
262586936
114103945
1128865811
96851570
316063202
423114432
74094060
1275142756
575232045
793384621
466333617
852575266
473594139
84665291
206121365
122559655
513796297
715453917
308898865
576025685
450479007
121270725
142323983
408686280
219220921
825572209
19268135
739561411
874684903
245548972
273053907
981748339
337583229
945008258
599632399
380258020
1392432351
106673947
470674492
263723464
8612257
61953947
767325488
344883435
141021487
158245167
41081291
63306021
809928087
304138332
341105804
735067977
608196738
771741149
307611820
107428433
286520041
539303814
239547670
363581932
605799192
62767968
748704054
299702692
899530875
474091690
290608748
1191752009
507684061
33496420
56471555
109857405
736000653
44512046
711973532
43910934
822138173
145308348
1067403380
1061146634
377058815
436935171
745452026
92120713
329977530
219444208
1223082387
945273994
697044608
335889156
273345068
264888759
504152121
114077637
537244595
675805831
712784979
493011408
379848692
1134038769
1231955026
343077605
205806716
900070747
153804394
353461350
679215869
85833279
111013350
27879948
31951528
796705624
598302218
339098712
123282475
664661470
208505953
122918562
345622420
83560591
185487450
283119395
175072882
75928732
438942721
294533712
695526778
7444659
252264518
1025649375
607052637
805287866
3019701
1150229358
98927784
59955183
1360541732
1205137984
191937133
1356961655
54962422
439936573
1094464379
470445068
84939153
88110914
341618706
400903052
182032258
191740841
342623725
334877423
828415007
264002740
1093586201
695255586
177486282
342826136
33623749
749647111
426525036
36110148
80204189
1115653640
263920242
445536775
87715730
167911509
515525694
255947512
1234758331
96775952
1190779670
1412211612
75609242
116523983
492453975
877259921
1342592870
651901452
529945523
39138825
859709339
977069106
609725774
480565214
1016167862
268931100
720237189
425016915
614230936
338775712
142864361
65559569
924419494
41148417
751171690
26120222
370180416
597864420
74689657
754855275
658523690
97308391
217438123
1387473894
400020448
912087244
332187825
1246397791
318860920
447747740
1108293973
1272809955
264898664
776210971
365204317
10916001
18934578
250581372
106618363
394338536
133068829
1126834956
602660666
950891669
327003024
86493377
909055040
509014797
481146425
686068999
70296948
1002257101
786494840
1349345168
1032997745
372195566
993096670
437310410
1243705051
606566833
265103403
52145747
31405146
294031734
455219203
72265803
664039305
719422788
65242369
164345122
969883979
34513408
314909066
221264537
30905214
160125761
171464470
370697906
310962535
255623433
1388305252
772159503
591202419
746445016
787630239
457284196
81688367
384637784
379451661
551084484
1123924259
1235920730
655001350
613496348
228307678
346297270
391996223
1189045056
372773344
139394070
744793795
457516814
115232097
1213098762
469388980
526161481
715666672
455190166
1062608894
604265596
68065641
371000725
275242933
703357687
154336815
1029438273
113919880
826018255
645955027
1279586801
19473520
185363197
455345870
606830700
374362956
777337431
965579848
496975962
742421596
887335834
622900379
204749345
509660960
448168972
1223691424
1055191368
262614652
168897423
1003471983
488972407
11243309
295981625
231942746
168141030
474214405
754690684
36836901
237048598
185417067
279161785
1318231882
237254514
264260639
603199282
316553224
118730977
682947415
434418028
53547888
674585280
140400989
247218805
730025331
77756258
354343216
329106915
265880
478944378
1060965322
353551426
711583289
454283715
1168147972
501691618
668119937
656604773
1038062005
10278419
840072561
773390864
5504233
584565932
323776331
760825609
5924775
1242856579
50590354
161169784
270815647
612234350
47321904
698588923
193738133
26737579
141888719
163016984
1154003114
83891491
371432024
255411230
903577217
236575013
864481387
145350769
371365874
111536836
482319834
994685823
192156981
12007703
1191202772
307808849
560945190
851893597
1044368773
1083869868
520055838
597124476
21345599
895221973
1125324377
409344017
908123320
636401230
1066892884
21216312
79428561
283776607
1128739978
592659538
894055949
184113208
736768389
658256085
409315023
125141650
829356522
1209403648
993441441
681814906
784093209
201298072
1271083712
336232007
855331085
348937260
508151671
1039796372
659617369
371819612
147366089
970716926
942038058
772349817
17216880
172217291
287137591
445070824
518565805
1004807120
1093074067
258796876
403416157
386041696
190424378
1249572009
302932615
867943636
52680678
237936094
997177576
1271910430
730147822
709071022
473023610
645537048
212275535
22948636
115221403
161248317
137458528
1466206655
970405521
1075358541
73718732
318877754
304378898
175068353
216720706
193344965
553524830
854487711
310656245
1078191555
1121290254
187083017
144650236
369118888
359880900
364420262
303517757
455401586
337049251
846264268
1294278405
664295702
204056942
592551413
622099814
1103670503
690931
654841804
560927314
323836989
78135027
139517834
456354150
1050893714
1212919157
176563164
317357254
186007857
253131731
389090124
301506325
354727762
1034182452
1255208196
560464112
268480652
274756919
1122289958
136990945
1189582996
747993671
1289597439
995682117
283475036
395437987
526961268
101870951
384762591
1028959164
67731767
646865903
458858703
68216063
348549930
437333795
518975886
1188939367
233894850
637380513
939033031
826061879
463629519
526786489
1162763915
130753630
684710695
23866298
105303824
198847823
354901132
971424203
744684624
341776824
1090741100
665235330
1419524516
184776023
125978477
162958053
363214318
62035958
687427072
195759879
422192858
504822578
302436463
587513091
245065121
231515291
23073009
393657873
393978595
1200312199
80625984
128239755
301680091
696200196
836610627
258475963
300648143
22763628
552626533
450279200
1159348862
896221921
699337898
604176841
16474177
827956296
209983950
644206190
1006052085
636350473
496839415
229974072
1148841093
207608436
912030275
451791131
89332669
147992400
54577360
320282611
285084381
305591568
1077805636
927394149
290264459
878025012
645633436
1005570220
33777311
426581452
21044838
1004345927
10870871
512623803
1447850471
973578720
239735225
256871446
560360635
16335256
725749410
324766421
511129409
261224211
729206576
582664315
480741129
858729718
143902184
673923114
95713189
1248303078
514405400
777060636
1419874029
824261580
888313635
74444579
1401103108
656279761
572779392
935520092
532077768
393033430
703204657
720190962
286769855
370186525
1201538913
712577483
93215020
714662650
131985782
22300908
393798652
977724285
63005890
1076215625
1227991261
920122785
960505845
154475763
177341711
748478147
776986400
110953582
333069345
105143848
592120247
192074767
484984035
306108697
646139892
682984397
190201675
877142330
240309604
153649177
212629529
1046323466
990609877
85499791
419133642
754302658
239199201
372486652
862502772
641488675
416446281
1315903033
784380759
856975287
625636500
822874196
434351858
640831492
172617641
5218247
273460340
899932461
460938900
731285688
486664479
313161099
287161588
337275102
160275106
399041744
246625558
483107372
423926412
335443421
318432360
22553194
562740694
117319403
1218079878
758784515
411707169
1242978309
1002245941
207608420
41820919
1107716031
290254169
218382422
294976974
50418682
908006728
143835709
765736818
1011590165
1191011660
563508967
346511029
271487322
667881890
382416099
22536998
102392174
845519604
308798343
986559719
382697722
528851324
90418527
662119900
591962411
399262526
93218104
648702726
186291771
348852627
723173246
18553125
16559752
59970147
293410847
681430018
305822738
667591837
335282095
491827010
909642881
722023211
433427938
86607582
789081774
150944352
1206123440
129616581
262407051
1231416968
241657212
609812407
775584732
256426611
411782429
63932233
453011956
724739680
291239216
384442275
838989871
892904083
1368171342
749518027
843458478
421726052
633706214
34576706
958169143
218049028
489989693
591759419
588819794
473959609
541047647
91577149
766709128
1227765116
932853325
89444129
1023071190
1062074834
630326934
1361057549
1385845811
272927512
362468005
62714169
183903741
507090083
102809244
631688781
103160052
803334543
526720609
372968914
578427178
62926471
659900311
90573541
247910023
100170911
382801593
1465162281
151257008
562050280
642286547
35431238
978397949
791694090
117905472
172624721
473118607
337825269
620197055
66638644
507761843
801852603
257475077
167767669
737466235
212043420
986454492
886894350
213507048
710004727
418380322
1109944248
318610112
998263986
1184953633
186545603
602402173
592223627
1095870049
64041625
593693308
709920917
1362721790
181026474
1129750994
860003903
119211604
936507460
585411478
446987732
352441593
113559515
647174647
651758268
85428178
1307503979
791689534
579699089
363526777
996830115
692919482
891576134
728789047
1326439421
286381012
28995789
127510182
1440422404
1174099439
2814321
746709107
167685244
1423346432
430618608
209052492
249425329
100301195
879878187
1170738416
388867024
416994746
100823724
114640344
877689600
683356684
973295427
232421669
908997793
136183454
50545882
1156171078
127408858
524703732
825806024
387360838
10829955
107705734
548919877
424949049
347094465
231970313
180779230
28105194
265546256
283373770
1166724161
131228491
1361883141
1185935303
615896522
987170073
757524488
363271229
866388736
255641613
383823233
51408440
168357822
110345542
79183256
1113746814
364730565
220367267
1111339004
1074232276
1095265938
376595408
1021099160
844879952
601191936
593471684
324569254
1048708686
171658205
504292508
750889170
561622721
188621683
53622388
888012926
1059282294
734292762
447956502
92338719
156891061
1025438825
1105222452
41229729
454957060
1241673887
14592340
259995540
177969141
846238982
96836079
66419962
292661317
663701947
524153009
195400710
992699943
580414978
564967411
391415860
765742260
134202036
115513921
413739213
559885700
1076348567
1111412660
850703699
693010561
56469059
573356245
880710690
26152493
255378264
1511018903
140308626
485350808
135083811
488906014
372054255
339344779
532484739
247444836
393764784
388195342
60946733
409270541
797116988
413323852
124342764
366942482
1311478171
236975749
68971371
250437331
1088028768
390777391
213375217
13500530
490448509
63721754
1017628511
793690745
793556277
445654590
103964161
568811144
199714852
840880038
1130537428
639790735
689823706
21349486
629696846
819963851
567070247
808194895
894761419
722814110
1039504144
515205031
54359014
441747414
1233234606
1037201137
416725499
953216042
12914443
601842703
570229884
279456888
98456262
133618356
543950039
331895456
107628755
676125119
331731707
64613339
210658230
295602822
699019379
761703983
709865188
84521357
1001701630
465350405
9532340
502916510
535589442
976852640
187342950
153551205
163843294
433988112
865282474
56487612
630999677
305997343
572378097
327263926
380747107
138451378
484056595
872723216
494228350
1216339318
246808963
10315220
875565476
1136583529
778841369
366860393
243552096
767219566
199806200
359598052
876294601
955090359
638328062
703470776
690613792
848835437
1180794965
429556283
170537190
136220638
464773964
865619830
1305967020
7955250
1013227453
178037347
703623941
93260337
570385074
225591208
1169796069
525947258
3016922
540502074
246635861
548272397
868072920
103261987
591835534
130568137
967743569
637314519
1112156505
1128738272
513074609
594733045
208012992
203938030
209216538
969841295
165642307
240345277
501870351
599415211
866380047
867811706
1498758828
1880341
227961735
175830400
347881932
600661047
325205130
1061220000
14355417
823692184
480259954
791715326
463032500
747785158
1240739728
134495813
128526095
395148441
873251147
225596863
402989089
145661533
908972760
375910040
1472804777
259531563
563969697
331842601
187079788
598026661
513605089
400422084
1107747504
1228789457
301243715
297604220
870974272
553474248
346366596
1369844900
153444410
504644539
1278119037
626410056
233501081
348708494
431327617
382889966
435652950
220449925
742017740
85731645
363921087
659503740
64541932
138540118
240904173
815683803
929994535
307054522
456289140
130725270
423517513
312955575
1082538187
318600038
39728151
895803927
649347246
114293780
42910689
176201295
1222626924
1469696252
222786192
335853301
491057896
6768514
616127563
920625254
415604440
354663462
378717528
735518816
488695875
318165150
1315007962
209267982
626273051
811996046
422247257
19978647
809536324
1236161044
695203087
20382078
691737830
332978958
811451515
1257454294
419154766
410356569
811479271
633333096
470614876
707995675
720869903
405010189
136141628
1170222099
856807365
297155321
677553352
780298597
671281094
154188669
1186563948
550326132
73805192
1152704303
26800560
1138517299
447295875
194421473
895294998
251747584
956512790
312542451
940021803
455388312
612994346
1347928779
142063424
534191283
558480914
973222755
369643762
377215933
875455073
136361824
679424104
540960981
249817960
333122789
1028921293
567401367
620314015
1197943439
35373454
425572674
746356998
131566199
537430542
981837887
1161195168
1202330245
263545527
59379164
491871834
619063191
1106106446
1318519298
794875069
755741193
432316652
735274646
745121651
791616987
345092010
383787431
691378252
370903554
235502437
296566225
745998542
522420694
335638187
32378497
88430660
383525797
273914874
897744183
311958282
774087183
642770596
151384941
1285943964
1404767858
278165855
529338918
654110732
670608770
720375208
47541620
966812152
301209130
278231267
472865578
477457895
1374866556
466472930
260626430
404797265
329456680
805921711
78627721
391493688
305386183
6113805
506184029
93937013
341884499
508865390
328177756
110875967
1125028198
70732791
1356650166
558236058
333680131
1177144417
844182792
644891642
927579365
1137105114
909113398
221559662
133887975
187117695
645908962
575851803
15893039
769265098
187411511
1360872165
475290067
14245086
247518166
630763736
289057268
900964478
118144126
330827913
533351458
226076408
780719823
301945289
7299751
1432387903
74895565
864243672
107429703
946491327
741631337
568147865
450539216
691926620
1345934813
528421611
1154267956
182512097
204720303
514717757
418942697
489195558
213714835
92489952
1002863413
45776706
851423838
305862251
1076724520
458363202
704589108
727528352
350913091
226946965
15080791
1106801412
558715676
27203194
92225698
712997992
270587577
742248093
824443595
944502680
158412775
190076979
325940242
382052716
231622479
1402525883
289249809
431340305
142262209
1061222263
73018635
881808865
146957054
840633064
780635345
739351322
1124072676
199446358
266322245
268169635
157203949
258540408
1132555809
225439266
1199538348
435453908
1352550033
373413530
471552903
1368955288
698581056
594914452
587997887
532163150
596101976
292244347
965101081
47341444
43912028
750136648
270270474
186771858
396005809
494389939
355573585
7222482
1128868067
1148390791
311913452
228085253
517407554
253259482
80240528
146305928
636673803
497098783
344176010
494784753
492999222
638432600
404683935
1207485488
525936395
438264671
71556176
762964398
788991975
1000697584
450971978
359383048
1134205991
1086739243
801580326
292616823
555321441
1186708983
1183690778
299116477
1143214106
154646311
143314084
37480903
221626403
1305116983
666669712
275969055
376093025
413083794
1017061020
96899813
543131540
570476281
293517226
1495122922
142257979
364153067
1103241845
851725599
490013574
61297954
7485594
394420592
281489856
391013286
109661449
861898134
268519251
197670891
572819593
617032704
945219994
645958031
518528307
51580750
213348077
316928186
314892559
298508007
525746012
212021548
978329523
205891729
512993365
373062048
1489088683
945405446
274388892
24151152
172682838
625007195
1018904983
655703547
796383656
341439697
1052591464
1071394585
607555330
1258144817
116499559
101439312
1108234968
1577914566
397136392
589902410
455480476
774599989
120676329
1405208933
1446216644
43354517
1134804254
707671249
215652014
722208975
1193716914
258372496
407932494
25352964
356691880
25169379
62552394
246322677
893066636
463559658
583129042
570335842
11226509
710181591
57199310
278777028
525409575
580588328
600196015
39670853
248011400
153537739
571978293
370700556
104199596
338925389
592930056
834206904
1313697216
1004871303
1063358264
198949413
66774217
93354347
302240460
47488228
36345321
171968039
1421395341
105788945
785589760
463879952
252000172
930954621
828374243
30740025
196004928
942630842
511700468
596174049
214280622
9761019
465434749
263043610
531462070
90547420
110292249
181388274
25346487
725328238
58733544
270249582
431713121
290728152
68956945
1421335262
244533834
96111715
1070867893
331924423
59074580
554116869
194312657
770296746
417174363
584171626
136639384
204698173
1546891887
392066499
537716318
179853937
341123981
885962898
761448206
337851876
70756010
1035415295
54284882
478169154
132889849
469504542
21921285
324391043
728003992
226365643
406332418
18223312
176826375
43482026
155699795
143064038
187910149
779306074
1080297368
307031860
1489919328
118452173
33718824
470270332
946772640
852376344
854974871
626133369
334711564
341923149
967849787
15050082
82813085
102089342
855359081
418966961
1231667939
812977056
637915671
122138774
239259835
487514001
668830466
917636408
450059233
498688945
1371482408
1196252380
154807534
247320932
798105729
602810167
28108216
291368591
39253725
835368938
400109876
190288967
936732616
313940195
810933053
1031182446
5363319
613215435
706990088
1220183622
480879856
390400197
1072612745
8213845
1074024397
639189148
825188983
376541776
740239650
160954552
104386398
1138570147
52826845
674683286
766613309
608648192
387481022
146466159
183554538
394244614
1508267311
394571435
239747034
202059852
626948360
1071589511
219163084
782866867
1318257877
853890295
1258042378
1145731362
165702116
191040399
1099980671
981322116
425628990
696776419
63065614
482941071
813673427
721437700
700301295
179757168
367811527
574165061
48490211
504929603
1343122476
591212339
77206262
386798894
1432463236
49753020
388636597
125965477
14210881
547725614
25670311
170919362
408919177
332219560
974574042
505821861
329581674
113493703
681228572
786739933
481396238
544911561
336623651
196579349
485931711
562850018
686458884
385712205
1276319020
164146373
889008083
176155743
568877688
567996812
272326896
126026300
96830079
26631132
185656455
488122917
559322435
10798007
1366740727
1260830062
461834389
56603619
742798827
524816264
386599465
1017519729
39043386
362203081
473742589
816657792
222999128
403478080
426313507
185180456
1035498095
715033105
175181688
84427802
1491705950
453986278
485994309
681508807
219518995
1156253894
161949548
324779697
798867480
53221235
597426471
4320665
509265712
597483371
1070555468
17602106
613290073
254278322
550956281
369816225
595570325
735916788
524350896
395294681
733389158
411882915
437312743
204316579
939403483
163829973
839710284
1002196316
1557009486
404953848
3153217
126353449
1229608844
113362711
840891373
976020727
57173046
1040544506
898275039
68038980
386806921
730433682
22749767
488097878
384253848
886182291
464142867
874455097
423104899
340238303
1066044435
304294911
1242533131
974262051
1059207825
525159866
397768232
1354736398
717199827
1095399748
762553026
12708837
259194564
489731837
826278579
562984283
55364932
832864095
1500107904
621379469
354049206
1231754309
456106314
1003247435
208451892
204205355
880135374
1034575126
1504584715
456462735
155221403
476144204
1079776776
1146979050
65349088
618644192
1053423537
173866985
494228400
164825310
581914868
292103964
864423341
867703415
505956592
265127711
839505971
1252502030
440721233
655244780
592664318
770045609
721355268
1143302199
572859655
407638054
232709462
1339944744
212527542
456476920
652812390
935444462
1125586577
331484004
507958245
749458509
1400374057
213880060
536619380
27139998
1288897865
138018326
65726248
401993068
156959818
648836069
1250319130
850525195
116594768
648176089
1063740326
1391974517
19972557
57377630
110597632
6011029
124839377
452947009
470980284
93165476
818843060
610324585
25447040
1007809512
230448272
527339772
689163917
50711992
1510853314
1528212153
1054968152
54645331
181885684
781839861
319920536
156673882
494725906
629720793
242614611
1047442401
505474491
386084780
242632856
715703822
118523269
24359281
764507849
347662123
964795632
267814759
403870596
131192282
1030109541
235272843
969693473
506997101
163742904
35448353
76190013
816941726
79637153
629008757
542893741
1141224822
1175967574
668332521
402294848
1133556375
73549911
1407002310
411879113
167183121
729453661
1009112585
71362385
1125990376
1112755191
39428389
71821253
94608758
754141531
132465028
494656155
602697535
77812988
210174126
1483901329
98881231
1436388564
73073144
185303086
817965394
265500611
597287054
1005861552
892864735
309017688
744718796
79269548
152641581
263762616
296631253
380543905
365731890
402901157
931348603
58946925
899050902
1270141093
1028312739
750549791
526440457
16008734
1107059474
55327795
80523773
194506389
542869709
444779987
855179249
1108924910
972666960
489018786
853430517
717742547
905753908
1126558351
1092418912
762668925
313394019
188153114
176457147
9609572
20849255
731057296
255814526
273363791
204931984
13294125
396655046
57648501
442386838
43565622
84399403
1368631561
55854727
1051898644
224042167
81022276
307125702
838489247
410843640
516677261
634147738
293367014
250187103
216802138
922943683
114054323
583439973
255620131
740176968
242149423
98587947
325273806
722991191
372835837
34706762
5833207
8047185
116045493
803335495
268069817
155083755
395705567
1052534361
725587096
494669853
1207996430
477903874
415395312
284131348
499405659
847473161
483378088
771042443
195076459
847259001
680167723
1063756949
103022139
743690079
979301887
266280453
1002908664
448068549
565451586
355698844
351967455
539601166
888233293
174292277
639632019
347127884
303426779
1152952755
235832302
324193164
74265769
322347120
328020261
757148995
1119177042
227195563
727369611
757928170
797820377
1557093825
790622304
738344137
126593982
717952968
360289403
264604437
9070275
600819142
490687819
487734093
548573736
516644639
964817396
517916800
433788997
689366359
221934993
401358539
629629126
245574750
332821543
82563280
995575489
152443974
509843456
123228607
710418598
128597918
463682693
373927735
629232125
220506172
407995246
152728318
347618688
571594829
206260953
1183618789
427563946
264141523
340961802
1102559156
621358158
812306975
1001361440
373899083
156802030
797500153
856853723
20142937
13447170
436127915
273651047
88181924
173091634
37717671
1094605776
463741592
610013076
85840481
857850491
125270871
1382314306
477874591
977681060
210049685
366249777
142787245
981893644
1043110650
391255286
613927184
1291167450
208879125
352585343
652382414
888924998
731924613
40096053
561653522
190878310
508847203
1513031812
1025959307
219334811
58682146
1174503284
382150515
406312993
1005206991
456867768
165476708
628900418
941494366
714164581
358296690
1130990567
107762422
530419094
39296052
772607432
429560291
809857776
817600648
467395739
335682484
713804987
60083171
230632141
887514716
976797060
1217626312
294684180
556868317
168224837
279832507
923042411
1264878807
28143657
365221670
215987641
789333317
429522293
176216016
205307711
286831841
545485680
421290401
63622844
64105215
55810772
80357730
822022873
205021378
419967603
711035677
113143021
1049776775
807928000
538696837
347164970
749469065
224299144
903884504
202454875
121235134
349646046
333475878
587561088
1023448549
50135517
1287169612
1066644688
91493742
564139758
930807534
462514497
783884962
593592075
129393994
3691592
510726128
571507132
121188872
149759691
21201573
136948791
572748903
29276604
187139767
92018750
704956948
42414577
740007394
1201677049
1515761447
238687598
166690237
560748723
290673889
180179641
165627510
366555049
505540875
868887092
1323470518
818177465
1024262146
704790940
384580159
1318712276
750136705
1215403381
56646303
289910507
1433130310
822706944
267941564
773674288
100463304
945295457
1190534490
703374339
511416066
703382509
524984487
1009679495
98819009
193473389
195065652
163593886
1436286569
593268946
415746712
127237499
1173353203
1387703837
672723767
573521460
601721844
263039636
384350746
58161445
623172030
49187949
828287470
252030932
885404370
1056529858
445556258
1035738471
25680478
763558037
461313159
352752473
1014993794
512580012
542508421
1268632653
41459788
59639260
467843975
1088255938
343763251
194290449
570925672
540244520
457205133
1388517817
1066651339
96788103
239218997
692086335
1198582020
488636398
775236156
471924660
970780985
1044071851
293170603
182666185
107526461
118593708
1136803858
266024925
2838321
852609519
846303090
200247193
252059118
67929309
226365794
286041939
913479041
257009325
120665158
339622494
128864332
298914704
851299680
863469519
51188311
876357200
278310195
1216227992
1244108020
509124882
1190174670
749317182
943935032
1145530092
464489163
823187269
988916565
1017362234
1219760677
538495322
52264969
275111673
1131502100
752316616
604487067
648393059
461842239
103001747
815406696
1355176624
1201541370
1215832218
53577440
242206669
1453683639
403752382
302287830
294505004
1090007978
313286346
215523925
61425442
101459181
461453953
567800268
364012147
1092661999
1262326391
1451171320
358798897
798978290
286746313
377193833
876093907
466009844
766663725
460706634
972029941
124752559
293743277
202038874
758849117
1202670256
368563965
77596572
1181945160
572755647
942386649
118850897
359557806
86329349
390032347
214021659
16509141
38869203
322968139
848090657
359393180
811477296
339107331
501786015
509836826
1218416136
734353346
1126771533
767082552
71136614
132002844
829385543
158861485
175255551
227327531
261477271
29950432
241157244
1246495500
816660883
69249171
622191365
271438342
1159475970
765249622
163633143
725468925
888768922
170932551
991657297
50860635
352692559
900588905
85537882
60347811
90972257
464886682
118863512
839917153
1133966325
989969656
135720271
283119041
346822973
1131028906
185866953
252672666
238088721
19652599
623973084
786877465
191368306
703769620
328240378
1080516550
207687713
95144724
143577159
998666464
637591199
231789277
408765399
479540272
1327187940
955957012
721095038
457167914
320758655
206053491
149912944
62318579
160824541
1473091167
341156325
919810
1113503582
1139902685
178917948
810704591
288281584
378406920
185514088
576328232
247920981
577785982
1013537875
1337936034
1038903407
647065068
828038524
1163266742
1308420537
871822336
422491238
271244961
1109499500
420589472
453366756
375651436
254330160
1018579940
1292201294
11193000
211981305
628044095
322633507
1065946010
1265386436
120790085
612086745
113021560
682148296
36694936
741499375
74962385
483341281
1056429139
312604326
1120054266
23808742
549380190
1001155247
1279765063
204822615
733271824
1237194377
48001150
561869716
161321759
1440624032
785208771
471013379
332792327
319812468
165792523
373418080
824756967
803861611
53686578
201342843
1409358548
815406860
90547030
973927933
306633955
712844449
456978934
779867939
195636897
8057878
529887521
67808221
361826673
47668558
1229869243
790985278
680117536
1022348961
1119756370
524578946
61690082
609552728
1144968233
1267914805
403630713
106664280
162782638
141082968
55540456
1421503451
49243497
1165734775
103802636
563356862
885084376
197229764
381691168
365861579
586143456
813903695
638055947
189333227
231803236
400858916
218182281
279710870
154501583
885211768
1272191970
1223580449
462734043
523322566
730361134
791688163
630926547
728975406
644015209
972461276
460656770
877998779
934599769
538686532
89540306
729349041
1021280740
34073289
1356340238
543959288
259155722
226079372
668015201
416408947
305197767
428518906
735100601
222616369
1419454933
224819973
1169559523
958106406
134743842
919848144
808323289
741704502
368652843
10532205
543847386
1503659096
1590580389
886140307
826136010
896646219
1023243228
428642541
78734527
175372938
1320764712
1375610370
235550707
362958382
433271948
794134259
236143025
397748762
410820546
22423249
461530818
434024175
16716635
271168142
90785703
940836980
1224636602
471867672
253080314
451143444
883355720
3707173
297438588
262036828
763092864
296716342
335949206
120206612
392202841
475774153
366793154
811098524
317920826
67856507
1021434366
282933039
28722006
1301727210
1422593351
1029507812
645584987
926098754
885030905
163095870
287664291
1240580501
63496290
1347142443
920254924
1138656328
51944621
510907877
163478404
25046163
412912756
544514554
19527210
1352289864
355457641
335193053
6289840
720792341
700474693
1112506694
1501358276
552422463
1463456607
317653758
1327392992
657225671
659038597
1291018946
841545005
172609145
173001675
774288145
628204947
713487706
757055335
134997877
978852377
1325325367
1374226365
727385047
1111051315
83918999
1515276690
729745232
194061388
146935913
861983742
745444798
1259417022
411972714
1345009810
781917811
1254853512
99980071
480059240
434422753
399947591
49608047
235009540
1031282786
968605252
1485290222
312948867
1571563817
360520182
1204420054
888695560
318419493
364424413
617161815
493415462
477948938
334492773
260381060
621500870
761299016
731551309
409806992
1151439622
404000493
1178313405
562194906
353966849
788835907
47646375
257914302
586215355
353483872
41902559
228408150
1043118387
930095117
572418930
1335042321
86509917
154167821
193863417
77502994
1275491888
1321371498
284686982
225733099
929983005
585911042
395092251
841507341
602779238
125042407
1317476881
564418830
754119529
341916714
1421966834
437615251
267269735
776820149
646668362
1103011830
166723390
542718015
902765665
971051110
39048366
311592934
860874108
505175161
1287235485
42583330
145637832
1160739454
193682464
137682364
436169760
687523221
488587573
1561439902
540450850
511451491
448237511
268946893
504865826
1104463009
1120409739
1051423142
224815247
224795419
86300610
780652351
140918791
1051458005
10832884
169465889
157968704
91146763
222297632
966887924
405460266
202013744
13667874
872206708
1025925201
993950214
872036985
997014539
34891159
35874031
72458555
148958821
722322325
1082038224
2628859
28409966
111858715
419913747
1237759218
26810564
246517233
18668118
1257365602
925937154
540531612
446850624
671945830
19101699
971577774
1034122732
440154442
80410938
1069023822
296760885
1306567763
183846455
680832399
1343862537
1261586900
1096274696
274147563
1189958434
297158178
356207089
299145724
528003031
127002865
263705525
250039053
254089489
109058177
1194142703
521536072
972041264
592117328
133485082
908463459
497535017
742626708
814981508
250229380
1766491
984717553
284882829
255150649
615685317
233172228
659921247
506409862
87606888
295634718
205428292
284510413
413165714
1220506699
950238511
835771353
350667139
1208184419
1090937406
277424723
610456264
310551509
336457066
859386196
479632157
697897999
317465165
287090682
1052621262
881743035
550642303
134718581
1014490225
659758768
502256626
948521840
321966505
640567323
1063833630
485195480
990125586
581238027
1387039
45742660
902886793
486848121
107887992
84033155
804509901
917749510
802993647
303895409
336995495
794336829
67874379
360526992
1158802084
101699153
262056435
529114842
225818725
506017098
1310874013
729380930
737846021
104529111
645801454
228761626
1176151960
226537380
198974133
379190560
1026012035
282509440
628619872
449065682
239184994
923162908
773782744
1404427807
418954962
724492950
473843254
743391866
705028459
816980657
1243365895
1289007286
498066908
661381961
101025838
1481591978
34849883
450964991
349610608
255012524
930650981
5458769
835751648
399970808
254723344
75169959
549611487
889432674
265605632
161501141
337710427
586439780
602677700
831919626
822942376
399514291
691107386
310377284
111278412
749403521
33676740
77896876
249611161
114703712
40768059
352711103
1447590766
176888012
477803747
129299895
426551761
469000996
877603417
567659287
187472640
675922329
173734299
368847199
454346167
16576668
71878587
925862608
338031491
209302965
472386689
105388071
639999324
644644995
676872575
449573988
63676980
277420736
909023707
391533931
418958065
671467789
1170574748
534855389
857078827
1348629222
173083362
1134437735
617938684
237471799
595141822
20887833
991938618
799050023
455638437
275248354
192452836
888700300
45854220
45827691
22430020
467346891
727428818
93995803
346463555
1412562721
595265521
1014128220
23512455
617946034
962848395
244561368
744581525
1091538651
1438939588
657192201
262078104
100088815
574590547
732466840
18068190
189399935
621051409
5818701
757992473
494361066
610951153
591166720
16630969
586856553
300196931
317904371
1253194393
505929924
461096433
716232356
348603300
197598184
74184787
823066767
188266542
75623562
836034456
1428190766
41790848
499498461
428337397
684548029
129033130
360331551
1190999050
734842963
1306902989
742151499
1119440562
1325119882
239497971
1129234189
358957794
824765586
23953710
1075073053
63637485
521055588
696830012
411322474
1158258117
406637031
68591823
752483591
1316206
568618216
759256284
405452706
1006063512
95799965
477274806
375004011
190344546
151695214
752687603
19749812
51870452
1310737
1232061556
673809989
50251965
280436759
135545979
100629812
1265017596
633837955
570421250
919178852
1033672616
524297019
577204237
612940363
206764716
354392692
614313166
1073221677
515873473
492532233
194143158
1357361705
550190845
821582154
1380264305
526479922
76865093
498854697
116134970
257133503
1433030721
373551684
345157420
589313038
1066402851
1569738500
1221512461
584050514
36240332
599235885
742580344
450937022
176192062
158663838
80407866
1404696600
430907283
465946473
1395335283
509975940
450072758
601792995
1086977212
1010665687
112323607
132869802
247776282
1261460288
42507754
1457063394
749652444
1346540090
897102039
906597871
285834342
1070081307
37702206
1346370220
25863495
303955909
325657228
1111454644
857087969
427545062
308907968
686413686
223964255
770574185
205352655
529223658
821943161
898458473
1108871925
388901913
925334220
1126192030
389833556
147360196
73368833
624491046
517298041
55978946
697163350
539276648
431096747
534153439
74434509
916377868
663101761
872820159
352663733
49374673
123709152
142353749
315785885
649099853
519546266
1005035613
190947776
727486408
225312575
776868356
429898742
164696401
465381045
133764107
329910748
856296293
361996195
1145566963
526502628
173249214
403887773
334888765
442865659
589552747
187949297
337935317
303109082
259156364
594344876
1022496999
965729225
1287061254
569685699
272867767
502329640
959086404
340925014
386151295
233536644
198777793
1332255261
726001360
658043873
61502580
642829857
448311794
815421197
1148100938
385463415
90894591
4216879
189613238
61317538
835755601
966059802
274362026
1510073930
217698372
216751522
175363380
418268993
886110528
1033853485
995112580
28762165
77009404
772722049
460951772
1055600200
685474061
573146600
691865659
338642604
373891325
333864958
347705110
732600813
925679527
798534997
1411684782
1245420454
631631027
1101694496
464569885
386508612
817042860
138566927
451183211
836817364
602785614
119202975
144254465
854642399
80573933
500818582
687690214
1066306688
667347873
678538077
693946887
753986084
1530619147
430770374
825853686
1037784310
598372612
48421163
53676398
1173220724
263334561
281216793
286913231
152165666
285556134
768424702
228951863
1230118328
453723116
598658020
625742719
1116380908
461235145
76821856
429762212
729302937
1354968623
891607233
288189605
113220401
726101270
888359699
669927177
1236544788
1225278212
506939147
70546018
847667006
801485270
430436961
1041572521
276424615
637324259
524302460
321098626
1133833555
817567188
471881951
588329167
429542983
644050032
556072705
567291888
114056196
529775077
732476155
49472218
14921611
677896859
710876788
418419682
769851692
6770388
359637021
1368304113
1397885859
338227156
1194835261
608936028
569350315
885988914
1200033240
96256531
878844106
96018201
33441456
353447829
454383420
194465076
1204367696
586476807
160488060
112741369
216794054
182570257
705239988
948725259
930877932
965857230
490409259
166612338
529462286
8614183
421033784
31399479
604980235
541021842
957750598
1186147440
912462206
148597093
1130639592
588027837
260913456
506935593
997556031
483773379
506940275
501271692
1465007283
124030036
403813334
472820599
121911519
1087266475
548900035
1579857030
321450900
542797458
752516989
705440793
840974762
172735884
381958234
919948940
56275948
779998920
155506815
504137393
201060539
792310759
381549770
135719537
1226310364
1018129068
902165657
886963039
1388023915
53703607
326309050
70023592
221671485
668472582
815077366
146091507
1537286698
1088488965
1004866411
353488144
194928186
375308116
689023045
731321373
633792776
426778396
356005092
34309752
309612958
440796089
15270506
62267417
1021745589
312184141
1075643791
747065004
307743104
412950902
1052373063
1406030760
173499640
719038045
211757069
240768402
362297037
1191876466
584365253
279410509
121225865
334861210
799487557
24750874
567059878
135500948
444977472
785352780
781359078
430445428
457764450
741082375
1027155259
964713637
28660840
1113250149
893073365
293318700
40677519
689774292
209448966
1082488882
1316778364
123831985
86891510
625609634
449965180
42192265
1216494024
924794345
726262701
67234670
1326531314
1017458100
1286723046
406160616
736158156
242766168
623251957
182159055
926456928
171353375
1272590659
694326785
27952738
225632187
1371903968
306269910
104755587
1162825308
99035117
50314667
43945823
21128616
219694542
454894226
111568727
308098017
800928605
66094363
672250155
1063369295
1280060988
944189492
568421708
856651566
577041735
466144074
673469791
793709517
573512995
632559399
3053718
263216686
897666779
231221469
524081637
461385279
857550437
290837486
322082160
853622853
219447829
114411977
893699583
184816279
681007545
36210101
848761979
245826950
290792338
978227718
307789156
794497966
1340015512
698015459
215808248
825173771
417513098
490894497
1427364107
353590086
279998525
311193681
76257549
527864166
731129452
1011865394
176403341
954041477
990142251
141594813
477244004
66399714
1026126875
48752111
229295358
345675739
63939579
1629650872
243264797
683994231
934790131
155491815
231898059
105172314
28868959
674454432
120342528
23588034
1281682156
105481305
346047857
73537076
1196999502
845727329
362951964
219656274
275633354
3814076
114042654
456865955
278988534
84419521
978838674
644243388
241829342
540600284
616039862
748878265
1586092677
785228991
778801862
388561063
1226601425
315883355
45396070
844758207
187300102
1372650718
341378135
1088936304
489544119
204962466
187158651
229293902
240858869
245326542
247878400
123718608
217268270
103375321
417317655
179770252
874837162
58329866
4963949
1131079360
251546730
218639447
443550036
461910110
310208728
592706581
428457517
89887730
510750861
1244723320
371104502
452868219
1464254814
501982032
1414771741
429888601
661271339
761402472
62874380
312682488
107397410
529865197
149479834
1070457933
652856266
717779107
214697490
333877017
835968378
767930892
724021921
622667047
131921460
879182642
601491995
358752878
653415531
266198396
843740284
299166947
229639597
618462650
114537375
713869260
1242735499
11191388
914065375
931215470
78953175
408552468
295629975
158611434
423174983
1453033659
488047089
144744151
377667117
224593554
1033562022
583469980
157059614
1084245429
1655576509
247882580
1217830202
798439290
656798623
175231464
122953147
1570399285
41763731
1271981668
1005327933
75451789
831997039
683584240
125213501
410845714
1171285402
236152542
70314115
482831176
1041326872
308946720
189086766
767950044
477928744
481447531
48837617
287842319
637050340
1109015571
340288788
283185842
1429157739
272206708
233757658
8815517
612631454
1220195298
448449424
412220100
632717182
307602627
13392199
539105406
841609341
1201619341
136621288
274476132
933605164
462114566
218622730
1107228505
1076381
1058181013
1099322244
626506977
335614522
270290484
603565606
635100386
477165885
804487065
397960491
1340686684
38989094
1197451710
194235129
412407686
239635448
527681684
285088143
279370257
378354677
252331033
221263803
342074212
875899705
544517373
82008369
1199648554
2087442
178208551
828595275
571665587
224123115
250137099
228469633
259255738
298735029
493360105
816470694
940527124
462694901
331499183
857537997
451752220
1404188113
71543141
104309315
961116697
231688558
431571633
718422527
814918319
1220115934
664662232
231147160
548713047
977656170
612017654
1365095569
930317342
206947288
633541638
77911604
510606045
275841402
262169599
132699339
562279927
170927119
205508372
441418262
1143844998
328380017
331860117
1383792473
423089376
447118588
398036960
91414927
542141997
214456428
672176543
667581845
395963583
720789670
214484309
109163364
235325794
154333664
159003416
665003098
1372273087
55217203
120209265
219067865
1226735025
79918167
684780097
267755073
120668826
404096411
739044152
1129041384
1033499045
148122616
187156458
211139503
612999347
55683430
85915265
1494308991
125490724
840017448
1171037001
1076476791
1105157032
67573725
1215771091
906242750
123089118
1188095872
140074673
363504545
1513078054
434405245
470112054
1012244236
904636133
98327412
32453964
32985119
306814538
580101869
526432053
1299741817
254711157
12095909
27241760
963756239
491239191
636021610
735452998
664234359
130198428
742283985
1152306383
1021855563
818113666
465672621
634213009
252361796
126510435
179281249
930372606
614966088
445797471
115257179
509046474
745764244
616641059
343028970
582413818
311580112
111024079
80715215
1229479192
511561630
1211900531
329412139
564673734
626160183
253691958
305424189
804019799
16266096
887894276
939330146
658913075
982115159
11853550
97233466
344296008
418871689
75349462
53182448
411351405
569354650
124448524
1292330183
652495168
332207400
772364154
167571948
497040299
422721467
523883697
448590847
55425727
435763770
626864976
413281239
1027896796
329541100
3099386
271860963
686531278
174872613
463184287
149697222
316101703
49666082
1008699580
749833261
980817063
522321580
207370325
330005200
969921857
672561653
464344135
246942134
650313546
451383862
1054377489
106654803
558631313
457568665
563448757
69932574
793039184
80886441
657012067
941373606
1196360120
580119235
471336078
691309484
437769403
616657411
507319084
939625349
1070627832
103693626
263230628
690103332
292390418
575371142
230674886
69658477
8138429
1508203531
676433357
426257678
329657471
302714174
1159892857
1225495606
15411154
515493640
534695388
359537148
989767738
1045670478
712932709
141301495
738466625
98311584
1343156679
213089549
425841252
1255686240
393040108
19694631
976959030
825570118
361538973
52226264
513185856
146429127
144298391
144033779
201404601
919028454
329277724
211857644
441788661
241097966
229746878
344257787
239883577
168413654
382042048
83678157
78770111
154818426
1117285749
1301299847
232636336
716117640
575297917
496041239
361455137
289182798
269919380
399472876
642364059
650640896
440760260
118006634
112614339
345999980
1036380823
153306763
622696836
480564517
46333897
400779519
28544252
1434035367
282819248
457727228
127133443
77195573
957012513
1186656585
426818698
460003700
337696620
155267884
330560334
40697129
417747063
260737131
902413080
149376939
353224010
1505118024
1167597256
404378688
1307971682
489412164
936588013
146314986
49574017
700110617
465542173
1127591461
814448160
383403010
311839574
218204900
326418807
1388976531
434200159
745379672
429036255
845701173
166690241
105937368
998454878
344317091
358723252
609301654
1006880278
167452225
241676246
789050029
670247828
23044464
407443043
20879375
770592841
590302796
859796440
489181855
109359628
632101955
786759881
914655763
1364014970
1157737660
936256115
568609513
574591856
1233531440
248659982
185904314
281456583
83654036
709707067
398032770
515313224
380022771
548592653
774727591
645786623
1234762463
355407315
249894457
505025336
583125834
155781722
1034507280
334972581
142857822
1152891559
280947808
1243989692
1032854539
16282199
433284946
45153764
1218670453
797315999
910923174
271432351
1385917966
186964103
826842250
1408169143
102076177
671974317
195006500
1093668021
404674209
11192755
306216963
437944578
1758459
1098909371
31804001
640376754
146793220
1059071804
962341998
699072175
583039989
1301993610
137716179
817870583
123866239
27007962
222814982
441093066
803265856
52947480
322910359
801654738
200433578
1179277538
632681324
505737986
545248928
1351803271
183960942
1387748472
1194383443
1305246123
8835525
1268780604
1341057678
1611188688
812572934
1559521
508111166
923510797
322035719
280470082
910940111
324690827
16902244
125311729
477340529
228822371
383980926
528928047
691478612
1042318896
474109606
340192107
1697809741
914521382
315043967
679193924
730474582
308382380
92310528
59012302
235988741
1305571544
849247053
254455485
287937038
1603070511
175423237
1058776130
171611185
275804770
368379012
27143522
512368688
291447724
323509052
424887087
267994650
169505608
529976057
1002368531
62596253
212193396
1234052529
1005994093
545938603
521755584
195266429
193235881
260999520
310951584
472067876
1129226938
499806250
1383025183
195519889
825306859
1322079781
258058635
283293103
612980727
475397413
356423337
381556825
960320567
1112578434
1384671468
379608366
957074232
898624292
123810234
290627482
982048636
513813189
1329709778
607971975
308549238
123067726
1198554550
645473743
317727636
648720579
33094630
456763414
466372574
314645472
968302970
340026169
776382379
268574436
1609119756
588162144
638035626
3554587
989548409
132382563
972792470
563849446
497428411
279989920
884379539
51432738
398175291
315198879
692018649
268503815
1225376404
1185721559
1546859766
89258725
1495417247
150767596
192552660
156034487
293675471
93679101
931373983
343505034
128014224
927294909
105053549
205951839
316747375
493115684
942813932
100756924
58790220
788214357
733507168
1376388595
186509325
1025058357
85609141
223605814
295839359
421553529
1272428000
152939907
946175270
207899007
1026180448
222911988
1022043988
253936366
155447031
307082805
185960207
652897562
70819032
1311273110
423098071
9672530
567543189
942975991
227389465
533588273
2802819
934590569
332685419
8294050
298718534
210556194
1300038108
1532086569
1150961935
740850026
635823734
485886975
724074139
549508900
1566682865
11722128
19455417
502310755
242453291
7816329
561269961
726289743
1460216124
369292227
686852102
3848172
177437050
1380440880
655565117
24240575
79790268
1152181038
1088343733
21066910
660025021
450422353
242944880
643965732
470804100
1007380240
535975863
244173079
825398749
25005035
404676703
12318923
776278369
879265996
463312828
845170390
756331370
765930803
3929366
313890443
725250283
52327960
22278108
282257010
143696268
5278459
523504960
790520333
257640038
812206831
664123298
954610050
865255567
830914173
263828306
431719277
340993428
325607400
316813758
1167129420
1168662903
281736167
511010224
146085404
747414167
531958576
64532099
654891437
1167402219
1370191725
253488900
556736577
395014113
941778053
424849805
389189190
797185631
838041534
165204791
977473628
19316186
228634851
91174718
349727156
38929206
796254603
627417785
865915334
296372364
38114765
136549905
1157419201
621829398
413677411
1154650796
1043132959
515711473
468918280
492487451
1193446732
800644579
946975292
793013055
127343447
112058687
782723502
519889283
357595752
409412712
475554494
293670014
727052632
451750707
591418407
155534202
163802954
611915423
458591527
200775421
1082801068
424138459
197568539
779131076
471458819
415701392
498184995
217615069
641947187
589318652
1366189405
978938475
840531023
425860535
350053136
774177414
742130860
185869711
586894519
235133410
1223408050
735794063
651283786
308993135
398065442
1035172480
235862924
308718307
1554191384
238995339
1056697775
417250631
1011123358
866428971
1290597560
782830677
115812654
515833619
1004979795
130476849
92599065
138007802
40475302
1307994837
493554947
1169402433
327915536
593364606
425151797
114179295
407386648
383155716
227574278
713957291
13589956
121813276
183108189
1091368043
98143436
622026799
426931736
147590434
964236838
244243356
439614944
427351399
531325100
804398696
264385970
589142118
433492443
415017441
69709162
554149871
799917272
591283399
444040989
118200370
1087538568
784376881
1263686099
894738496
215970653
1579411261
987633333
966732100
389574067
831351782
1351739977
1437709122
319248949
395327038
1378846675
863577451
129395693
876122812
1138746084
620413955
957654132
1040915771
1149224157
94003136
282326530
337550062
518046292
1418994574
742170221
279909219
799939998
105404589
172557796
361569047
651453461
405512249
287006787
172778238
816185474
82556869
194943691
885489633
648519768
924271512
312256155
352045845
546681108
329739666
194214054
1038089258
443459450
552531998
660813713
1103396580
647323254
146241679
526473385
464525250
1446138353
981937969
213346075
326166296
740688464
562124118
1150800949
73252404
302254995
1126652891
1357118373
1187565147
295026912
588734528
384758127
822238339
1440339661
983654343
92388962
20907923
50748723
557483218
547400287
376561155
438158465
442009280
309807151
369777648
630094099
1073045217
1038785740
49833691
373258647
1233599447
229098316
545871910
26380658
93755352
360581025
442771298
699681231
722594506
1387662164
458537824
571348244
705477128
891787695
37333734
1308160239
1226526259
303291734
190340819
113720246
1166114310
368310654
1106515852
379128678
1038832439
211182658
880773096
227302435
1139674683
671277938
264801996
952753414
54812616
1108937277
33399363
1003788935
779601467
24742129
909846099
304065390
654514535
1227778397
797980869
339748679
1484942263
373491394
827599671
119471414
29362100
495571393
957608772
369553837
1044135940
628849945
158861984
1217842286
690158790
1411495222
555935969
341392607
404564249
416455263
595820268
3390757
521722246
707253771
179436671
313063781
408826885
1404805066
540908271
641472086
1433011785
182027612
58645077
1070324300
110073590
227991688
310192750
542117527
589044790
304039602
340809287
223405979
513751099
296289813
451290714
43989091
238168252
284749834
662815511
1143896277
97232786
19633034
397159721
265101095
198332762
355037517
944125203
685411626
74158506
876761653
925430176
140116438
217772167
682117307
876810150
575500986
808069865
368649792
546657307
939142029
721632657
745464675
466321530
219156363
1023133220
305323365
556522131
925241046
652851812
1116145717
230892488
1178335578
519496825
980863759
216565134
348557576
1704674471
1721144635
1322373264
751066649
1325266385
744403284
573739555
506144868
626747755
304407317
486945750
202736400
348150074
421254737
19834535
578910307
586021304
181515758
399913765
308280634
1246331411
67111036
899810083
378133924
861229900
850430890
222219441
330184267
771656017
57056017
513893909
153438920
1369632174
109948208
358788763
286924840
445187208
531956769
503241116
559459616
39515833
717002715
378069973
32002832
1557023813
1385751511
228957336
965366340
879956442
1669571656
268485162
367262013
493623288
77122527
418108506
1597606461
415131167
523441060
198747693
93417193
1281430241
106665771
289782499
483750557
206291892
438701944
154109323
601528088
1649432665
32229723
82196928
1531954497
1213093412
702311313
59510338
1255235166
218298532
345023944
980536947
132845551
789854439
870635175
1162826391
1053954492
733540204
527051749
570418843
1025081267
513311917
360967503
1193883862
614345569
455243187
1205242029
13604165
716403760
115508699
414678455
681594471
868150480
642408405
451470070
7824141
907195240
1419553380
559246267
366304432
283934454
527627609
186632765
1100043327
561678599
1072619992
345884985
244669663
992753780
1057893572
259906541
629680703
166514278
1427933736
237213432
127907696
615158680
854957519
44176211
1255507436
1192987403
1259273419
853710466
1534529233
97135655
407221078
7134301
886115316
275009799
215711777
1346461591
393564219
152830021
1132202384
1149805053
1343158215
86995800
442166470
1261048577
1511322281
320446402
1020138970
417172697
629542754
496497732
1149152655
881979270
1161468037
114474214
1044885357
335837343
930279644
381444919
218724407
976653988
938097191
47387700
773865380
620177435
606808355
128456860
1173569426
248058909
917933767
212535219
135007192
1436626796
402290469
1248474967
439515931
1185913913
906421432
630292959
19991739
1050940849
1777944
250860424
316266506
471271953
688258326
577807734
252995694
53399917
580700450
1450450676
471196612
1441141702
33223052
1261945556
162857256
330873246
473119779
618926315
961296613
200119652
400815434
95342799
843978280
49577465
31723602
104021892
488922992
1121824292
979981651
5373281
1408955786
1072707069
126626499
829187278
119021230
583419290
952180357
463380368
1256394576
273552773
814809810
663556977
817842048
1176286608
1039311163
775821588
578615131
1096239647
87318821
904298524
722194824
756880379
1386792094
1403640012
292298743
1029157150
703785402
62089024
1207303662
298962218
462853897
14466580
402572515
567927067
842439803
900490781
245164413
415226614
768901223
1096617338
67966657
1104656330
324339596
527697840
860002464
6848017
325982598
82886213
215063253
134889796
612259438
1603202791
972841054
734360641
1061161708
422072528
670083378
203882346
11754707
730935909
1134864909
1564810651
1323332299
3594695
587397220
70378667
666691994
320543877
472387810
855370589
429557164
161745387
1140529559
950972605
1007228604
600864933
10449026
750751491
39585474
254401264
544210269
825494446
242029588
101315927
280218050
1173125762
1461378740
712701740
845293679
232034984
60601589
67389632
160541738
46675719
561365567
847355000
819528947
124722707
632496500
971183299
467184370
5200497
515835988
99276372
120243173
145900615
305823777
954349330
1010056079
180289884
633229379
1498052214
486245959
730710658
701111320
1526204946
829492648
264258053
448153088
1080122313
525208537
415382038
598828210
634575834
801771935
330728083
195376343
309990642
269871817
716487680
147523846
195139353
487876298
44536164
862584798
900164963
1175683108
246963479
353337368
13805463
921623521
167146093
883813236
647526747
302199130
1112313398
604243909
992759093
1053148787
101857348
91024696
208816337
288523062
653394334
45485024
190378232
1518263108
584585970
880821582
33789779
49261836
187061183
958478352
305614669
155290663
778129954
39758359
387886393
192036098
1210342317
451705736
196690707
914126784
29518874
270874360
401737846
544022871
971876581
53349513
532910933
1013580496
1362974061
1173914965
771271208
513437391
671867536
65165259
176463782
407073830
117148550
352836044
1512596385
979323051
322739579
354907267
15601118
490065434
39962515
378961288
1347778817
977485277
34628042
150090211
725970080
254708609
384232739
236084281
1047251888
928113210
826512185
148174624
1696757889
869433035
668954075
193078124
1145927981
900518085
289330059
781121206
701184875
265516685
389593698
833244432
906484481
881117743
230084304
1055617161
279371232
859168019
923878319
617147726
359744656
798740854
299736198
60379288
74345304
197474129
1069988845
208817521
470716297
1069816250
1310596852
1615054938
191918111
137489846
78349340
598937634
1050059470
16610211
30830478
1518074574
673423736
522869312
528827186
539555456
714827935
625195436
31646766
1299204761
765533164
845229908
469601062
481902907
591839369
868902075
308697081
929964782
9456998
297698768
63340351
395979803
1018396193
1333254985
1550311761
199829319
357209381
167180382
76736513
35110932
253105707
1493786372
959607953
734939342
694685228
924944505
199354738
964874072
34063095
483165317
798549096
46585063
738148495
369828681
77208501
230189315
126094475
531153010
1333917053
397252164
1031258632
1102308698
122564951
207507848
415601921
18811081
185161939
525034798
35822214
1142913058
674648573
1287949574
451804157
12350388
615503416
38469718
166050522
158303668
420205348
993846196
448938541
1092267523
5014704
617122815
37151300
410144386
535186753
110375130
1629927002
863499602
215420669
1125537891
443062537
1001061974
993623067
56638864
201859484
19061574
565206154
1452574896
1368850755
7648549
1378184988
152968065
617415148
293808925
47446715
528000435
1317379624
1340273412
779872137
226790037
22690308
100138872
566451115
224152632
14909755
274035412
547796335
991263878
1033618531
1245751460
690163906
117117708
586538152
747955549
584650344
800945540
629391470
564018508
210432784
585391820
354840197
452452751
719184254
158653982
604999847
1651801306
976038280
435598734
1066891103
722275978
728177439
214112211
306659481
306395943
929292827
402140186
912707381
1521822524
1219138501
88677697
1130954148
1019848595
600953271
461965295
815136035
810040087
728645268
20518437
522031023
526282329
871484232
571310913
211130747
565205913
749794999
1265904966
487648160
1081535897
626455674
219351574
470391320
63441325
307627029
452723767
205646138
1057415577
283009111
596681124
496549365
451643529
116348881
137887206
155352245
177708314
145340828
1093391206
229428632
126227456
21371768
603402527
85160694
839836244
111967881
205052274
95564102
13738740
1615913498
510302931
508058089
27930109
69827719
1080361599
521785577
123038747
869591698
1052571709
174696001
521509588
1433182160
56479024
1495628165
90982687
164717286
591161982
911798705
644458318
