100000
418 147
52 163
450 255
9 220
310 221
23 442
60 212
438 3
379 404
37 223
68 385
284 53
181 333
296 15
274 186
109 172
12 392
180 42
205 354
405 119
421 323
99 278
270 188
289 179
277 39
67 237
405 281
208 207
26 21
90 296
280 354
176 375
31 269
64 336
251 347
261 1
65 18
402 111
344 448
357 171
423 322
10 336
26 46
357 197
419 51
206 95
178 112
84 351
5 364
366 23
6 193
193 358
217 33
449 332
147 1
317 140
37 345
111 129
324 163
424 180
305 28
404 311
144 234
183 301
382 391
19 244
64 3
429 191
37 299
174 344
62 117
392 375
114 261
328 391
223 166
105 422
287 223
18 384
402 291
138 244
180 53
291 101
361 348
259 112
239 355
168 85
152 59
56 334
305 29
321 204
36 323
435 89
397 149
162 5
415 27
95 3
426 111
127 80
247 348
79 373
16 438
91 380
157 372
36 296
104 356
439 163
329 47
129 392
342 174
416 15
108 29
145 428
20 65
136 315
363 408
436 277
335 122
307 285
123 268
37 227
232 14
105 261
417 72
386 419
312 219
6 204
321 108
214 401
336 207
293 84
61 126
39 40
290 437
377 324
316 428
281 294
372 55
404 46
322 270
114 99
65 431
395 8
21 95
298 161
265 59
197 66
107 251
146 391
210 246
10 32
381 181
135 248
38 56
113 447
432 208
306 302
132 113
361 109
141 442
315 340
103 104
365 166
266 30
21 65
422 320
434 130
359 128
150 151
412 70
130 307
208 142
137 96
183 166
217 341
100 361
59 283
270 118
77 376
279 130
74 149
423 277
371 13
91 431
98 3
9 329
426 208
346 3
302 34
304 389
339 80
200 387
71 284
370 92
376 403
80 62
306 410
5 193
378 236
404 48
57 193
75 338
344 12
206 439
370 135
318 327
402 144
334 438
150 37
358 388
13 233
177 95
440 120
68 84
271 423
192 430
377 263
352 90
381 399
419 136
376 140
217 258
82 168
149 117
226 293
424 202
368 285
25 243
275 269
208 203
227 268
288 11
89 145
126 130
420 267
26 139
3 280
80 329
50 415
97 449
94 130
275 150
3 343
65 416
420 188
423 261
79 150
414 213
119 404
274 142
13 46
275 365
179 424
8 437
298 168
59 142
39 117
40 285
198 374
309 389
403 50
212 222
335 171
428 259
154 386
364 349
122 355
248 62
110 348
155 279
292 356
285 393
98 283
173 277
49 414
210 346
270 437
385 11
151 350
14 183
201 154
20 233
407 336
177 151
153 8
136 353
258 46
381 25
14 344
122 297
230 97
86 203
173 437
332 277
150 402
162 185
13 449
98 233
110 301
37 130
250 138
408 233
154 260
202 302
202 89
294 327
163 360
208 344
97 46
272 281
398 150
18 265
252 224
108 228
12 248
205 261
421 313
45 319
368 198
441 396
27 49
100 254
124 376
225 410
61 321
74 222
233 430
184 120
119 219
261 50
287 376
79 75
405 133
93 403
48 316
438 417
43 345
338 156
49 298
409 164
215 425
245 63
92 402
280 185
59 339
13 317
189 89
449 346
260 231
227 391
363 228
57 262
246 92
362 98
336 217
418 148
51 253
348 354
157 237
247 272
88 220
99 345
108 174
308 276
43 355
227 223
442 272
297 138
344 89
438 319
331 11
363 251
448 234
330 336
125 14
437 7
129 122
297 34
301 53
69 31
176 354
303 160
327 3
337 269
417 283
140 298
390 140
295 397
265 256
181 197
377 421
287 450
8 289
70 273
395 185
245 34
394 90
406 261
253 312
109 348
437 385
431 61
231 238
410 335
340 20
437 54
260 110
222 42
16 70
59 131
275 405
14 409
73 213
353 278
223 199
267 65
419 62
98 243
344 340
67 405
78 83
106 332
325 358
52 212
102 116
431 355
14 85
258 347
56 184
164 396
66 444
436 57
26 394
283 247
259 149
198 308
384 117
139 78
14 384
157 279
100 185
135 425
220 177
153 416
421 380
383 415
389 176
132 307
426 62
16 293
97 259
384 32
78 392
1 304
50 344
26 48
229 51
341 365
293 275
427 255
247 104
228 95
437 147
214 393
73 132
159 288
291 35
388 174
97 125
266 41
10 326
218 143
43 270
115 312
332 413
126 176
220 299
204 301
437 248
246 370
364 2
363 138
109 434
178 288
72 426
351 273
248 4
96 222
392 144
22 210
136 341
208 14
405 163
150 246
384 305
278 268
195 445
231 389
437 402
93 160
85 90
345 285
400 173
39 414
440 162
301 122
118 145
167 403
401 341
302 152
161 248
93 326
111 345
397 139
256 21
119 220
320 302
52 131
116 384
274 289
25 152
341 279
92 200
384 385
427 44
124 111
125 206
85 416
59 48
75 117
30 133
436 91
256 385
152 192
335 246
305 355
238 265
329 243
160 368
2 235
12 416
26 54
287 148
323 248
312 158
293 20
360 350
317 130
31 392
247 88
226 320
322 60
59 301
99 69
346 59
87 257
294 384
367 323
153 234
60 325
79 264
124 383
356 201
245 314
350 167
178 179
414 3
213 438
94 81
420 421
179 449
174 333
142 398
405 410
7 231
7 116
364 172
118 29
29 100
342 162
411 217
155 316
269 103
76 162
254 77
244 241
205 228
68 409
34 398
101 297
192 418
308 216
376 440
187 372
220 105
8 143
446 165
391 159
432 260
325 23
219 6
359 202
262 433
40 22
182 382
402 203
5 74
148 270
17 421
243 380
212 358
289 430
446 288
388 313
302 345
368 344
85 161
430 103
333 98
166 431
8 78
21 419
202 317
46 41
262 244
64 75
138 227
9 117
154 269
130 281
0 141
51 202
126 255
355 201
128 391
439 153
217 344
313 358
329 38
57 147
292 422
353 405
108 308
180 382
282 132
372 350
233 196
282 313
402 182
356 276
58 406
108 396
86 399
418 162
428 423
293 62
196 417
131 313
346 166
55 133
1 158
325 424
85 392
78 306
44 210
291 184
434 406
385 293
348 379
340 126
91 64
289 330
215 221
423 75
280 188
137 260
59 126
99 359
52 269
6 117
229 12
99 419
3 236
142 341
272 439
6 35
290 429
63 79
188 253
386 251
431 328
38 404
36 429
241 338
186 211
234 411
158 397
195 283
104 76
384 318
311 291
449 399
349 279
269 8
288 16
143 320
397 8
324 110
122 426
109 248
143 363
320 112
62 247
388 175
377 114
83 178
260 92
32 240
24 292
214 100
82 339
235 309
142 302
412 61
220 208
27 115
399 222
36 13
69 155
446 36
64 145
416 252
190 370
45 401
419 248
236 380
193 24
304 185
59 398
262 437
243 74
245 434
338 259
102 110
241 283
95 126
407 166
430 315
143 138
119 346
114 278
225 107
39 371
34 355
54 32
449 86
290 325
366 445
350 117
122 91
405 234
280 344
161 61
105 120
244 390
326 338
162 134
344 187
252 284
116 141
249 415
61 153
204 102
108 89
108 338
195 59
275 0
251 172
146 29
342 122
343 208
348 119
16 437
244 407
434 59
405 278
124 62
215 92
406 265
327 350
369 175
170 16
271 61
398 134
214 150
50 357
399 338
337 429
301 354
226 322
89 35
329 358
340 374
70 252
146 115
192 281
77 28
308 243
319 356
145 148
332 433
17 359
44 311
50 277
339 51
83 396
321 229
232 33
314 400
221 446
290 376
200 373
246 1
285 207
298 8
257 204
297 12
339 434
211 310
32 348
55 20
179 7
206 425
362 381
39 179
180 162
372 175
354 44
325 123
347 401
61 139
173 309
294 302
14 163
438 109
312 220
306 117
7 398
292 367
3 27
328 424
362 36
409 244
406 19
237 175
239 178
58 190
147 431
85 178
275 414
313 156
233 183
333 441
89 9
217 41
301 79
315 22
373 85
450 235
247 202
422 22
366 110
77 227
349 128
367 276
58 372
197 59
189 422
398 120
147 413
193 306
45 290
260 97
68 160
442 106
223 299
21 217
120 429
120 317
190 8
267 290
15 291
96 240
84 366
116 450
92 114
212 4
128 180
256 316
325 202
316 199
39 74
97 227
375 439
286 410
11 322
96 391
361 187
36 213
213 130
276 353
24 37
124 278
143 442
170 421
198 222
362 100
78 200
10 350
291 5
398 408
259 243
284 290
177 340
394 325
304 73
346 373
166 400
23 224
192 387
180 48
51 404
218 20
23 359
429 322
25 386
25 232
182 249
132 265
278 404
273 193
22 231
187 169
68 371
233 383
170 77
185 14
293 13
18 373
97 418
39 140
126 10
7 246
188 437
360 189
10 380
163 51
248 157
229 121
280 177
77 301
264 430
323 403
1 153
258 5
229 65
113 389
166 446
59 42
83 139
170 207
303 213
348 170
237 8
120 66
292 319
343 36
25 180
252 343
403 13
199 51
103 45
425 107
6 250
221 339
246 429
143 274
161 192
305 373
341 197
84 303
72 211
170 46
314 224
118 382
123 191
295 163
66 353
77 388
175 276
254 34
129 150
357 115
303 410
173 33
240 358
347 285
141 336
75 146
429 351
271 146
322 427
178 349
411 26
102 378
234 215
363 195
0 296
305 84
399 403
427 369
224 386
113 141
201 11
36 136
262 126
415 215
268 339
91 225
1 82
375 145
314 367
118 407
397 331
228 72
28 449
254 122
112 396
104 162
146 304
35 328
409 102
110 141
291 264
236 68
441 268
118 11
365 442
317 314
65 120
324 298
426 118
143 295
79 398
294 280
233 449
114 262
165 173
253 349
76 264
119 271
358 17
281 42
121 298
157 334
293 323
45 68
415 146
43 209
25 98
339 329
62 192
134 82
430 331
157 166
334 97
160 50
406 99
402 131
326 64
368 216
251 247
72 78
343 409
88 227
160 347
372 215
185 9
256 155
425 362
191 280
83 435
328 268
427 342
131 240
160 169
332 115
264 299
143 136
163 267
268 180
292 19
382 421
373 296
139 318
144 129
289 48
373 208
345 352
12 282
203 245
336 50
113 174
334 49
356 435
59 318
76 243
386 49
147 364
357 244
431 7
48 222
59 119
239 13
391 40
199 236
195 430
50 77
66 11
300 201
437 220
390 333
21 51
205 256
260 427
82 29
130 277
333 423
94 98
426 255
266 240
305 61
346 20
114 399
368 169
379 162
330 22
157 214
140 253
419 184
54 405
233 47
449 295
15 3
349 194
88 54
223 135
76 272
306 45
420 74
145 109
248 291
5 428
409 132
402 402
15 106
241 125
163 156
377 104
247 22
411 65
29 249
372 239
0 401
2 140
89 441
167 251
271 243
155 262
26 289
357 91
45 340
283 375
74 238
100 78
18 260
442 51
74 212
427 427
43 373
287 120
356 242
449 6
290 433
99 70
321 427
39 329
98 342
316 378
188 317
77 39
30 364
344 386
263 405
411 424
130 344
129 126
347 428
257 97
218 42
201 272
279 294
222 270
409 56
127 96
204 401
407 111
149 284
441 218
105 396
343 302
103 130
448 64
292 315
237 24
390 277
220 383
174 146
186 348
221 335
107 278
435 63
416 43
133 315
337 305
171 395
58 266
56 374
17 246
194 21
449 427
291 241
428 386
330 314
270 60
414 184
376 171
171 82
114 270
82 196
412 279
315 325
156 173
442 422
370 306
407 120
295 274
397 428
249 440
161 134
362 86
53 380
32 269
410 291
193 255
208 367
402 300
83 278
400 119
240 180
222 326
171 304
336 320
372 149
163 221
350 153
260 158
19 113
198 301
157 94
367 403
312 130
32 179
107 400
439 0
304 138
283 272
419 286
295 115
151 109
360 26
137 433
125 90
383 161
184 377
67 450
212 93
175 423
427 313
343 24
410 286
79 334
54 352
144 206
19 379
201 354
187 355
262 447
437 13
410 186
152 200
177 199
78 159
100 441
336 352
221 257
120 221
191 431
335 243
168 72
121 8
116 233
140 381
317 181
379 65
202 367
143 239
145 425
267 208
117 41
357 435
265 80
43 174
215 440
290 320
38 356
145 254
286 340
320 230
260 244
126 413
372 71
70 41
190 112
323 144
245 404
312 187
218 57
66 218
410 337
317 348
17 354
68 222
270 334
263 307
429 409
92 300
26 112
208 360
57 345
96 246
397 432
155 266
411 411
244 402
44 443
205 412
317 225
252 145
307 385
258 335
233 185
24 143
261 90
366 303
206 321
85 385
375 129
333 182
171 364
266 243
370 390
232 229
155 42
76 205
407 151
281 36
217 317
123 174
140 390
161 436
270 228
196 23
371 71
349 415
35 200
21 149
380 170
406 32
356 207
132 236
272 111
306 335
1 10
150 41
325 339
331 263
87 296
133 19
3 37
117 252
338 31
154 132
448 309
145 221
13 110
40 71
329 352
370 230
268 94
245 206
446 6
289 171
41 273
288 83
115 90
15 282
164 437
75 236
60 183
420 108
433 185
83 339
409 87
135 47
359 221
56 34
157 278
40 250
318 432
368 186
409 274
220 31
217 390
92 344
442 68
390 358
224 344
311 245
73 89
423 175
36 307
281 399
342 201
348 45
115 28
18 232
34 16
368 336
16 109
19 64
229 356
48 49
429 319
219 201
160 43
325 395
442 75
57 161
192 181
29 178
349 350
174 279
289 83
109 72
254 364
421 440
369 404
175 85
155 116
415 222
262 214
329 216
13 244
444 162
326 153
402 287
280 105
418 77
129 109
285 372
45 219
329 365
408 118
424 282
199 272
172 389
307 450
146 64
28 393
76 198
29 430
199 396
168 378
210 301
320 203
244 3
96 428
178 358
154 350
149 226
155 256
147 66
91 170
381 313
364 1
431 364
220 224
146 188
22 439
324 322
354 433
340 132
448 258
171 242
151 129
9 15
205 141
340 430
336 218
170 380
255 142
405 147
209 385
137 252
207 39
335 364
409 78
440 66
347 449
353 188
402 432
406 85
9 22
188 169
0 266
219 170
304 230
385 151
170 252
386 334
329 169
170 94
151 247
132 254
193 43
376 312
278 209
199 171
31 301
330 422
205 384
2 124
250 419
22 141
39 428
404 300
266 371
384 87
45 33
232 379
246 8
119 272
143 371
431 137
96 56
429 263
129 27
443 281
191 93
196 29
276 280
305 366
447 312
73 251
178 331
136 232
87 263
309 431
344 415
23 193
202 112
217 350
386 249
88 182
55 11
309 76
394 384
314 402
387 287
68 8
48 196
432 180
199 95
37 323
266 251
14 181
242 420
239 246
357 290
0 229
448 316
123 376
253 403
416 250
415 346
324 290
329 409
446 281
210 42
330 109
59 54
2 390
33 44
381 54
348 15
224 129
108 269
440 419
355 17
206 432
175 370
390 324
8 418
293 278
78 192
288 230
297 168
411 337
312 356
184 195
421 22
223 318
32 296
213 241
441 107
286 81
200 169
187 76
294 235
293 177
288 381
7 68
219 340
363 401
120 65
66 423
217 430
447 441
6 113
64 241
143 64
146 205
327 256
126 308
352 363
255 317
114 220
353 358
198 202
364 49
315 99
324 186
415 426
60 324
98 328
111 83
426 66
69 404
131 388
327 359
112 159
396 369
132 417
36 85
355 226
60 409
60 264
184 350
414 248
389 151
307 38
123 437
78 185
331 20
12 266
277 441
212 33
341 273
76 99
4 386
343 205
332 122
225 91
303 326
414 247
385 366
40 28
155 214
104 403
77 65
207 30
50 68
58 439
353 154
182 128
290 80
344 297
61 172
153 259
388 250
130 383
189 240
319 145
269 102
38 411
248 89
102 134
438 180
389 235
247 264
403 161
242 244
255 437
5 151
302 68
150 220
85 303
115 157
36 434
210 383
166 408
365 144
332 353
190 351
159 53
308 138
339 214
196 427
37 211
70 153
352 142
92 281
419 354
404 50
146 41
115 98
329 35
305 21
288 254
189 360
265 224
100 20
407 100
274 440
129 15
24 320
444 344
104 108
357 345
234 27
278 442
268 273
107 217
188 278
443 248
254 373
267 166
258 302
120 294
121 295
441 331
404 111
73 203
188 349
252 251
13 62
283 274
356 441
326 27
281 62
125 218
28 225
395 378
447 99
193 47
24 290
392 23
134 307
252 174
388 239
264 191
425 170
252 153
406 390
74 232
212 60
67 67
258 139
430 39
65 185
196 0
426 360
355 270
122 290
406 121
366 29
226 446
441 303
52 191
335 99
227 309
402 246
443 388
95 49
63 156
2 261
118 286
346 439
227 146
52 42
419 2
268 55
286 147
351 414
59 400
201 197
126 21
411 95
441 395
425 249
395 329
282 9
92 329
196 389
140 133
192 77
40 40
94 168
445 7
166 181
435 244
346 310
355 42
203 201
59 248
128 148
52 337
119 321
361 334
205 378
275 164
416 359
287 392
299 437
298 328
18 298
58 241
109 366
136 159
365 238
51 194
420 119
34 14
448 53
202 325
423 263
255 397
34 132
105 193
61 450
189 249
182 353
207 365
200 379
283 18
110 155
213 341
152 329
168 450
11 58
395 401
171 408
142 137
39 325
316 269
441 96
161 447
400 192
187 33
407 115
238 92
172 381
34 312
233 364
388 199
51 210
423 120
430 437
141 248
354 372
51 245
241 102
294 315
218 416
204 75
429 237
135 384
267 156
137 338
369 119
441 184
329 42
316 71
314 439
28 104
171 86
182 25
236 254
49 375
325 307
406 329
121 169
209 264
372 257
388 116
143 232
424 150
169 269
229 174
317 370
185 102
298 71
54 237
289 264
125 433
433 341
343 265
91 392
169 377
56 50
393 415
170 186
310 211
356 308
74 317
321 109
245 41
6 429
33 118
229 296
191 107
142 41
255 235
286 121
402 286
118 246
295 372
342 295
52 242
322 447
195 132
67 342
106 361
360 32
347 162
385 73
446 413
209 95
133 308
416 163
51 128
386 132
438 318
314 207
247 76
403 159
106 397
434 132
300 355
157 168
356 101
258 145
121 178
116 294
402 25
32 422
227 29
45 232
430 350
321 113
345 212
68 107
271 369
182 107
8 263
179 87
64 341
233 436
285 0
146 198
420 423
372 107
109 99
85 15
61 99
307 380
19 387
222 415
437 425
348 160
429 116
308 308
5 164
323 208
225 402
95 157
399 271
177 317
327 248
438 63
30 320
149 340
312 210
43 260
224 315
296 311
236 87
203 391
258 447
21 444
382 180
226 153
414 71
330 428
104 84
368 103
92 145
320 56
82 415
195 164
86 401
327 12
102 136
41 400
80 63
447 16
248 220
276 75
25 195
115 241
249 418
405 412
124 347
52 136
356 314
115 198
383 386
90 248
200 218
330 440
378 104
346 264
200 226
18 438
242 269
163 224
181 371
365 168
343 117
139 157
46 63
415 55
217 397
167 266
226 184
385 240
37 316
123 26
165 411
443 80
284 3
282 112
115 16
437 98
420 281
437 326
235 364
29 371
352 409
407 188
32 104
85 201
107 87
130 295
310 285
81 404
355 166
7 215
212 280
236 181
168 155
151 401
156 397
439 319
18 220
172 243
170 123
372 144
97 228
197 396
64 214
72 402
439 17
305 409
188 424
95 375
210 287
392 100
379 203
75 75
301 428
215 47
209 152
128 294
410 450
60 205
75 432
90 338
400 179
137 443
262 247
130 205
170 414
397 449
152 324
228 209
315 74
172 273
127 339
307 184
37 151
134 50
152 25
276 97
79 276
102 70
433 253
343 432
194 3
116 292
205 415
441 132
135 391
379 71
248 290
360 25
3 179
159 376
116 251
207 111
282 332
336 137
95 4
131 164
92 361
312 440
446 159
102 29
80 325
251 285
62 111
14 264
150 236
87 148
323 45
266 163
117 330
342 100
133 148
338 32
21 448
134 170
155 35
33 52
184 336
21 263
333 259
28 219
230 30
300 310
264 248
181 15
400 442
206 294
325 370
280 448
402 278
209 223
256 82
248 243
280 262
75 28
83 390
160 428
386 193
209 239
184 399
316 183
41 229
86 244
288 315
99 187
56 46
187 13
23 250
444 131
158 227
337 306
76 418
135 183
363 370
112 317
408 190
16 262
33 428
134 288
26 313
77 391
166 232
139 75
92 31
242 301
301 302
450 378
70 256
262 201
320 327
23 14
260 105
70 39
201 211
278 263
72 172
373 265
384 98
20 120
376 150
356 135
69 109
401 332
111 94
54 155
413 113
436 368
174 20
378 402
389 114
293 404
197 391
14 177
67 13
263 423
370 97
234 384
222 13
367 31
397 214
450 386
43 79
64 26
321 79
301 167
256 183
447 317
372 393
67 104
339 22
179 284
203 88
216 125
319 204
30 208
165 105
414 224
48 147
247 86
286 35
180 393
283 258
179 340
218 67
136 332
216 262
146 18
107 228
351 181
79 223
191 230
354 112
132 78
370 198
303 124
356 212
437 99
168 335
295 105
295 58
387 218
368 279
217 381
233 56
75 247
78 87
408 295
52 76
125 417
180 37
410 333
191 73
46 180
262 360
4 44
18 6
305 132
1 194
345 60
285 125
285 110
17 160
68 431
367 361
68 201
171 193
190 127
285 421
46 223
287 43
250 315
405 6
361 158
181 54
150 136
344 322
349 96
192 155
72 275
283 206
157 198
426 266
240 450
299 3
36 272
21 76
239 58
157 103
288 383
390 58
154 398
387 93
183 84
108 438
197 163
83 27
30 398
282 446
189 9
406 363
374 21
146 302
177 198
238 426
252 395
351 299
174 310
126 182
277 6
339 112
84 262
236 35
154 217
140 401
416 104
201 326
419 280
197 39
441 355
449 450
216 185
395 320
327 177
224 206
311 392
136 152
294 49
236 264
328 285
151 243
434 189
171 181
303 384
305 185
273 377
437 299
328 225
443 276
272 284
208 33
87 408
329 374
191 164
147 366
92 125
176 18
283 411
335 109
80 64
444 422
122 179
39 443
104 283
172 67
372 216
335 170
291 289
107 419
366 321
185 53
170 34
328 166
55 219
98 300
415 286
124 163
11 169
241 171
444 113
176 116
316 225
231 301
315 2
273 9
293 6
215 1
63 46
184 63
105 9
165 447
431 121
297 165
316 203
76 3
299 177
403 356
353 129
396 25
142 323
169 47
351 82
352 345
52 333
429 385
146 111
273 235
208 122
320 444
273 110
209 98
343 366
98 406
155 55
208 114
327 379
263 25
58 448
261 403
323 145
446 275
139 19
353 111
302 409
213 339
289 201
126 135
54 359
365 29
95 26
441 37
293 344
17 127
36 103
191 257
385 44
298 153
295 283
323 39
33 101
439 400
224 416
81 229
214 134
59 33
10 66
61 32
0 340
35 41
348 292
346 316
3 287
439 381
208 127
152 234
92 92
317 166
3 402
210 253
214 117
433 384
146 338
379 250
47 300
14 425
287 344
70 176
324 410
84 54
196 214
168 110
187 354
427 239
290 166
445 233
323 340
102 89
151 17
411 148
299 283
240 216
425 21
226 103
245 359
324 282
319 258
294 338
126 332
386 406
252 346
298 216
25 403
360 22
280 449
210 52
57 260
67 373
272 27
354 415
419 186
173 8
155 40
338 94
19 69
297 430
199 420
277 362
174 7
390 385
406 199
156 120
408 35
5 192
103 108
174 17
146 261
439 226
139 227
276 96
101 74
46 378
159 111
356 1
283 387
347 170
49 318
32 172
47 99
28 377
332 242
272 207
145 347
256 187
131 176
312 128
380 185
352 206
414 340
251 310
122 95
29 290
244 358
158 78
78 135
52 421
205 309
213 364
356 283
193 219
228 198
448 314
432 286
100 153
346 236
148 338
368 189
404 418
274 137
369 258
241 29
42 89
256 251
145 443
393 350
412 435
325 309
147 380
257 348
85 187
439 305
311 316
27 226
316 192
79 407
349 22
110 371
46 191
388 213
31 92
420 116
312 198
96 259
195 71
41 63
114 167
374 70
292 403
187 233
231 182
65 338
113 260
243 237
438 174
320 31
35 308
225 145
237 264
446 20
209 18
200 219
301 311
115 146
449 133
206 191
123 27
180 215
34 242
437 352
441 204
171 109
105 249
120 421
337 264
208 167
336 26
395 102
432 71
103 280
123 262
255 116
382 398
171 344
263 196
149 101
57 381
203 254
450 13
282 7
197 309
274 436
153 369
267 155
309 88
410 276
343 127
75 136
378 32
354 209
89 204
426 339
444 1
3 173
209 116
153 88
309 355
18 40
92 267
306 374
120 245
264 122
20 47
450 407
91 124
394 211
334 379
244 361
103 430
314 194
243 258
38 311
330 93
53 373
178 385
128 393
65 382
68 64
358 379
30 159
107 17
401 154
450 57
341 18
68 11
355 387
427 447
430 84
95 158
421 177
7 446
393 81
353 184
334 46
316 188
93 31
306 188
200 437
349 16
429 108
10 95
404 41
192 45
358 385
434 294
15 268
268 444
387 38
35 10
275 279
353 349
144 289
165 45
12 53
229 134
266 302
328 403
1 281
291 242
200 38
11 269
105 31
224 331
116 57
361 350
291 376
21 170
364 378
301 269
269 130
259 114
224 204
14 225
159 415
83 37
362 202
111 317
388 92
202 67
178 343
188 348
259 353
292 76
23 72
107 271
71 83
70 445
55 185
262 370
188 433
124 79
225 250
352 37
429 171
63 250
137 24
425 322
181 60
445 240
436 33
181 318
348 397
438 336
142 340
316 315
440 372
450 35
390 377
341 440
341 9
257 144
134 258
306 435
82 126
153 183
8 53
274 196
404 141
367 27
367 447
365 421
446 101
281 405
249 287
12 179
199 270
12 260
372 38
230 294
302 285
236 386
261 252
25 8
435 29
17 413
12 89
133 108
389 281
294 435
346 339
237 352
383 243
231 246
449 395
1 17
155 93
440 376
82 332
233 441
76 321
380 414
21 427
112 238
27 424
116 121
310 286
443 390
347 318
217 394
52 380
312 408
303 88
72 105
383 387
231 209
209 75
400 354
113 93
400 22
228 206
125 394
405 57
83 169
310 391
38 282
171 279
338 226
68 94
110 67
178 362
387 214
343 191
386 237
447 442
403 352
198 137
332 354
355 117
153 175
337 205
149 61
164 82
343 328
308 327
24 287
72 205
57 165
377 310
320 43
263 225
364 56
314 162
283 405
77 34
345 401
18 203
116 68
363 87
212 39
207 393
153 428
204 323
133 212
407 253
409 331
27 423
315 10
102 251
450 62
400 123
57 361
337 65
275 224
342 391
443 279
42 153
141 201
4 70
314 4
408 29
235 126
100 75
106 60
351 430
122 402
104 226
167 195
66 349
323 126
168 419
352 73
390 443
396 125
287 321
413 95
244 210
232 126
190 11
346 129
371 208
218 263
443 179
217 368
162 441
58 319
290 4
307 260
274 99
56 431
111 286
246 3
219 411
372 33
27 68
173 206
58 405
106 212
299 267
293 324
69 209
136 14
78 154
101 14
105 304
118 109
226 326
341 364
87 69
356 46
287 409
157 429
109 109
387 161
96 81
47 148
208 201
401 238
427 340
134 74
107 213
127 0
20 94
341 371
446 136
246 0
86 442
347 123
223 352
228 314
348 210
356 426
283 373
143 310
299 96
89 25
174 6
15 330
312 116
154 408
194 329
356 98
241 302
286 77
431 83
65 279
316 406
344 77
283 104
242 442
131 213
211 374
9 368
131 424
115 233
182 121
171 164
128 12
430 106
359 166
305 260
0 88
131 65
433 316
66 354
447 89
42 375
323 148
201 187
101 290
26 225
30 53
100 82
248 309
99 228
125 369
35 101
172 159
365 270
345 291
388 395
191 50
319 194
126 349
224 227
84 302
437 180
131 226
293 1
28 252
5 280
430 318
26 94
45 44
264 40
335 450
208 34
20 8
317 310
361 195
220 80
345 178
163 57
192 313
55 1
50 3
217 134
134 188
176 313
226 8
144 188
10 198
274 421
239 270
418 399
390 241
57 241
212 389
394 344
224 304
268 35
24 23
286 258
143 54
222 222
229 52
13 435
138 92
414 201
133 61
315 445
134 139
416 69
268 40
318 355
290 172
372 184
358 179
3 264
222 260
267 401
274 86
0 177
320 169
160 418
208 276
430 112
389 395
77 366
62 19
154 223
286 10
131 116
138 178
11 19
355 225
151 333
249 352
438 142
367 409
268 348
298 403
422 284
73 93
316 209
73 73
242 170
229 79
287 65
164 186
378 51
52 240
205 164
252 384
192 446
20 380
311 131
362 33
207 176
390 157
17 407
298 190
329 61
335 7
335 238
208 345
0 230
124 442
92 16
13 27
342 326
201 103
40 134
150 303
259 209
141 247
303 31
201 399
243 24
166 348
75 243
348 364
77 290
223 91
160 164
37 58
19 166
272 139
227 221
223 112
263 354
382 172
109 64
79 275
249 267
76 338
108 242
230 131
314 42
260 252
215 86
13 119
313 124
445 92
44 136
184 73
180 31
189 321
69 7
370 240
186 424
232 284
49 89
167 201
405 10
77 448
132 75
0 448
241 272
348 396
11 317
278 385
106 258
405 265
230 366
402 279
18 228
268 392
316 80
422 42
148 109
183 332
184 240
57 302
303 421
219 4
100 402
105 51
50 72
339 245
84 44
26 187
449 166
292 153
67 253
136 171
264 49
163 418
92 332
49 372
425 33
215 319
72 447
377 210
16 213
442 312
219 200
342 332
392 197
160 379
337 143
73 148
1 187
33 11
448 118
156 155
206 67
398 25
249 447
299 121
129 219
215 352
222 296
191 309
442 149
102 30
410 50
299 407
6 280
27 173
285 309
4 305
340 420
341 114
338 306
29 345
423 112
281 23
404 67
48 336
381 46
196 264
327 44
87 439
381 291
427 109
366 260
16 72
197 105
221 245
368 66
29 262
274 323
268 243
139 430
357 281
417 404
178 198
404 113
172 148
330 392
383 334
211 94
416 172
299 256
94 110
160 7
42 430
365 439
171 286
332 251
21 238
282 96
51 135
236 59
183 354
4 129
284 442
145 27
344 331
383 286
285 433
315 418
286 432
205 379
184 344
310 380
418 174
347 317
439 5
356 243
241 410
442 420
417 21
1 372
343 257
29 164
373 236
298 390
269 136
31 402
278 28
332 322
5 319
335 266
371 281
64 381
87 62
54 290
225 231
247 385
167 390
195 61
108 85
110 152
211 203
95 394
317 17
67 107
28 149
67 428
215 141
347 246
24 1
51 426
222 322
118 248
331 335
81 197
29 331
296 262
280 164
203 103
202 211
222 279
113 406
116 395
304 33
208 227
326 351
277 84
168 88
342 394
374 249
433 320
384 252
426 171
365 34
117 337
315 60
340 28
242 294
247 255
73 433
385 142
444 269
408 159
250 183
2 29
324 247
176 201
43 85
371 318
163 33
77 155
159 335
98 58
193 2
60 443
428 318
29 99
221 449
332 352
324 25
124 389
102 190
356 11
351 176
83 245
413 266
259 80
309 380
272 279
38 388
420 346
426 330
152 71
106 374
356 419
223 197
242 23
221 308
154 405
225 138
74 400
161 85
163 443
264 280
395 73
328 335
241 251
64 151
364 420
329 128
326 349
43 303
385 428
76 327
279 43
80 405
99 307
368 113
437 67
133 186
82 361
328 423
55 269
393 263
431 348
224 82
331 418
272 44
428 38
372 429
96 79
280 447
229 10
17 192
90 94
240 304
155 148
52 217
302 290
445 39
139 276
175 36
38 283
404 65
83 126
157 78
22 219
163 423
166 268
21 276
99 180
125 167
360 99
33 216
159 272
16 114
394 327
122 420
139 145
342 283
14 267
230 418
83 425
340 437
410 119
250 396
167 450
46 163
302 230
39 72
182 376
330 395
139 304
215 105
12 302
237 314
404 223
61 279
106 263
309 89
265 115
154 403
154 88
239 347
359 349
362 303
56 321
432 7
266 129
246 27
260 337
106 272
61 385
320 187
213 242
159 67
169 242
398 355
385 295
419 327
268 136
99 372
247 299
131 383
336 148
139 25
210 129
18 320
368 87
156 106
363 325
311 338
450 432
72 101
366 55
450 398
76 58
19 156
47 155
211 190
318 161
98 297
96 194
171 445
300 380
312 230
373 385
18 214
280 338
301 305
203 150
94 71
215 324
62 127
332 264
103 234
440 437
414 293
135 418
190 17
226 79
354 367
213 215
318 343
5 97
286 64
63 165
290 425
412 100
276 213
411 37
121 378
68 433
68 162
191 363
356 112
290 379
392 16
351 202
325 87
352 116
54 367
228 107
212 342
180 428
26 31
130 123
121 127
170 340
4 13
60 63
55 202
405 122
346 52
201 85
96 333
167 50
224 356
187 281
126 128
352 36
403 300
53 419
141 73
267 377
444 438
376 35
126 245
102 422
132 63
408 8
275 60
32 362
45 435
207 198
244 277
206 246
378 444
271 52
231 302
304 136
229 400
218 344
302 368
199 403
333 438
140 45
263 278
132 116
156 24
107 314
326 119
170 338
396 248
179 396
15 30
244 104
396 111
243 427
322 448
322 282
18 394
207 394
39 306
11 278
63 77
242 433
286 261
351 323
152 446
302 11
329 280
101 340
236 425
325 75
212 322
113 226
370 299
322 313
116 330
106 261
117 389
340 48
98 258
136 423
431 101
111 330
270 322
237 84
246 113
31 133
349 145
335 163
161 397
94 137
37 196
54 147
28 171
54 15
69 39
408 4
335 252
253 9
58 184
143 132
83 26
165 423
56 198
133 351
260 85
155 37
414 218
151 425
350 437
190 96
429 240
237 160
341 205
131 346
36 338
405 409
345 435
3 337
417 261
346 255
210 368
54 220
336 396
221 206
117 194
79 91
152 170
382 317
84 318
58 194
188 84
28 361
32 85
215 205
212 7
80 114
398 403
314 334
198 203
122 408
204 332
87 234
347 42
247 92
192 366
370 163
243 92
427 63
50 276
187 338
23 90
362 141
360 169
192 216
62 407
308 174
207 276
255 360
361 95
76 233
416 16
419 420
361 329
100 145
291 23
40 291
446 190
197 2
134 62
427 205
64 334
298 365
91 14
318 70
336 204
82 84
232 139
11 20
323 236
426 337
316 402
418 34
202 262
189 320
410 423
410 74
4 234
106 331
95 377
129 191
104 400
61 117
423 10
250 28
203 438
232 18
182 222
447 422
294 370
288 5
107 26
54 179
0 354
183 53
8 236
279 44
339 78
378 244
35 321
146 0
397 296
274 235
278 335
411 111
23 115
140 117
435 161
111 98
192 164
440 422
27 429
275 412
251 295
249 43
254 180
333 200
116 190
363 262
255 204
378 83
4 302
7 278
99 79
7 214
298 31
339 216
117 445
417 381
268 310
232 31
4 85
304 332
92 124
63 227
162 304
377 211
35 277
183 351
212 157
3 302
259 439
294 290
254 162
65 263
37 286
144 132
64 59
410 191
186 403
296 180
262 378
269 201
82 303
393 210
445 248
10 220
179 213
93 431
423 52
98 374
290 210
299 409
250 371
396 47
250 405
366 263
202 175
130 411
102 4
306 143
140 212
202 74
312 136
397 87
28 158
109 120
112 66
34 339
147 28
57 382
392 162
371 357
270 90
394 204
269 70
366 116
89 387
406 49
140 134
358 403
182 389
276 241
78 276
119 403
35 43
190 358
168 237
182 129
1 79
130 134
333 73
87 31
16 116
147 157
43 365
323 72
208 163
110 195
324 116
128 372
75 298
198 223
68 174
447 273
407 112
410 294
129 125
76 325
137 142
350 5
91 4
245 320
246 359
341 181
422 252
283 107
120 199
388 441
50 180
149 197
226 223
370 144
342 407
114 126
434 282
49 391
286 409
258 174
447 431
364 179
413 25
427 306
423 382
395 0
29 405
170 218
318 264
208 43
144 222
317 331
297 381
162 254
401 41
166 65
88 366
158 330
382 197
358 435
396 85
297 372
418 72
148 243
240 345
283 438
52 439
309 259
417 34
188 10
282 423
127 66
27 234
70 282
444 294
428 178
406 241
130 303
200 101
443 385
435 409
51 159
59 409
435 437
332 254
335 172
137 435
97 153
300 38
50 335
411 365
448 55
92 1
136 64
371 364
29 380
394 368
7 197
48 450
235 114
318 102
365 7
270 386
134 401
41 173
254 121
310 122
36 372
185 232
66 433
214 286
346 183
138 28
386 72
109 418
194 82
114 316
47 320
41 18
172 390
77 344
207 79
42 410
190 344
71 211
384 56
174 405
284 50
311 396
187 86
35 93
33 220
336 435
360 344
393 93
360 145
318 405
94 140
27 125
134 376
99 144
445 72
333 354
250 104
438 226
48 200
219 158
312 77
51 134
343 57
65 168
166 23
428 289
83 85
356 439
344 248
212 433
78 281
238 354
173 14
382 309
157 318
204 191
412 361
91 175
365 159
423 242
29 337
436 67
93 327
269 67
208 154
241 319
430 32
275 339
27 206
335 152
236 337
221 356
310 229
402 267
403 265
234 202
313 274
411 405
165 266
202 150
88 145
13 324
101 107
137 334
12 73
444 374
313 153
223 356
268 387
306 98
258 90
205 58
13 95
115 37
258 369
286 392
7 270
9 183
101 419
255 200
308 154
206 161
74 127
147 121
118 274
241 413
185 163
379 69
252 111
306 347
292 350
171 173
202 155
315 123
181 213
362 8
164 91
278 231
55 89
4 331
224 334
258 24
407 378
240 164
179 347
244 79
352 139
2 275
378 370
404 17
253 324
179 399
106 256
267 249
248 314
91 101
111 75
13 335
20 113
278 322
128 365
3 218
182 351
362 397
86 380
289 159
211 330
366 149
400 108
341 99
294 406
342 289
337 291
316 181
76 36
62 21
123 412
257 86
227 220
354 296
269 257
181 173
306 238
154 64
255 6
313 39
254 342
327 205
162 302
40 6
235 418
57 432
34 301
398 238
65 125
101 96
419 187
423 265
127 122
354 298
241 371
30 69
413 441
203 416
118 79
270 57
52 40
336 178
168 394
343 310
34 416
409 245
178 394
289 82
23 446
383 268
439 12
251 108
141 243
45 177
102 261
125 374
272 159
115 78
232 38
79 332
421 439
101 158
390 22
416 213
434 447
101 416
227 273
244 95
150 263
8 34
428 84
442 72
428 275
95 430
353 97
284 283
214 54
268 281
186 178
82 289
267 76
20 443
363 201
358 446
354 54
198 262
205 110
176 391
46 39
224 335
26 168
307 320
443 108
104 420
123 261
357 31
352 20
221 301
249 364
243 390
313 105
182 146
25 344
221 184
100 176
97 270
425 402
35 17
331 89
162 308
54 168
255 448
203 1
3 235
432 101
136 356
151 414
274 327
38 369
198 375
426 147
233 16
170 420
196 91
429 271
111 338
170 352
445 434
375 396
343 300
35 201
58 330
22 113
52 267
377 427
245 418
97 172
158 296
70 99
276 56
395 436
357 282
380 72
238 173
255 370
107 248
31 135
177 285
233 191
298 127
5 87
331 199
95 416
413 165
187 273
346 288
332 21
283 410
287 217
316 323
86 194
36 285
148 334
83 450
0 215
141 62
331 80
310 409
265 438
336 24
209 257
319 375
88 41
14 161
75 394
409 257
203 226
373 275
256 35
140 332
38 120
295 273
201 137
368 220
410 445
5 100
338 129
381 204
431 284
409 186
329 262
98 18
233 226
194 435
85 317
116 8
278 425
198 124
382 132
249 188
242 374
349 188
352 398
246 388
59 296
306 223
123 172
285 79
8 3
139 42
125 108
427 207
131 436
415 151
421 6
274 165
239 335
439 208
6 94
241 288
317 253
116 322
294 231
70 338
73 65
188 20
341 25
219 352
233 309
355 296
240 263
417 65
238 280
357 367
212 86
379 204
239 1
260 200
86 4
48 35
9 410
361 416
243 312
129 286
74 191
327 362
47 12
107 344
239 365
275 78
259 156
19 198
12 24
188 289
365 132
253 271
302 195
47 219
303 276
216 286
78 253
429 2
103 118
442 142
155 224
361 189
108 450
144 351
266 209
232 442
63 450
394 408
250 381
146 405
59 149
238 202
445 322
33 202
343 221
115 71
102 201
282 268
105 327
269 385
375 165
342 97
318 262
422 367
307 54
22 256
219 228
32 218
24 177
118 115
227 313
350 439
109 249
78 49
391 104
202 77
256 177
404 249
436 248
360 72
229 385
203 321
5 409
239 243
433 358
188 76
221 187
266 126
314 243
159 280
434 362
125 396
161 165
135 11
245 144
123 23
355 371
76 168
62 62
305 402
163 341
45 142
425 266
245 376
161 386
313 403
257 165
422 159
92 291
184 89
341 401
193 182
356 233
122 413
314 210
156 60
172 352
281 368
302 200
68 25
438 225
42 433
434 357
144 248
184 166
224 276
134 115
21 68
22 172
259 26
138 6
46 232
446 329
130 437
108 337
436 315
415 112
214 258
198 131
109 71
76 190
91 228
135 255
412 417
450 375
220 46
180 241
154 180
69 113
275 14
238 78
164 421
184 312
160 320
349 410
101 388
298 254
211 358
342 305
52 274
439 240
433 325
132 123
143 337
21 316
431 173
88 223
99 104
88 110
252 306
335 180
74 107
435 268
43 61
201 324
123 79
360 16
11 402
403 78
94 50
375 178
18 292
220 240
419 441
139 277
13 166
256 223
247 287
191 384
265 110
177 35
433 143
68 32
327 137
311 99
318 253
165 180
13 9
373 363
132 102
0 35
0 92
146 95
293 261
86 283
179 150
44 58
375 438
25 143
318 179
204 111
341 222
274 346
129 113
329 170
317 105
12 173
391 366
378 175
289 415
375 330
16 130
374 205
365 258
193 96
291 195
74 197
259 281
79 32
220 195
43 381
50 370
21 34
9 399
444 80
333 111
59 36
87 446
23 153
96 425
319 262
110 45
119 192
91 405
325 61
142 136
99 146
348 439
443 102
369 137
212 438
278 163
349 150
333 398
416 308
345 18
54 205
58 176
149 199
78 169
73 86
116 66
282 246
360 207
416 89
278 99
329 172
41 282
338 100
231 96
332 412
7 409
444 224
370 179
410 104
232 413
152 132
45 397
161 393
369 437
223 81
223 46
360 308
263 287
142 290
339 420
200 424
258 257
34 213
171 224
304 352
444 73
179 252
89 64
435 386
117 211
24 229
47 33
143 173
344 232
87 445
279 129
359 48
273 294
223 441
197 53
374 199
122 271
86 73
154 358
118 293
249 146
236 390
347 125
28 221
403 306
243 251
56 345
17 150
8 233
294 447
99 81
7 205
29 82
382 93
57 445
381 17
83 183
37 289
276 385
282 337
436 109
406 229
432 25
69 67
288 313
288 219
120 216
26 116
246 149
165 318
93 51
302 197
328 367
139 203
128 20
356 445
201 86
235 21
379 5
301 35
219 11
180 262
44 103
95 130
153 446
322 303
316 196
351 266
40 125
270 335
80 198
149 43
299 158
176 427
323 412
204 78
223 125
364 262
99 445
330 76
193 267
32 301
2 75
409 336
145 437
353 7
232 411
64 104
415 56
25 348
150 321
89 253
275 374
63 134
385 435
172 133
389 104
118 119
343 279
352 355
11 219
35 231
116 46
356 368
171 311
352 329
289 224
277 184
230 391
307 136
439 302
276 200
192 433
45 141
179 233
213 252
60 219
291 96
291 301
221 107
280 52
282 306
276 286
5 350
78 12
388 30
371 78
235 221
223 445
135 118
22 159
293 52
401 6
227 448
204 179
345 218
85 360
328 11
437 11
212 428
349 433
384 59
412 305
20 408
138 255
318 159
175 307
402 327
147 354
113 162
196 415
446 430
412 360
293 264
152 269
69 53
108 447
73 297
154 73
91 173
349 169
401 38
237 204
409 396
338 185
227 37
155 80
362 379
398 276
368 425
67 4
328 239
184 327
394 426
413 386
52 300
189 158
123 48
143 181
298 124
170 28
261 121
32 369
158 228
392 125
357 155
364 279
446 217
184 277
32 191
223 183
28 262
168 64
292 284
421 65
262 210
315 148
330 261
154 395
124 253
242 2
57 188
377 399
173 121
361 425
152 443
262 402
345 247
356 360
251 417
68 339
4 442
408 38
206 121
84 266
287 237
24 165
80 271
165 98
315 64
78 21
83 257
396 91
290 108
208 147
438 50
244 386
131 420
119 353
56 272
290 180
217 213
30 359
203 175
109 288
15 197
162 22
117 18
202 349
84 53
174 12
449 424
430 71
406 425
71 369
151 237
344 20
161 117
215 108
414 133
5 134
69 254
332 444
244 209
194 100
16 58
333 402
431 123
308 392
349 237
65 224
420 329
354 70
272 237
66 201
433 96
192 240
133 156
325 8
335 352
95 127
442 71
139 404
160 272
388 272
158 353
280 200
414 138
218 44
434 358
37 442
23 179
60 446
408 155
230 87
345 67
345 80
16 145
429 433
349 53
321 90
271 175
401 381
112 148
134 45
267 334
319 101
262 138
429 69
106 311
36 430
81 165
179 235
134 131
276 189
158 168
87 216
135 371
64 257
239 238
220 411
103 275
152 134
406 112
9 250
404 5
340 334
191 16
214 288
223 269
183 225
172 108
103 379
389 90
442 286
332 447
296 332
415 3
186 304
349 222
208 200
76 383
146 258
138 424
236 177
305 399
129 403
197 434
95 115
359 444
289 222
380 300
56 330
208 349
267 18
211 280
52 346
160 61
379 124
449 415
11 308
46 320
72 276
324 229
153 147
297 275
315 306
354 254
242 169
66 245
60 133
96 44
35 338
9 116
22 215
118 108
90 318
144 285
242 37
90 149
444 371
315 169
307 162
183 273
239 111
270 409
60 322
133 200
13 104
220 162
450 21
97 69
150 88
208 102
71 225
3 122
29 294
141 292
42 230
310 92
108 34
161 302
106 207
125 409
431 319
196 366
45 158
427 284
67 369
283 121
268 280
406 368
274 69
84 256
90 408
98 4
103 68
31 437
424 391
1 197
226 131
310 84
381 200
51 447
448 328
335 381
258 78
374 231
160 351
86 376
27 400
174 155
385 22
322 249
145 181
81 415
275 33
345 93
408 441
330 80
197 125
328 162
266 137
341 402
27 129
52 232
127 67
303 74
385 202
327 340
339 250
267 400
251 4
28 28
411 33
403 388
335 389
217 366
299 179
11 275
136 98
217 35
336 407
165 114
317 408
329 136
242 226
411 367
67 316
424 413
34 293
182 263
109 432
283 226
314 52
421 132
284 112
385 244
122 10
259 115
207 142
106 326
440 307
254 104
50 160
191 152
272 291
185 220
2 115
373 123
182 291
430 268
387 87
46 348
307 66
231 132
320 148
184 167
21 244
180 237
136 143
355 374
101 274
322 417
416 40
360 110
49 343
411 303
184 221
296 95
74 163
444 120
159 11
14 253
413 447
97 214
435 412
401 395
167 29
439 260
10 221
281 315
342 270
371 53
10 103
434 243
66 427
32 216
124 385
288 438
345 144
177 438
10 105
373 218
421 433
9 104
117 391
307 147
157 180
86 307
374 6
298 229
46 129
401 357
140 379
97 126
176 15
328 181
134 425
348 405
326 346
247 90
445 54
107 420
121 56
228 19
155 193
290 271
354 388
236 366
33 123
377 119
128 73
56 106
352 231
163 426
246 252
213 26
192 226
212 147
248 61
28 22
79 449
197 302
75 187
295 303
315 256
321 393
405 186
50 429
259 385
237 315
324 22
31 254
209 350
294 444
326 239
372 336
265 31
294 171
253 344
122 305
72 179
258 268
6 370
158 437
136 128
124 254
142 220
5 231
21 391
101 299
140 217
258 216
386 402
438 237
336 379
240 43
211 110
213 143
227 1
344 188
14 73
324 311
417 0
247 39
179 136
380 320
437 295
362 225
298 102
9 187
304 411
93 289
144 90
408 168
417 427
427 130
177 97
430 129
129 46
234 255
120 220
320 209
234 78
301 97
114 239
242 229
27 328
120 402
299 397
65 76
279 173
195 264
129 156
329 109
307 98
344 230
176 131
82 166
207 72
110 279
108 201
297 10
132 284
118 259
108 146
264 236
327 228
114 48
441 52
192 310
193 254
120 73
200 4
39 405
287 351
431 56
449 439
264 387
409 215
89 412
329 404
408 240
433 220
306 213
192 372
176 99
148 100
322 128
280 402
258 178
280 123
357 381
95 200
141 338
197 245
209 42
46 226
401 180
387 117
133 318
417 346
244 223
54 124
355 432
21 236
377 207
393 367
211 389
169 151
183 50
77 9
324 69
273 48
153 372
396 342
22 345
376 25
383 410
290 227
307 46
222 205
250 445
409 169
230 187
342 282
271 436
38 337
407 256
208 20
191 331
398 448
37 348
245 319
80 308
378 218
397 450
82 98
146 390
283 343
199 105
139 322
405 13
45 234
342 249
392 73
346 110
380 24
292 78
301 363
404 211
262 296
139 40
165 124
126 363
359 132
168 305
9 32
335 83
300 75
209 432
131 192
37 127
61 277
255 112
321 148
218 205
123 241
180 281
385 430
157 86
227 30
113 398
422 275
31 173
381 184
258 306
159 131
59 438
142 312
448 191
21 424
99 182
142 288
375 292
213 152
143 245
161 351
440 166
92 250
141 101
210 16
89 313
365 41
232 428
379 292
136 119
79 130
220 254
72 411
111 415
4 286
127 189
95 216
405 385
67 427
179 397
413 215
260 10
187 431
315 209
388 54
364 50
0 382
437 379
12 241
39 28
109 182
253 141
239 149
101 93
343 212
48 10
151 240
228 439
409 31
201 14
211 311
150 2
285 324
181 359
332 440
429 414
205 410
236 443
154 432
25 145
106 346
308 313
50 398
133 327
271 65
308 422
366 123
75 120
56 47
272 368
147 135
1 223
315 371
111 171
81 374
196 444
212 34
67 16
122 194
243 113
375 67
176 234
212 341
256 58
392 310
219 338
150 145
381 137
158 1
303 45
1 134
278 43
89 311
375 341
24 161
27 91
338 251
400 234
339 367
191 228
317 319
86 52
373 402
315 249
54 263
427 121
6 187
436 164
395 412
389 379
32 411
277 312
109 166
319 149
449 419
152 408
114 190
161 200
4 387
394 123
279 310
428 51
305 372
46 21
350 315
354 252
259 384
162 392
229 209
210 343
195 416
365 36
188 415
315 431
111 119
89 212
19 351
380 83
363 92
6 211
383 372
256 402
181 406
364 79
14 364
166 95
284 33
391 380
156 370
411 276
108 66
390 62
323 76
183 143
161 376
68 304
392 240
219 45
184 21
197 380
289 218
182 189
255 211
260 156
442 444
187 85
119 251
141 330
72 7
95 294
252 361
31 17
278 132
73 219
45 166
415 157
239 215
96 176
245 119
230 419
39 24
280 9
372 307
25 369
306 376
260 275
390 352
433 268
84 325
173 94
147 368
291 93
76 435
313 351
353 2
70 238
345 429
251 126
391 259
64 144
378 209
361 125
12 429
35 423
403 183
57 402
249 99
71 402
225 232
312 144
129 269
412 413
34 425
444 29
334 290
320 430
422 277
208 158
331 22
282 39
181 140
54 165
100 251
275 138
188 95
76 164
256 135
375 272
398 270
155 167
57 93
374 325
333 65
158 345
278 82
146 312
12 424
27 245
195 225
88 194
66 295
117 220
22 267
184 416
33 446
286 185
149 103
230 334
412 24
256 349
3 261
145 33
291 305
18 407
85 157
444 445
210 46
257 3
414 82
64 415
403 389
119 89
118 13
347 344
131 402
253 217
260 187
430 355
298 53
341 42
395 121
176 275
329 417
221 406
45 79
108 187
80 152
435 394
391 253
290 82
435 211
331 74
91 398
236 221
447 167
315 32
244 208
133 422
271 440
377 90
314 79
338 293
17 305
434 205
79 349
259 194
367 175
315 407
309 277
419 137
170 241
238 250
312 422
414 205
226 403
334 202
152 176
3 143
305 195
151 267
170 318
19 102
66 220
319 325
191 213
347 24
328 155
173 409
264 226
405 392
381 423
165 441
289 425
149 132
303 280
165 204
370 38
336 309
198 407
429 157
397 221
166 221
275 245
10 401
288 28
194 443
326 70
444 103
140 89
363 293
101 167
281 437
49 314
154 412
228 243
270 420
384 202
185 335
420 399
345 256
327 37
414 358
44 396
165 147
175 64
309 425
235 286
378 48
333 422
67 110
253 189
107 184
165 215
241 141
177 94
293 38
254 400
46 246
0 156
318 418
77 365
406 283
46 160
211 211
90 288
447 388
75 392
48 75
56 391
151 348
263 336
439 250
171 243
362 366
14 155
73 11
68 269
324 405
422 426
0 287
284 58
95 19
57 348
268 162
306 2
20 123
261 271
224 7
204 57
72 256
285 168
53 84
449 372
159 25
228 36
137 42
292 321
359 20
419 443
237 136
141 438
207 291
372 278
334 183
314 225
234 237
270 202
202 187
35 33
146 82
429 9
294 11
156 150
53 376
261 49
381 246
74 206
157 60
133 305
339 260
21 154
290 207
330 121
100 217
81 164
302 429
419 313
388 20
435 103
335 316
212 328
9 211
252 58
444 225
71 52
64 383
413 300
234 441
299 223
73 272
341 224
278 191
288 231
320 304
207 355
375 408
290 326
355 65
359 267
343 270
408 62
125 249
444 272
395 353
406 446
358 60
362 342
169 179
249 417
438 56
102 404
222 352
403 18
20 19
295 161
387 330
384 437
337 96
286 253
328 87
99 428
152 165
222 388
217 320
221 70
294 45
53 170
83 285
86 61
179 9
92 234
292 95
405 65
26 356
76 201
289 322
79 450
111 426
31 186
164 355
329 375
269 323
80 319
260 371
28 134
419 109
376 279
261 209
123 112
99 74
422 232
146 410
109 260
41 275
196 126
209 38
235 253
161 446
122 360
102 124
323 339
290 404
411 191
405 80
216 21
246 422
140 96
221 146
57 287
357 99
81 222
61 94
78 245
42 362
18 106
386 62
120 55
163 19
18 148
289 86
401 310
418 43
129 51
258 226
286 174
275 428
40 407
424 65
339 194
200 341
320 333
156 8
293 131
391 133
268 302
150 342
2 298
69 430
130 178
421 312
158 210
25 231
395 295
352 440
158 370
200 108
450 169
66 231
220 338
97 419
175 236
73 329
20 226
186 98
144 13
34 135
76 186
129 438
220 16
386 425
371 273
206 302
98 256
164 293
282 201
302 217
402 421
16 449
83 370
357 405
256 407
108 252
345 88
297 203
145 113
238 65
8 209
409 377
340 112
65 218
344 418
304 16
253 255
122 56
299 36
45 399
220 84
8 35
330 64
78 265
343 263
36 176
444 368
90 117
421 105
416 240
356 66
247 417
67 172
89 214
271 89
326 272
154 21
340 368
382 122
221 285
225 347
168 269
282 193
194 139
303 431
154 293
373 270
338 71
378 180
25 279
334 108
243 329
393 332
386 129
254 18
281 183
235 184
143 429
147 153
278 179
309 85
161 309
447 248
201 249
199 17
345 35
360 274
344 215
88 314
195 204
241 92
409 434
298 136
366 271
335 96
294 117
423 82
446 51
335 256
103 432
76 66
421 319
266 5
433 311
370 102
48 370
228 294
43 425
60 391
411 327
310 13
396 45
24 371
122 106
201 349
2 256
1 93
333 210
228 303
177 168
331 225
91 95
270 161
70 194
70 358
387 178
407 318
259 330
97 77
83 382
172 368
99 157
113 299
308 246
234 337
390 131
25 76
41 198
375 120
204 284
184 141
315 426
248 421
125 192
303 175
304 152
55 177
283 127
211 24
450 111
277 253
444 412
172 306
115 443
406 381
5 359
221 12
347 269
341 128
387 292
342 256
316 172
401 273
278 57
180 89
351 400
215 220
158 445
27 94
370 397
172 233
295 159
93 428
301 202
222 45
99 220
377 184
200 239
428 321
182 363
342 127
299 0
258 75
353 411
220 359
148 103
443 227
312 305
34 149
429 360
289 271
193 256
259 161
113 86
104 89
286 359
345 289
316 105
393 410
4 28
104 292
305 103
171 225
318 207
441 80
411 6
370 172
309 254
379 361
74 414
73 443
167 429
72 198
428 344
290 153
16 357
48 364
91 373
281 393
111 117
381 287
394 304
297 36
84 295
253 379
4 0
116 403
291 25
376 287
448 384
260 134
30 83
131 89
281 346
360 164
387 421
107 14
397 189
242 235
10 410
303 184
122 201
19 195
364 338
142 65
242 166
360 307
355 438
90 326
315 400
153 250
338 53
316 308
261 11
425 449
21 192
184 287
292 172
331 111
352 88
231 19
197 99
209 313
328 195
439 82
86 182
23 167
289 186
167 196
14 308
116 81
326 368
282 122
310 156
176 208
439 388
399 354
436 444
68 313
233 18
28 37
100 372
219 441
436 298
181 189
160 213
393 101
155 216
335 286
33 388
302 203
382 251
396 89
145 232
392 98
244 328
129 99
373 321
283 103
204 33
113 423
22 297
130 58
89 447
160 157
194 188
4 25
319 132
411 35
423 427
296 114
123 252
320 396
226 157
179 401
87 7
142 108
110 111
264 427
180 341
317 261
111 394
271 58
165 346
12 172
263 40
290 294
338 276
158 52
62 290
183 380
449 289
73 296
59 202
411 190
139 217
112 154
430 149
215 56
126 11
380 17
95 8
141 242
0 63
302 297
336 31
37 433
179 283
27 291
26 188
371 239
22 428
413 418
111 13
164 323
281 214
101 197
176 228
285 19
196 132
178 396
40 235
352 176
343 337
185 16
214 205
438 148
109 355
130 99
443 54
409 374
84 292
207 147
401 394
71 444
367 203
421 239
301 258
216 157
33 325
176 82
432 70
5 135
146 164
352 374
6 313
97 41
318 445
219 390
412 320
237 85
356 324
305 181
168 142
102 272
349 428
257 306
50 25
107 434
49 106
317 322
240 38
333 134
266 34
37 437
235 355
173 89
323 89
315 300
196 34
22 323
17 190
130 169
330 262
269 88
426 102
437 413
381 176
38 237
304 432
82 261
407 164
380 153
335 169
225 419
103 81
380 188
398 232
436 14
132 338
304 189
215 304
219 229
29 24
438 197
443 398
138 129
195 400
424 199
347 355
296 93
167 110
60 382
347 136
304 160
106 86
288 68
231 103
411 228
418 302
220 409
240 396
375 268
192 403
27 178
337 172
413 88
199 416
424 84
266 393
124 149
276 400
187 313
9 115
253 22
413 325
2 7
21 422
1 150
118 415
82 418
85 279
279 249
164 372
312 48
244 362
448 273
432 318
84 173
385 212
353 43
149 161
111 448
350 405
45 15
269 321
33 47
62 267
58 136
196 109
242 54
415 436
383 200
336 127
443 11
210 81
340 179
50 312
150 437
357 294
124 415
175 282
221 101
69 381
290 53
226 144
318 206
382 64
272 247
446 258
217 410
160 293
19 304
73 124
365 156
359 42
370 28
384 293
236 223
401 8
405 366
186 79
337 140
372 385
412 120
351 7
391 357
176 60
77 418
35 172
381 308
176 237
169 89
317 245
300 18
150 364
380 402
181 334
33 62
394 265
49 418
381 63
1 216
381 318
108 86
391 20
357 70
56 196
324 6
359 152
91 164
345 388
324 103
333 344
299 112
404 95
410 99
206 200
387 276
32 121
32 297
142 287
139 6
262 27
200 186
96 68
423 54
300 259
69 279
291 150
184 326
361 23
219 353
34 191
24 297
412 187
98 85
134 346
239 430
242 313
417 24
214 39
162 255
44 170
351 151
246 253
214 89
191 127
390 441
230 329
125 303
263 382
102 218
237 133
404 8
52 305
248 8
286 259
439 186
423 138
433 293
367 243
38 157
374 204
31 38
11 262
447 278
186 39
241 91
340 161
48 284
399 146
416 397
91 102
185 304
270 85
324 174
87 48
211 283
24 204
171 436
326 78
326 277
351 333
352 24
315 70
348 273
156 276
175 383
438 416
103 2
107 223
265 113
163 222
293 200
402 440
429 15
431 285
401 327
345 41
15 214
62 358
329 40
163 4
138 420
173 19
324 448
389 83
392 246
128 345
259 84
357 229
399 183
93 420
117 138
284 7
412 220
165 378
428 327
168 17
88 51
246 44
134 312
317 92
441 354
228 337
338 389
240 121
352 232
276 19
149 436
113 358
249 347
91 375
138 7
399 29
429 172
33 20
72 156
57 70
446 229
173 314
296 300
323 204
372 93
90 164
319 185
43 96
133 142
0 153
371 363
79 70
223 432
206 216
303 246
141 99
257 379
347 423
43 44
26 259
306 283
272 288
374 94
257 109
55 138
279 273
154 45
24 446
139 351
256 209
421 146
60 361
211 84
165 90
333 137
32 256
289 297
322 145
186 366
194 117
386 32
266 148
353 183
68 49
75 141
312 428
274 332
425 245
426 403
316 295
186 117
217 208
112 401
301 387
113 327
194 212
332 16
210 228
354 114
4 245
382 377
287 312
193 268
357 141
14 343
297 422
432 238
188 295
347 39
54 228
428 202
230 189
113 48
382 448
112 195
424 425
123 122
426 397
244 398
28 7
9 91
386 403
157 414
442 103
432 148
190 389
114 433
378 124
86 10
260 25
283 233
309 204
393 220
319 52
323 449
394 338
104 287
22 329
378 256
137 430
2 242
74 289
344 98
76 131
307 58
7 308
7 69
321 160
285 105
124 83
320 105
44 278
13 399
201 182
238 268
429 443
122 164
168 27
448 67
165 317
442 447
108 10
15 218
276 169
131 56
373 91
201 265
45 233
334 450
55 292
400 178
258 243
331 362
120 43
6 41
55 431
122 119
20 446
408 339
359 309
403 419
277 284
357 88
143 32
394 277
142 98
84 227
393 449
63 325
385 271
356 299
78 326
431 33
265 257
299 188
29 307
100 447
218 286
108 418
50 189
184 424
1 448
286 216
282 375
319 81
116 431
84 261
54 207
134 112
207 242
135 358
424 352
245 165
8 64
389 442
67 245
115 105
253 209
103 65
19 242
193 85
444 345
415 293
357 167
244 444
434 228
364 53
336 337
52 253
277 240
75 144
31 27
45 67
107 305
359 334
172 409
142 148
111 369
331 193
141 38
169 274
226 404
403 175
411 89
303 327
441 164
410 18
443 377
443 124
161 170
37 71
103 203
187 21
103 116
187 243
144 422
117 215
5 402
317 2
212 50
405 419
401 407
229 378
258 413
327 375
52 96
79 11
416 291
141 88
39 224
355 352
183 21
272 343
306 120
78 304
443 64
13 184
403 383
360 194
255 268
354 38
307 41
32 279
20 255
97 450
344 356
417 97
37 61
412 4
239 190
129 83
292 66
87 157
261 250
210 212
114 20
196 377
400 102
58 19
191 104
420 272
134 132
397 1
260 192
272 286
248 78
340 202
239 79
241 326
389 35
19 370
334 447
248 184
60 67
144 432
41 192
270 3
431 347
53 251
349 313
36 376
159 155
241 173
208 42
172 338
119 101
29 276
44 249
416 340
259 381
154 106
277 26
146 2
411 29
320 205
229 272
373 448
267 177
441 134
297 259
65 345
285 414
359 175
257 51
210 28
242 370
424 24
126 142
261 366
182 53
256 322
356 106
14 334
382 366
375 211
125 56
329 422
413 182
183 121
306 351
298 287
373 185
196 112
317 450
443 71
15 135
154 215
350 70
374 130
186 135
410 224
138 218
153 423
430 100
367 333
56 29
390 72
350 64
24 283
224 186
178 444
401 191
356 319
162 145
48 120
363 385
437 254
90 438
355 223
37 162
73 401
441 192
195 312
392 352
54 107
374 148
132 304
131 196
421 331
304 260
170 67
408 126
31 448
441 312
115 114
267 303
244 194
8 420
184 59
99 257
447 300
278 134
89 350
294 51
387 225
17 122
111 221
404 4
360 430
367 371
216 305
330 248
151 342
363 355
74 48
260 436
347 152
381 245
91 289
444 197
71 215
18 396
302 138
282 177
126 446
181 186
26 84
60 357
77 206
16 374
117 163
354 343
48 315
415 358
289 345
363 30
351 12
197 87
76 135
9 361
137 379
367 296
95 148
270 400
354 234
128 111
293 100
123 180
99 109
314 168
72 288
10 272
414 195
127 275
14 100
48 368
99 60
172 120
447 190
269 117
151 305
263 432
447 217
205 274
260 235
437 214
199 279
21 14
193 82
371 360
164 193
279 406
129 108
448 230
210 196
186 231
49 361
274 208
59 71
29 174
250 181
117 5
449 9
287 396
340 231
385 205
265 65
134 69
401 386
223 328
204 104
67 112
257 422
371 115
367 277
178 363
272 206
83 438
212 109
173 363
140 28
152 156
399 219
175 386
423 223
179 64
369 345
58 279
430 50
160 23
345 5
223 309
73 284
344 108
41 168
13 197
398 393
96 46
395 201
420 20
355 304
184 192
87 168
78 114
81 420
381 120
294 182
282 238
87 11
369 405
181 242
222 237
424 178
36 348
4 366
209 233
148 173
211 136
1 176
437 208
390 133
4 405
130 21
309 29
219 416
259 95
39 231
240 173
349 72
438 371
49 116
120 78
243 356
135 2
63 81
330 276
383 363
107 302
191 301
180 418
142 214
447 177
301 256
327 258
138 99
99 13
137 354
41 316
235 33
203 12
265 360
364 433
249 2
251 248
343 350
79 176
402 29
155 299
314 260
8 449
69 347
27 84
297 153
301 114
360 376
390 118
85 418
78 384
111 172
281 424
128 373
158 190
306 58
90 431
13 26
60 115
324 305
151 136
1 242
397 323
157 200
330 396
104 203
75 62
43 219
94 155
434 318
418 195
302 115
301 33
87 413
425 335
377 138
275 175
246 137
130 310
194 69
26 407
334 50
301 69
60 214
91 0
328 10
379 293
214 352
142 7
199 70
147 271
272 265
48 354
170 126
64 281
112 186
399 347
153 86
102 209
289 275
310 102
302 45
355 397
347 335
40 301
412 236
121 290
60 118
191 324
314 12
164 366
177 30
200 126
225 23
275 449
159 261
87 245
232 9
371 87
254 57
288 31
314 141
228 180
68 446
354 163
210 20
447 236
307 433
266 4
194 362
105 172
274 401
394 354
273 314
327 403
102 41
120 394
176 119
314 20
269 71
168 256
303 333
0 168
337 229
121 291
146 355
349 436
358 321
256 308
151 3
309 238
86 397
141 34
40 117
321 145
270 114
284 49
230 120
227 141
240 12
326 264
426 123
140 450
36 175
330 100
60 445
377 191
199 69
259 175
220 405
412 326
334 285
292 177
49 337
261 78
308 187
49 188
249 81
51 446
178 258
423 285
435 391
214 187
361 88
372 284
81 207
387 11
242 189
106 450
81 298
118 404
390 420
193 199
311 422
400 210
420 173
72 159
295 26
3 155
138 379
300 339
37 139
269 113
388 394
181 394
125 431
20 5
412 307
376 222
135 217
106 47
164 161
92 159
415 16
6 257
418 175
128 19
145 246
369 94
57 258
289 347
245 213
1 443
94 368
331 243
89 240
387 364
29 390
355 110
50 372
346 99
171 405
61 441
171 357
24 401
218 19
330 363
399 381
120 102
274 8
305 233
70 165
12 108
99 373
208 387
337 19
441 253
1 177
315 268
290 310
419 174
81 264
106 308
284 344
265 395
384 376
233 400
308 182
385 227
130 94
316 375
211 265
21 376
69 383
418 385
180 348
84 258
216 382
19 408
255 143
241 390
231 187
7 53
353 132
156 169
191 186
296 140
63 34
416 347
141 408
333 165
103 165
199 246
39 227
172 51
230 173
364 151
4 345
0 260
126 148
191 232
90 223
376 227
205 273
86 298
200 39
286 189
383 270
163 373
259 40
24 235
208 29
299 165
286 94
52 23
16 159
290 273
281 430
175 175
302 329
297 51
48 285
271 297
345 156
48 418
103 41
97 336
122 379
226 255
284 211
268 447
74 59
194 227
92 306
87 230
156 189
172 9
252 425
374 426
435 398
155 82
44 41
235 444
108 136
435 431
235 112
375 147
197 261
305 174
43 6
166 316
108 108
396 78
449 449
167 14
418 339
419 209
193 322
394 47
312 40
36 145
174 52
397 94
358 18
364 233
251 176
151 141
412 323
382 416
371 422
319 73
4 107
352 443
253 241
182 114
274 248
127 133
215 386
197 101
175 169
427 151
242 1
334 130
64 247
12 284
223 314
91 300
88 380
116 232
289 167
381 396
101 51
148 302
94 278
328 372
312 350
163 231
167 239
22 283
263 315
199 140
439 69
273 169
224 274
100 404
256 13
128 38
405 408
409 91
342 405
357 241
97 92
360 23
430 414
332 134
450 190
375 70
310 325
175 116
174 303
112 185
321 192
266 449
185 257
219 254
292 3
17 315
184 254
179 228
251 15
108 67
201 81
121 229
84 332
435 278
42 151
402 275
183 373
117 9
40 341
94 432
242 39
207 37
298 299
277 347
426 285
176 433
110 252
171 352
124 218
183 262
131 262
255 198
411 138
379 288
380 387
151 353
218 373
398 96
32 292
353 418
375 293
339 33
230 422
325 142
112 388
400 416
185 91
332 59
149 327
162 375
23 84
403 230
286 440
117 84
418 273
447 228
149 140
214 335
4 101
263 215
351 290
309 2
295 150
397 211
175 127
88 259
161 319
117 111
421 340
234 28
42 401
199 85
133 140
416 449
356 234
400 9
27 345
148 104
287 367
126 333
94 354
389 389
436 367
308 401
89 393
358 366
342 222
356 134
308 212
62 257
116 325
403 268
190 9
41 327
100 2
450 248
312 438
152 238
340 171
420 156
366 150
412 419
406 353
92 315
88 111
34 105
340 53
378 282
264 64
62 428
99 335
109 121
222 317
281 189
222 52
325 222
402 321
403 325
244 44
176 189
105 140
449 142
78 51
359 218
162 179
243 200
435 82
175 111
329 135
0 78
170 189
402 213
65 147
104 141
200 299
152 154
148 118
153 72
171 141
394 195
109 350
184 205
257 448
383 374
166 361
119 107
111 333
80 312
122 133
98 423
120 390
401 122
345 295
208 76
267 136
225 277
39 83
255 45
83 57
184 373
307 118
219 153
15 48
91 202
371 404
336 111
413 296
48 259
401 343
280 193
407 97
339 326
388 445
113 363
383 146
229 239
397 167
285 56
442 251
140 214
332 37
358 257
297 13
73 1
72 347
337 438
354 434
198 183
147 348
171 324
295 21
5 76
18 105
253 343
249 132
341 375
171 278
291 355
131 220
365 167
214 49
397 51
272 185
172 85
92 207
54 67
396 27
357 96
60 56
405 372
353 273
36 388
83 252
152 423
397 385
282 247
75 336
106 299
253 235
19 129
47 86
6 225
320 99
228 295
260 48
74 125
365 233
123 78
250 307
142 360
304 31
127 261
185 237
405 188
63 283
106 306
417 384
77 105
247 307
133 146
430 241
317 58
286 412
398 437
308 249
262 209
422 297
62 363
98 358
250 326
55 391
57 389
122 242
186 38
270 198
223 80
30 220
143 425
389 11
410 432
203 303
20 309
239 129
10 59
344 358
151 97
274 336
395 14
383 159
407 170
218 448
429 51
153 93
336 333
330 237
285 376
423 216
360 359
173 438
372 198
170 204
139 290
49 104
134 333
403 363
380 233
46 189
241 130
275 92
36 144
111 404
317 31
208 273
358 15
11 113
411 313
392 219
153 145
25 55
138 150
391 422
29 320
258 388
119 243
59 432
205 360
296 127
49 29
127 50
325 444
205 143
176 9
305 379
52 210
316 73
216 168
44 322
99 204
402 276
268 82
47 229
29 172
223 416
347 432
393 358
63 226
232 252
113 405
407 145
86 124
40 295
81 34
339 83
54 288
361 325
90 287
412 43
64 219
311 42
175 181
87 221
417 421
1 62
92 418
326 347
291 329
211 214
322 295
286 446
342 280
18 333
279 283
333 174
359 252
31 195
54 157
293 35
80 49
102 75
142 261
17 7
324 234
135 339
424 206
58 346
81 190
208 378
110 437
148 322
413 379
194 392
150 103
300 119
383 48
447 293
334 54
239 193
287 110
117 325
426 407
431 70
114 93
218 94
155 43
373 330
180 323
136 184
270 411
133 157
439 359
205 443
218 39
214 157
307 297
296 429
328 234
148 34
189 297
216 159
204 117
109 282
403 170
309 395
191 59
418 96
195 185
163 241
318 316
291 444
80 212
411 404
342 309
130 336
44 38
106 25
223 205
162 37
52 245
375 231
241 3
297 143
63 390
51 431
264 308
1 81
208 260
370 433
398 8
425 222
148 326
434 276
220 417
301 41
38 296
40 352
389 386
301 18
414 371
170 344
24 175
251 375
364 297
17 63
15 300
253 55
14 340
423 327
41 120
384 312
286 433
399 235
412 230
230 100
243 79
6 221
417 378
219 444
282 361
201 100
126 96
361 214
444 349
117 301
290 142
59 51
95 282
376 226
333 282
228 370
305 291
252 55
11 162
279 69
403 425
412 175
55 218
194 331
176 377
56 413
318 299
210 134
237 304
128 388
174 66
68 329
49 281
57 49
388 86
302 272
2 382
356 204
268 184
138 35
289 317
118 284
260 400
233 381
184 438
215 194
202 39
11 255
155 51
73 392
106 248
0 138
270 427
401 26
77 76
169 439
342 337
333 220
104 185
100 421
63 386
75 402
276 276
165 44
4 115
443 183
249 402
419 300
55 250
180 385
229 207
186 295
141 218
435 101
325 40
245 200
349 331
334 117
310 392
36 179
178 347
151 72
386 121
62 162
354 397
378 89
271 53
148 388
132 159
208 380
133 415
35 407
221 327
171 362
161 368
2 175
140 440
196 110
213 122
66 412
234 97
280 362
123 235
230 101
210 26
157 156
11 157
227 128
336 222
181 340
283 56
429 442
9 373
196 115
241 231
364 391
191 273
234 159
76 107
321 357
206 35
137 66
73 247
441 11
1 130
173 272
432 166
289 383
333 333
53 366
259 329
31 19
330 348
47 228
83 53
27 77
18 42
147 345
207 14
256 442
17 322
208 106
17 352
372 8
246 391
156 18
212 75
369 59
210 172
150 340
157 441
94 101
160 312
327 38
243 220
73 137
16 410
427 396
292 247
253 48
425 220
265 213
229 136
391 295
99 252
29 284
220 79
188 335
38 173
55 378
253 378
74 354
170 161
355 314
287 303
22 94
216 115
245 218
426 163
39 368
348 425
269 399
322 247
20 2
77 49
91 47
440 31
334 247
52 14
376 445
229 184
151 344
427 125
320 160
8 8
12 176
242 164
129 89
408 145
288 364
446 390
379 335
93 152
443 335
426 404
250 265
224 412
408 154
34 94
312 192
355 78
77 326
100 84
205 29
428 206
222 302
203 3
333 346
87 201
62 278
192 187
342 410
343 336
237 300
44 60
90 339
133 432
33 352
336 314
40 277
323 70
220 305
405 449
270 113
67 221
350 339
415 210
317 347
141 149
446 99
407 224
405 165
393 149
211 141
294 88
387 354
427 171
112 261
15 156
67 242
367 384
392 249
54 188
185 310
197 373
111 25
234 45
60 130
429 403
159 136
17 219
126 67
5 334
380 225
380 138
71 379
330 110
447 8
285 371
213 72
33 35
309 401
333 339
222 267
292 226
19 380
433 23
251 387
299 89
29 351
414 193
258 122
340 383
289 432
112 446
336 233
296 9
31 207
104 138
340 115
432 26
264 41
257 315
335 217
64 235
314 319
224 150
391 72
2 94
192 170
417 152
302 175
381 34
56 370
185 421
45 104
108 326
80 22
184 408
419 401
375 339
283 1
431 65
223 61
195 346
415 19
227 197
85 239
398 62
69 174
354 107
242 300
217 248
21 425
392 13
445 223
187 423
120 205
6 87
389 403
12 318
160 202
30 158
5 47
260 4
447 337
308 69
191 379
4 199
25 39
296 132
303 77
237 44
295 433
409 261
266 143
437 251
104 282
48 23
436 289
383 78
325 88
332 263
383 294
79 187
368 370
407 305
396 407
414 202
349 59
148 304
289 134
85 184
194 16
227 417
76 28
41 105
162 297
417 93
428 340
50 385
386 48
423 229
303 258
327 188
443 356
88 168
156 357
102 366
394 156
92 353
407 214
160 360
71 173
403 213
397 420
395 175
109 115
391 95
413 364
393 43
256 28
4 53
304 193
411 253
2 151
107 377
438 143
327 266
392 68
41 42
23 269
60 187
48 193
448 381
339 54
333 59
83 152
102 437
320 340
183 55
86 396
365 106
271 311
288 143
141 3
284 207
39 33
234 55
167 67
312 188
326 163
149 338
409 317
289 307
209 182
449 286
341 124
217 0
368 121
243 303
50 150
198 163
310 49
30 234
179 82
151 440
350 223
232 273
69 308
95 379
203 220
0 43
361 263
9 228
390 170
408 84
327 128
170 29
4 334
268 119
360 151
283 58
301 440
407 163
177 183
78 360
398 199
427 10
73 196
67 64
282 0
293 54
409 251
96 255
207 335
412 253
277 410
209 208
136 246
340 355
293 7
338 450
209 349
196 186
295 59
127 411
38 7
250 226
171 43
148 27
13 389
360 109
113 384
51 443
270 155
321 84
276 88
296 53
49 140
344 186
129 39
43 203
171 75
349 330
3 398
420 85
32 307
438 308
32 123
326 106
431 334
443 151
161 431
111 320
424 97
336 275
374 289
122 204
51 406
192 80
176 248
403 27
290 234
181 84
270 16
434 72
354 311
171 205
187 51
115 319
123 226
258 63
333 161
126 301
221 401
364 186
123 163
431 8
254 83
45 190
162 26
58 298
371 307
122 136
129 67
207 4
15 122
263 199
360 239
445 332
260 128
80 400
244 61
45 63
339 291
227 211
236 249
19 430
107 355
113 261
242 19
388 262
385 158
338 404
155 394
192 425
88 408
248 25
392 104
88 128
118 36
312 328
273 326
308 433
281 127
114 232
154 259
236 382
430 26
294 177
73 129
18 187
75 48
416 125
142 44
357 289
409 296
132 176
117 299
161 256
159 221
206 396
319 17
363 397
246 132
370 24
197 60
190 302
98 260
107 272
302 450
77 422
192 29
440 43
49 93
24 36
305 406
70 228
299 263
439 329
238 143
224 70
394 38
129 369
86 18
358 398
179 381
72 401
405 256
298 121
103 74
312 413
304 184
419 232
54 384
136 111
56 378
78 269
238 231
94 165
39 430
395 417
233 303
38 448
374 406
409 417
226 33
225 309
440 109
163 351
406 415
144 430
210 344
290 270
225 390
219 87
156 59
192 244
263 309
6 45
134 380
325 205
337 398
187 134
177 269
384 251
362 425
272 349
161 172
213 133
179 282
321 106
81 75
187 342
427 104
43 412
445 108
266 436
53 51
259 221
311 278
342 357
62 218
117 241
161 7
208 385
278 164
281 421
142 49
110 202
191 275
170 339
204 353
277 87
206 135
238 51
22 398
182 60
329 314
168 52
427 196
290 33
87 8
394 52
298 67
44 228
402 416
377 10
168 433
254 133
248 185
304 215
267 133
138 149
330 128
96 418
230 396
50 94
305 210
149 167
359 119
34 349
144 79
39 334
103 362
36 344
254 115
401 287
449 349
317 9
344 329
163 9
357 80
158 336
353 257
69 62
113 294
232 234
40 447
189 270
177 398
113 88
341 441
72 11
207 53
201 234
391 206
264 54
77 280
441 36
379 311
415 306
203 164
60 269
118 237
246 442
99 423
274 71
135 442
431 52
433 426
352 445
77 267
311 227
140 377
398 32
400 135
5 195
291 135
31 229
27 205
263 277
427 331
404 144
408 400
81 73
286 408
292 383
323 97
16 0
198 95
131 329
260 246
125 315
46 115
254 22
333 84
248 154
343 43
268 170
332 401
14 211
352 438
39 215
359 401
187 183
169 63
391 103
271 259
287 38
139 127
369 152
420 51
398 273
39 137
418 405
381 92
267 84
412 245
60 448
303 15
224 162
360 431
183 302
149 325
276 258
415 271
347 443
146 1
385 132
88 56
72 368
228 379
188 195
322 317
140 95
112 403
402 274
438 107
56 86
165 282
407 73
213 98
115 285
143 264
239 349
374 93
95 121
167 27
432 229
125 291
377 29
257 148
397 353
367 100
159 440
9 224
30 240
51 149
125 400
381 62
367 388
120 176
105 324
100 286
78 0
53 310
88 176
133 343
43 142
426 60
281 194
294 193
92 243
411 225
427 52
282 249
67 398
269 281
391 43
245 69
84 225
184 209
117 298
392 129
191 138
340 340
32 226
76 177
89 262
6 325
422 80
265 361
444 289
394 70
177 143
71 31
196 345
73 377
335 155
177 152
69 276
0 34
218 396
283 281
115 365
313 425
151 419
267 245
189 204
265 178
283 102
339 8
342 33
17 166
352 284
97 39
313 191
86 125
229 421
385 129
164 449
139 229
147 389
86 85
40 121
176 291
406 157
390 356
381 398
387 41
258 71
111 374
232 435
132 153
372 349
421 0
2 325
192 294
26 244
38 42
364 450
39 115
422 184
144 401
36 263
155 178
323 245
22 273
47 309
82 247
449 116
171 21
248 318
232 204
114 236
290 338
92 166
188 21
103 229
409 301
430 203
135 437
402 46
308 158
24 312
132 419
157 380
90 387
102 72
425 9
69 13
181 5
156 167
221 155
181 262
225 197
161 377
77 286
293 188
386 374
133 301
90 397
53 387
6 390
391 62
333 83
126 132
7 199
284 270
238 402
291 383
75 241
260 312
408 3
325 436
99 49
212 217
92 266
384 359
100 313
337 321
127 179
337 417
125 96
432 395
408 187
51 207
223 77
399 342
14 7
405 179
11 125
88 359
247 5
406 90
220 132
401 347
396 378
312 377
196 420
104 175
7 111
12 156
291 243
369 182
125 317
35 300
122 16
270 432
352 121
304 226
319 394
29 445
410 69
14 368
424 268
168 353
397 63
331 113
32 93
178 68
238 207
40 373
333 345
177 3
134 400
439 176
348 97
23 270
328 86
278 167
334 204
450 444
431 31
84 84
391 82
187 382
119 208
324 384
221 365
196 30
287 428
115 203
206 156
304 114
17 245
428 371
169 221
394 154
215 265
269 58
191 36
422 155
301 171
390 174
145 209
156 242
159 80
434 151
282 127
218 257
131 191
225 14
262 395
66 208
371 403
372 388
74 320
204 283
184 58
382 311
127 32
227 219
258 16
100 334
136 448
17 93
281 164
205 406
29 400
292 418
264 295
387 280
172 34
56 347
29 361
130 338
378 449
448 378
10 19
65 444
150 369
90 172
112 432
320 195
336 162
20 294
65 239
118 394
64 182
445 123
393 295
297 407
382 299
146 7
374 192
49 303
428 380
225 163
333 3
344 3
9 90
266 304
308 449
251 154
309 65
365 180
46 285
89 1
169 17
2 216
244 118
242 367
19 93
229 271
166 285
198 85
346 30
166 357
244 350
30 19
148 316
376 296
324 237
430 261
181 238
330 278
82 53
208 278
69 445
244 422
273 1
26 325
112 38
43 169
61 40
331 163
282 223
384 322
162 238
258 1
341 316
108 181
439 119
9 138
318 319
418 22
147 274
374 19
70 58
326 108
201 303
10 214
248 202
293 221
297 87
285 377
262 40
409 344
160 308
266 343
96 13
383 155
361 75
39 110
155 315
162 183
5 213
158 197
358 308
274 48
86 27
207 42
99 194
154 164
398 3
84 347
300 0
238 326
400 152
254 213
181 132
222 298
353 22
424 134
48 2
207 21
237 309
162 48
218 169
439 50
171 140
437 341
410 365
312 93
200 99
313 187
387 423
216 357
161 329
65 214
440 249
345 96
293 385
182 21
46 134
273 40
21 19
439 373
245 196
424 99
97 413
378 250
410 27
149 70
418 56
61 366
55 178
346 403
124 156
53 48
222 381
266 9
378 246
23 197
206 79
169 440
95 313
51 415
43 15
272 216
277 257
244 439
99 203
289 152
60 417
205 50
249 298
140 47
86 282
439 130
184 259
381 401
378 226
178 247
367 102
373 311
436 160
386 384
306 366
11 53
137 164
130 416
346 412
316 427
413 417
37 132
214 229
383 114
7 222
344 164
38 146
89 71
121 367
214 329
231 305
42 82
53 439
303 17
178 402
30 428
323 335
404 263
362 399
19 311
241 341
202 27
416 316
314 391
315 413
408 87
77 260
274 185
255 387
11 249
69 437
86 107
257 217
331 390
266 395
261 38
339 234
192 391
105 112
194 152
448 300
21 135
49 10
114 148
448 87
101 253
41 100
217 364
194 400
248 325
324 94
294 59
369 3
344 219
437 374
121 322
245 148
233 322
320 240
201 350
16 229
47 94
393 116
326 200
306 159
85 288
204 71
121 1
449 167
216 3
222 164
85 66
52 338
432 350
35 325
6 172
173 304
353 101
198 189
441 349
247 8
107 167
109 443
115 313
211 99
12 7
63 318
179 107
337 239
422 380
58 156
441 357
239 406
218 70
317 232
371 264
394 255
371 186
118 271
268 128
367 72
29 349
5 29
173 303
198 69
184 362
93 427
360 402
18 257
286 247
89 28
224 110
284 378
222 272
340 204
216 122
325 440
38 205
197 242
316 240
121 312
112 340
203 211
347 3
315 406
374 106
355 88
441 89
255 149
374 255
330 307
410 280
161 360
342 333
23 64
43 143
219 230
209 237
360 291
434 299
32 338
162 374
347 191
17 426
428 73
375 43
333 309
271 116
284 71
158 77
449 143
39 30
133 335
369 402
124 351
324 181
290 125
105 229
183 407
350 421
186 198
129 35
404 308
20 38
237 239
337 171
324 323
172 289
355 182
226 101
226 121
44 15
349 5
102 82
449 422
333 25
284 272
168 213
373 260
113 89
405 311
158 286
314 198
67 444
319 225
175 87
422 131
190 27
205 288
376 193
43 193
389 182
333 69
62 201
5 219
304 235
66 124
323 286
243 241
238 95
362 139
46 1
38 424
283 3
233 339
212 210
449 251
224 199
114 6
445 430
415 224
298 24
420 252
320 339
102 92
73 46
284 95
234 278
63 218
148 227
377 97
34 224
308 299
42 300
32 339
305 428
93 398
193 128
179 160
56 71
131 195
168 445
142 329
260 39
327 239
400 89
339 156
374 177
179 34
61 341
436 247
8 374
55 169
53 154
35 243
410 162
111 418
157 42
29 136
3 23
440 284
231 339
137 344
359 262
258 93
84 193
268 207
181 174
308 213
337 128
134 248
398 110
290 413
438 42
71 294
420 269
290 95
160 311
304 85
303 369
416 101
441 449
430 333
437 339
105 158
326 159
85 394
160 135
110 207
24 84
131 95
316 212
121 31
367 278
295 430
171 282
230 377
285 261
78 173
224 291
56 27
120 323
84 85
286 152
345 349
317 65
263 92
384 353
417 334
284 4
157 274
345 317
397 342
447 285
19 110
99 135
374 83
392 305
84 191
26 420
308 289
334 200
42 144
45 430
115 65
98 114
54 94
25 78
54 398
420 95
299 159
263 165
167 72
38 165
251 223
36 371
22 116
352 156
19 342
139 309
122 168
239 11
201 400
220 174
240 233
21 47
264 153
393 141
222 159
173 443
29 419
352 354
318 258
4 232
110 414
171 186
112 412
352 347
303 133
284 322
367 194
425 139
263 55
10 370
244 437
238 252
24 228
35 195
140 444
433 204
312 81
439 342
137 33
253 322
185 167
356 356
108 314
202 82
287 103
206 49
27 104
102 58
303 97
347 73
252 439
162 175
47 351
225 251
318 85
275 113
436 381
412 31
58 429
9 369
409 139
304 300
1 410
442 280
435 165
188 89
275 297
57 306
77 86
296 201
255 299
17 357
352 185
157 436
25 428
240 139
356 104
65 54
96 322
202 255
404 252
310 2
435 247
291 247
73 299
78 356
318 59
208 69
193 378
167 446
311 331
401 309
177 400
1 209
165 228
230 39
46 109
349 430
222 410
35 415
115 309
171 414
272 312
412 295
244 14
205 281
401 138
59 320
102 296
234 285
53 331
423 244
51 105
337 360
224 115
380 235
265 141
152 394
62 104
201 328
345 284
114 88
185 111
273 257
275 318
35 40
241 27
33 155
367 220
199 104
230 338
114 153
240 220
404 182
445 60
223 308
69 242
115 268
74 334
80 440
67 130
83 121
425 199
189 92
87 269
397 400
351 423
22 170
250 320
294 65
160 338
378 330
161 179
407 308
109 351
186 318
341 47
3 97
446 286
214 328
332 202
268 352
285 218
435 389
438 35
365 220
379 377
223 323
176 363
426 379
77 73
178 235
78 42
45 329
138 206
343 49
40 360
245 158
272 272
411 203
355 444
380 171
200 157
416 258
439 348
155 151
286 272
24 48
215 159
42 208
336 279
384 99
300 239
243 450
439 351
141 179
23 355
198 390
331 188
125 425
150 318
408 82
139 168
161 32
438 79
294 426
16 403
281 361
137 243
248 447
334 252
390 151
235 109
349 171
119 417
179 355
205 178
324 333
66 348
53 370
343 288
146 191
134 236
407 208
61 30
54 240
275 190
153 29
52 332
414 129
199 34
138 105
309 319
98 341
107 63
48 439
240 86
286 271
428 343
284 336
357 449
362 58
178 391
174 5
72 355
233 241
332 250
30 45
216 239
42 177
331 442
84 206
283 34
154 378
400 73
439 379
397 121
172 205
11 21
87 170
105 160
78 167
342 390
395 120
45 302
158 432
228 375
126 369
189 303
436 36
40 171
447 315
2 127
267 408
155 72
154 423
325 154
55 201
275 155
122 278
255 435
33 30
206 297
44 233
133 51
7 51
148 164
23 258
428 367
55 232
348 318
388 24
390 308
22 103
239 132
148 287
216 176
251 235
160 217
98 437
218 31
449 107
107 292
252 398
233 158
176 226
264 57
178 242
436 308
22 286
76 428
450 176
1 321
188 49
32 430
312 34
250 60
155 180
48 155
447 26
198 250
154 380
171 166
117 109
239 341
66 375
167 362
40 87
312 376
254 339
20 450
387 419
206 198
153 75
229 257
306 100
125 95
132 241
443 278
81 170
297 180
273 271
55 123
156 10
100 384
343 110
336 245
24 336
144 396
376 303
101 84
266 213
278 254
173 62
137 197
109 278
409 61
169 200
344 189
361 313
284 396
417 433
168 253
41 279
185 294
358 123
449 341
434 404
11 409
227 410
353 130
13 86
267 224
158 376
239 208
170 234
94 193
180 325
129 94
94 191
231 340
298 405
384 67
266 180
396 347
191 409
349 276
415 268
307 94
300 444
262 66
417 94
154 65
109 241
40 354
131 189
120 219
204 288
449 265
204 416
7 273
302 173
57 153
406 93
166 392
44 349
424 173
100 307
122 237
175 240
57 22
337 277
236 14
95 444
333 195
341 420
251 105
400 53
334 413
291 109
27 300
446 111
49 223
190 87
428 347
135 102
53 59
363 188
152 240
440 143
258 254
419 21
168 66
439 209
359 449
281 374
5 32
383 279
233 122
356 110
191 375
243 238
253 155
430 82
299 278
222 150
249 405
200 5
26 128
249 143
90 227
87 433
410 46
216 257
212 143
123 326
320 353
272 82
184 57
15 335
246 48
336 98
419 73
350 95
270 364
379 286
269 362
300 301
206 85
275 94
115 77
46 374
398 65
351 361
151 434
436 118
133 168
103 422
269 144
276 72
151 329
363 148
54 144
416 381
256 198
26 243
142 117
261 164
77 257
355 61
146 184
245 447
328 385
411 256
130 127
163 430
82 386
68 167
298 185
185 11
252 125
44 155
430 126
217 234
86 352
424 214
3 345
314 437
217 216
21 262
411 101
67 266
128 293
297 26
211 194
5 13
215 417
98 6
177 230
217 177
295 95
20 98
28 112
320 149
169 215
117 195
304 270
365 102
140 360
435 240
437 35
141 284
366 346
272 253
175 411
450 400
168 122
22 64
37 122
9 124
213 377
252 233
218 248
181 113
181 45
184 342
116 339
114 238
128 140
363 265
47 84
293 206
98 29
359 312
398 411
167 228
111 273
167 377
338 86
354 84
225 111
73 441
362 349
123 217
224 252
42 338
96 408
89 367
370 307
106 225
143 222
305 43
176 305
102 145
188 66
434 197
219 66
297 216
338 319
205 260
213 279
96 209
208 136
101 389
253 437
263 417
224 321
400 248
311 179
110 51
268 286
448 404
191 337
343 78
132 369
208 296
91 204
407 101
168 63
26 369
252 16
33 305
287 352
208 145
167 249
396 318
355 334
78 56
271 397
208 77
383 348
33 345
265 432
147 74
417 365
329 336
299 342
17 167
183 329
319 51
135 93
402 358
116 155
396 295
195 66
324 97
94 126
2 200
389 187
145 280
125 49
179 185
291 292
265 206
360 391
205 376
93 162
412 342
276 12
291 434
441 279
71 232
395 443
257 390
374 304
419 253
21 6
260 64
230 402
208 75
111 149
88 355
3 435
436 370
259 83
288 181
369 113
109 389
299 75
83 83
216 371
19 130
413 100
417 145
174 134
346 60
28 322
354 105
448 363
72 48
161 59
143 5
415 264
274 305
438 269
108 126
154 349
277 294
212 337
443 198
136 21
238 450
411 423
86 335
369 445
406 401
134 302
295 354
15 417
400 353
244 150
112 164
90 100
131 320
31 31
296 305
136 41
229 151
290 208
351 199
220 38
182 74
355 27
242 339
173 271
411 57
129 185
133 52
271 108
444 384
202 256
418 204
300 50
190 41
115 162
227 390
2 361
144 180
340 191
119 145
161 74
57 27
260 220
85 268
64 140
355 150
307 126
242 296
338 127
264 292
39 285
177 4
132 345
160 292
157 426
72 384
343 22
153 49
169 173
13 16
58 211
350 242
109 336
410 220
320 22
53 224
295 106
213 175
64 347
150 298
117 232
212 266
417 191
279 39
201 376
9 105
79 163
114 312
231 296
279 112
449 59
421 19
276 186
185 58
228 83
104 131
229 359
388 374
118 294
367 196
363 50
132 286
372 214
446 420
73 327
49 45
71 362
328 160
411 207
332 400
313 428
184 398
249 361
8 384
54 353
38 182
430 94
386 326
393 330
111 249
207 334
52 171
286 333
208 282
257 147
197 92
418 318
62 374
373 36
164 170
202 22
260 376
378 193
400 37
152 135
296 310
246 63
56 373
389 95
411 15
437 224
204 336
365 59
400 341
333 115
238 253
344 388
9 264
44 300
1 263
88 416
90 166
232 160
182 166
46 396
283 448
303 75
242 394
146 245
367 385
17 119
291 188
434 367
432 342
354 143
166 132
348 58
340 157
240 129
258 105
308 302
401 24
187 385
180 96
178 145
135 98
33 266
103 66
175 446
351 175
160 207
379 121
45 48
286 301
25 321
367 365
69 298
303 450
98 311
80 414
146 40
225 404
435 166
238 403
159 273
33 395
230 439
89 365
94 184
440 172
420 255
8 302
198 285
89 329
344 88
194 405
226 1
224 58
291 246
387 85
436 177
78 417
123 69
112 384
293 180
426 160
35 370
144 252
95 362
384 279
239 181
410 108
131 36
253 80
407 235
309 155
12 204
69 417
336 158
249 10
41 124
58 299
334 59
386 430
283 363
337 343
272 258
222 407
313 312
195 303
358 95
351 165
229 268
253 406
241 32
294 316
449 340
257 368
432 240
52 404
59 297
432 357
294 272
235 436
151 426
227 286
85 233
24 441
11 397
197 150
165 17
225 24
369 385
200 58
224 163
441 433
211 167
94 370
59 235
69 255
170 75
153 159
115 155
33 197
142 219
392 392
253 325
128 246
22 249
263 311
157 248
195 277
374 378
405 254
218 435
100 263
141 264
33 206
327 302
1 312
34 212
270 433
397 11
368 131
143 421
283 433
160 265
308 45
77 258
410 14
24 82
434 222
232 299
45 221
159 245
84 101
65 337
169 400
72 185
72 56
240 375
75 253
6 435
337 379
199 292
106 192
434 285
437 44
268 181
117 449
293 372
158 429
61 7
205 87
346 5
210 190
441 180
80 374
372 83
438 196
434 380
211 14
88 181
427 167
446 173
195 145
404 106
3 150
9 190
79 316
181 364
295 54
446 127
414 162
426 204
227 311
112 135
446 371
218 171
379 152
214 263
194 92
368 59
319 80
447 354
18 60
230 394
282 352
120 281
18 28
315 121
327 175
35 344
79 438
256 217
12 402
128 398
15 448
171 7
168 356
45 361
203 47
378 85
337 71
238 236
219 83
241 53
321 419
15 326
349 396
58 61
329 147
446 105
95 70
434 368
284 410
116 362
207 144
257 124
200 235
346 298
413 247
149 229
252 355
250 50
88 442
325 450
24 212
136 101
116 347
343 60
266 42
294 360
369 330
38 331
229 419
117 314
386 224
100 0
370 1
376 203
401 294
319 311
319 241
376 302
239 83
10 440
107 13
9 364
444 330
447 384
212 111
35 53
316 242
176 439
427 5
0 267
12 419
82 20
173 389
5 313
390 149
218 440
176 299
314 253
351 377
187 137
81 60
267 382
5 20
124 21
195 50
426 100
207 319
386 413
186 399
67 441
223 201
62 324
262 422
445 144
190 64
13 84
174 412
368 438
90 315
282 176
151 373
2 247
42 357
114 4
403 317
60 98
177 241
226 245
127 387
410 45
25 12
21 151
48 351
42 261
384 232
405 156
407 335
224 177
33 162
186 291
397 93
89 356
151 379
241 216
437 318
126 268
278 347
94 357
128 269
104 421
166 55
235 449
203 387
30 75
48 261
61 218
111 153
3 391
216 49
111 90
434 241
186 17
350 282
221 412
282 300
342 202
358 409
53 131
179 296
346 220
105 33
284 266
26 163
332 48
403 48
98 329
143 445
44 239
173 25
327 174
180 10
159 62
286 66
55 418
336 423
354 275
5 43
450 134
319 313
246 340
63 370
162 345
168 120
125 427
415 303
376 448
204 123
418 236
329 106
184 116
196 411
312 76
212 2
71 163
336 173
17 355
334 180
24 222
422 327
392 138
264 105
254 324
150 259
308 111
323 225
209 43
202 137
100 409
183 288
150 60
233 201
19 174
62 25
64 408
214 10
81 419
332 320
403 395
400 1
414 157
87 398
402 248
389 327
210 355
168 293
444 288
322 380
312 419
70 347
172 212
114 293
312 39
66 179
138 158
446 57
142 429
63 335
33 71
107 263
192 355
348 395
254 67
284 19
392 441
393 120
133 87
11 44
134 323
396 132
354 216
16 79
345 202
369 102
402 179
330 191
25 87
207 356
34 392
229 23
183 95
21 1
232 323
399 284
204 403
364 255
154 63
399 417
389 446
182 4
305 298
148 271
35 185
80 221
2 346
197 199
9 408
3 317
81 408
261 421
220 30
435 28
199 380
116 287
335 430
71 155
216 201
100 181
390 230
194 437
216 188
128 151
66 273
258 173
277 147
400 380
280 107
115 131
271 149
350 0
324 334
171 367
23 81
166 326
112 129
8 171
431 298
430 0
43 314
416 67
342 368
60 146
27 190
272 77
392 21
194 67
222 207
211 151
402 314
367 131
314 411
112 102
363 346
212 260
43 347
203 251
17 159
62 277
340 381
425 415
277 158
251 112
95 195
421 293
35 276
392 228
64 117
260 191
181 312
431 195
438 447
170 391
446 17
405 115
444 89
40 188
122 117
328 406
326 145
212 113
35 346
58 167
50 144
6 247
152 169
370 382
203 156
190 110
268 147
83 61
115 256
169 347
288 92
339 15
270 17
355 285
274 68
375 246
144 317
3 351
17 174
172 244
197 439
307 375
122 177
317 213
170 308
14 74
72 119
276 39
251 178
86 361
253 313
298 383
200 274
23 1
15 381
438 149
228 328
128 440
68 440
318 324
24 304
236 213
219 404
181 283
423 333
298 366
242 147
262 163
95 218
142 149
35 419
155 104
108 387
27 66
354 98
391 338
391 93
77 137
116 257
65 96
61 67
43 40
337 223
261 274
289 392
73 415
403 310
72 397
395 232
377 112
27 292
39 44
427 53
203 401
23 271
211 342
297 427
267 446
205 263
338 286
356 8
96 213
288 309
366 255
172 182
14 429
56 26
157 133
21 237
187 89
116 28
411 400
215 262
224 254
351 136
136 253
309 305
61 25
322 358
155 89
234 297
367 77
209 176
256 265
404 110
50 379
83 412
53 90
52 35
81 154
76 59
256 294
301 433
396 448
415 171
387 233
265 396
10 101
55 329
68 357
274 7
88 271
332 161
383 370
258 244
55 299
31 347
218 126
413 354
336 121
362 56
331 386
49 1
93 345
102 57
25 361
305 309
198 332
162 151
187 416
378 272
15 191
410 207
173 362
228 213
36 106
305 351
283 82
355 381
23 422
106 120
144 245
208 320
187 200
379 395
13 438
194 112
430 277
337 20
424 363
363 343
14 352
28 382
341 133
268 202
314 157
267 320
10 5
0 149
256 138
328 355
240 80
240 378
297 104
222 220
342 52
449 168
277 298
429 194
374 57
380 403
408 199
151 428
375 37
348 417
139 353
450 112
349 271
27 193
263 227
69 26
44 162
281 37
198 150
399 405
135 373
126 287
254 362
30 432
295 175
194 103
279 41
130 113
17 307
306 446
72 279
390 121
269 92
75 334
199 147
39 191
23 413
70 399
29 66
428 330
335 212
414 84
331 374
206 259
322 151
417 54
450 84
217 118
100 227
398 113
246 117
448 373
206 45
381 28
113 83
370 248
429 344
126 4
329 283
318 95
385 311
96 21
278 397
21 28
237 275
270 381
1 237
175 133
173 220
357 92
229 126
89 56
78 236
195 119
248 438
188 27
346 113
94 336
400 346
257 189
218 89
272 217
6 205
114 273
449 244
307 407
405 418
145 1
172 2
429 285
420 446
160 201
203 296
370 39
260 13
236 191
225 340
194 206
101 20
353 237
174 176
152 49
147 365
143 391
180 155
433 31
413 67
233 255
449 139
166 243
70 416
20 185
33 94
47 245
91 342
240 418
146 214
73 336
327 15
72 338
162 369
68 116
357 55
318 274
50 216
151 58
387 201
284 94
36 360
20 179
211 259
122 346
50 50
185 369
246 52
307 446
441 160
287 239
395 347
261 21
433 435
213 394
70 322
433 441
298 18
430 114
314 95
415 432
257 210
143 278
387 393
61 100
91 273
110 95
330 151
30 331
25 254
413 367
108 109
130 32
270 86
23 35
426 256
170 43
37 57
318 372
259 306
5 278
156 49
15 404
417 339
331 75
357 3
50 441
134 372
152 439
112 240
29 299
318 301
277 82
64 32
415 284
355 278
59 401
164 266
335 118
165 80
98 11
20 232
236 335
341 132
69 196
330 154
357 177
313 285
141 429
315 303
8 358
422 4
155 273
26 337
274 359
281 20
130 238
385 161
46 405
271 322
317 400
304 365
434 201
285 177
332 121
329 346
405 337
361 322
173 76
298 156
106 394
356 256
407 301
238 186
435 115
10 143
101 351
135 146
148 207
334 83
65 404
323 190
263 429
377 318
32 91
187 402
316 254
188 207
394 44
69 221
23 104
109 286
204 397
400 71
339 116
250 233
259 76
202 62
246 72
91 252
328 326
356 107
432 28
375 379
448 115
86 101
382 434
3 233
286 242
315 359
154 232
9 144
250 77
7 142
360 148
126 428
192 86
391 369
137 400
128 157
173 7
202 283
152 389
449 110
340 319
146 351
419 421
251 321
92 64
298 49
270 88
219 432
209 273
175 392
444 409
76 193
372 334
361 28
270 61
122 321
67 313
399 26
285 297
131 418
426 299
246 128
179 207
93 63
352 246
329 347
69 75
347 51
312 221
96 361
297 76
163 369
418 26
299 436
114 368
124 390
65 171
277 41
269 260
82 379
6 92
135 22
363 157
145 241
245 352
417 167
438 389
275 200
91 253
286 56
196 448
88 52
325 292
140 193
250 342
406 130
388 184
419 381
95 311
106 28
125 424
54 394
321 410
415 282
369 225
34 370
227 392
38 378
434 24
96 95
374 251
251 123
88 74
338 165
359 102
426 117
222 425
402 170
221 95
162 445
294 85
265 36
18 281
315 401
29 22
198 120
445 313
328 245
77 277
105 363
254 323
288 443
30 157
432 80
40 448
423 128
377 412
131 373
293 370
119 218
63 6
192 263
54 143
349 437
213 337
190 355
367 14
37 304
79 202
19 28
109 253
324 366
427 430
395 42
201 248
315 412
401 262
198 400
423 281
133 298
137 84
258 160
47 368
90 76
123 200
392 394
52 122
441 409
144 182
326 352
147 275
246 355
73 68
1 95
49 54
168 38
303 24
31 398
374 169
426 384
127 130
400 425
187 415
337 253
74 327
362 301
338 205
55 389
52 290
31 428
61 339
31 443
81 62
287 326
29 167
231 197
71 148
15 322
156 177
405 428
356 385
131 139
304 403
308 311
212 384
93 381
435 217
372 397
165 400
187 104
12 354
78 204
196 392
208 311
187 316
386 290
282 388
86 138
82 111
184 129
85 399
60 150
347 105
168 4
108 381
324 442
91 85
366 222
202 326
399 35
10 429
216 75
441 450
421 172
25 444
193 392
12 177
369 397
10 112
251 351
212 407
66 138
423 323
346 256
71 347
71 425
395 160
110 238
373 12
388 32
230 28
307 388
267 431
379 428
142 337
149 93
52 392
371 151
375 209
273 354
318 307
313 449
38 60
203 192
166 176
275 49
128 113
208 375
159 181
150 144
40 287
408 303
246 379
217 281
164 216
17 320
266 47
53 253
227 10
197 192
17 348
27 155
424 254
131 91
151 251
125 397
58 159
106 133
57 205
131 115
392 105
198 7
350 392
274 448
247 220
147 272
449 222
123 126
117 428
359 387
160 446
240 274
41 226
393 258
137 366
380 18
313 190
420 147
433 439
271 361
396 300
442 407
279 231
19 276
262 288
275 253
445 236
14 145
316 382
315 293
13 359
30 282
401 401
149 421
90 429
99 280
376 225
359 402
196 365
325 67
194 214
316 65
199 357
408 15
240 333
197 311
238 212
19 446
338 95
297 250
363 354
348 84
82 358
431 258
142 306
47 93
234 438
353 142
130 339
81 0
54 230
61 118
22 228
116 441
72 102
181 72
332 27
414 424
269 374
90 411
241 215
415 385
257 409
117 372
373 238
128 297
435 255
52 328
153 202
125 352
125 260
7 328
252 399
198 449
171 98
64 273
293 15
415 206
418 79
52 209
328 183
91 122
368 18
450 293
361 445
385 440
130 426
245 1
310 74
314 339
393 102
228 188
369 367
171 150
405 201
145 46
373 111
178 445
65 158
415 388
286 123
293 269
25 15
26 399
191 262
388 377
180 314
447 103
218 304
7 345
289 146
86 415
380 240
152 118
233 353
382 385
280 85
186 340
166 94
272 448
35 72
444 142
430 374
160 53
227 442
221 125
317 376
299 399
32 323
165 91
448 149
230 379
430 163
408 12
354 402
229 157
377 127
264 25
425 110
269 125
157 90
381 229
159 185
372 165
114 144
74 179
440 385
398 399
90 8
209 448
444 361
332 423
123 16
322 121
291 248
336 28
184 175
49 218
259 277
92 78
122 338
445 327
343 20
82 255
26 354
193 212
7 335
120 290
124 272
94 151
3 102
307 60
28 40
324 164
289 55
419 127
25 318
388 227
211 282
358 216
108 386
370 16
150 26
355 375
323 73
146 133
301 301
95 219
33 379
104 222
411 339
120 182
124 297
311 430
173 167
249 71
237 98
85 330
37 87
361 85
19 374
271 161
373 84
408 235
85 197
10 225
350 83
333 153
257 32
105 368
28 354
388 62
436 0
94 334
299 424
268 47
205 283
312 49
340 343
312 85
149 148
318 375
41 248
243 265
166 150
446 100
156 164
243 318
124 307
57 212
124 273
396 52
90 205
49 319
164 179
139 338
111 271
398 279
386 444
421 149
257 126
97 47
419 16
214 191
360 204
136 373
308 273
426 412
118 263
223 267
188 286
433 32
438 92
27 200
95 259
94 163
280 419
270 312
366 82
222 403
272 12
165 324
345 238
100 103
21 335
20 312
334 293
103 201
376 340
318 313
445 175
318 66
8 55
255 82
243 154
55 278
375 258
425 268
173 295
67 1
151 62
99 240
130 199
81 425
286 148
3 247
93 266
259 232
283 430
29 221
9 148
33 60
449 106
279 149
330 25
414 346
182 224
286 254
116 23
242 20
449 366
406 140
28 420
21 301
6 199
335 148
187 135
448 450
200 75
421 344
384 94
180 106
404 250
169 371
199 134
163 38
11 124
355 57
255 424
341 277
53 440
229 86
328 441
300 292
427 425
112 320
143 116
8 260
115 115
317 215
255 140
75 288
124 225
221 263
103 312
162 378
68 338
107 371
114 9
423 93
193 72
91 198
112 5
328 198
450 443
268 24
153 341
296 409
147 154
381 251
323 88
399 134
14 111
155 79
363 258
148 0
29 306
368 213
346 115
325 360
431 143
70 284
109 50
94 83
139 242
232 318
412 115
162 101
414 267
197 17
296 2
270 12
94 27
50 371
183 224
174 265
172 357
260 21
46 420
88 437
59 442
140 34
223 159
329 221
110 327
427 16
261 375
261 291
299 33
153 389
339 437
423 209
253 104
245 265
325 363
293 328
133 254
270 140
130 429
434 156
373 263
165 5
176 329
241 9
257 149
345 361
308 137
366 193
96 253
131 225
246 240
261 303
288 298
196 234
170 316
237 67
109 363
417 197
175 184
31 413
419 341
231 38
271 376
343 83
148 323
427 236
165 253
340 278
307 116
232 417
344 235
290 249
141 181
318 400
253 19
367 360
47 162
225 155
194 165
216 426
170 144
220 255
33 58
234 227
119 340
158 229
284 395
315 242
420 197
207 268
230 233
98 375
33 328
407 420
13 100
225 56
173 267
321 268
9 437
166 5
139 101
269 366
31 234
0 219
20 197
346 219
226 61
2 38
268 176
120 405
123 298
382 315
353 428
331 275
360 349
88 109
245 214
198 299
129 347
224 46
137 376
75 201
46 394
240 435
65 371
300 161
286 329
448 145
30 64
51 126
187 102
187 18
46 149
234 20
172 305
381 217
48 319
224 205
123 85
424 205
0 367
214 285
221 369
408 170
370 362
347 242
175 53
169 219
328 215
63 363
87 81
299 408
60 257
109 274
442 285
199 39
171 191
138 194
102 324
108 255
306 26
360 435
289 414
150 435
38 178
321 431
70 201
21 48
362 77
261 401
107 235
288 378
423 355
358 148
231 442
219 31
177 371
423 432
96 9
397 366
450 7
140 315
214 9
181 219
86 448
83 380
400 386
75 125
54 317
87 370
32 190
423 65
230 35
126 378
225 92
189 372
179 170
109 427
259 231
397 32
427 311
46 152
5 430
221 50
300 385
372 118
237 194
6 105
260 55
387 241
400 297
30 232
202 113
173 149
172 160
374 135
270 282
271 252
45 351
155 320
417 362
308 39
44 119
167 373
109 264
237 141
22 173
143 147
66 120
340 358
95 73
241 420
112 79
76 234
202 36
34 435
72 199
426 349
322 343
376 181
125 353
171 116
10 450
111 57
315 157
398 116
116 415
282 142
28 98
53 329
353 33
330 90
434 430
324 248
50 64
308 10
277 244
432 297
192 7
399 289
414 118
346 306
15 125
115 269
98 222
350 166
205 385
295 209
425 269
149 238
366 11
298 391
24 305
22 342
371 216
0 220
85 245
270 100
133 139
208 117
197 6
203 388
366 145
246 22
176 359
360 17
196 16
187 237
105 293
242 340
72 88
401 428
354 335
271 111
10 324
425 215
176 188
414 20
79 5
402 273
385 345
338 318
107 437
113 383
48 371
445 372
185 194
230 222
347 439
127 256
280 145
123 8
25 70
115 448
404 248
269 246
385 222
59 201
10 142
157 4
235 407
190 288
248 71
105 150
72 76
211 417
63 30
253 411
258 186
105 425
438 353
317 11
180 279
335 189
397 229
66 85
24 367
403 55
58 144
247 167
392 103
441 332
71 205
37 311
302 208
235 101
294 334
263 258
427 274
245 205
190 306
401 9
207 204
114 131
207 284
324 383
286 325
30 204
159 374
67 223
34 107
429 225
397 376
439 338
1 290
167 445
142 430
238 324
179 0
228 442
67 228
391 331
122 58
328 240
349 416
125 393
126 27
171 33
328 318
397 21
406 105
113 385
81 82
322 435
54 182
232 220
233 92
22 432
157 397
113 7
450 123
94 4
342 25
408 191
77 85
254 402
214 147
237 183
168 61
134 446
441 178
230 238
321 205
75 330
227 236
110 264
329 122
349 162
266 309
226 82
243 244
286 361
403 216
168 128
31 407
373 93
432 306
351 260
353 355
163 157
336 360
293 154
26 81
259 390
200 227
333 327
108 221
428 166
152 77
443 350
200 189
124 205
46 105
312 224
151 214
2 217
194 113
343 59
388 396
97 183
8 104
402 85
214 4
385 429
178 275
33 327
382 357
311 347
224 432
2 126
126 443
395 65
176 128
8 262
248 435
309 309
350 205
3 325
403 49
279 289
400 177
178 289
65 261
100 58
322 180
5 113
354 356
109 228
267 251
366 423
154 393
105 190
329 429
389 404
319 377
201 415
55 360
71 126
299 426
203 394
155 240
120 240
285 135
166 367
247 16
139 89
115 251
17 376
163 257
281 129
308 15
113 121
39 51
300 387
117 221
163 353
307 160
182 326
125 361
23 68
399 34
243 180
26 318
314 322
15 442
183 371
413 219
318 68
225 377
399 410
34 164
187 16
176 123
0 259
358 276
419 352
380 333
292 224
100 160
92 191
201 73
175 114
45 269
340 110
177 249
303 239
266 172
269 143
380 336
219 383
53 41
151 408
279 62
203 199
0 399
38 201
329 14
362 51
27 67
152 429
326 250
432 311
361 79
127 398
10 139
446 29
421 221
110 297
139 342
287 0
337 93
441 315
316 141
442 44
378 94
343 445
446 135
184 338
15 269
163 242
249 406
173 175
286 245
222 175
391 118
270 126
377 400
281 291
299 95
419 383
209 294
355 74
410 258
26 370
58 271
260 86
301 16
247 397
179 51
380 445
18 16
241 351
438 213
54 369
155 129
419 22
131 15
362 371
236 150
183 396
298 245
1 248
305 295
383 342
174 31
358 449
212 177
385 3
370 196
152 122
4 55
323 247
418 380
237 140
18 87
338 141
315 430
317 342
101 257
47 319
186 47
87 380
260 167
181 446
8 172
432 255
271 97
38 16
168 170
90 370
292 270
78 142
15 261
404 59
193 366
384 410
396 46
432 5
157 267
47 62
11 209
217 353
250 72
230 386
57 120
196 138
9 278
408 350
244 68
51 19
233 0
63 243
254 424
320 358
196 260
340 389
235 139
189 448
430 344
406 72
132 57
151 41
213 207
296 401
425 211
368 410
365 62
422 423
438 195
57 338
418 434
230 3
213 403
257 137
41 159
332 113
217 96
450 435
196 387
188 406
203 353
321 139
98 38
132 418
49 254
143 291
146 108
98 35
331 287
239 54
331 429
30 363
423 417
343 4
140 363
183 190
229 9
26 341
15 272
363 339
376 75
203 357
27 414
432 159
258 332
79 212
434 52
63 388
219 290
436 273
271 18
178 120
240 142
59 220
108 294
47 291
71 312
75 154
179 415
247 107
220 226
311 160
108 214
79 389
155 58
81 286
162 173
129 163
244 320
274 30
181 88
151 270
319 324
27 31
253 233
201 36
306 212
333 296
267 363
366 400
168 282
175 368
131 381
21 330
94 264
327 184
343 146
360 66
252 2
241 57
74 276
364 129
338 19
296 324
10 365
367 328
121 236
273 272
140 192
328 444
171 310
220 128
52 169
176 310
331 352
213 155
362 290
75 314
326 362
433 236
28 6
443 430
436 257
156 244
142 281
354 181
448 127
0 9
77 230
343 284
124 216
90 120
392 401
189 186
26 35
249 89
16 148
40 265
220 77
187 443
426 191
263 365
177 182
205 448
363 256
278 370
169 156
342 58
99 427
409 111
7 140
83 397
409 381
265 349
35 421
366 438
211 184
226 67
17 430
56 206
282 374
165 116
111 288
11 51
172 17
106 424
108 155
358 378
375 26
37 203
427 414
427 397
417 216
367 42
387 37
303 147
320 125
407 415
92 170
308 227
61 43
192 389
37 245
281 420
45 358
259 417
39 448
99 402
255 441
356 48
319 150
409 143
360 170
219 177
112 168
12 153
121 177
21 423
425 116
276 271
72 50
175 309
358 279
73 211
106 123
161 180
29 28
342 242
356 381
341 67
380 369
286 102
2 119
322 169
425 171
208 217
133 159
248 370
3 298
301 34
130 421
131 40
303 348
165 28
193 376
253 214
194 64
189 279
344 295
131 297
105 22
429 63
430 402
19 209
363 272
117 294
303 13
162 156
53 181
60 147
304 387
360 412
146 137
145 145
184 198
13 234
48 299
41 258
405 431
131 105
69 323
252 249
150 71
149 1
132 329
331 45
60 43
293 446
16 25
448 74
275 338
434 322
306 287
165 62
358 322
174 213
163 194
212 437
99 276
168 346
395 342
315 260
358 347
418 303
366 366
68 224
400 430
179 448
366 30
139 215
229 178
72 405
364 125
84 167
51 440
248 281
113 268
30 127
212 195
46 45
3 341
230 260
446 247
412 27
243 43
331 183
434 22
117 424
293 199
86 432
334 277
308 358
363 412
250 238
94 173
64 56
56 325
83 52
114 135
412 116
284 237
146 56
408 171
362 40
443 231
5 3
19 40
351 122
318 260
365 376
390 199
388 449
429 369
423 431
408 294
275 330
302 315
32 388
71 288
434 223
286 273
174 297
310 213
282 187
79 271
449 257
257 68
335 326
323 169
395 155
251 267
283 376
234 137
109 111
275 390
358 228
55 422
210 67
50 145
17 381
220 193
137 241
34 374
71 283
424 152
345 160
231 52
118 409
350 196
382 437
429 430
312 418
73 34
255 193
130 247
292 382
377 372
188 302
400 145
374 71
281 6
334 381
413 111
360 152
330 168
219 189
98 77
358 136
97 352
364 320
319 409
39 204
293 169
325 95
56 6
22 250
329 120
348 142
170 53
289 238
76 242
209 31
231 226
198 63
397 171
364 398
318 199
405 142
243 336
111 151
114 223
244 271
236 408
173 246
408 179
238 263
9 249
69 243
87 386
37 391
253 2
58 278
116 189
390 388
369 200
433 163
394 132
0 325
32 162
298 37
326 230
164 270
416 121
406 247
174 193
320 421
243 342
249 320
277 208
78 391
227 420
152 342
422 205
432 55
307 166
369 134
188 22
92 75
254 129
388 355
356 337
299 385
403 56
203 243
34 183
245 298
447 69
352 330
349 52
284 145
301 429
35 253
184 341
56 387
292 152
192 353
206 389
277 111
229 205
9 122
281 289
19 355
70 69
211 81
122 393
119 291
408 252
430 212
36 385
303 101
271 133
293 129
74 190
320 292
346 202
281 11
39 155
95 56
125 392
285 209
374 63
297 271
130 378
199 383
133 46
296 244
146 91
277 310
87 2
268 313
116 110
1 141
46 104
98 150
85 334
310 167
223 66
236 135
60 208
32 426
364 209
46 294
236 11
309 205
402 6
412 62
262 252
356 220
402 50
173 377
134 369
49 189
409 303
199 170
278 75
365 213
278 4
15 67
383 445
38 183
190 15
416 55
334 21
196 150
384 418
232 134
420 433
314 298
126 330
219 394
166 129
299 94
72 337
75 168
450 199
361 245
355 39
341 233
181 165
223 7
229 167
38 94
137 313
334 39
127 184
321 140
421 444
53 205
406 319
207 320
382 0
366 42
229 4
163 305
259 12
31 79
213 224
322 101
324 148
238 377
17 341
449 189
48 254
391 385
395 415
186 121
329 353
212 205
57 328
304 345
437 305
25 210
443 35
387 257
10 297
38 147
340 81
5 296
194 298
184 178
192 9
160 218
52 279
407 427
443 214
353 38
391 247
447 425
414 281
165 172
186 242
133 443
259 124
74 122
261 80
390 245
269 68
7 257
128 137
211 366
184 64
115 245
256 399
350 224
258 367
59 15
307 135
343 17
295 149
278 135
13 124
269 292
441 147
112 132
128 266
53 119
94 263
90 106
431 127
310 295
336 406
23 392
133 131
218 136
313 142
391 135
189 33
244 329
28 32
279 127
5 244
20 225
125 77
392 109
204 444
407 441
91 272
44 237
17 425
191 378
192 225
440 221
17 138
26 64
107 130
378 174
443 441
49 261
320 8
100 284
264 370
321 102
294 203
298 63
385 203
431 191
275 51
242 126
361 221
84 52
91 149
239 372
130 141
438 84
226 2
27 80
20 141
370 434
264 332
185 92
87 297
383 137
133 336
187 29
146 290
228 143
152 441
118 448
136 234
393 351
55 214
139 363
188 5
28 176
158 247
17 434
143 25
36 75
62 446
314 91
387 240
50 240
359 77
221 171
325 328
444 382
353 324
245 295
425 334
360 438
157 82
24 268
334 412
368 97
188 74
139 305
389 429
144 336
113 238
96 226
328 165
5 251
118 149
136 56
0 391
183 86
356 338
152 303
426 209
233 334
293 67
299 204
140 260
268 105
181 310
417 293
188 149
361 358
444 435
224 20
179 188
182 257
170 399
72 65
224 95
429 300
324 45
254 178
203 214
296 196
71 257
239 209
330 244
64 318
433 418
197 276
360 371
95 363
368 33
383 312
259 418
444 42
144 60
439 390
348 53
76 9
13 103
50 331
346 274
257 44
407 200
237 346
340 226
265 318
239 85
283 36
363 389
432 146
177 200
159 435
447 374
332 348
29 292
386 113
128 41
416 58
24 326
434 89
229 284
94 274
155 246
345 232
303 312
295 336
276 81
75 400
409 131
26 123
401 64
370 272
86 207
279 183
286 29
208 84
390 326
415 253
83 41
309 20
74 390
39 302
27 192
39 255
204 435
92 236
400 231
114 410
370 384
49 64
236 391
386 187
28 17
367 185
174 446
320 130
258 30
137 63
298 276
310 172
244 134
57 121
221 0
163 85
281 335
450 327
162 124
93 375
162 402
338 444
306 119
164 103
398 44
204 386
246 284
322 318
354 131
254 233
203 208
375 304
376 34
263 339
266 53
284 189
223 335
151 383
278 384
349 34
144 371
210 394
88 155
244 200
44 39
322 309
228 92
343 446
200 98
389 410
444 331
40 408
347 358
400 422
331 92
31 321
269 239
260 403
266 323
432 57
436 373
163 40
116 50
11 25
9 101
404 160
102 240
167 46
148 220
86 368
271 253
127 119
124 294
424 125
361 14
106 101
223 28
232 363
442 365
450 397
18 439
442 226
255 179
291 426
164 431
347 101
225 411
43 283
206 130
78 389
255 102
101 413
42 139
43 215
154 48
385 167
411 246
196 353
412 195
252 259
143 448
132 194
9 294
188 4
318 256
67 195
439 120
346 17
0 24
123 414
282 403
208 132
31 303
56 404
280 353
229 370
280 420
94 381
259 290
97 165
18 45
81 413
86 26
370 96
429 29
351 242
331 14
319 323
142 123
340 310
449 160
107 192
364 426
121 134
146 442
209 315
377 96
363 449
35 332
429 30
195 427
123 406
181 167
33 257
349 221
251 118
369 335
104 418
220 73
40 110
132 247
317 20
265 142
103 245
139 160
267 281
441 35
24 339
418 336
67 25
9 238
42 155
162 41
48 47
334 301
206 392
359 319
64 185
357 332
367 186
22 83
420 103
125 193
373 158
331 334
84 373
203 292
125 45
18 432
4 433
40 148
412 256
389 237
308 117
141 355
157 102
87 236
246 83
322 69
105 265
354 141
339 86
123 302
106 339
101 263
390 366
61 156
188 118
110 26
260 432
179 163
261 231
134 316
360 282
300 111
219 248
419 194
72 284
240 404
118 30
330 180
0 444
31 248
442 57
305 344
94 356
100 180
167 149
57 45
441 292
271 180
359 289
88 394
194 228
228 228
243 386
196 371
182 105
18 193
405 271
235 219
352 371
286 218
94 282
327 114
153 373
384 330
383 371
97 132
304 9
45 12
11 168
279 134
198 198
125 318
415 365
304 299
378 49
259 130
289 107
430 450
11 183
64 294
372 266
11 218
39 173
307 86
390 193
78 146
191 100
79 2
311 362
145 414
404 245
69 70
179 173
328 394
198 74
13 132
428 197
304 216
72 289
364 257
68 133
447 346
383 84
391 281
38 81
416 374
34 273
293 159
432 385
407 375
232 223
44 137
164 195
246 367
261 390
163 206
159 73
146 194
216 77
175 55
215 441
8 159
343 252
76 209
268 376
197 283
182 354
119 293
410 308
313 257
121 355
341 57
329 183
375 233
44 325
447 413
115 132
21 58
315 434
94 318
162 222
359 250
362 74
174 296
230 33
287 2
66 262
361 149
142 96
234 69
390 445
96 103
102 6
429 52
88 214
177 266
374 99
121 417
394 243
132 339
210 448
327 171
151 159
140 24
268 418
204 100
2 365
208 99
214 237
448 23
359 370
315 141
223 100
48 158
13 206
176 69
142 48
140 106
206 210
141 92
342 91
433 438
214 91
379 183
67 247
422 381
54 433
253 295
325 226
10 57
84 216
326 444
13 363
439 450
436 146
262 226
89 277
222 136
392 4
335 236
419 388
444 219
151 317
62 230
338 429
260 58
263 126
76 57
11 171
90 33
213 200
53 305
83 176
122 283
414 427
258 43
353 216
161 416
250 52
351 224
179 179
174 320
407 385
315 423
84 356
232 326
305 263
328 80
194 105
74 306
193 233
273 273
167 225
324 224
7 58
1 213
351 326
241 378
258 32
151 127
327 167
346 272
243 130
380 209
302 137
188 115
259 201
191 108
234 276
344 115
200 48
337 98
208 435
126 353
213 273
382 450
225 75
106 251
159 285
24 396
73 187
352 368
383 264
228 285
217 210
18 169
277 344
319 6
124 239
287 286
77 302
116 404
29 245
205 28
335 213
420 165
200 254
421 358
76 312
22 13
100 241
95 391
416 268
144 121
75 327
333 125
5 363
345 2
169 297
103 209
118 175
250 199
262 336
121 158
391 180
343 275
16 305
71 197
208 292
69 144
104 315
116 303
405 20
213 54
63 56
266 135
392 299
329 271
172 363
192 330
150 280
69 380
292 288
79 79
231 41
191 413
328 252
57 239
161 137
268 46
264 94
166 54
218 386
356 339
367 351
200 392
116 119
430 13
239 51
71 131
438 289
409 407
59 337
195 205
236 309
34 406
105 100
236 253
317 373
231 353
197 428
372 205
333 85
191 40
250 178
110 177
195 300
386 124
73 24
116 300
383 362
286 256
58 411
199 0
298 95
370 19
343 222
332 407
141 381
404 407
163 154
107 249
113 87
182 317
345 175
47 112
74 112
302 373
287 435
32 374
352 149
2 199
64 436
44 78
355 148
28 0
86 403
120 12
22 233
62 311
274 216
9 72
222 71
283 331
337 446
354 382
151 54
444 194
406 176
168 370
355 347
161 198
78 247
288 307
148 267
182 165
308 50
197 224
132 67
91 313
160 332
419 27
241 363
182 233
100 215
413 378
271 409
321 8
234 430
212 3
235 318
408 443
329 252
100 415
195 407
227 443
54 53
240 231
81 135
171 330
170 154
0 242
224 309
438 444
101 56
4 360
138 176
301 100
147 360
15 256
126 438
411 321
103 100
413 297
174 201
104 183
381 282
292 7
197 37
295 224
251 334
136 265
147 141
415 109
149 432
265 338
373 228
415 32
87 397
341 268
35 116
183 328
109 159
328 127
269 244
434 350
449 328
148 42
427 204
46 236
62 221
346 203
78 46
427 265
286 196
241 450
327 358
37 407
444 104
347 292
357 346
431 293
369 436
211 331
129 354
33 199
305 361
53 341
364 263
270 153
138 213
289 445
47 82
447 153
34 369
397 193
114 41
65 252
121 284
366 297
336 133
258 125
442 321
446 435
34 120
122 156
244 317
279 398
65 306
199 123
385 83
275 86
59 206
181 380
273 398
195 433
26 284
54 418
211 26
321 327
249 29
81 269
102 74
60 287
114 259
277 16
435 427
138 36
0 74
112 215
149 81
422 412
230 95
295 237
114 353
332 213
450 346
256 129
396 10
24 93
391 91
409 394
164 12
31 103
402 295
291 42
34 309
428 222
149 29
86 314
60 162
259 123
215 411
341 275
146 358
431 340
430 353
208 233
319 43
6 203
19 299
420 289
395 438
184 52
278 239
381 374
129 88
154 382
146 441
372 26
179 88
356 90
381 202
377 250
295 93
108 92
6 355
62 103
356 0
325 357
364 180
220 345
300 422
220 298
267 104
262 318
256 356
164 321
262 374
312 10
420 266
317 308
328 15
403 2
7 240
277 442
29 366
421 49
267 413
291 339
217 87
169 244
30 386
281 0
281 137
420 331
278 310
132 23
91 417
273 10
340 233
386 373
379 308
144 176
436 134
192 273
144 17
386 335
147 303
345 405
41 101
269 444
330 11
116 372
73 229
282 211
67 296
193 247
350 434
317 157
0 212
237 260
357 410
326 236
358 337
130 151
57 63
325 116
273 174
56 36
445 363
204 422
440 140
441 251
266 231
354 182
305 253
230 255
48 163
115 177
223 94
161 373
32 119
366 280
291 194
213 2
274 65
169 389
65 60
237 238
436 312
224 119
148 340
285 152
332 190
370 352
344 428
99 34
56 283
363 423
66 102
352 127
335 5
254 357
175 235
17 71
103 9
62 227
432 446
403 339
264 211
184 75
321 378
103 316
406 438
393 123
183 152
38 382
284 280
330 308
59 282
137 147
389 266
217 288
427 82
32 443
66 160
256 406
316 266
178 316
266 294
24 427
449 447
14 189
141 327
102 446
63 254
145 362
409 84
12 67
399 430
71 212
205 347
434 394
210 45
207 389
20 10
283 337
383 70
32 105
158 402
318 188
268 225
40 339
157 212
410 431
257 252
334 186
153 174
124 15
152 379
10 322
225 42
36 310
334 382
328 271
377 387
328 172
442 234
320 128
447 420
280 418
219 149
292 450
332 167
384 314
58 347
103 386
222 121
327 59
74 43
436 212
425 240
104 413
16 12
127 169
67 165
193 345
352 218
242 124
177 217
301 5
395 18
355 40
431 23
4 424
101 135
185 412
166 349
353 79
280 162
58 230
79 185
225 159
159 202
417 275
360 443
322 308
426 321
109 108
137 364
79 282
305 48
151 184
148 67
3 108
366 208
271 323
209 374
15 103
277 33
442 295
252 222
304 375
318 358
362 356
125 50
423 43
226 34
74 14
223 408
430 60
153 445
408 166
206 42
16 164
72 57
247 267
424 43
372 222
407 272
43 277
312 66
398 284
360 173
292 135
29 48
239 57
138 373
377 446
103 145
44 173
259 414
116 224
379 406
229 244
258 99
350 197
75 222
310 381
381 109
91 284
329 49
26 332
331 190
316 333
175 205
52 386
213 317
372 383
199 207
349 328
423 291
372 282
430 131
270 219
377 391
77 270
143 214
203 68
175 177
80 30
377 261
221 350
349 130
261 101
288 397
161 279
44 304
58 328
216 148
191 279
242 24
107 319
28 306
417 212
111 212
300 323
4 91
330 321
344 81
450 309
144 365
328 190
401 229
282 447
297 442
213 303
175 101
303 226
394 413
106 203
77 145
75 259
288 139
4 344
264 255
366 247
293 132
296 46
344 181
392 88
26 68
121 217
311 63
395 173
332 367
427 405
424 242
364 243
446 223
290 416
133 391
57 398
53 193
342 329
73 428
106 231
75 206
422 150
412 364
429 11
97 111
315 7
163 366
233 96
100 19
421 117
274 272
200 425
246 301
154 272
36 7
297 204
52 54
67 76
40 304
237 254
368 85
91 412
334 5
380 309
209 254
424 329
158 101
181 325
199 333
24 349
41 388
190 357
152 339
184 288
407 180
235 124
237 283
226 24
408 405
354 148
398 49
313 265
111 280
356 377
436 250
44 61
195 245
182 230
442 18
373 18
336 414
436 364
8 444
132 305
438 348
144 235
53 444
438 90
219 42
16 173
192 220
413 183
170 417
418 29
348 287
446 162
256 353
41 44
21 115
246 87
16 185
347 109
376 318
360 131
346 58
119 278
385 226
420 7
119 193
359 81
270 169
144 53
214 221
84 215
78 366
244 177
106 206
147 304
240 443
386 424
304 329
339 131
227 94
336 252
45 41
225 139
419 196
171 342
219 438
88 228
434 190
313 349
320 66
90 91
11 141
410 424
107 34
283 212
79 367
175 35
283 150
53 377
59 446
219 137
153 311
224 61
333 17
98 121
137 325
278 38
360 58
62 156
347 341
59 269
116 443
19 232
297 38
417 395
236 139
355 241
379 55
298 230
261 280
329 442
41 106
346 440
113 81
413 80
4 392
159 197
357 186
261 23
34 343
99 304
218 411
323 437
188 39
87 102
46 158
233 443
280 390
162 149
50 181
327 162
197 385
45 367
329 301
29 315
54 410
68 75
196 226
189 136
365 143
365 49
417 67
8 136
168 112
325 378
68 69
53 356
32 423
442 294
351 415
59 86
23 297
384 43
67 21
419 104
83 332
318 131
119 197
279 181
239 346
59 234
390 23
26 304
87 152
342 170
147 436
361 43
445 245
201 139
54 151
273 57
93 140
4 348
441 278
249 214
411 149
83 317
72 435
278 112
416 110
248 140
317 208
49 71
144 312
341 93
51 403
192 335
337 15
438 281
412 38
334 367
206 168
238 298
248 168
90 362
291 375
87 323
335 204
178 320
247 362
76 220
227 334
14 98
163 295
187 179
274 212
271 34
71 70
142 343
363 302
168 232
243 412
80 367
279 117
407 86
178 109
130 109
120 362
429 233
441 239
23 360
369 444
403 140
334 272
24 179
423 159
135 270
329 359
327 270
241 445
238 155
388 282
138 433
148 194
436 433
292 263
132 132
317 150
330 382
219 436
193 424
64 161
293 292
21 290
165 345
50 61
358 235
12 0
157 5
80 266
11 399
34 274
378 299
112 295
109 52
376 194
50 62
102 231
0 206
120 388
84 80
269 302
364 356
42 170
168 212
168 430
390 279
256 115
369 290
400 96
214 372
336 397
424 110
215 202
66 249
197 69
13 248
41 241
263 189
23 407
274 429
393 264
108 398
92 120
440 216
266 218
38 436
434 129
209 228
131 79
424 368
89 226
229 145
228 138
235 155
124 275
434 297
294 213
206 257
43 54
143 254
246 360
58 281
135 69
364 331
448 130
391 13
210 401
25 97
136 91
240 380
148 348
21 164
91 216
64 311
35 302
152 313
237 262
130 249
161 58
13 416
132 36
77 192
198 264
423 204
27 435
256 29
131 266
78 22
11 81
331 191
281 74
388 145
25 43
89 65
138 13
43 282
405 388
279 347
29 196
200 28
383 380
263 295
88 244
51 61
434 171
202 28
45 422
160 59
57 154
308 355
141 70
223 253
69 89
337 319
81 292
264 77
360 246
296 4
302 73
248 192
83 48
378 22
156 224
314 22
239 429
397 0
215 157
365 276
411 302
449 88
409 438
348 126
24 218
223 312
326 204
99 63
55 78
420 268
29 247
101 310
265 450
41 137
218 408
247 249
448 75
115 292
317 409
276 181
378 66
348 282
11 170
110 309
241 182
390 312
276 422
287 156
211 377
177 173
155 188
95 27
57 354
426 375
212 426
22 438
438 379
299 268
358 135
124 256
443 445
417 102
376 5
33 134
337 42
450 243
195 200
439 125
77 131
57 109
303 59
225 156
9 1
335 308
245 398
366 251
13 146
319 40
220 294
152 144
407 158
116 77
54 299
232 143
255 253
22 328
70 34
130 272
137 426
429 64
379 375
135 355
315 296
327 212
25 323
424 131
214 173
30 174
243 449
437 322
95 1
70 137
71 348
242 288
362 232
95 242
396 277
19 143
334 291
30 113
169 9
54 21
438 287
102 237
437 353
73 378
173 240
79 359
342 39
134 358
191 439
418 113
224 203
57 164
410 252
133 273
1 450
125 414
406 63
407 367
14 342
296 344
74 357
136 42
115 329
407 122
396 223
149 368
437 369
127 281
365 279
76 403
114 225
270 360
135 281
104 133
19 386
309 438
303 225
127 104
366 324
298 325
72 180
324 70
352 202
83 353
242 357
425 197
316 126
19 231
424 35
379 247
403 288
245 450
101 58
363 89
358 351
415 179
443 324
157 91
38 129
232 77
228 113
180 425
156 291
401 444
424 52
189 255
200 337
330 378
87 39
83 411
119 81
199 92
48 321
402 357
378 44
145 8
226 211
415 5
308 333
30 56
203 311
224 302
121 263
217 240
22 90
336 68
158 147
206 31
251 379
278 105
92 450
36 207
246 133
334 170
354 2
425 308
266 411
156 303
350 291
428 132
32 397
255 328
41 94
409 37
126 227
96 229
132 17
225 104
249 154
78 376
156 230
219 399
201 378
442 252
36 370
107 429
63 17
431 305
355 111
434 231
312 426
63 342
31 232
165 67
219 112
202 206
231 324
338 125
101 449
78 357
365 117
102 287
354 137
337 450
54 426
321 316
179 194
263 332
220 141
245 331
91 152
61 320
69 228
309 32
397 20
198 141
430 360
173 270
111 282
220 202
132 114
20 377
118 170
37 159
375 270
38 280
225 133
362 188
442 354
80 223
366 249
108 222
33 3
236 328
48 345
8 167
416 337
93 369
49 237
299 2
103 324
299 6
341 297
41 7
51 290
207 10
47 169
294 224
329 329
326 242
294 419
22 186
121 316
262 315
215 196
297 440
339 301
69 237
88 357
245 145
169 374
321 418
325 15
272 230
143 304
267 383
72 109
253 305
135 266
271 365
387 370
189 107
385 75
444 233
268 411
137 266
417 307
124 185
208 52
450 140
218 402
218 45
247 54
170 130
447 357
51 31
363 85
44 318
80 355
208 373
210 385
10 361
63 327
330 430
338 240
380 107
436 344
427 360
408 0
302 386
15 259
330 123
243 15
18 358
18 68
428 393
370 75
293 152
266 117
114 401
335 428
48 401
123 274
233 363
245 6
139 165
195 323
304 294
87 134
232 346
75 107
432 130
383 207
54 18
394 323
271 30
31 331
329 53
299 216
93 261
185 283
153 344
405 162
398 156
143 49
310 328
175 270
202 59
275 40
408 112
257 200
346 237
40 99
234 436
425 426
113 239
64 33
445 41
359 187
67 123
79 17
284 250
292 87
254 229
42 372
376 230
443 351
298 281
59 419
282 75
343 1
155 331
232 270
91 86
198 236
345 450
322 4
134 399
7 298
142 169
398 7
275 153
376 424
272 386
357 207
155 172
373 65
181 285
206 153
323 35
15 365
239 33
151 166
69 356
376 412
439 301
37 429
337 61
196 426
125 426
125 3
437 177
39 47
376 408
77 416
7 7
64 119
56 298
6 448
404 278
10 309
30 173
35 45
45 118
89 376
32 428
105 0
392 115
50 295
16 359
278 200
112 43
340 91
398 188
242 231
371 369
267 292
366 254
236 195
380 60
37 242
206 438
220 123
84 126
13 160
450 144
246 397
63 387
427 117
93 311
295 444
151 411
268 417
115 387
338 381
347 49
427 32
373 217
417 350
264 129
60 304
360 226
15 274
200 54
421 423
429 106
80 148
366 409
265 350
341 24
443 5
375 108
263 206
154 276
23 56
309 290
33 232
134 393
12 49
56 58
354 424
142 53
311 308
44 373
425 124
141 376
355 26
297 167
413 352
435 163
72 49
77 98
47 211
447 146
333 369
261 357
406 309
85 407
69 290
44 195
286 240
128 374
145 438
129 229
209 395
270 249
218 149
61 363
72 176
170 62
264 194
300 40
20 93
81 356
227 181
109 98
173 118
271 395
82 45
370 326
387 239
257 211
237 70
343 343
89 140
322 84
291 311
236 56
170 23
216 437
143 330
380 216
168 403
267 337
412 377
64 24
273 99
426 361
43 105
322 385
107 259
393 324
341 249
165 348
109 352
318 18
219 118
364 86
248 195
282 295
410 278
163 115
218 132
418 244
48 268
86 180
298 195
85 113
235 54
126 215
41 213
76 81
44 129
316 324
239 264
384 10
230 271
36 16
321 118
35 389
352 317
107 365
425 356
287 202
356 400
65 423
362 389
181 177
440 347
310 307
174 242
413 290
39 418
290 243
305 199
136 407
448 138
106 0
297 232
397 102
282 440
357 38
100 445
251 135
373 49
74 239
337 369
221 48
321 119
361 279
98 441
45 168
383 393
3 352
291 41
68 379
259 422
321 353
58 111
264 70
79 240
11 201
45 107
368 238
410 360
392 279
61 256
263 273
114 112
258 364
70 145
417 426
174 403
368 27
365 71
225 211
403 424
33 204
29 383
380 5
51 138
211 193
82 56
293 272
409 14
87 352
173 275
30 86
20 256
301 281
317 164
271 363
236 83
231 279
87 389
271 385
410 390
290 366
172 293
301 423
254 423
257 85
266 95
159 50
150 56
195 117
435 108
263 266
318 353
173 278
176 406
319 95
324 83
392 70
92 34
239 4
399 251
110 423
233 389
392 395
302 439
217 132
113 189
106 93
137 289
140 259
382 325
263 127
137 308
216 187
42 228
96 269
53 133
119 283
220 219
201 101
83 277
387 433
232 104
41 285
6 286
73 7
385 168
346 434
13 297
257 370
402 261
182 63
197 281
295 5
214 357
66 396
358 224
234 18
313 56
124 90
110 390
428 262
258 410
374 72
354 238
412 229
203 436
194 1
326 112
316 122
24 338
409 409
20 155
73 236
197 342
298 378
401 206
437 422
143 44
296 232
319 390
409 294
62 142
72 265
239 158
54 101
172 398
210 358
224 14
233 106
110 385
32 360
167 298
174 433
262 255
86 383
43 400
302 3
223 72
85 169
251 362
128 273
336 10
114 163
372 416
137 208
136 323
172 415
133 228
375 86
11 351
277 49
317 422
107 243
15 220
371 117
79 309
368 440
439 195
445 66
125 293
383 4
273 367
112 433
67 337
446 184
116 240
419 195
368 316
223 250
222 232
333 178
447 202
199 308
199 97
90 54
344 217
256 269
294 441
405 348
1 139
340 122
263 23
324 399
279 76
106 395
119 317
316 415
287 339
300 158
360 269
20 368
402 380
167 343
20 326
393 197
301 393
443 291
117 189
119 168
257 405
322 364
83 247
354 443
246 153
132 346
265 446
163 330
240 198
46 275
254 302
319 444
54 83
154 16
174 366
442 121
149 84
3 251
83 369
329 398
212 404
53 47
198 93
247 352
102 236
220 204
37 249
385 411
226 41
106 104
282 325
356 210
148 191
36 363
231 158
183 253
433 115
336 211
196 1
253 294
132 166
240 318
447 151
229 404
138 121
404 441
85 224
214 41
216 243
384 348
49 239
297 244
81 414
4 343
44 111
5 208
440 135
51 30
408 229
149 428
227 25
413 101
297 361
445 394
18 442
184 265
43 231
33 399
370 184
0 321
62 54
255 340
154 117
403 54
203 136
187 154
142 21
273 440
355 286
353 245
339 132
204 99
188 344
247 194
328 51
330 150
280 351
262 18
126 397
340 69
84 445
333 149
441 223
58 311
211 56
226 59
256 425
437 313
210 33
364 248
274 250
74 443
401 265
76 27
85 62
6 259
269 404
396 242
405 210
334 299
151 217
355 83
176 227
242 52
313 45
89 243
172 75
368 437
18 79
40 65
23 416
404 340
312 314
197 72
432 102
85 273
56 371
4 110
352 335
418 358
233 238
229 336
416 28
153 130
137 450
177 373
135 163
100 218
314 156
214 29
325 107
277 335
327 35
65 343
4 109
288 56
391 371
361 426
11 273
25 169
169 336
405 440
436 3
212 24
289 398
364 432
357 110
140 370
268 299
102 344
268 345
193 401
138 356
169 18
212 216
127 215
28 42
157 26
449 123
428 312
178 201
418 348
234 15
146 135
99 167
276 82
435 228
196 443
43 271
440 86
446 195
172 194
329 373
256 288
264 114
86 434
71 111
364 103
406 188
324 149
429 176
392 274
0 413
117 106
411 180
263 78
277 330
199 127
216 142
366 360
424 236
270 234
10 333
340 131
449 434
141 354
368 295
210 365
173 396
408 244
237 129
321 110
320 9
412 40
183 385
129 114
12 31
187 217
354 436
133 222
408 391
221 38
386 441
336 391
433 119
220 76
29 265
10 273
373 426
264 207
266 202
225 313
104 21
282 341
221 389
364 393
255 172
308 106
37 239
185 435
307 435
330 165
109 199
379 66
171 241
106 358
70 117
355 43
117 139
184 252
398 269
409 18
211 50
105 231
191 419
140 356
268 140
320 3
213 343
365 389
67 108
3 18
19 210
267 321
196 55
61 24
198 446
106 426
435 273
198 10
250 318
126 318
250 165
381 140
107 241
52 268
336 371
296 375
356 20
335 183
417 367
312 133
106 415
296 98
352 269
124 173
360 57
297 385
110 145
277 134
10 229
439 106
381 115
17 424
224 18
374 236
157 227
24 132
372 231
3 238
118 432
316 164
352 181
30 102
54 282
335 33
54 379
36 220
346 137
416 348
180 117
241 406
97 181
344 323
93 118
346 207
361 275
418 220
441 32
26 317
384 275
160 325
87 382
96 31
195 172
186 223
259 415
277 334
158 90
67 411
286 405
369 307
17 152
240 68
271 277
383 403
259 168
228 282
295 16
45 425
371 320
101 27
28 319
140 350
26 291
449 446
162 274
229 308
24 58
270 230
384 78
100 249
392 87
49 216
373 126
406 362
43 414
101 431
198 13
450 183
429 349
142 258
397 61
240 395
82 233
316 8
438 298
74 224
215 300
329 114
125 244
18 146
324 23
104 29
202 223
75 213
305 147
440 237
302 384
41 353
95 207
419 153
342 328
363 127
103 296
358 343
88 196
270 82
440 317
359 409
129 78
361 197
322 341
148 225
280 43
314 448
313 283
181 332
173 366
427 276
88 403
318 374
220 449
107 147
213 344
55 158
339 436
183 235
167 379
44 26
228 256
206 339
224 372
151 90
24 423
418 267
124 349
434 203
149 250
288 76
361 382
281 3
145 93
355 283
329 200
350 245
385 182
343 197
25 26
208 244
197 383
59 439
419 372
127 426
293 429
202 306
337 50
158 282
205 121
168 101
98 184
327 186
146 318
448 70
160 199
369 245
33 174
339 292
289 157
436 295
247 1
83 17
294 420
364 80
148 319
112 89
195 344
55 120
312 215
6 235
284 75
113 420
108 277
448 390
104 130
153 62
150 413
223 126
294 185
128 174
140 111
320 138
441 175
47 9
44 42
359 149
104 395
225 182
407 351
358 262
164 427
254 47
177 283
7 10
355 131
182 138
346 215
106 355
325 399
330 247
245 429
440 85
450 232
201 313
424 436
423 49
282 326
282 333
381 303
187 360
389 38
326 339
36 168
9 256
300 383
364 135
86 181
113 440
282 29
355 251
35 155
407 270
29 279
328 341
135 149
279 409
140 329
60 251
24 68
348 3
42 62
190 229
132 105
323 262
309 322
354 325
294 198
419 204
331 300
447 218
101 417
382 263
279 379
249 410
247 407
238 61
350 385
82 195
128 78
307 276
117 141
77 410
211 28
199 287
259 272
228 264
375 448
323 296
160 172
103 212
93 285
97 164
400 312
241 129
49 170
19 184
210 206
408 336
328 145
220 101
371 434
370 318
211 148
337 163
427 383
24 252
405 297
399 341
56 360
316 224
55 135
12 443
242 99
227 47
45 245
188 152
12 196
106 328
415 123
78 41
86 224
357 50
426 89
135 330
253 246
111 316
325 331
194 163
239 439
386 265
265 253
382 227
286 357
67 418
315 233
22 222
130 381
357 21
130 427
268 65
407 173
111 38
341 177
230 362
409 342
327 5
358 236
78 163
281 117
227 327
137 268
58 192
216 152
379 304
55 223
65 112
402 302
356 392
138 394
450 281
362 79
118 45
102 295
148 394
186 33
245 309
429 295
399 187
214 66
202 287
245 227
426 179
295 244
424 432
276 185
351 406
77 59
2 232
85 135
182 344
219 220
187 296
335 111
356 117
126 192
44 387
341 73
62 224
382 185
63 41
396 202
331 54
400 428
200 147
269 98
143 341
211 36
376 9
216 133
315 270
144 74
247 263
147 347
171 301
191 34
219 131
330 320
307 374
104 248
321 325
400 143
180 349
444 210
96 108
325 260
355 75
381 196
266 48
136 33
367 355
156 75
4 166
30 92
320 245
309 37
390 395
74 168
384 115
400 427
157 21
126 117
74 328
234 59
317 258
80 256
255 194
211 32
145 416
171 115
316 275
388 326
221 135
309 169
90 174
162 307
39 233
321 212
194 0
424 309
197 445
259 255
87 0
304 176
228 319
387 128
338 140
215 299
311 151
207 420
320 21
262 53
166 225
184 36
68 120
202 110
414 439
154 147
40 409
184 112
53 105
416 285
295 340
246 446
328 105
410 180
275 254
242 329
145 247
377 21
236 187
394 309
164 348
344 301
272 115
238 279
422 190
50 376
421 403
209 87
98 409
425 85
242 67
352 275
230 8
155 107
367 259
144 255
336 160
422 146
217 289
135 48
17 321
300 165
240 368
44 27
311 75
43 56
134 108
157 154
122 61
328 412
189 82
380 190
373 399
336 220
108 113
327 230
141 270
81 188
326 363
68 395
102 49
272 62
232 349
322 340
151 287
328 40
244 240
431 126
433 402
196 12
382 17
140 417
198 259
296 80
17 98
434 198
212 197
405 215
57 28
395 157
260 409
259 183
14 413
326 287
141 411
309 60
422 69
392 154
218 187
83 261
123 445
160 248
248 331
344 193
280 23
303 289
35 102
299 313
183 181
268 335
81 85
166 34
407 411
319 411
16 43
82 119
6 372
142 370
315 188
2 50
446 156
291 439
312 252
322 382
221 373
364 304
367 401
332 310
236 79
60 430
423 197
168 32
360 299
4 210
369 252
131 108
372 268
241 440
2 394
99 353
29 329
269 424
84 218
201 381
46 145
418 18
364 191
42 147
43 102
12 255
386 55
237 301
45 419
173 293
223 65
73 416
218 191
415 194
263 274
175 194
86 382
0 122
175 229
202 235
369 14
78 88
194 147
446 64
364 227
97 263
20 184
238 381
21 405
63 0
243 148
209 441
237 153
283 346
73 153
313 341
16 50
45 381
14 195
289 372
393 361
96 371
116 219
235 284
397 362
28 101
116 345
282 266
376 441
166 249
100 63
405 175
134 211
323 102
282 335
40 183
312 150
217 121
205 65
450 6
104 300
164 327
353 289
119 179
137 419
353 144
160 184
141 301
161 187
154 92
100 339
341 236
230 175
284 184
122 52
20 310
214 124
101 10
203 120
446 4
101 211
260 247
69 211
66 146
366 185
182 153
35 63
137 114
355 236
337 160
419 143
81 103
292 311
8 369
347 165
210 119
228 11
172 110
295 226
377 163
185 27
312 57
4 93
431 402
425 185
205 8
83 445
378 192
314 223
280 236
339 352
119 323
245 393
247 44
439 156
144 98
266 247
408 447
182 3
349 357
245 248
125 62
319 175
434 7
291 293
17 403
10 406
379 147
89 78
201 269
157 49
203 76
101 85
376 12
243 400
47 72
153 364
235 140
40 129
440 126
159 210
233 362
309 373
447 370
97 14
315 91
76 390
120 298
371 418
364 230
289 117
397 447
162 434
400 83
406 224
245 209
184 196
299 62
270 25
127 382
344 250
400 244
234 266
407 289
322 261
304 234
103 322
193 311
152 174
247 365
115 357
184 242
297 217
274 50
90 53
40 396
32 385
231 304
439 333
156 376
201 80
22 55
358 172
23 264
246 309
152 272
443 292
277 5
286 7
372 379
315 383
245 225
122 39
170 104
425 200
303 310
277 3
352 194
32 185
51 355
413 429
391 355
81 95
22 374
228 57
151 445
222 186
325 122
368 450
70 356
215 405
374 306
285 336
105 46
422 36
77 235
449 266
346 49
100 319
84 380
119 169
144 230
334 449
184 433
353 416
401 132
43 55
9 432
169 381
174 369
438 94
173 47
203 80
168 113
61 186
49 98
355 345
63 12
163 394
422 176
235 93
185 288
100 315
275 56
98 354
227 100
16 250
399 151
297 358
185 188
250 447
330 274
30 162
394 218
176 306
443 432
386 222
10 389
146 381
368 308
321 38
39 259
215 412
133 258
54 351
21 362
158 79
33 212
223 342
210 392
71 17
265 299
256 392
84 245
171 129
231 40
444 102
199 448
276 20
244 141
321 152
194 158
296 413
409 239
13 49
332 86
89 44
415 204
241 343
116 144
154 354
101 68
290 37
358 13
109 200
132 0
421 95
107 411
405 12
410 199
71 73
206 16
152 166
36 183
248 208
36 437
298 152
128 295
228 223
42 86
209 318
436 165
166 424
253 365
141 116
25 385
118 355
413 389
76 419
59 246
209 190
54 135
73 175
94 54
362 70
240 182
369 164
133 10
301 120
423 429
414 204
131 218
391 115
69 166
262 220
71 135
157 66
94 243
155 75
212 375
223 115
437 434
156 217
129 263
357 195
254 413
115 60
31 412
7 178
347 169
450 448
361 150
68 141
205 229
101 429
238 178
315 196
128 405
324 228
245 61
251 424
59 129
424 172
226 226
112 170
105 139
243 287
266 103
62 276
144 425
365 297
199 334
178 70
445 403
431 28
38 107
157 245
365 317
354 359
412 119
328 399
373 157
174 217
198 29
351 171
51 308
280 233
4 278
213 169
369 356
78 337
34 158
26 49
96 359
186 213
276 348
429 332
254 317
257 145
130 350
352 78
236 125
445 367
163 429
299 168
178 139
51 381
215 206
235 27
302 43
270 144
251 199
348 345
92 253
203 195
307 76
317 7
243 40
272 121
97 366
247 215
87 164
176 325
345 197
176 390
153 353
402 225
434 353
229 111
400 88
126 44
244 376
361 103
47 246
42 28
1 67
440 267
174 438
176 238
93 246
131 236
383 260
190 233
58 16
426 203
420 168
420 392
1 68
344 275
249 353
58 366
187 212
205 444
369 366
147 59
21 258
23 135
277 295
435 417
35 148
380 48
331 43
118 299
21 97
15 211
449 115
169 387
301 446
384 188
74 185
228 73
3 417
4 261
406 302
160 230
128 159
311 127
311 371
256 433
132 101
379 157
51 408
44 31
255 431
336 359
439 86
217 31
18 158
51 312
422 195
330 437
163 276
449 199
274 173
322 21
256 181
297 109
293 89
80 78
297 294
43 49
274 17
357 291
341 210
426 175
327 139
22 372
408 78
15 120
136 231
59 67
13 272
84 240
306 336
241 424
152 39
319 106
375 244
303 386
92 419
202 50
79 300
20 89
116 364
304 426
428 74
220 65
339 145
425 79
344 103
29 242
166 291
52 348
293 204
355 24
217 275
431 403
35 71
381 197
39 0
169 282
384 36
218 48
64 149
326 288
270 107
19 293
85 238
172 99
369 302
244 249
13 44
148 56
197 138
424 230
444 355
88 136
355 175
333 393
249 63
62 130
325 125
136 266
287 340
33 297
376 375
126 153
207 220
191 283
383 399
137 421
97 370
81 192
444 375
35 237
276 278
442 397
396 183
350 79
96 58
421 383
44 85
49 186
80 232
445 105
138 274
110 11
222 449
368 379
9 417
356 78
276 68
201 310
181 87
53 161
423 121
56 218
440 9
62 254
397 236
350 317
312 124
151 32
365 296
38 285
414 380
124 6
182 70
49 59
443 256
197 110
416 20
184 159
187 96
381 335
326 377
208 209
214 23
219 362
254 127
285 340
5 400
319 376
208 346
107 193
355 301
10 372
352 217
408 65
243 297
385 234
69 260
232 196
344 59
380 121
132 169
122 41
416 345
19 83
308 294
383 213
379 283
359 446
424 77
88 247
102 431
313 116
75 18
346 161
378 69
357 188
315 6
313 442
381 279
242 32
377 425
151 220
361 37
360 55
317 372
303 334
135 283
159 446
274 103
393 369
93 65
422 416
351 439
447 245
356 313
265 439
386 214
224 73
170 413
54 402
397 207
180 350
100 359
294 15
450 402
450 308
322 302
174 388
141 252
338 45
63 241
311 105
244 21
39 186
288 13
93 6
95 374
96 232
397 347
328 410
446 272
20 359
19 444
202 221
310 56
437 276
385 327
212 45
64 322
419 418
190 210
34 380
328 323
320 281
319 340
398 350
254 220
131 26
439 247
175 126
141 370
301 346
390 15
368 360
188 120
192 250
67 278
313 71
48 359
160 96
61 55
337 133
441 285
198 303
106 425
86 122
430 370
247 346
269 176
428 253
401 369
281 95
323 270
417 114
421 260
149 379
320 275
397 368
190 101
254 348
195 165
232 352
380 11
228 96
47 52
200 68
27 273
406 156
365 411
368 176
446 432
72 107
29 237
89 215
448 10
189 349
419 11
412 416
98 141
308 24
27 54
118 185
385 335
401 149
26 419
411 76
1 218
44 328
255 189
263 41
437 427
388 438
331 65
277 224
63 435
286 425
140 331
311 404
331 443
52 80
107 323
426 136
420 152
418 350
171 423
201 314
325 66
238 233
101 202
108 264
257 235
167 305
364 187
261 436
80 394
51 302
420 357
67 120
13 30
87 82
121 112
394 364
435 274
123 55
385 415
170 423
235 378
74 329
100 311
436 396
325 45
421 193
373 446
357 77
19 224
121 388
99 112
356 384
435 119
161 442
440 378
119 48
278 98
102 270
303 174
112 84
21 294
235 386
371 61
172 4
6 56
380 376
87 391
355 214
1 340
3 164
167 168
29 323
81 46
312 181
414 36
423 32
408 101
420 169
162 351
191 237
150 301
422 233
338 160
331 59
295 113
11 9
304 305
101 374
208 252
305 34
197 402
174 145
136 212
352 315
402 20
74 335
422 208
358 246
183 197
310 96
99 339
89 218
39 170
189 187
306 106
69 203
93 199
112 323
316 449
374 414
385 278
224 290
191 30
352 401
223 400
181 120
374 323
114 370
232 422
313 80
98 284
270 333
385 299
47 423
276 151
11 430
205 218
418 435
29 50
443 387
309 181
49 9
198 293
219 413
17 260
93 269
124 170
282 450
227 168
160 54
124 412
338 433
77 298
270 63
436 153
73 369
29 143
356 214
287 182
318 339
252 328
282 279
77 204
307 45
15 183
431 303
167 164
305 448
365 157
220 131
445 102
61 83
431 179
16 442
64 58
271 425
406 235
116 236
282 405
75 103
62 47
129 198
34 287
278 125
327 163
12 93
349 296
149 317
1 388
262 334
342 348
169 127
338 323
425 395
285 159
54 400
406 2
324 172
331 247
387 361
19 431
330 131
12 217
188 141
290 184
402 18
396 4
235 150
241 402
107 35
212 400
313 275
205 122
211 132
359 30
136 67
392 55
77 124
186 16
191 241
107 260
196 273
146 269
297 423
375 337
105 32
46 244
403 133
3 396
136 16
6 307
141 12
86 255
376 346
18 147
384 57
266 428
260 95
280 92
57 408
91 167
29 263
357 133
343 105
358 146
206 322
55 96
63 214
237 330
3 93
449 104
6 278
409 351
293 50
148 102
301 255
397 49
17 161
70 73
58 369
411 62
287 431
50 439
204 202
395 312
71 390
409 197
382 348
296 203
142 234
397 109
84 430
3 105
57 80
100 189
431 3
210 195
416 220
21 96
280 31
385 417
260 320
171 30
93 145
372 171
291 222
444 174
347 69
326 66
433 170
191 79
233 151
194 269
382 262
223 55
263 59
427 54
245 210
33 365
139 399
23 244
235 82
261 435
448 6
68 311
307 213
202 173
261 318
31 285
300 24
219 9
354 185
280 189
17 212
101 291
217 346
275 345
397 143
189 178
448 46
91 402
224 207
239 32
312 117
39 71
264 397
28 184
220 307
448 449
298 29
167 388
179 422
360 28
408 57
415 102
250 139
321 33
48 186
183 92
230 114
252 15
268 312
31 13
74 265
398 304
105 145
141 126
395 208
246 146
160 344
159 123
144 274
239 318
282 224
173 192
234 432
29 18
115 38
382 266
248 38
103 411
37 80
189 141
203 169
125 124
103 96
220 87
95 390
334 222
2 427
96 218
438 401
378 65
368 26
24 140
4 358
189 302
243 140
58 91
143 203
379 277
50 53
77 389
306 125
0 94
428 320
25 235
91 372
292 411
220 316
118 75
328 73
20 394
100 210
379 353
90 219
38 208
259 435
228 159
194 344
356 230
107 449
358 420
48 262
392 236
419 338
362 82
151 191
339 377
97 445
213 313
189 415
147 100
211 127
241 220
139 144
28 157
229 362
9 324
339 306
248 278
404 277
116 103
5 415
436 358
127 282
309 233
347 245
408 181
410 91
408 54
266 56
210 307
300 430
372 299
404 1
105 358
317 236
301 338
191 29
348 105
446 114
133 44
301 286
83 447
58 436
444 338
218 134
198 249
286 54
195 354
250 142
27 346
66 403
447 414
240 101
253 21
387 65
397 40
440 258
187 449
49 437
202 408
276 191
225 142
38 191
121 141
36 54
391 75
215 73
141 254
303 281
390 0
74 174
288 2
155 59
324 288
50 10
327 284
411 145
207 323
242 373
175 394
357 406
374 302
130 392
374 421
329 405
299 240
107 405
58 171
46 242
71 84
432 305
256 194
30 12
112 12
305 110
24 424
52 340
347 19
59 22
308 175
352 84
100 12
104 205
237 312
364 246
428 444
173 52
433 234
109 437
419 43
30 156
261 264
58 3
202 102
43 221
284 271
336 122
74 162
360 445
14 359
145 266
171 402
356 79
378 139
74 180
203 66
155 365
233 202
84 34
134 255
352 86
282 394
201 173
55 55
19 348
241 385
295 212
166 42
229 57
199 1
321 423
367 363
9 21
217 110
171 148
382 354
312 248
215 397
5 382
190 99
360 69
129 358
316 347
157 399
328 417
56 43
168 291
37 271
240 96
158 419
319 367
386 22
382 392
86 179
273 101
443 365
347 36
151 241
445 397
419 307
143 372
340 186
375 84
284 215
317 4
188 361
73 332
63 91
11 24
80 237
141 69
186 123
420 30
266 359
50 230
194 75
226 281
333 429
169 19
414 17
237 108
49 336
259 304
296 167
232 307
412 372
431 109
240 23
141 368
128 358
0 276
201 340
180 126
60 318
70 9
188 121
355 289
210 450
199 181
335 197
255 264
56 107
274 312
292 18
300 70
124 226
356 81
254 137
86 318
283 244
126 171
303 420
180 236
35 261
286 125
280 69
211 146
60 450
200 310
146 118
145 392
76 53
110 258
84 63
287 359
246 208
316 438
290 195
379 79
138 211
31 228
150 102
419 130
424 195
278 441
381 185
135 31
103 8
247 405
408 64
391 383
243 42
5 262
224 217
260 60
368 389
148 249
269 197
430 384
192 143
221 218
86 322
438 435
195 299
329 205
315 254
349 142
450 58
141 146
407 346
172 100
151 40
273 80
449 350
42 152
199 176
172 106
435 296
127 85
173 441
231 276
307 19
310 187
264 267
386 169
213 428
123 309
152 442
391 98
439 251
13 243
318 44
2 424
205 435
270 300
225 169
109 210
429 289
164 377
416 65
391 274
156 402
415 329
389 108
356 61
273 260
239 151
241 20
328 56
81 332
392 331
50 440
4 57
298 191
376 382
274 199
5 55
423 239
35 3
346 400
303 113
377 133
427 20
348 407
349 268
211 48
347 90
146 89
386 100
336 412
322 76
247 271
220 335
320 402
250 335
407 429
217 264
446 146
363 286
391 251
350 378
101 415
188 256
200 137
381 331
262 322
183 237
216 149
229 302
414 66
205 319
26 90
370 90
289 97
219 359
37 236
242 365
397 369
165 160
413 402
63 380
70 230
155 194
80 408
215 338
262 403
188 440
354 291
232 121
330 43
90 376
6 154
197 256
219 202
212 417
327 198
184 411
119 322
228 440
208 404
51 2
351 341
47 357
130 2
151 60
183 372
309 306
255 154
93 88
129 139
58 11
124 340
444 166
391 137
380 327
4 2
1 446
308 412
429 33
445 268
392 49
15 288
212 71
27 47
449 98
313 239
53 259
291 13
191 306
185 139
360 436
353 114
173 120
321 9
31 216
401 130
240 347
186 209
247 32
302 392
124 11
35 150
94 144
314 442
19 146
444 0
198 147
119 253
402 51
198 323
338 398
433 123
238 107
267 59
201 224
54 428
188 138
334 401
261 25
432 450
203 300
124 158
367 95
143 151
425 4
26 360
247 207
175 210
89 75
360 156
112 413
135 328
432 321
11 441
321 287
210 388
340 31
160 266
209 398
285 425
336 410
306 253
59 75
309 262
313 301
246 213
397 301
146 331
184 125
88 354
123 115
221 348
266 261
111 154
392 344
265 138
381 286
90 255
422 330
82 341
376 24
151 337
174 273
304 108
391 289
247 333
63 138
17 390
292 219
274 318
254 50
423 91
100 28
223 114
390 370
425 410
63 447
135 229
210 169
394 399
432 175
282 242
449 90
425 314
378 353
43 159
161 126
178 62
234 208
424 58
263 137
291 325
172 436
399 44
141 68
27 191
138 370
301 160
214 294
165 7
37 288
33 381
342 265
430 434
129 267
8 195
134 396
171 220
184 237
272 411
342 398
326 386
248 342
340 338
354 398
133 14
23 279
444 450
119 250
123 130
411 272
416 402
291 6
433 158
86 90
284 164
208 275
379 419
226 97
90 90
429 110
138 435
343 408
128 418
182 13
71 261
40 147
108 42
183 341
154 22
3 303
410 25
57 50
225 64
371 11
206 128
104 40
352 255
380 392
151 224
334 360
437 152
134 314
23 348
273 307
424 357
117 410
432 251
3 294
245 74
75 38
44 198
202 103
342 437
389 275
176 97
226 252
361 253
281 400
318 19
183 8
106 273
443 429
27 137
272 76
86 266
318 38
104 442
84 124
236 204
53 21
446 54
65 68
423 221
52 25
420 227
196 240
180 99
386 368
187 1
110 428
336 103
18 375
436 189
142 16
323 156
297 58
313 49
225 157
442 237
296 403
220 264
334 35
367 386
230 232
284 0
42 422
221 144
377 402
436 226
210 242
410 244
29 176
182 49
369 108
207 426
169 321
129 179
211 341
25 446
424 259
325 348
254 389
105 248
77 126
134 150
226 19
15 227
167 186
387 52
293 378
257 264
99 272
372 360
305 80
361 435
95 361
398 189
407 414
291 443
42 227
181 393
281 149
423 202
143 92
429 418
109 17
100 434
212 347
361 35
362 331
76 269
101 2
193 194
302 352
251 441
263 81
333 117
74 373
65 357
430 102
65 37
142 181
299 166
383 234
436 98
429 156
210 371
217 303
353 376
288 216
261 162
394 383
196 336
154 207
400 243
391 280
60 152
353 295
130 24
303 422
418 260
86 309
207 181
251 142
354 10
394 163
221 34
54 380
9 401
126 435
391 205
97 380
429 262
407 80
340 272
201 78
70 424
66 413
349 191
104 439
281 76
15 359
160 141
429 19
446 333
393 86
219 295
51 442
202 147
53 334
28 445
162 366
370 224
242 102
306 224
439 121
158 22
306 265
228 69
115 273
329 85
97 5
13 5
157 89
347 140
54 116
3 438
114 91
235 425
336 338
132 316
246 111
315 195
427 6
4 117
314 47
412 296
311 113
404 13
311 28
183 25
196 166
58 248
121 190
109 124
348 238
303 300
185 271
383 14
424 218
354 331
358 205
74 270
411 389
374 256
333 170
267 280
151 375
358 249
148 20
40 288
28 257
182 82
115 206
240 237
41 0
39 263
186 136
401 293
182 385
153 265
371 279
235 67
207 93
273 309
13 331
340 101
340 242
263 290
450 334
447 172
194 172
367 67
70 42
312 165
7 173
200 196
365 111
161 375
230 372
71 153
361 349
32 60
17 57
263 20
247 84
360 279
151 413
446 331
427 114
40 113
269 196
123 405
349 89
326 350
384 278
66 234
147 295
249 39
434 113
448 371
19 163
248 5
302 294
430 283
381 206
396 400
320 176
373 433
305 325
141 271
243 414
136 309
308 148
229 49
249 141
180 268
333 370
355 262
432 367
62 9
315 24
36 250
203 328
2 334
210 277
441 432
382 334
409 241
282 170
212 138
348 46
104 238
25 211
62 43
314 405
225 354
239 390
372 116
414 415
87 295
178 49
272 114
446 325
360 2
106 352
252 357
263 253
81 130
120 412
166 85
287 389
181 33
8 352
91 46
85 277
385 297
449 428
27 110
423 361
186 250
372 89
412 223
231 255
71 279
291 441
334 175
217 227
46 237
132 267
365 118
368 40
418 203
148 352
204 74
396 173
105 311
367 225
386 210
115 56
326 197
2 108
220 285
6 416
166 240
156 80
271 390
345 440
437 448
7 55
52 450
59 267
241 40
300 187
336 186
433 107
88 347
168 191
234 355
223 186
221 44
415 357
348 404
261 335
13 252
245 386
449 235
370 438
293 41
274 381
307 362
206 68
427 334
66 147
421 200
269 35
1 308
441 438
50 252
271 382
280 358
181 280
422 345
293 284
105 307
144 130
286 139
365 298
294 322
373 414
185 365
374 404
66 297
394 406
4 435
334 167
291 183
306 236
80 281
187 328
36 36
219 80
18 372
377 60
256 134
210 34
415 408
408 161
50 20
315 239
435 420
56 162
79 234
142 100
93 368
306 3
276 172
15 294
130 147
73 106
90 18
168 417
139 348
53 422
386 144
143 390
313 152
220 243
9 16
183 450
326 115
120 161
347 59
90 111
6 0
222 221
195 339
383 250
284 91
328 369
36 387
243 284
1 364
103 39
262 312
343 385
319 85
10 138
430 232
195 421
329 11
365 430
257 294
318 129
136 12
303 172
260 50
234 17
443 236
277 94
364 155
187 143
138 242
189 410
295 185
3 404
418 343
211 58
380 368
29 257
98 213
354 392
15 236
184 46
423 51
260 353
260 63
401 275
422 366
368 306
246 276
170 348
34 315
69 16
201 436
300 364
122 431
287 318
328 280
209 40
79 444
421 410
313 375
150 351
259 233
364 102
312 24
154 171
444 151
255 381
381 384
226 260
5 396
289 296
164 60
434 273
53 37
194 230
181 382
380 131
414 116
209 244
118 117
60 84
341 417
402 171
419 382
182 172
386 318
122 121
331 0
303 253
368 323
439 257
30 354
438 20
370 200
334 392
412 154
160 175
204 120
317 32
10 285
209 309
24 157
156 88
442 391
116 211
143 17
265 88
432 116
235 261
159 82
143 175
130 17
175 419
144 253
56 306
198 309
373 100
250 237
152 299
407 376
7 37
383 426
23 46
306 257
71 339
345 408
180 61
271 83
19 139
65 119
167 33
42 8
181 81
1 275
305 318
380 86
341 31
293 175
371 47
186 373
450 377
446 294
422 127
121 220
359 278
32 322
260 332
249 77
94 249
303 60
386 361
18 116
26 294
329 166
109 396
30 36
328 61
266 423
269 12
392 345
152 243
355 399
396 191
10 422
440 397
181 228
261 63
169 314
15 6
190 130
173 221
34 92
297 84
212 257
91 28
95 355
282 359
109 326
172 266
302 30
328 157
188 425
216 331
37 206
408 406
261 354
444 101
201 37
333 155
355 171
85 308
426 228
361 346
319 121
375 143
42 189
276 436
23 308
364 48
29 145
30 38
132 310
411 358
399 59
294 377
285 224
103 449
132 188
14 6
212 330
367 237
286 159
233 41
332 174
313 1
325 64
7 4
447 322
431 29
269 15
357 22
129 264
48 308
157 37
135 52
130 346
111 144
333 449
440 180
340 345
279 264
429 165
162 426
79 86
210 428
185 69
424 158
276 67
114 65
25 422
348 143
394 208
423 387
425 296
284 175
257 122
347 142
279 382
196 174
409 367
332 158
278 304
49 250
107 31
181 91
297 387
325 257
315 326
83 0
354 357
301 287
139 76
432 289
329 389
67 8
98 255
8 427
74 358
414 294
67 196
428 54
316 6
136 133
381 265
391 167
6 361
16 415
312 399
421 151
261 92
221 392
251 50
261 259
210 63
226 45
168 333
302 18
264 242
407 194
157 14
141 150
81 377
130 322
47 373
26 344
325 130
330 118
347 435
26 177
440 265
155 227
286 25
124 296
32 432
3 364
308 281
396 0
287 137
238 216
152 168
417 43
65 322
41 423
331 376
121 184
385 296
351 262
342 138
291 92
357 66
166 88
345 181
308 89
219 266
216 27
421 140
438 274
291 8
201 435
12 431
374 39
429 390
274 19
348 390
58 370
369 107
79 378
347 95
172 322
173 320
420 206
303 412
20 369
320 241
289 203
156 305
401 329
209 396
101 323
61 174
287 379
387 180
206 6
261 154
102 107
288 422
105 24
140 0
319 238
145 20
152 253
152 308
39 174
241 433
438 182
3 55
80 372
350 75
407 371
53 412
405 89
89 361
248 32
41 46
422 23
297 137
309 148
33 113
274 55
251 200
94 17
271 137
107 435
182 406
429 397
418 15
308 201
106 286
115 214
384 306
219 306
24 32
436 92
85 289
353 110
31 409
234 439
152 117
258 320
247 179
226 427
286 89
13 135
169 267
317 114
210 259
258 15
302 116
50 114
247 70
237 172
361 336
204 345
119 216
271 22
373 421
431 266
304 155
177 63
283 286
55 279
415 70
275 1
217 384
323 252
125 200
62 108
433 56
29 427
186 62
108 389
326 304
402 305
244 92
98 240
207 199
202 141
36 66
107 352
42 79
155 153
159 100
279 56
23 305
435 225
260 172
20 116
45 182
56 116
112 421
127 152
142 336
265 14
396 62
256 4
3 14
44 439
236 10
145 149
200 72
385 20
322 96
95 296
137 178
232 113
103 15
138 302
21 70
236 120
239 36
275 88
156 211
7 131
376 314
333 442
143 107
257 173
56 23
394 56
178 63
158 268
192 417
208 45
26 150
343 240
76 89
261 139
215 415
159 253
332 426
117 36
439 414
252 37
321 61
137 446
215 433
61 5
161 201
222 236
79 98
230 182
143 270
16 330
251 345
190 299
321 179
335 71
204 73
1 238
293 382
358 266
134 435
339 290
326 40
40 100
214 345
432 230
29 377
187 235
411 344
345 128
243 182
134 28
62 226
375 194
95 74
119 28
345 288
404 86
309 13
292 171
9 181
10 128
43 92
128 22
232 83
217 226
444 59
251 133
409 81
278 138
211 10
352 274
423 144
110 29
12 358
374 92
91 276
274 415
65 433
259 442
20 261
376 295
337 59
393 105
59 450
246 167
38 25
262 131
387 311
156 13
188 358
121 344
301 319
147 441
248 183
372 433
108 134
323 408
439 445
1 272
306 20
197 168
241 399
14 231
91 441
294 126
176 352
399 81
364 100
202 131
179 17
284 304
292 370
1 202
420 294
8 184
331 154
27 294
34 136
351 337
192 290
447 57
168 172
391 445
62 371
18 371
30 307
173 50
218 362
49 242
419 316
316 447
374 78
314 262
67 302
185 426
16 156
302 363
284 438
298 157
443 186
281 73
137 284
444 13
290 69
220 200
2 133
349 310
195 69
359 80
72 123
363 378
312 134
337 125
416 385
140 418
226 411
16 1
73 120
116 158
429 384
386 239
411 441
449 390
282 420
359 196
326 84
218 152
60 242
68 248
20 34
62 228
446 198
49 92
3 49
269 378
23 261
51 351
210 416
195 21
26 282
295 110
107 372
54 61
415 200
299 196
93 387
445 178
379 324
332 291
316 381
187 7
165 183
367 78
60 429
29 130
272 124
44 17
395 442
99 41
6 359
252 29
57 139
145 103
370 346
286 286
18 364
426 20
447 155
270 284
56 224
78 422
198 133
129 292
50 407
135 448
127 234
239 95
390 144
422 295
114 409
0 386
116 405
182 292
254 399
17 154
119 118
363 7
303 186
386 449
104 326
266 296
45 297
195 267
88 328
186 287
117 184
156 356
341 29
394 207
231 319
99 226
318 246
156 130
38 394
38 241
36 247
93 151
255 114
425 195
406 370
51 410
252 424
68 108
236 397
228 65
251 202
230 88
208 115
94 150
405 200
376 400
15 405
376 421
152 159
31 110
244 185
81 91
245 413
302 293
325 381
121 336
251 335
35 96
387 110
403 272
341 59
290 360
419 410
58 137
87 332
236 4
394 370
253 327
232 68
168 325
137 55
251 403
12 256
84 107
260 448
406 218
379 51
11 282
240 415
118 178
127 180
314 303
203 393
435 349
270 111
351 30
153 322
355 321
343 23
103 109
403 283
392 84
88 298
168 331
313 297
69 285
48 244
92 213
290 364
370 69
143 417
44 367
357 401
178 255
94 157
301 82
19 274
119 96
76 2
123 426
115 64
114 228
337 214
423 447
89 52
62 151
35 141
348 408
381 187
392 46
365 245
115 226
324 390
373 289
219 223
196 382
36 189
7 383
85 275
76 123
176 38
256 414
415 91
379 15
50 264
128 11
316 404
244 293
231 228
446 404
66 251
291 227
411 30
147 293
273 328
404 440
414 27
191 26
170 402
108 346
237 119
191 135
300 317
262 337
394 314
264 8
112 162
296 67
59 44
271 298
330 45
192 48
169 373
129 200
343 400
228 229
151 59
334 340
221 346
230 432
237 245
102 3
380 224
36 26
272 308
385 275
279 411
101 442
220 379
271 325
261 429
65 273
265 208
335 264
68 369
128 32
88 427
138 417
408 352
49 75
376 330
416 181
245 216
138 117
235 16
225 429
233 434
424 350
61 318
420 13
362 80
237 219
344 284
41 144
1 50
3 196
115 154
1 284
162 396
287 32
192 260
188 36
382 292
292 234
388 10
210 311
198 208
203 403
396 392
415 11
124 121
316 435
262 157
333 350
112 41
31 351
403 23
11 103
44 65
365 351
63 224
432 379
60 360
27 168
71 372
370 33
359 4
231 117
357 45
165 414
418 325
109 209
93 419
411 445
73 48
71 165
305 124
268 78
316 210
129 127
161 127
61 95
215 253
183 397
136 406
316 409
125 168
249 116
248 400
265 262
339 345
363 210
296 214
76 411
240 406
71 98
353 209
172 60
180 403
350 244
192 184
309 301
25 147
95 132
2 226
266 313
366 36
284 398
337 416
336 198
357 199
343 219
98 394
49 107
102 373
408 216
229 229
36 37
259 162
196 155
349 92
12 78
196 113
356 387
271 44
450 390
162 117
201 152
282 239
5 94
244 227
374 243
226 333
9 447
357 387
140 232
137 180
358 64
331 297
181 157
104 436
443 435
309 226
152 14
145 302
432 204
173 119
170 335
116 241
409 9
33 120
207 188
362 254
331 363
331 409
254 139
445 407
113 2
43 183
62 387
438 327
48 38
426 242
172 360
382 170
217 425
41 434
403 371
258 148
91 357
36 258
251 87
315 347
19 397
199 19
169 232
77 221
25 284
139 440
243 66
436 331
62 437
412 308
185 264
444 177
71 102
339 50
115 179
269 160
345 255
155 143
48 134
216 128
196 317
309 119
234 74
425 297
20 303
24 327
423 18
284 397
354 411
248 379
125 6
425 429
81 204
283 335
270 56
145 156
144 237
51 268
141 286
186 188
296 318
448 426
330 277
124 320
73 358
261 160
351 95
348 92
49 419
361 228
380 298
265 8
343 11
426 227
144 443
76 286
381 97
64 181
231 24
296 63
376 206
279 292
442 319
313 280
65 57
225 43
275 179
196 253
147 384
415 379
273 396
184 197
447 142
140 431
406 175
291 16
155 103
79 401
428 329
303 155
271 231
408 153
307 349
100 99
376 36
352 289
102 371
446 388
435 142
82 237
399 392
158 318
354 350
268 58
40 264
321 283
303 382
421 419
450 307
166 241
364 170
236 280
7 331
360 185
403 375
214 113
423 164
272 129
72 173
41 122
312 191
447 428
218 18
321 225
12 376
8 30
6 285
396 33
320 147
74 415
233 313
227 351
405 277
171 14
397 355
379 175
313 57
304 416
303 302
380 246
150 378
169 343
265 362
335 287
333 361
254 3
272 11
226 385
182 220
137 27
262 250
379 319
201 163
309 62
160 380
372 358
381 436
260 241
320 45
413 237
142 262
307 430
436 296
373 411
117 146
28 314
399 156
222 339
158 424
253 345
91 119
79 245
373 148
338 153
96 381
121 434
264 259
283 270
371 88
47 263
134 26
423 130
447 200
341 107
153 365
194 354
295 202
346 124
63 312
300 3
237 449
273 450
129 342
99 126
57 105
134 143
123 401
264 293
392 42
16 224
432 74
159 74
221 5
90 131
356 260
347 254
169 410
353 74
157 219
365 123
80 349
248 436
239 386
95 155
118 442
222 351
141 275
145 335
247 399
208 70
69 178
242 280
381 324
288 107
152 421
318 245
145 125
336 234
107 444
274 406
65 336
230 208
298 384
139 135
398 200
85 354
193 339
342 213
141 310
267 414
336 257
257 194
236 147
117 271
60 268
188 197
90 47
88 236
421 163
82 16
259 401
282 357
213 83
44 69
205 181
288 21
60 364
287 280
373 326
238 424
381 132
53 81
52 318
70 36
247 98
135 359
217 131
126 64
47 207
350 319
302 109
369 380
93 444
298 273
284 377
237 213
352 259
289 124
388 336
266 450
278 91
302 333
398 354
299 207
418 9
358 278
347 50
29 278
88 71
282 347
435 304
203 272
302 156
122 227
33 91
32 346
411 286
73 402
105 163
203 246
9 334
133 297
198 213
83 54
104 289
271 117
49 7
306 378
393 53
154 31
226 236
293 173
311 226
149 246
301 416
211 420
236 88
24 128
271 136
6 447
157 300
144 141
258 391
397 234
115 224
83 79
70 292
141 103
61 354
404 371
407 309
9 145
44 413
386 2
108 70
148 255
97 25
281 169
55 215
140 334
323 189
198 447
178 215
101 201
431 353
49 14
35 352
430 145
288 242
253 162
98 90
122 433
350 295
251 228
213 182
209 150
346 138
350 203
354 223
448 164
331 76
71 280
416 293
228 316
140 121
61 191
402 113
218 161
52 133
80 262
214 181
307 7
226 395
4 148
384 247
356 142
124 132
59 293
72 428
125 117
436 275
207 385
164 147
259 186
333 373
281 395
72 332
39 352
249 358
100 187
28 215
296 253
176 344
207 118
205 112
115 30
302 240
391 250
32 350
27 320
149 98
434 269
351 186
106 100
151 178
437 253
211 352
149 248
349 304
69 149
136 414
370 349
50 394
135 36
405 108
189 264
195 340
217 3
20 318
89 132
240 360
182 198
292 406
319 65
217 228
58 59
316 416
285 81
4 362
218 68
316 34
329 377
310 311
1 1
282 5
146 402
123 207
308 23
190 220
104 110
323 309
264 100
297 156
376 439
395 371
114 26
11 174
79 13
146 363
249 178
426 274
281 191
113 24
94 275
371 207
226 192
425 168
364 63
260 123
132 269
443 450
361 234
433 39
258 250
153 434
297 59
178 165
187 54
78 199
353 363
82 13
34 277
223 84
10 152
70 308
22 122
89 413
348 281
198 357
148 204
168 22
237 293
102 348
37 224
27 4
80 351
306 297
149 41
258 264
91 401
439 81
196 430
318 223
309 289
266 169
411 301
90 196
251 198
72 292
211 365
371 257
287 104
198 360
153 38
228 247
366 250
39 198
8 362
190 68
6 12
385 65
135 222
335 194
231 93
174 166
344 212
27 352
53 315
211 396
359 34
274 428
428 404
340 216
272 344
223 5
386 215
95 99
323 443
412 411
258 26
29 26
64 36
348 106
302 182
42 236
204 30
261 447
251 194
309 383
181 152
190 345
256 298
84 342
340 243
341 56
0 420
28 407
308 161
318 56
405 52
256 139
411 9
410 81
412 123
35 355
308 441
381 208
87 276
172 41
351 21
326 247
395 374
237 212
356 398
277 37
192 299
170 301
17 388
386 191
285 41
259 17
189 184
341 289
158 266
276 416
104 11
220 213
182 94
444 200
145 131
198 426
332 289
8 152
386 269
137 158
7 16
93 313
229 113
178 113
15 334
163 315
259 318
362 350
331 400
430 47
3 267
330 62
358 294
35 223
240 109
321 217
379 255
23 368
330 186
200 63
377 93
443 301
233 366
300 360
133 368
103 200
198 221
243 41
209 179
330 30
93 441
18 450
199 30
145 274
222 187
71 301
75 429
442 429
324 67
166 13
187 65
65 154
331 169
229 147
139 289
232 245
329 192
201 431
135 126
39 81
389 414
447 161
369 210
328 371
74 76
120 310
87 381
103 122
96 165
208 10
322 130
112 212
261 140
293 411
10 234
281 436
307 23
75 399
298 17
227 147
282 123
422 56
207 261
377 34
116 200
25 359
264 33
64 295
257 206
206 110
93 68
388 221
158 253
327 87
258 450
406 323
377 200
71 144
145 191
136 213
1 235
407 212
27 342
394 424
441 205
281 365
282 344
93 324
202 202
358 291
330 203
404 365
405 189
350 14
405 417
46 139
327 385
63 27
15 409
38 415
420 405
27 2
317 199
324 131
137 431
246 262
68 448
219 344
136 121
224 409
59 412
55 85
375 259
428 333
19 318
333 450
148 405
86 162
422 267
443 40
146 246
193 185
192 289
163 301
118 217
144 290
205 438
153 116
221 267
195 186
328 347
365 155
204 156
93 92
309 271
381 349
31 316
135 111
68 119
54 265
352 183
310 100
435 24
56 367
217 230
185 60
200 30
192 75
414 446
77 354
415 341
158 28
161 419
13 176
295 49
365 241
316 273
185 149
378 134
283 157
140 346
57 388
314 416
310 225
40 280
277 187
82 9
310 399
298 132
418 349
139 26
369 166
239 317
396 237
126 194
18 413
342 177
198 30
37 98
175 356
130 79
253 199
321 404
210 391
31 35
392 266
292 85
409 196
6 14
206 221
112 108
67 134
100 247
354 199
379 407
248 176
135 417
202 398
195 94
156 134
409 32
450 436
444 218
282 153
52 349
180 44
336 82
54 63
220 159
152 55
437 6
199 277
113 376
95 402
310 19
121 432
292 44
249 144
150 15
366 205
403 442
409 337
448 207
412 36
22 117
129 327
304 397
410 66
416 214
119 307
438 219
112 90
148 234
266 326
30 10
152 72
233 286
123 125
244 63
34 42
123 266
46 209
318 434
304 69
180 232
74 290
118 372
431 335
211 325
163 69
395 43
152 287
41 214
301 51
161 123
343 202
241 443
354 79
329 165
327 405
173 353
90 364
404 398
236 81
361 15
98 426
125 147
271 10
127 197
285 410
439 48
25 384
74 138
401 188
57 170
206 388
345 152
218 61
329 267
412 97
443 262
291 143
283 139
249 322
330 102
233 297
334 308
60 388
163 396
146 83
65 341
191 231
252 129
240 60
239 77
111 383
447 291
92 89
447 404
365 115
429 280
114 31
237 230
208 368
176 269
199 302
157 224
307 259
246 194
283 425
35 360
167 318
118 408
254 2
60 222
449 7
87 209
311 420
33 27
364 85
242 213
185 127
253 169
408 334
62 196
271 1
177 248
198 43
1 169
62 300
152 108
28 409
383 296
196 192
44 269
336 212
207 225
416 267
64 372
352 418
450 12
316 431
435 334
430 404
413 317
384 131
98 402
359 363
92 72
244 170
350 118
427 89
65 14
175 100
64 234
184 87
449 312
432 384
393 445
252 166
202 83
153 166
89 295
195 183
407 246
117 102
407 269
55 137
129 363
166 333
350 403
447 166
427 254
266 437
74 371
354 159
179 154
59 3
295 423
283 383
123 214
48 97
217 127
74 378
186 391
347 387
175 396
423 88
265 103
154 227
156 30
69 310
438 386
236 90
6 363
8 123
262 35
355 104
186 156
301 242
128 81
325 388
308 347
150 419
274 347
394 157
56 432
185 429
450 361
249 251
428 264
299 189
146 116
57 112
104 208
298 435
278 236
223 33
189 5
57 66
148 292
335 375
45 163
122 430
395 281
98 20
134 354
211 143
374 119
216 323
10 211
195 83
178 102
4 335
351 28
185 353
181 65
9 23
368 309
118 167
442 382
265 271
228 298
124 361
287 282
20 423
376 88
14 208
283 347
101 295
390 247
439 107
424 121
208 153
302 135
329 348
247 206
262 73
227 325
69 124
84 253
182 8
190 322
414 92
204 116
206 305
448 100
236 48
104 399
370 330
96 405
200 374
115 386
27 86
413 221
362 344
376 27
294 172
96 18
271 49
431 107
161 305
373 271
351 424
62 217
337 378
411 24
323 5
242 289
177 206
365 96
136 155
113 199
195 118
433 162
67 199
302 198
351 155
47 53
14 21
322 323
204 338
155 420
250 131
178 209
371 269
416 365
400 314
171 146
349 266
369 189
8 395
217 413
185 8
35 294
259 51
183 165
310 46
74 360
21 140
91 249
94 143
15 422
30 122
339 314
158 334
241 166
234 234
43 50
273 435
325 115
141 449
199 387
39 152
385 337
348 322
354 81
166 228
266 119
441 283
428 95
145 167
442 416
422 448
362 237
228 426
233 55
206 444
185 234
90 292
432 96
239 294
294 365
106 24
126 40
428 203
370 203
96 372
362 386
22 3
377 370
283 119
151 387
16 144
278 177
138 264
260 396
217 426
389 445
255 325
75 377
110 294
371 112
95 24
251 95
253 359
299 403
139 194
219 163
51 145
124 421
235 325
308 406
210 180
217 212
5 178
210 337
310 228
363 358
68 3
109 376
147 411
107 424
178 7
17 39
121 47
71 304
53 280
165 342
57 289
343 368
412 18
13 334
224 83
190 293
294 371
53 295
415 233
415 240
369 341
312 250
129 16
126 129
291 142
0 355
166 184
38 68
129 254
315 105
193 121
53 424
116 321
247 288
223 429
213 43
17 239
102 259
177 8
414 222
158 217
267 195
212 176
121 28
364 328
200 90
119 388
222 73
215 328
391 277
128 381
114 302
244 261
44 341
275 439
190 286
131 134
373 98
258 309
30 153
308 110
148 263
200 9
149 92
146 259
105 297
146 119
323 11
211 327
356 247
168 47
221 207
397 146
388 386
68 289
46 393
76 339
347 214
138 197
356 408
342 219
129 192
151 309
388 215
403 131
238 277
323 261
335 179
412 447
428 240
63 308
432 33
341 129
54 321
117 244
91 10
341 285
347 364
406 225
92 83
376 151
31 152
291 88
223 286
22 35
299 390
242 70
94 400
97 206
407 231
106 194
88 37
286 290
85 232
45 80
58 374
19 16
273 295
304 344
128 162
151 143
370 127
350 259
409 69
342 266
163 163
249 41
232 37
16 152
260 16
187 437
194 66
23 449
179 338
345 353
262 60
251 33
137 40
197 135
346 96
428 116
75 447
394 227
445 43
169 338
377 415
85 349
38 359
36 29
302 17
81 136
99 302
43 46
27 403
166 118
14 390
15 384
98 129
66 307
63 169
335 304
79 327
277 274
351 391
323 110
377 366
408 212
15 70
302 380
154 134
337 18
64 330
121 92
358 304
406 100
198 191
257 367
166 126
92 369
152 371
273 352
340 283
317 396
102 385
254 240
68 325
163 283
224 336
354 6
123 117
218 166
348 77
143 26
167 260
434 259
254 152
33 15
84 419
295 331
434 159
287 284
216 234
79 340
416 81
179 115
450 298
422 24
184 60
34 300
183 124
396 251
21 311
113 273
410 267
344 93
218 33
395 188
358 223
302 344
376 132
274 307
236 137
431 12
135 446
40 9
289 354
283 409
337 296
49 5
216 95
377 166
294 359
123 96
357 242
49 270
82 51
13 289
308 123
249 19
151 121
427 47
185 49
77 237
356 23
134 19
266 219
163 39
374 84
230 126
324 193
243 267
221 25
415 74
418 373
131 4
159 423
170 79
375 433
160 66
252 74
270 247
132 439
227 68
31 333
248 148
216 395
187 52
255 357
232 367
320 288
42 298
244 35
53 372
318 52
26 400
212 348
210 200
160 387
174 140
110 410
71 9
68 283
402 206
364 105
406 417
116 355
264 184
173 177
172 256
3 329
193 1
156 55
211 387
171 183
150 352
30 418
123 384
197 94
448 31
299 272
165 358
166 303
102 447
208 412
310 407
334 406
372 186
407 362
152 188
153 418
229 431
425 307
24 347
148 130
421 16
102 355
256 232
237 21
45 153
342 147
247 284
303 287
86 372
88 387
331 232
120 356
317 350
444 259
208 156
426 380
390 389
344 449
173 157
130 449
297 439
277 20
3 161
316 250
208 61
355 310
311 390
443 355
205 70
110 173
355 14
348 157
219 130
116 113
119 370
125 35
112 327
77 170
339 162
75 127
74 71
297 57
111 105
208 338
296 291
93 337
112 253
379 113
410 24
413 201
362 412
264 349
212 332
209 376
6 299
442 421
431 381
226 398
98 418
55 70
257 71
90 396
1 196
7 291
189 329
297 434
88 156
46 95
388 68
148 446
28 36
75 235
225 367
83 359
283 236
336 426
2 51
31 146
32 141
334 279
422 84
449 281
279 7
71 432
320 266
240 294
145 312
246 409
119 441
216 258
411 241
230 438
360 300
41 358
377 59
211 54
450 94
100 122
248 349
442 85
357 238
153 33
340 363
309 96
67 51
149 380
140 258
130 403
249 168
144 212
275 31
174 382
138 133
147 356
125 262
440 75
84 326
202 259
255 21
0 397
90 225
215 216
228 33
148 360
421 170
15 437
439 6
291 367
102 395
47 4
229 38
441 193
56 54
414 34
240 168
185 450
244 147
103 310
173 38
198 72
450 433
218 390
423 308
150 256
320 345
277 155
193 16
1 252
316 146
436 59
192 234
392 112
268 409
299 37
69 297
77 437
83 78
448 76
50 319
8 130
405 230
172 258
123 4
138 380
33 273
26 365
168 77
20 417
109 369
119 187
300 264
101 116
394 43
123 44
27 373
227 292
136 109
307 133
326 280
399 160
213 286
242 148
3 263
104 67
432 2
285 215
34 423
262 298
249 281
204 439
160 301
147 155
118 417
188 343
199 238
24 8
283 300
118 300
208 421
211 411
31 166
250 207
199 349
383 149
73 375
335 201
380 26
339 240
183 171
211 150
251 62
26 250
21 205
327 236
101 170
296 191
41 25
311 431
189 243
247 177
59 207
1 408
287 29
27 42
96 116
244 215
112 76
40 364
225 319
46 274
426 151
245 345
201 67
442 377
339 232
238 199
420 66
89 391
265 176
295 356
61 185
409 211
89 374
243 96
178 422
330 124
398 372
433 62
395 115
76 313
357 432
289 301
83 414
60 330
434 298
318 300
244 310
364 359
264 389
367 439
301 336
243 399
185 400
186 388
234 44
264 307
444 55
43 339
444 139
219 192
323 183
194 39
87 339
413 349
424 12
372 176
362 441
419 398
242 437
190 380
410 213
348 42
203 323
450 19
269 330
178 375
174 246
219 187
11 310
371 420
107 347
357 180
333 82
24 313
188 0
420 324
224 116
343 352
413 304
440 222
427 18
104 148
133 445
333 427
414 126
161 21
366 202
204 11
203 19
329 13
230 335
282 131
98 251
103 252
438 40
257 283
189 261
15 40
87 19
443 76
171 5
292 192
32 416
405 113
382 33
190 279
164 428
181 236
54 385
372 163
196 58
343 227
318 280
376 435
115 290
149 235
174 219
164 261
444 356
268 109
19 152
275 17
362 10
144 310
367 90
439 318
182 137
16 371
410 150
119 277
165 25
397 54
387 383
66 437
266 1
63 413
83 206
265 401
255 213
90 440
31 170
204 362
318 388
166 63
370 444
77 101
84 20
155 182
229 119
146 126
325 199
412 382
167 361
296 209
31 299
33 203
196 298
290 28
61 22
447 225
59 30
105 233
134 92
369 38
321 130
112 98
242 193
326 47
229 414
322 23
26 137
88 97
328 159
142 170
294 141
281 448
241 44
349 244
35 271
341 120
97 262
144 369
92 248
0 289
134 212
186 221
9 428
239 266
133 137
376 57
201 300
445 107
438 325
323 304
416 366
413 336
390 224
113 158
428 355
326 148
309 436
197 280
40 111
411 216
401 304
284 230
26 290
389 293
92 2
139 427
360 129
237 358
391 390
385 309
324 409
161 384
33 265
149 22
366 439
399 203
279 116
278 318
416 178
291 351
330 212
230 404
327 106
303 202
69 54
289 416
382 28
267 21
145 37
110 162
54 357
392 181
295 180
431 134
183 370
31 258
416 170
102 147
260 195
381 400
155 206
12 371
327 267
79 190
85 33
312 392
423 2
0 314
240 159
308 427
290 368
437 142
430 101
97 71
360 265
434 21
194 232
296 55
22 168
324 189
313 314
113 324
440 220
413 172
160 235
60 271
337 188
70 443
73 109
105 74
377 15
426 269
73 104
98 136
219 365
363 130
249 165
82 443
110 32
404 37
218 81
99 23
121 67
30 433
82 249
311 217
273 4
33 445
108 445
431 414
12 430
302 158
365 393
392 139
159 311
271 47
379 275
182 272
253 178
278 71
330 338
66 371
201 419
103 223
232 59
250 351
152 205
300 94
306 370
35 251
392 383
169 64
409 52
50 273
9 57
189 28
287 309
93 303
282 69
117 159
146 113
372 395
313 309
114 8
229 274
332 46
157 141
143 322
430 141
153 54
289 68
1 254
319 50
121 413
361 288
347 159
200 450
277 156
140 87
385 438
344 238
265 37
177 334
152 225
385 377
290 331
304 391
86 366
179 93
1 186
56 383
85 304
356 431
377 139
281 409
214 210
186 423
340 281
228 178
20 131
127 294
280 44
297 276
61 350
49 366
366 166
393 301
280 399
425 158
418 219
420 371
433 301
176 445
231 140
404 268
394 427
292 170
218 203
187 278
336 206
351 10
49 380
57 446
399 434
60 272
376 337
141 148
60 354
290 435
18 293
433 69
396 246
79 414
336 376
227 413
138 423
193 40
1 352
407 382
26 8
223 139
283 160
431 135
413 392
270 352
336 364
153 388
26 57
376 147
157 201
105 63
105 385
396 281
228 31
335 89
75 345
32 404
133 342
428 56
326 29
24 444
194 222
389 163
37 201
239 2
403 233
53 413
310 165
248 214
314 229
130 420
245 226
58 77
66 165
212 186
306 270
274 270
282 435
308 326
55 62
29 98
393 11
8 443
394 294
77 407
162 223
67 212
190 88
229 235
146 320
326 410
220 47
119 23
163 247
75 438
25 110
57 110
314 420
143 30
423 369
414 410
83 62
314 69
361 27
73 168
94 220
167 124
315 367
327 275
364 437
303 240
281 230
197 235
67 46
26 144
448 137
115 42
175 23
258 267
404 38
267 66
320 2
96 299
77 409
156 2
234 58
177 175
436 143
279 213
189 282
98 396
45 77
374 380
347 217
412 105
161 353
201 119
110 273
271 217
117 193
382 127
74 187
449 252
390 289
409 68
246 154
66 269
220 290
322 384
9 357
62 13
51 131
174 71
310 351
367 179
361 183
440 16
232 259
260 322
232 119
97 78
296 33
47 121
136 359
253 128
182 22
216 2
160 409
424 191
303 121
198 247
314 77
415 335
267 100
328 206
297 67
231 270
115 52
26 256
29 420
301 230
273 86
41 293
101 77
100 411
52 315
398 320
433 205
354 240
5 86
117 161
110 216
102 22
177 58
398 435
0 368
434 114
54 89
6 52
215 225
341 418
275 267
295 83
274 112
299 169
281 205
339 123
165 382
360 24
152 306
264 109
335 227
256 92
165 364
230 245
132 233
438 275
378 388
90 97
158 305
279 65
34 285
86 84
217 309
206 230
279 415
97 198
387 207
328 428
144 439
72 380
280 368
447 449
219 358
176 231
378 41
46 311
285 181
222 404
389 371
304 162
221 87
319 253
299 44
283 28
384 118
13 145
61 150
269 171
142 239
67 315
85 267
27 420
170 297
320 15
50 226
11 394
204 297
197 260
371 312
408 429
400 289
429 104
332 430
235 446
133 69
11 383
94 8
112 112
102 360
418 17
305 337
95 79
443 411
183 222
295 8
441 243
433 81
25 189
195 134
15 160
434 378
162 216
320 206
210 24
260 338
262 194
97 241
21 296
346 133
327 409
286 226
191 418
302 388
132 125
31 40
32 317
340 123
150 214
413 445
231 431
219 207
333 121
414 95
144 340
37 419
93 81
33 360
318 43
382 367
280 38
279 226
189 165
64 14
164 232
433 53
83 444
262 108
414 392
212 223
131 80
229 162
399 358
430 327
65 175
178 419
285 368
138 208
340 67
286 343
237 277
300 86
259 189
395 264
370 134
280 323
392 120
394 397
112 4
17 187
404 259
23 43
234 30
244 394
420 253
398 195
106 285
215 89
316 51
122 21
229 87
180 19
144 356
448 283
431 326
419 416
393 303
446 395
361 335
97 203
57 17
326 80
167 1
312 204
322 335
426 152
126 406
253 428
56 289
318 296
50 63
318 162
123 1
389 344
381 44
407 103
8 164
328 443
131 14
94 382
442 162
194 14
61 162
326 53
296 378
187 167
426 389
396 186
360 27
285 148
57 427
161 371
360 7
277 36
3 429
61 419
353 393
440 96
217 107
279 211
62 421
444 169
193 346
226 440
423 330
195 335
115 80
278 174
423 332
160 423
202 156
79 230
285 304
175 43
157 161
27 95
47 45
176 70
192 147
366 433
112 331
350 249
102 204
124 276
394 102
433 416
445 214
305 352
252 165
61 57
153 281
196 407
225 118
291 421
187 147
218 318
412 114
31 0
38 374
35 162
167 55
436 432
28 268
420 83
196 252
179 68
415 413
223 276
450 221
427 296
127 319
33 281
47 262
190 53
165 340
398 144
243 428
401 241
210 178
444 265
424 28
420 316
424 252
253 24
401 434
270 54
278 361
194 295
287 412
159 212
112 207
296 433
289 274
83 329
25 325
208 285
281 168
97 425
343 441
59 261
103 76
180 361
8 309
296 156
56 393
324 115
292 188
39 88
69 96
154 20
179 320
431 236
323 205
187 83
171 54
37 308
432 226
232 10
321 18
419 219
431 394
89 254
262 444
190 215
323 43
201 416
169 248
84 336
269 44
117 191
380 198
336 344
272 353
408 120
54 150
248 397
225 46
78 301
210 235
278 118
203 435
23 287
174 156
81 41
418 61
326 429
129 291
135 167
183 336
392 257
44 337
319 347
424 284
153 384
258 114
61 82
102 85
171 52
267 210
394 173
30 175
70 155
437 355
296 65
445 425
279 450
49 48
397 435
123 188
266 24
262 311
160 366
34 396
77 12
28 321
35 343
205 137
258 176
121 185
7 426
299 360
232 354
300 316
367 370
230 112
449 182
291 308
377 52
277 363
84 57
432 24
94 273
188 272
81 306
76 303
353 334
228 259
82 172
199 173
99 190
253 439
206 215
108 145
124 362
211 430
437 227
159 4
313 269
379 24
302 124
41 382
161 9
275 52
443 342
262 225
152 312
159 241
392 360
430 146
16 247
340 248
185 164
13 384
390 332
0 361
344 362
48 14
392 355
395 203
92 211
48 86
300 23
361 371
265 436
433 141
85 411
317 180
91 91
386 354
223 82
286 30
203 38
357 391
164 11
87 265
30 328
397 108
90 101
145 278
420 449
114 303
33 401
421 298
402 310
282 346
259 7
407 440
62 68
341 119
8 411
185 54
220 171
290 165
0 390
56 299
378 397
439 417
234 205
428 389
125 81
268 450
168 13
364 449
183 308
222 417
417 156
216 79
332 345
329 138
261 65
149 225
74 401
413 263
44 186
160 22
221 264
221 347
54 399
55 423
75 351
284 48
403 160
239 3
188 145
62 332
212 427
104 166
216 41
258 213
105 280
188 404
330 283
197 361
297 283
5 403
268 168
67 175
151 341
174 411
148 160
353 131
246 116
441 28
378 280
369 310
378 278
132 303
200 360
444 260
256 34
4 332
196 265
131 11
297 150
155 32
424 113
244 27
33 189
117 27
119 125
274 390
66 303
397 177
367 429
393 333
159 175
419 429
180 347
67 177
439 363
52 447
69 233
176 443
37 1
135 242
227 373
102 155
1 6
323 409
43 227
180 318
191 357
334 150
392 425
101 94
121 268
249 386
428 298
279 102
350 182
311 283
147 12
21 213
186 247
224 373
141 202
445 423
144 331
54 48
22 380
350 159
161 193
273 305
228 184
237 51
38 55
7 64
413 391
62 430
444 320
132 448
96 100
170 197
64 384
76 118
51 261
424 393
166 144
310 195
49 20
148 254
101 316
161 271
194 36
433 210
240 88
376 415
449 22
148 29
54 142
416 5
198 167
79 405
220 312
278 424
161 163
208 351
204 250
97 87
291 295
314 292
84 257
91 112
253 14
356 448
376 98
47 24
360 394
263 234
267 273
61 148
116 62
51 104
129 175
254 396
23 318
69 30
362 359
446 391
246 49
206 113
36 231
369 78
193 291
90 228
379 313
282 235
42 412
47 359
411 269
415 359
170 250
82 299
293 384
88 200
36 228
146 427
26 269
220 423
30 202
126 362
60 172
427 310
311 101
32 324
140 432
201 304
231 208
450 224
167 125
346 108
186 110
360 200
440 231
136 324
449 172
123 62
335 24
23 34
79 439
343 10
289 102
53 142
137 256
408 97
444 152
7 296
437 290
149 7
8 0
182 429
35 374
410 290
14 405
254 347
443 330
402 322
400 348
436 404
164 63
387 417
59 404
411 295
347 370
217 138
350 188
448 330
320 121
152 54
176 134
135 329
388 78
45 310
58 93
151 1
375 391
78 57
299 161
156 288
408 25
339 273
84 209
95 308
340 435
99 223
367 111
272 184
43 213
321 114
288 389
433 1
266 173
178 30
148 253
397 395
314 288
165 22
21 443
378 154
12 102
206 148
151 392
246 121
182 152
89 182
107 401
6 330
284 68
197 226
350 410
385 304
448 268
322 174
126 92
10 165
5 261
105 69
266 198
209 373
234 76
115 400
230 148
231 30
142 105
264 39
214 241
33 211
158 195
335 101
255 436
414 194
44 97
371 148
328 316
83 209
397 122
369 269
435 239
63 289
362 174
293 3
34 225
189 146
55 448
41 27
413 142
92 384
341 122
1 365
194 356
407 148
179 80
17 9
226 128
125 220
369 51
236 353
255 266
280 324
194 205
131 316
315 443
127 253
392 168
373 140
0 72
57 19
151 122
446 349
326 158
66 84
448 153
67 325
335 84
215 46
169 115
365 323
121 139
218 414
28 102
87 343
87 28
62 273
256 449
281 278
438 168
294 380
381 227
161 210
167 49
74 21
409 286
304 106
56 175
145 332
115 450
306 205
140 150
392 428
14 3
88 303
26 71
198 156
279 51
238 276
134 122
28 185
237 249
126 48
174 384
259 128
319 84
155 434
166 81
266 322
285 387
239 380
62 328
211 367
235 5
35 263
168 303
187 151
285 312
406 46
314 269
288 186
339 200
209 278
155 337
362 369
381 375
323 330
423 190
354 48
296 0
204 1
4 229
54 17
148 221
174 226
178 206
438 300
70 402
373 396
215 323
141 306
349 174
121 234
408 174
131 8
94 247
434 17
320 285
368 225
122 436
288 384
287 97
136 286
273 441
177 306
425 236
166 32
186 371
354 215
439 58
25 382
157 36
355 336
116 137
240 149
296 386
390 303
241 441
447 2
150 312
192 318
181 389
224 343
46 262
219 146
350 31
0 0
67 224
155 73
215 379
45 447
290 412
67 276
163 332
219 304
232 164
132 46
76 23
337 1
204 380
418 161
44 305
186 50
149 341
166 430
279 385
393 257
190 315
82 308
153 304
59 95
122 126
197 335
99 271
182 374
383 255
149 40
423 109
113 98
297 331
323 114
112 316
296 384
136 386
277 359
450 102
446 274
22 369
397 299
340 51
1 378
22 97
354 183
371 270
250 242
5 290
398 362
267 98
5 115
102 313
259 74
299 432
74 427
185 242
390 367
325 156
266 360
319 307
363 443
385 314
46 195
138 403
234 189
31 447
113 94
140 436
250 305
221 164
423 98
255 307
89 353
389 78
396 312
359 414
36 374
241 353
232 289
221 106
117 61
377 237
168 233
274 213
164 285
206 72
305 8
370 68
436 173
219 46
193 450
61 427
138 335
284 59
117 8
231 166
277 291
268 81
45 307
283 327
439 304
37 97
281 102
77 324
159 282
375 402
142 56
117 69
13 25
138 236
179 177
105 8
192 192
443 354
342 187
170 304
76 126
160 161
133 332
364 118
62 80
13 218
98 135
443 421
253 380
66 159
390 220
212 31
88 258
109 287
67 236
233 148
59 47
34 156
370 211
37 269
31 181
256 283
358 10
155 313
75 69
340 148
254 278
291 433
112 35
383 340
181 74
416 368
264 270
124 391
188 68
435 153
313 444
353 267
196 398
81 177
79 206
443 122
100 208
49 61
240 137
287 188
322 334
164 144
359 430
13 345
252 200
84 252
225 95
18 420
4 296
143 196
342 415
204 414
250 361
427 292
273 371
183 360
261 351
432 404
259 137
13 35
123 408
395 122
186 158
255 327
61 98
111 339
182 284
127 318
84 333
13 282
394 19
362 44
384 321
402 151
439 241
54 193
145 11
174 160
170 92
271 119
48 65
391 272
94 248
447 78
391 45
177 75
106 230
375 163
104 342
239 421
237 410
292 349
231 218
92 254
353 250
96 16
411 52
410 221
377 0
114 252
335 224
15 349
443 320
381 271
375 253
130 290
236 440
133 45
139 350
340 239
362 335
138 100
207 59
341 265
279 135
29 52
331 289
285 385
444 336
119 97
108 51
201 288
56 51
128 51
188 168
280 165
237 294
67 339
231 280
191 223
33 449
205 255
410 9
24 293
97 54
42 77
125 40
140 274
58 293
253 258
225 304
361 295
174 398
109 378
387 120
398 102
271 223
87 171
237 337
229 393
152 433
418 93
247 228
341 103
354 111
56 420
307 207
224 145
277 66
329 282
441 102
3 52
368 229
227 205
152 340
11 55
332 183
376 50
100 437
27 421
404 357
79 397
229 194
238 337
8 146
13 228
253 280
193 193
6 419
109 410
222 3
55 361
416 150
0 338
345 449
395 67
151 163
21 29
122 87
341 5
353 386
361 427
230 281
116 282
153 34
308 169
331 304
369 149
61 3
73 282
109 280
50 118
347 47
248 273
204 438
325 341
415 166
264 165
196 439
346 271
346 21
305 200
425 321
304 55
298 446
288 410
55 143
296 16
394 140
397 346
319 163
116 326
374 347
434 19
59 128
115 195
117 280
190 436
347 150
405 441
186 20
426 214
284 190
58 264
329 276
40 2
176 35
48 229
269 223
43 11
342 281
194 418
104 405
13 332
72 14
251 245
175 185
22 444
434 340
376 246
299 401
109 89
395 147
62 165
355 315
299 252
293 150
338 214
426 382
225 110
168 39
413 369
280 40
405 193
260 68
267 107
427 289
413 234
26 373
81 418
350 297
76 25
416 90
235 343
396 163
7 57
91 341
227 278
276 166
321 380
284 13
74 336
286 380
245 192
39 444
83 343
321 387
74 421
356 146
336 213
403 111
435 260
205 206
256 216
136 238
225 298
399 378
3 70
317 137
357 5
364 51
381 43
128 376
345 420
127 288
352 134
171 128
317 300
274 364
428 123
126 409
61 394
403 71
65 449
135 148
262 313
385 324
435 214
336 293
13 423
19 407
137 171
354 437
142 397
298 206
30 151
444 392
319 209
302 365
23 225
192 195
232 235
86 355
23 41
121 74
40 294
23 15
244 157
177 330
265 155
213 49
290 94
389 381
7 327
282 17
406 294
176 172
262 82
406 113
113 339
307 32
13 65
380 373
8 155
425 226
81 145
237 376
436 158
341 38
97 328
104 139
84 259
135 225
103 408
330 411
391 407
397 263
357 147
91 89
209 227
406 209
128 136
172 361
115 333
31 315
439 271
153 272
0 234
285 331
13 163
223 208
340 8
297 312
37 214
426 275
205 190
370 416
242 72
264 434
6 62
359 246
207 20
119 406
45 355
40 348
186 143
220 178
45 295
14 412
267 314
42 2
207 273
203 109
85 82
18 369
409 386
131 255
390 375
6 338
195 310
292 255
61 219
431 379
104 7
397 79
419 107
372 421
46 282
156 391
292 405
210 439
346 366
395 26
318 32
209 151
411 13
71 156
396 110
324 91
109 114
309 356
303 57
447 101
132 350
23 280
198 67
98 289
67 358
419 213
184 374
301 376
266 446
193 48
237 178
323 0
149 224
96 159
10 261
53 207
253 341
167 296
105 322
397 162
86 142
63 400
195 358
238 363
48 352
334 66
30 355
176 50
58 371
157 386
172 47
60 176
333 142
384 289
262 396
444 394
402 410
377 334
413 97
56 301
310 216
394 289
116 10
147 290
304 287
208 151
215 449
246 339
155 426
335 309
29 38
45 376
289 170
162 236
372 343
306 252
178 341
339 394
214 404
407 59
406 245
379 167
1 55
341 376
321 394
437 68
57 167
48 307
115 41
180 228
192 381
257 430
57 146
382 320
329 324
95 44
180 134
283 342
63 54
15 436
283 192
375 188
324 434
345 206
99 348
289 321
53 55
236 256
244 425
25 153
405 251
372 174
96 277
108 141
204 130
265 449
424 167
335 53
44 215
333 226
82 47
424 174
88 262
378 356
280 329
347 44
326 113
192 229
272 275
398 229
201 53
398 374
391 328
218 438
295 324
387 425
193 116
276 199
91 347
363 214
79 33
296 43
50 342
209 178
3 149
92 277
129 418
300 300
171 256
26 230
130 180
171 335
241 124
292 109
291 207
102 351
382 424
50 406
237 349
349 345
79 120
250 194
56 288
96 2
236 381
320 287
143 396
268 62
254 238
65 220
142 86
120 143
139 176
291 290
115 124
346 243
350 220
304 45
396 304
315 449
351 334
44 180
90 82
132 440
115 295
400 316
447 98
28 291
207 207
379 213
306 285
144 178
339 294
240 98
143 290
96 302
328 153
438 330
228 99
130 280
311 377
169 98
161 6
117 115
419 369
341 343
121 306
278 226
116 351
19 171
108 249
203 349
326 422
189 179
89 205
431 404
278 155
288 408
159 405
182 414
310 65
28 93
304 86
282 67
157 378
185 410
24 270
161 157
135 313
327 40
93 109
107 247
339 415
409 152
69 152
1 154
18 155
181 447
391 50
102 109
110 403
112 141
342 43
177 74
154 283
387 174
392 278
341 235
270 0
162 193
232 303
443 323
395 15
61 371
142 377
92 39
76 442
196 428
372 160
282 180
311 141
197 289
139 405
221 298
85 293
180 104
61 54
254 31
144 436
348 431
333 257
249 21
210 217
87 322
376 11
85 119
77 211
353 186
10 151
137 392
340 16
132 289
344 341
252 162
166 364
172 303
174 401
233 89
418 237
359 57
328 121
4 248
382 362
100 345
318 321
427 133
278 431
320 365
241 262
437 445
168 184
211 262
51 137
407 431
329 111
14 46
261 299
240 102
311 146
91 426
263 392
365 293
353 291
378 350
65 186
376 310
55 195
437 281
228 386
373 424
247 236
313 193
209 213
38 346
263 238
56 187
92 371
351 352
113 357
61 443
227 438
272 244
256 238
317 136
230 434
92 205
231 355
323 133
88 19
62 50
351 169
351 27
440 420
379 440
294 170
169 23
85 109
217 193
221 341
292 34
356 10
105 29
313 31
99 89
387 326
144 426
61 41
27 233
51 55
54 235
110 80
1 256
49 395
19 4
183 382
313 143
405 169
20 243
313 324
172 228
314 164
205 123
280 45
231 441
106 324
84 145
126 305
443 259
331 49
362 394
155 46
186 232
65 225
447 326
259 136
262 118
220 430
77 434
284 232
425 128
260 278
93 385
404 295
341 421
277 180
119 231
32 326
326 32
229 226
290 190
189 117
44 297
158 20
183 215
329 197
173 91
137 264
283 131
0 200
41 363
427 336
211 63
171 296
390 398
226 149
189 370
237 327
157 330
134 240
295 360
304 427
409 310
28 10
414 124
307 27
289 262
173 259
185 37
131 261
121 20
81 390
233 141
142 159
321 51
446 283
174 38
77 175
180 146
75 124
258 294
436 256
135 269
147 346
151 185
13 349
207 196
361 166
330 385
185 296
279 232
57 436
325 155
221 227
318 220
244 273
66 443
88 61
171 114
184 245
398 165
311 38
10 304
263 147
265 441
332 237
207 430
28 357
19 47
197 107
262 116
294 442
390 28
383 162
143 100
7 264
266 69
349 422
308 101
191 119
86 289
327 315
386 289
24 233
357 402
35 234
391 329
50 267
164 313
438 108
202 323
224 60
430 43
374 58
132 342
414 192
239 123
182 38
317 354
191 224
438 39
201 209
347 338
435 70
429 65
381 243
403 368
202 391
443 254
182 133
121 356
177 392
23 262
85 1
36 268
355 420
83 379
12 46
145 87
160 55
40 311
218 77
172 309
253 41
296 426
243 137
280 320
266 179
237 16
124 189
326 203
15 140
175 367
362 348
6 145
16 100
269 291
315 198
242 142
316 177
419 113
128 330
315 258
311 223
141 422
240 81
161 101
443 407
180 447
230 242
137 254
266 385
54 435
232 195
295 12
9 165
369 426
349 382
43 295
411 263
185 370
41 405
66 350
80 99
413 390
378 109
359 412
227 352
272 396
277 207
135 136
224 10
377 437
208 417
57 411
345 300
448 295
415 348
314 65
45 18
237 383
423 161
75 49
378 344
29 442
64 441
397 113
335 57
327 48
149 420
64 433
225 79
9 269
425 64
42 352
359 146
332 392
20 297
401 277
106 72
7 262
449 50
133 350
72 388
57 58
116 58
150 164
398 446
216 96
148 31
133 248
63 174
359 321
181 79
161 270
272 6
189 7
274 129
1 52
450 335
245 318
424 385
18 299
270 410
169 88
284 348
334 209
310 161
385 347
39 389
242 233
236 162
311 52
402 194
345 69
77 317
97 131
237 364
178 64
431 255
401 346
67 352
103 438
286 403
360 425
52 320
437 119
211 42
422 301
283 218
48 144
54 411
384 172
151 416
92 347
153 435
43 328
388 35
29 153
222 373
340 184
171 74
302 100
11 293
396 359
360 61
421 128
312 402
167 433
158 391
400 301
310 402
368 330
391 185
11 34
267 192
120 224
116 145
300 290
100 43
71 341
272 33
283 371
63 119
135 8
107 136
146 67
384 97
217 338
334 189
311 181
19 205
99 385
34 133
414 302
395 118
324 257
345 279
189 235
2 406
319 9
92 387
415 354
53 176
59 1
98 392
367 240
371 86
113 323
47 176
79 181
331 120
151 125
363 205
190 187
7 50
194 380
61 265
111 181
397 114
86 220
313 391
440 144
325 303
349 187
444 335
303 183
414 429
343 358
357 60
416 346
308 387
77 141
155 329
261 382
364 333
44 230
302 112
236 101
279 286
77 395
111 103
338 324
35 49
22 298
349 103
216 363
133 23
53 217
237 83
312 32
133 153
279 334
196 425
46 89
327 60
152 213
433 174
376 239
300 179
290 11
91 185
251 104
294 119
436 236
448 0
35 160
136 340
155 187
405 159
256 289
32 125
125 219
374 62
88 386
73 330
398 218
218 88
283 64
388 256
230 167
342 445
371 94
309 87
383 225
100 389
36 275
325 355
111 28
424 447
90 7
254 299
115 12
202 308
391 145
13 41
18 400
414 19
39 295
408 386
28 123
136 78
51 413
119 397
291 179
160 63
313 389
331 63
346 258
235 113
295 351
70 7
55 247
169 148
236 155
200 293
158 350
385 268
66 94
18 319
388 186
275 189
218 358
182 413
85 40
212 231
245 202
426 283
307 73
87 307
390 65
135 383
410 158
234 128
106 38
434 169
119 174
336 167
227 175
332 146
191 334
286 411
112 360
407 278
149 318
361 299
327 22
306 17
122 63
109 450
138 340
256 85
116 427
404 123
220 98
201 18
384 450
62 394
206 66
192 183
182 235
384 351
51 9
68 362
278 416
309 369
258 239
75 14
416 302
106 114
8 133
404 163
34 304
183 118
108 232
267 339
240 226
217 61
55 430
57 103
295 50
409 328
87 35
146 267
353 439
411 186
448 158
345 168
206 290
423 410
444 328
368 408
92 312
251 152
113 282
96 5
399 140
320 232
90 263
297 4
63 334
200 388
199 229
110 228
372 419
421 341
370 442
174 364
17 143
19 325
78 444
302 113
379 394
260 1
73 88
289 232
64 101
10 42
41 201
309 255
15 39
303 152
245 67
7 202
38 343
202 123
291 285
403 98
340 218
282 74
237 248
246 14
228 351
116 47
265 38
340 185
2 328
415 430
374 264
299 309
268 5
103 43
65 325
11 370
342 404
48 332
318 40
160 244
37 36
307 409
5 325
143 382
90 145
263 111
382 375
176 193
320 247
154 149
42 266
213 77
410 114
421 1
314 24
85 162
342 126
31 444
430 64
82 113
263 403
263 395
247 234
170 216
162 282
282 311
418 249
8 392
326 281
86 214
17 428
192 427
53 298
1 18
351 217
49 248
21 172
90 183
258 393
259 10
442 327
30 226
419 233
52 50
6 78
128 250
298 243
282 59
176 294
96 191
397 233
403 86
120 174
80 443
228 12
45 368
36 199
281 432
11 2
143 48
86 204
419 264
30 334
242 268
377 388
313 81
350 108
206 344
168 337
105 91
241 210
251 156
173 392
117 237
128 285
239 351
151 210
42 24
330 4
42 371
343 111
406 320
339 48
34 177
425 88
437 32
395 437
48 201
174 225
136 205
158 212
270 450
0 265
173 40
15 305
282 31
46 143
382 249
36 161
102 114
10 408
63 232
105 286
25 202
41 337
443 157
389 148
26 409
57 310
101 239
246 281
263 53
290 419
80 176
194 156
42 58
383 80
423 411
341 252
441 66
232 73
116 53
37 342
63 349
279 185
307 240
150 389
19 249
63 391
247 378
389 324
4 95
79 442
241 163
247 178
13 264
51 129
398 201
293 82
381 293
375 328
362 240
164 278
92 220
412 87
114 159
378 125
235 260
448 329
27 430
69 367
76 175
120 276
424 313
218 156
232 124
353 306
284 196
319 129
158 236
390 12
447 271
189 166
173 305
370 311
290 390
33 191
154 282
185 282
430 165
114 411
5 277
167 41
249 182
406 409
429 137
250 273
71 436
224 439
429 314
153 100
182 271
180 343
104 38
133 120
82 385
162 1
123 281
194 240
289 339
277 280
185 61
309 345
66 132
192 398
309 354
211 67
35 399
143 198
448 188
39 142
141 322
265 422
101 203
174 436
408 75
378 147
176 274
387 395
122 96
443 158
61 222
204 63
348 243
164 33
270 150
1 21
248 108
314 101
247 37
201 437
273 139
414 109
173 176
284 228
440 167
278 312
352 3
400 420
138 371
232 399
91 267
449 301
82 277
11 190
433 82
62 330
206 240
331 414
26 398
188 33
422 72
46 375
408 144
378 9
169 230
449 203
10 246
288 380
389 170
330 280
305 203
208 24
317 366
147 68
322 361
93 82
30 441
405 226
176 242
442 277
395 284
368 439
122 24
237 33
175 350
225 280
372 297
161 399
5 79
168 169
246 203
53 94
383 57
273 89
360 428
82 414
430 391
203 417
167 269
154 231
135 83
136 372
408 310
268 182
400 240
314 76
276 209
120 28
104 88
87 383
71 247
237 418
216 384
139 210
60 224
90 238
181 347
417 38
203 215
422 178
381 330
77 265
340 0
20 72
169 87
97 359
4 338
38 427
154 102
309 133
222 424
384 391
199 190
376 285
6 394
395 211
294 258
227 422
115 287
386 407
450 197
401 166
420 287
292 362
170 168
311 233
354 206
303 106
99 329
140 376
28 399
433 258
361 128
45 251
353 163
142 351
354 169
221 287
18 195
101 373
136 440
267 74
234 144
443 141
302 62
307 296
379 271
225 206
359 109
299 113
119 400
58 90
141 231
390 258
115 235
62 312
93 273
229 224
313 382
152 374
430 309
207 81
315 274
33 380
291 24
218 432
196 344
32 215
337 298
308 53
137 371
7 239
256 375
214 7
13 341
72 163
286 379
226 115
185 300
236 44
409 339
429 264
438 224
203 274
415 342
163 26
401 440
392 176
54 283
127 311
287 365
122 107
243 165
165 289
202 44
94 365
44 334
15 270
379 207
114 10
363 435
52 441
403 219
44 48
333 4
255 210
122 218
159 373
402 168
295 353
138 214
391 23
391 203
349 21
21 429
373 131
211 252
140 434
35 94
83 109
308 115
364 416
348 218
245 419
207 187
296 249
36 74
343 369
76 254
124 99
257 60
89 247
165 421
357 102
223 174
200 151
254 163
177 45
242 388
94 353
376 350
333 299
60 426
446 259
380 166
83 76
243 424
329 225
421 371
148 315
346 6
8 355
81 184
192 332
100 119
73 117
334 332
285 285
303 108
351 34
383 397
443 317
42 211
100 232
212 91
407 230
414 98
354 220
89 164
269 200
203 209
32 202
202 284
296 400
85 391
393 409
260 358
381 315
215 272
139 271
165 58
408 26
315 162
80 214
281 68
145 419
127 415
188 242
94 404
168 87
435 219
283 221
255 208
217 396
52 319
411 447
442 182
362 295
326 286
128 225
309 441
374 132
151 9
388 291
259 317
73 141
56 234
261 215
60 314
206 261
292 142
364 252
85 170
241 330
311 49
59 268
262 305
449 393
299 393
182 337
332 414
320 72
394 346
199 436
431 46
392 332
284 273
366 292
383 278
299 231
92 276
246 278
300 381
429 228
121 342
185 157
391 213
268 110
23 397
434 439
433 33
380 438
53 49
97 38
92 197
440 206
371 423
34 28
438 18
174 449
420 382
32 335
256 69
209 263
132 70
18 75
278 115
345 369
333 22
2 142
399 305
19 287
65 412
435 329
193 380
320 361
289 42
353 99
123 423
3 356
292 302
326 83
327 435
77 120
232 373
449 367
75 3
196 47
242 343
389 225
376 182
354 344
288 20
162 177
8 310
412 252
305 223
78 364
168 41
423 29
178 221
196 270
143 246
234 373
59 343
327 50
171 48
397 224
349 255
246 191
7 78
345 10
449 381
393 365
167 330
121 54
436 230
246 395
278 181
126 263
284 65
133 30
380 249
87 228
54 170
315 216
443 99
279 74
26 75
124 299
379 150
72 69
321 259
352 385
8 4
360 318
29 124
217 424
318 9
59 92
170 354
323 223
169 249
9 80
266 384
423 436
262 417
257 178
321 167
72 318
191 415
407 22
306 96
252 291
314 175
290 254
343 193
24 191
94 78
18 30
37 277
358 91
210 44
190 49
177 349
70 38
18 218
145 423
336 219
57 184
364 302
113 254
17 393
383 282
427 14
18 367
121 7
337 393
109 220
422 377
123 273
33 82
170 200
388 283
334 444
48 234
420 26
409 255
81 53
255 183
422 437
58 390
224 55
126 184
75 244
248 138
169 333
401 183
434 331
64 223
70 96
243 270
12 146
292 29
15 13
134 355
18 59
130 301
191 226
77 205
235 321
127 396
419 13
450 366
441 257
98 324
251 281
414 9
422 40
367 390
252 102
63 117
64 439
228 257
398 363
366 125
182 264
326 354
318 216
103 21
378 450
245 86
45 332
411 152
213 357
101 433
362 446
70 198
179 55
60 138
251 447
281 128
298 129
80 406
274 236
190 333
35 326
206 447
338 93
245 304
448 380
113 278
216 163
399 324
412 418
265 385
350 27
178 284
213 305
160 231
317 147
362 269
354 267
65 4
151 447
300 324
93 48
392 158
156 42
421 17
241 213
252 179
271 362
188 315
234 421
291 200
49 222
187 164
124 306
172 193
189 262
52 276
433 241
208 219
236 331
370 297
352 115
367 174
180 221
439 204
254 105
60 244
299 141
37 266
423 295
254 414
169 330
421 76
326 214
436 77
416 75
11 276
306 400
407 9
423 101
401 169
227 301
347 190
126 188
235 408
323 47
366 108
241 98
11 14
42 129
206 292
364 379
44 449
248 392
427 350
257 31
221 102
258 207
149 177
371 67
150 415
69 216
407 48
215 331
428 256
350 120
261 380
310 313
83 347
7 11
353 340
318 338
382 436
274 160
50 184
203 279
222 166
8 231
195 441
95 245
12 83
196 31
272 41
179 197
210 82
106 430
294 268
245 445
395 104
383 123
287 295
233 103
419 419
64 382
354 289
17 418
282 282
280 389
306 310
262 237
158 388
319 217
120 179
159 217
266 144
53 423
54 408
344 136
139 191
352 204
114 196
63 216
398 1
224 357
233 87
404 216
371 197
71 23
247 380
290 58
253 152
267 44
132 435
56 353
116 51
447 333
284 180
161 224
175 136
224 388
128 221
199 286
343 434
162 130
430 21
18 31
119 379
450 132
310 192
354 326
431 435
368 41
2 430
418 86
315 226
183 322
377 393
120 339
125 286
242 449
240 151
16 143
110 208
116 239
120 329
303 341
365 11
267 246
246 135
328 85
392 28
123 68
62 292
307 267
127 25
400 391
367 87
33 319
18 348
179 256
161 403
150 13
410 83
82 194
175 88
417 351
322 87
146 176
392 259
305 392
142 229
309 418
289 142
266 400
249 169
382 120
394 438
80 249
92 246
188 378
406 295
58 212
306 80
142 315
43 84
161 370
191 405
323 90
328 116
357 118
80 43
425 27
298 110
283 194
222 290
314 137
421 285
300 120
60 200
228 76
257 342
160 439
350 412
217 256
362 143
195 120
119 245
267 143
249 365
120 286
348 276
254 280
213 164
383 319
57 197
24 115
120 95
143 126
371 324
380 379
390 434
300 185
375 187
163 226
362 116
140 280
113 31
280 91
109 67
408 291
335 159
335 247
314 184
116 114
174 371
98 272
434 82
28 233
393 82
341 379
178 225
252 440
31 83
153 348
181 436
261 69
130 235
367 101
30 329
231 275
443 311
268 172
256 236
414 47
130 81
396 88
47 42
296 151
188 385
301 12
353 75
163 216
227 39
415 128
211 243
384 203
130 74
118 446
308 288
138 415
326 19
404 246
236 241
242 84
140 352
259 58
17 382
299 294
83 3
445 267
76 436
227 288
49 315
305 302
10 367
34 163
143 414
64 339
104 425
244 287
411 361
218 321
149 431
41 420
244 238
86 42
102 412
337 261
402 418
128 194
181 8
327 394
367 160
21 198
230 291
401 148
248 360
427 197
377 409
265 348
425 164
409 346
388 284
242 369
329 214
269 381
84 99
417 62
199 432
13 394
175 222
295 285
248 114
388 448
285 265
55 397
245 190
264 107
147 200
212 401
122 376
227 177
342 317
374 403
437 179
41 330
354 341
290 126
162 59
249 351
274 22
282 429
363 329
240 212
426 55
111 137
427 187
45 23
382 347
369 296
235 294
210 102
444 443
291 238
151 48
199 346
232 207
198 290
312 97
329 103
13 192
159 223
308 256
108 417
213 104
265 445
344 34
442 6
126 159
341 85
122 151
252 149
282 315
130 305
147 223
196 20
301 10
143 319
270 40
353 48
338 237
334 141
124 228
118 347
93 325
29 86
271 246
295 64
398 309
370 22
366 437
44 52
333 433
14 404
249 419
34 108
121 267
359 108
301 257
367 343
436 421
214 14
83 419
305 191
36 166
353 381
210 225
47 379
308 133
253 154
391 430
193 235
176 437
379 78
234 21
115 142
169 441
374 126
228 26
247 205
54 126
235 25
415 230
10 354
438 194
266 111
109 62
125 55
52 140
116 25
324 121
111 62
354 123
424 189
123 322
347 378
239 383
389 233
342 427
44 122
101 218
325 172
265 296
317 420
146 314
79 58
314 221
276 93
395 277
198 289
114 129
258 88
47 416
228 358
433 280
82 230
288 341
387 127
435 429
52 164
178 237
353 426
274 411
30 188
290 213
359 75
275 42
158 252
191 238
272 432
275 370
245 394
365 280
413 137
199 424
155 4
30 85
296 347
188 97
427 440
429 204
95 441
149 122
142 238
366 257
397 371
173 171
59 284
387 216
142 289
294 448
122 142
233 193
136 437
189 173
160 4
161 330
400 127
282 158
126 383
177 313
432 235
36 214
313 363
57 441
127 79
134 57
102 276
12 397
429 338
131 447
206 177
134 18
162 103
227 307
121 436
31 140
366 315
35 47
124 393
73 186
376 397
115 341
443 415
289 397
407 152
97 136
395 105
37 177
278 159
408 328
8 131
445 234
144 163
228 262
157 150
284 17
413 0
288 201
112 177
88 329
82 250
252 54
133 275
147 104
235 197
340 201
408 265
184 263
129 318
219 270
169 62
380 283
77 138
209 241
86 334
207 140
186 268
388 400
441 441
241 31
271 283
235 379
439 97
250 394
67 208
25 109
322 421
316 376
249 374
8 329
345 199
356 228
410 393
315 333
96 1
146 178
245 289
377 307
180 230
22 294
19 194
92 441
132 412
58 120
362 34
294 309
436 112
255 57
245 285
389 253
241 170
214 25
160 81
21 287
338 307
350 217
250 206
325 433
24 163
127 368
282 356
306 382
80 155
422 420
247 95
389 245
122 372
47 171
164 92
225 283
298 312
285 419
188 157
227 127
278 354
48 29
208 406
379 155
291 387
322 70
400 122
413 442
333 400
48 74
156 14
100 343
9 66
99 315
258 123
426 378
191 42
1 382
370 233
225 78
56 417
116 167
210 449
20 342
419 317
250 432
443 117
140 236
226 276
223 226
278 444
405 262
441 82
215 320
110 392
325 168
157 9
100 8
441 263
116 424
446 241
394 193
172 295
236 312
396 437
49 70
182 7
135 186
56 286
265 100
110 304
409 450
144 216
289 4
73 321
254 369
15 248
59 253
301 442
442 418
244 116
272 408
159 367
151 23
375 149
182 355
117 226
417 166
147 72
209 163
7 135
91 329
39 178
167 257
189 395
222 89
293 222
434 126
296 20
230 383
396 185
328 330
243 193
27 208
254 25
431 91
136 417
46 264
348 236
234 244
76 409
369 49
48 384
4 401
190 45
297 195
396 71
126 90
332 267
239 121
405 111
305 150
34 288
222 144
318 259
63 311
166 143
312 431
316 12
448 353
38 307
201 176
441 53
12 404
66 362
282 385
201 79
137 163
151 388
346 70
156 312
102 353
151 404
24 244
202 332
212 15
203 324
132 61
324 344
2 379
157 231
101 184
423 445
415 273
330 425
442 130
354 168
226 161
438 36
326 420
205 179
129 222
189 75
143 343
7 23
302 55
410 332
66 214
190 403
106 98
267 356
303 248
25 131
190 97
296 150
287 281
121 401
433 175
184 348
46 33
8 161
435 390
428 40
237 341
398 353
222 328
164 135
263 27
363 177
171 260
337 447
30 207
27 28
325 55
266 152
450 137
250 446
59 386
193 6
126 59
108 216
130 372
271 372
38 442
117 26
218 3
210 159
128 164
112 298
126 394
131 448
149 446
3 242
403 254
122 190
113 156
122 205
16 55
383 439
402 309
58 399
436 215
412 445
129 435
231 230
110 320
431 212
140 310
424 325
258 67
266 97
78 158
380 351
35 304
136 244
18 227
52 11
164 165
243 375
232 6
87 266
337 384
349 435
11 178
338 47
263 210
406 214
3 94
39 32
48 40
338 23
277 105
4 226
372 87
333 159
355 248
15 204
27 411
339 338
89 442
130 120
268 88
340 407
342 156
115 199
5 210
171 227
98 285
116 59
260 88
47 25
437 315
0 240
124 373
88 378
114 154
287 37
343 272
218 80
350 328
126 41
315 78
403 271
47 277
205 287
311 56
131 162
69 35
133 349
171 420
29 87
118 141
217 280
58 69
205 239
254 256
341 358
60 123
43 407
163 218
392 370
443 19
115 19
53 430
72 155
450 381
52 448
110 406
333 388
426 103
84 148
156 172
194 359
372 94
151 179
181 301
374 74
417 84
271 418
360 337
87 44
332 80
183 138
392 149
3 309
267 422
119 287
375 154
353 176
329 158
187 74
144 241
137 291
365 208
20 148
187 228
187 195
180 328
5 352
312 152
165 188
341 369
76 401
244 171
358 247
108 399
21 7
261 213
22 316
260 72
388 444
229 100
226 418
23 134
133 364
406 133
165 444
419 356
350 267
422 133
18 278
396 301
323 217
185 436
238 22
192 329
322 3
419 35
166 1
332 54
133 183
94 296
290 218
313 372
427 86
384 225
322 190
15 199
136 174
245 417
85 128
402 54
343 348
432 186
67 285
129 93
345 180
282 231
86 338
305 404
313 258
441 428
111 152
60 293
158 326
292 371
295 20
105 65
102 202
414 41
353 320
234 115
307 319
342 340
213 424
330 293
214 211
327 422
286 51
162 253
98 295
12 195
435 436
276 446
70 53
92 378
63 339
55 179
83 147
332 300
332 226
80 133
445 310
168 424
205 111
89 160
443 417
92 301
243 354
436 251
442 402
436 74
360 403
62 92
114 67
423 129
77 430
302 117
391 365
287 369
74 348
111 287
0 350
50 231
27 30
424 53
108 40
412 244
366 92
73 372
187 128
56 324
333 245
318 145
246 386
2 276
58 46
71 185
154 419
156 337
181 108
287 322
200 225
300 373
143 369
294 401
196 437
51 293
249 309
166 128
433 217
64 133
153 268
222 62
259 185
402 304
282 16
19 135
270 357
27 377
121 307
205 413
136 165
408 341
372 448
394 17
5 168
392 119
443 140
133 373
290 401
270 121
63 274
424 398
35 283
310 439
87 113
18 261
414 418
345 312
171 406
431 115
239 321
184 145
74 277
207 48
420 211
445 122
172 90
53 89
353 196
374 23
432 79
424 403
268 324
228 406
364 226
195 136
173 284
389 228
44 292
440 105
148 344
368 332
125 80
334 164
11 363
324 53
424 56
330 312
176 225
84 382
41 20
235 41
258 190
12 231
111 104
345 409
244 345
207 156
323 83
292 392
54 141
108 267
306 377
367 98
202 189
38 362
389 300
351 90
143 77
85 287
80 342
172 186
30 255
263 288
376 156
75 135
166 336
134 10
252 180
71 423
12 370
215 48
317 0
263 136
115 147
376 191
315 369
20 397
414 40
89 242
340 80
3 375
301 441
308 400
303 80
433 246
400 278
440 311
341 215
341 303
288 265
139 53
41 444
202 275
233 390
385 208
299 50
80 226
387 384
424 138
9 82
387 406
162 56
393 169
352 191
319 236
326 69
421 77
415 241
386 105
125 300
47 331
369 329
235 276
135 319
269 170
251 437
411 386
217 391
92 227
348 235
155 347
410 420
315 414
312 54
397 9
269 217
305 152
212 105
144 126
418 87
306 401
245 282
41 17
264 272
167 280
54 57
105 414
311 314
208 57
190 114
279 29
448 147
438 259
441 324
220 59
135 435
6 83
185 128
396 433
7 379
251 416
143 130
299 433
56 277
143 440
76 34
10 233
193 153
287 388
431 401
222 360
255 120
431 271
377 386
68 197
32 349
50 336
286 388
383 313
275 384
288 104
290 317
324 46
124 174
439 236
379 408
101 400
425 117
295 344
386 93
104 132
384 435
356 270
145 284
138 215
136 148
367 89
272 69
228 396
107 113
199 326
53 97
152 427
281 249
85 121
272 34
401 61
181 56
3 188
84 440
381 311
403 157
90 221
98 27
430 444
156 7
191 267
212 73
375 226
7 293
112 205
129 21
129 396
304 15
81 338
90 150
69 206
124 427
211 264
305 320
300 54
398 136
197 91
31 262
409 289
213 306
344 177
210 203
345 72
131 182
328 3
182 210
133 79
203 43
167 118
102 33
154 253
327 41
33 411
38 158
226 273
5 228
169 39
249 211
280 207
213 284
96 148
346 89
200 336
332 66
73 55
203 31
399 98
418 304
346 364
319 450
296 226
208 129
301 30
427 43
22 53
38 96
226 152
191 109
30 41
174 233
57 98
366 430
134 373
164 26
61 61
239 286
379 73
16 273
264 23
205 98
346 163
348 270
90 337
181 402
312 274
281 142
39 323
346 14
391 155
411 220
327 235
219 1
204 404
31 341
155 115
288 145
14 444
321 332
27 6
85 218
172 252
99 164
280 380
65 179
14 174
292 341
165 1
240 158
27 199
132 252
294 107
231 352
406 159
419 242
263 363
435 277
92 91
30 250
338 397
127 418
295 120
399 331
263 73
135 117
419 324
307 269
160 315
192 106
425 60
357 10
276 281
35 371
17 40
335 51
261 369
249 302
266 28
137 98
321 42
365 434
59 176
447 256
351 0
272 251
1 331
375 144
416 139
10 327
440 379
63 215
250 350
297 291
374 178
275 323
305 20
318 310
213 380
21 341
154 53
373 141
364 168
170 382
198 218
4 98
111 59
201 59
433 130
174 82
393 366
301 373
217 363
281 165
52 30
433 346
81 166
286 211
384 138
403 121
294 6
312 96
306 164
266 329
142 13
72 138
14 266
403 144
364 336
46 13
311 403
260 335
22 120
346 33
383 407
264 24
24 353
277 443
97 271
325 426
231 163
444 302
291 158
255 280
191 118
288 103
57 171
314 430
325 283
385 245
263 51
34 407
389 81
108 245
157 192
66 7
328 169
33 282
440 443
326 185
72 71
401 85
93 355
13 42
185 12
47 427
265 372
319 343
213 312
209 269
341 395
271 433
318 143
177 366
272 289
410 261
311 44
192 17
73 177
232 150
276 170
160 104
255 365
245 108
60 431
165 235
251 120
373 304
232 321
271 274
88 164
146 236
22 436
135 439
181 240
240 221
339 96
314 32
32 201
228 254
70 434
76 7
397 403
150 190
407 217
130 207
133 402
306 389
167 252
172 19
418 423
155 234
55 435
324 215
229 355
337 36
112 190
406 187
26 240
347 395
188 398
409 224
332 90
13 178
118 360
245 17
291 389
376 276
137 78
56 122
27 215
399 19
449 379
388 176
354 384
184 82
232 218
75 384
348 181
165 260
171 417
19 21
338 25
399 236
326 326
430 366
439 211
7 25
188 401
216 355
200 8
11 111
286 41
296 425
68 36
177 282
106 14
172 201
158 348
143 14
381 364
143 305
337 204
125 282
80 145
342 72
297 179
181 153
418 375
181 220
322 137
72 396
256 136
31 244
394 247
3 279
397 153
413 61
33 255
436 138
304 39
18 119
227 258
156 195
18 107
379 149
186 149
446 182
262 21
288 391
106 321
91 292
282 309
88 409
238 210
294 124
145 171
370 107
93 374
132 313
406 342
147 424
104 397
169 27
27 18
251 442
18 268
309 126
373 317
106 309
411 113
243 46
222 33
47 30
438 130
372 331
63 5
40 378
115 207
173 376
289 166
150 72
367 97
79 78
30 141
0 121
442 326
291 390
65 238
367 168
316 261
108 61
397 210
384 196
4 439
172 3
218 214
233 19
34 333
121 225
117 436
313 19
25 67
300 241
293 428
240 312
283 279
361 135
386 175
363 447
397 398
297 183
106 45
15 78
125 210
372 103
31 243
361 360
143 415
243 59
38 272
138 393
96 420
27 169
367 393
384 300
190 329
331 290
171 371
448 253
338 143
258 201
383 287
422 162
31 326
83 106
122 66
247 448
193 316
394 121
260 232
331 347
383 325
94 187
232 153
126 206
80 300
417 401
422 85
399 436
233 11
253 223
144 165
172 6
373 395
422 414
123 308
448 269
278 307
18 54
81 86
111 214
424 408
415 126
196 171
205 60
81 342
150 204
41 415
374 377
193 445
231 289
115 294
48 109
230 312
257 288
391 77
350 82
78 336
100 117
263 218
420 143
415 181
443 380
166 187
190 239
307 271
101 49
111 354
23 378
200 258
274 293
102 310
165 81
397 175
96 346
97 238
235 142
89 69
144 181
21 160
279 81
95 171
401 205
317 317
223 366
147 36
211 88
254 343
367 248
323 30
227 238
8 258
363 356
2 106
450 88
381 211
187 159
55 126
255 343
53 213
90 400
290 67
242 223
337 399
365 410
308 126
12 121
233 207
361 237
163 204
444 313
208 67
398 26
389 77
408 315
407 432
222 36
156 178
43 124
314 287
42 114
140 411
107 326
32 142
414 32
209 300
234 57
413 10
92 4
445 265
229 269
92 101
12 283
173 183
45 231
416 136
190 126
236 123
244 54
57 191
321 74
269 69
381 341
170 97
346 245
396 298
38 40
179 301
336 343
365 404
76 396
274 449
232 35
55 148
134 39
173 41
249 342
114 281
444 400
336 231
89 315
273 2
356 265
72 410
16 338
335 423
406 436
74 5
424 104
155 118
164 393
150 74
356 274
284 218
208 433
288 289
375 256
20 86
35 126
422 337
277 239
388 153
360 378
146 87
19 151
64 424
419 234
443 246
229 166
23 289
397 392
64 148
133 296
313 295
16 412
148 7
323 365
153 56
42 399
295 197
133 116
385 86
113 285
204 311
77 129
193 332
68 438
273 315
300 337
5 380
334 418
121 180
32 224
258 304
338 21
430 40
181 57
323 342
279 220
87 146
293 102
105 278
423 326
251 125
446 46
384 350
361 139
437 358
170 357
406 398
193 257
105 148
2 220
269 114
334 288
286 347
137 54
272 146
82 257
326 376
445 139
342 96
53 106
159 271
271 100
204 81
142 1
103 120
443 2
239 450
114 203
177 351
291 209
81 370
209 177
113 369
260 425
425 418
335 279
429 402
345 97
60 342
438 381
90 252
204 211
125 170
185 438
283 197
400 336
65 366
432 128
305 243
417 446
379 371
1 426
184 290
334 250
448 388
308 247
342 358
292 55
35 81
265 393
147 185
422 218
335 34
27 122
241 404
269 140
365 444
422 386
422 372
57 282
75 388
78 387
59 113
197 294
71 336
237 417
231 192
47 70
110 179
2 251
354 426
49 449
65 342
96 29
219 98
272 440
26 89
29 97
360 259
142 440
91 98
247 445
246 218
144 112
77 310
392 384
179 97
166 109
36 379
236 51
167 293
442 79
92 138
334 92
122 300
155 85
376 240
122 75
15 138
57 285
95 359
340 444
203 268
80 231
207 100
232 58
135 392
415 162
415 229
172 264
291 249
4 383
182 195
160 153
194 318
229 6
283 188
399 356
88 449
357 67
124 249
64 84
327 97
419 77
344 338
284 89
198 176
407 329
233 368
281 52
434 81
182 109
306 429
198 229
43 315
9 411
211 397
206 299
153 448
203 219
255 63
160 384
394 353
308 70
433 211
436 23
81 83
161 207
363 441
299 233
250 186
52 67
344 129
52 61
100 428
146 21
278 114
172 226
106 51
121 19
215 162
265 52
198 234
52 336
41 207
404 210
379 169
239 265
425 151
222 344
346 193
8 180
189 241
392 131
369 64
188 26
401 441
64 352
216 269
113 45
99 39
70 243
136 243
264 152
167 51
116 188
11 65
243 308
65 330
329 386
446 204
397 266
186 415
47 242
125 428
276 338
112 100
234 173
429 179
8 371
172 173
124 348
202 41
344 86
97 330
66 104
166 74
412 309
385 228
232 267
85 370
213 263
187 82
386 173
159 375
168 407
17 213
413 83
337 100
390 201
85 249
95 13
102 349
220 371
440 89
351 390
391 78
430 409
239 342
209 360
430 436
68 314
113 435
102 364
141 191
112 151
89 146
177 276
105 129
91 293
102 306
350 368
385 100
265 380
447 209
99 303
120 427
173 426
109 293
146 424
156 126
430 15
216 247
108 122
410 232
235 127
221 130
259 261
2 355
314 202
405 44
310 272
109 74
358 268
288 50
130 343
377 155
182 170
338 310
56 311
439 71
39 26
125 73
82 33
254 428
158 332
205 275
15 155
437 441
112 75
100 353
153 356
330 335
206 8
251 278
56 446
88 436
444 364
148 111
388 125
427 212
150 35
26 156
417 403
292 5
192 359
432 346
145 15
381 60
269 340
134 95
90 276
204 263
440 114
185 367
24 16
222 17
297 228
332 91
401 350
400 91
426 257
64 252
412 21
316 24
140 74
417 117
128 240
350 55
87 310
450 345
47 437
27 152
444 360
434 321
262 310
333 283
170 257
150 296
26 322
207 407
40 57
324 87
164 83
356 65
382 181
427 186
245 102
339 357
41 255
30 119
374 175
277 70
384 111
231 446
97 261
262 279
297 90
421 402
117 234
389 297
131 432
205 244
105 446
278 345
187 160
87 237
89 320
447 179
172 391
292 271
393 401
98 390
66 441
176 292
171 297
33 268
438 55
348 433
55 443
362 121
300 136
161 252
442 82
201 404
305 62
168 86
270 156
444 257
401 162
354 304
328 356
194 218
151 192
363 240
306 232
396 148
81 159
409 134
240 330
1 64
56 120
287 180
171 381
415 196
95 81
373 430
380 354
280 304
13 424
109 7
87 376
157 195
373 159
348 208
44 429
83 298
9 448
220 8
213 37
32 394
92 405
415 270
100 330
31 235
206 363
355 295
180 265
150 290
445 303
356 229
329 242
78 82
13 448
117 404
26 237
299 286
440 325
88 249
416 114
248 109
1 412
36 223
116 368
93 169
130 423
439 57
218 364
92 131
157 379
121 310
161 445
441 439
353 261
324 416
344 426
142 212
186 130
356 266
109 275
251 203
225 381
183 395
94 324
17 234
317 64
315 214
85 25
263 63
197 202
164 111
354 66
147 253
116 207
266 184
244 382
385 164
436 428
49 145
232 221
343 320
16 382
150 294
85 206
431 140
59 11
404 283
41 261
29 414
131 113
225 80
111 234
33 363
370 12
3 430
190 366
182 12
195 155
130 321
111 406
313 186
230 92
378 446
55 338
334 302
174 168
317 160
159 126
269 225
346 259
198 35
97 217
67 72
308 383
380 269
117 218
423 81
293 32
109 187
64 412
150 393
342 7
199 266
98 36
367 199
378 268
72 215
14 360
99 431
401 250
391 237
42 332
199 178
329 420
196 46
398 53
248 217
314 373
1 20
276 427
35 27
101 307
58 131
120 209
158 73
291 267
98 137
382 291
424 66
335 146
18 295
327 396
97 267
370 428
440 82
392 61
370 424
236 141
152 152
284 132
332 201
449 317
172 221
112 347
200 133
413 53
441 1
163 350
377 24
312 318
159 336
250 0
271 200
241 37
313 181
420 149
337 423
175 245
120 202
355 200
252 109
288 343
410 441
156 412
328 129
359 306
373 81
220 287
140 198
200 317
338 297
360 9
283 44
68 422
43 391
111 34
295 18
79 204
206 138
53 180
240 25
442 101
420 330
388 183
39 437
20 90
209 128
311 448
116 218
17 399
306 375
54 71
158 390
187 92
86 146
417 297
219 302
96 344
172 315
388 297
213 134
346 409
177 361
300 255
392 339
367 127
296 186
241 80
434 287
316 152
438 186
302 149
96 166
39 426
241 47
342 194
209 401
312 138
291 226
270 404
388 23
209 317
327 254
126 286
345 416
398 77
246 324
81 81
118 113
93 402
342 23
354 32
185 205
375 75
101 398
216 249
280 313
282 413
268 304
33 249
400 124
346 408
72 281
373 130
156 296
426 51
450 55
362 383
4 346
162 277
327 158
65 223
37 412
167 394
3 367
214 450
84 388
112 248
380 12
225 438
405 45
399 159
234 106
317 172
100 318
133 414
129 34
371 142
47 208
163 239
24 378
287 328
136 362
345 154
449 331
26 93
255 101
239 206
126 381
395 176
182 48
248 387
178 329
41 95
114 291
449 130
412 421
410 166
116 128
51 103
110 97
244 341
159 113
238 288
378 387
394 178
133 281
187 126
380 92
102 315
226 89
204 214
298 39
414 111
304 110
289 3
405 141
378 317
168 55
109 145
66 260
97 21
369 338
103 219
404 426
182 409
16 277
37 91
23 216
44 53
5 203
180 315
0 387
405 76
140 307
34 228
317 276
314 36
365 310
106 94
142 415
315 273
300 182
12 435
331 42
49 22
397 34
152 163
277 139
95 170
96 439
90 426
309 375
241 269
32 309
335 79
74 237
15 42
176 358
45 71
377 440
298 219
68 196
37 179
404 43
450 220
178 4
217 186
433 310
11 356
212 449
386 69
293 170
357 211
166 9
391 124
17 383
271 82
215 26
126 387
62 177
323 24
393 291
6 229
53 240
450 447
112 242
268 287
89 308
16 386
188 423
364 269
304 195
399 175
191 153
300 25
137 369
391 201
404 133
206 251
372 375
335 74
334 19
250 190
442 7
187 409
428 299
131 239
87 328
1 311
201 7
31 242
62 5
73 446
102 327
121 131
361 326
425 244
53 129
327 366
400 95
172 56
180 90
33 45
122 215
159 248
156 34
253 397
171 269
372 324
423 360
203 14
323 411
404 266
429 405
288 424
278 150
346 426
57 145
31 404
259 394
334 366
171 71
434 25
129 47
158 249
396 327
331 170
37 74
232 393
63 306
297 256
422 253
52 389
120 233
248 327
226 176
439 427
0 293
308 80
168 251
448 61
90 283
339 323
345 299
346 53
438 350
242 89
354 165
381 228
272 257
172 79
256 346
396 59
61 381
313 317
79 339
427 398
129 84
139 270
246 383
233 407
369 241
286 60
177 29
427 390
250 80
281 89
226 141
148 125
244 270
227 218
419 260
142 280
75 405
412 412
388 220
227 97
427 386
394 283
113 417
59 77
380 163
66 226
176 283
33 329
448 264
19 182
287 210
447 148
27 202
423 449
214 322
216 141
174 148
351 320
419 266
75 352
416 341
122 362
408 188
320 264
350 209
17 447
228 273
397 295
260 360
149 88
49 404
74 342
59 140
35 32
272 287
415 30
40 252
279 393
101 438
223 120
131 223
365 78
186 434
176 265
401 19
40 181
324 375
391 183
157 65
271 249
431 37
276 51
450 276
27 113
322 199
114 162
145 383
316 286
204 372
51 65
387 336
27 302
432 220
424 130
32 249
80 302
82 243
14 333
386 145
111 299
121 232
319 260
440 427
350 125
414 407
424 437
449 296
71 293
383 87
403 60
339 65
154 41
150 213
15 251
77 54
376 297
219 211
335 410
431 267
230 178
32 442
373 90
197 229
445 398
299 146
208 175
113 67
322 376
154 295
106 335
204 31
27 390
137 317
155 97
298 433
303 56
9 83
211 19
344 264
448 244
435 445
376 126
404 302
387 258
201 130
289 18
404 215
364 366
128 118
161 128
186 140
143 213
40 84
245 246
260 154
324 379
88 413
213 12
69 444
83 69
374 188
180 149
212 403
224 402
363 26
13 23
334 118
312 100
115 101
79 197
250 103
248 211
267 16
363 433
92 295
62 329
209 287
65 430
124 14
354 62
174 227
348 275
149 394
105 381
46 118
139 136
27 401
197 3
30 369
217 308
2 372
253 339
154 157
349 424
30 29
22 287
438 246
139 119
386 418
229 198
433 245
363 333
90 399
164 248
202 159
296 427
448 415
400 153
105 56
143 358
212 167
9 128
350 442
216 57
128 100
111 402
363 193
100 111
439 136
310 127
418 46
189 8
316 361
116 117
102 332
278 102
337 389
315 243
398 245
104 352
14 351
256 334
169 174
434 441
215 4
391 129
397 62
263 99
402 132
428 341
321 45
35 152
71 99
295 167
241 427
182 399
330 205
102 56
127 207
439 32
406 171
276 409
408 246
134 230
13 179
293 234
412 406
421 145
140 132
327 181
203 203
157 394
236 231
418 252
173 116
148 159
94 51
111 260
450 175
442 176
166 219
163 162
368 349
449 325
23 295
225 362
410 5
287 23
330 20
295 448
378 56
284 386
47 202
155 12
286 241
68 406
187 263
134 275
188 96
146 183
190 448
335 106
326 198
400 372
214 325
348 357
243 264
90 2
178 28
224 104
309 444
181 172
160 216
112 180
262 394
380 352
417 115
275 235
94 186
134 97
364 25
447 15
244 332
164 363
371 16
63 354
172 414
95 410
122 383
241 134
178 127
49 278
152 193
373 368
297 88
337 132
406 449
48 392
289 6
100 252
48 168
109 183
254 315
118 359
413 181
209 356
22 39
54 33
228 252
53 344
362 246
115 160
159 93
392 312
389 278
382 352
92 249
278 244
404 150
222 436
272 104
136 70
192 278
445 390
379 345
312 193
265 153
39 431
337 401
26 182
5 81
3 165
10 162
365 44
211 423
210 216
89 62
232 71
445 331
133 277
119 246
5 58
162 261
265 317
241 235
427 120
54 443
109 20
237 427
433 45
124 305
425 413
105 284
64 202
378 211
10 279
438 78
365 108
206 159
324 352
406 216
313 206
301 284
337 8
74 410
421 169
174 151
183 48
59 173
352 196
126 325
159 303
38 247
266 62
115 84
46 204
168 137
144 423
169 20
406 298
120 336
137 31
262 94
267 304
295 252
283 390
169 339
333 426
408 47
427 156
192 126
247 53
64 35
383 367
114 52
393 212
368 413
254 173
304 48
358 358
138 144
265 234
19 3
267 88
290 351
113 178
258 422
125 307
93 242
44 223
339 209
358 254
186 335
263 11
346 284
3 167
209 361
177 86
415 193
35 431
339 17
20 104
15 101
444 267
89 30
381 343
74 72
299 412
33 142
274 370
428 173
387 379
356 261
48 247
280 310
109 313
193 371
229 361
80 168
315 108
258 336
53 188
308 149
34 52
236 49
415 149
30 71
69 299
45 160
102 189
339 91
192 123
211 390
118 431
49 335
46 395
274 310
290 265
370 332
389 0
141 72
164 280
135 33
226 302
439 223
83 238
387 320
46 416
2 22
103 216
138 351
389 415
435 183
71 236
356 293
280 140
358 297
419 161
44 423
35 109
36 119
336 145
429 13
260 341
163 311
390 253
87 187
371 12
181 163
390 216
65 265
335 120
24 208
203 412
438 338
248 181
418 344
129 299
40 127
328 319
202 395
189 263
93 271
404 417
322 321
108 315
439 28
424 69
100 376
363 149
87 68
445 264
201 236
160 195
346 287
401 145
257 185
211 116
178 393
387 299
347 385
252 57
357 214
445 69
52 206
278 37
450 37
181 386
118 60
275 61
86 28
322 86
13 397
447 310
421 135
11 316
70 344
163 117
75 411
88 254
155 157
207 263
295 284
381 377
158 245
105 366
136 173
375 201
43 329
141 251
176 259
442 225
219 354
319 403
108 226
368 43
445 292
344 9
366 278
246 231
387 296
446 170
190 164
77 359
120 108
243 208
1 354
256 424
135 40
404 393
422 408
162 198
214 204
200 290
224 152
340 207
335 405
352 207
183 378
4 299
391 409
21 271
270 363
272 282
123 317
224 295
430 372
242 22
266 420
125 257
60 279
299 30
436 20
308 350
407 425
74 52
51 81
306 268
18 336
195 282
79 159
201 331
212 43
166 279
16 186
93 106
237 306
217 236
441 176
295 347
269 224
195 163
119 411
352 85
71 330
357 370
341 166
278 69
186 249
370 169
358 323
126 124
399 158
160 305
402 323
164 292
43 316
378 106
227 290
192 196
444 44
19 297
103 351
217 345
60 331
125 241
268 104
344 198
71 80
243 285
56 28
297 190
276 247
60 320
255 450
201 121
143 90
362 297
431 245
203 63
224 340
99 434
330 367
439 386
350 215
177 378
34 131
450 149
47 424
141 158
358 166
258 14
283 48
412 37
8 56
122 332
191 32
254 345
333 147
434 401
352 343
444 332
295 440
125 405
197 282
388 105
312 442
238 2
422 50
97 211
15 317
268 240
53 177
448 409
242 219
45 167
398 213
116 354
70 248
260 357
222 160
54 231
376 165
253 429
235 15
306 387
163 92
294 251
84 165
272 394
119 297
231 241
388 267
210 325
74 220
269 427
111 11
193 179
92 41
134 368
67 329
390 257
369 122
218 256
332 334
254 258
154 413
53 232
398 2
302 167
74 404
405 361
371 165
404 443
415 383
92 6
186 274
321 362
59 423
18 200
44 395
320 225
310 206
303 243
160 241
221 33
44 224
404 162
80 16
51 218
170 167
322 342
217 261
422 374
28 228
233 155
77 22
196 271
343 291
32 18
328 312
233 336
106 330
85 217
176 174
351 243
345 251
109 188
168 263
327 132
131 217
37 431
122 448
375 423
85 271
67 88
435 283
414 16
164 438
209 123
169 353
92 100
74 346
442 307
236 39
32 102
147 31
259 22
325 346
91 155
31 113
98 160
232 409
420 229
83 172
97 301
292 447
94 49
152 121
294 361
314 230
154 449
210 14
346 109
322 198
411 12
163 79
99 371
419 197
49 413
253 334
16 141
50 317
156 411
82 147
227 362
146 94
244 400
381 87
229 94
266 344
399 104
257 400
262 58
354 247
291 156
143 81
4 312
70 268
352 241
364 132
97 61
404 69
122 296
177 126
116 279
207 336
84 88
331 276
179 339
23 148
224 381
48 100
279 447
101 151
335 30
385 325
89 74
359 357
278 137
231 42
338 421
263 214
382 298
40 167
45 155
48 264
156 97
20 381
210 264
168 135
161 1
179 40
226 259
396 30
35 372
333 93
262 316
185 258
418 256
34 109
239 25
0 415
191 318
224 445
209 81
396 362
428 111
240 308
442 221
17 172
260 34
27 9
378 231
158 389
432 313
171 295
134 280
418 52
75 408
191 116
344 312
118 443
200 213
272 393
151 151
143 303
346 9
192 19
38 92
207 162
36 125
78 373
247 174
421 26
374 68
193 278
94 384
108 58
37 129
113 198
407 196
335 301
290 393
234 36
226 408
120 367
56 105
55 113
184 136
181 260
60 368
343 269
160 29
60 253
140 205
153 231
112 426
152 401
149 24
300 295
76 385
70 147
290 105
120 425
239 94
249 333
207 422
298 72
65 75
225 289
276 319
343 308
162 224
70 340
104 261
236 369
149 262
432 125
398 184
198 65
200 233
8 17
203 171
26 45
271 109
302 246
233 53
156 159
133 74
89 422
192 251
334 429
149 253
113 142
101 16
386 96
72 236
383 405
178 163
60 14
348 187
431 216
225 167
417 121
152 332
57 8
448 322
355 353
95 263
51 328
189 325
417 75
400 364
146 276
94 34
429 323
423 53
178 131
17 273
433 265
172 239
14 2
3 378
254 286
218 26
22 76
309 5
264 7
108 394
14 375
199 66
402 228
431 278
3 8
1 210
320 16
146 411
200 14
384 370
379 400
221 51
170 184
186 152
378 92
429 189
191 299
247 244
175 182
399 154
11 330
175 261
321 369
15 249
214 247
172 263
418 193
402 124
237 154
412 374
150 365
130 66
160 152
229 112
77 121
35 66
275 272
190 364
263 13
56 55
390 218
123 71
404 291
423 57
49 431
50 112
384 62
407 254
200 316
332 152
356 123
91 199
126 32
155 77
25 362
368 260
317 138
165 88
203 207
304 67
434 70
169 33
61 27
123 182
17 232
290 375
289 309
315 250
436 263
447 348
420 204
370 351
224 92
235 180
18 313
370 270
72 167
107 49
255 287
411 304
296 113
436 224
67 447
385 87
218 113
450 138
111 64
400 165
136 369
60 221
242 115
154 182
393 217
359 167
427 152
226 406
74 199
433 155
22 260
193 399
390 281
261 142
449 56
118 358
87 395
220 189
439 367
42 175
441 347
181 146
12 68
388 412
335 396
136 76
311 415
412 155
428 431
20 166
361 267
137 220
138 172
115 360
318 350
394 409
66 382
3 395
142 221
372 207
86 215
424 238
362 430
101 54
431 396
222 372
385 186
127 263
374 45
140 93
222 408
417 13
382 268
142 407
291 403
91 140
339 128
435 43
436 239
275 140
343 92
211 290
292 365
199 189
365 290
90 359
95 287
142 426
374 207
442 240
351 132
100 62
326 117
433 150
32 313
48 83
364 8
176 361
444 274
414 113
444 279
101 352
289 198
338 150
136 85
411 123
42 135
432 414
107 188
292 347
435 128
200 448
417 66
369 12
227 148
319 2
448 423
403 99
423 184
332 111
221 49
77 159
362 437
205 88
354 172
402 37
35 305
338 387
186 435
303 295
252 163
112 389
230 274
250 340
322 13
254 85
244 216
448 32
360 437
441 109
101 418
11 428
388 436
335 59
410 194
109 174
320 401
185 138
391 442
273 22
64 386
108 94
186 214
184 185
288 248
386 245
263 286
267 244
376 154
345 49
190 213
294 32
441 340
75 95
191 90
324 370
61 333
409 126
38 298
169 294
82 138
199 180
46 306
20 287
98 310
239 92
366 443
108 215
148 346
290 45
1 35
98 101
362 43
441 167
286 87
422 417
142 433
132 183
211 272
333 75
75 271
372 79
390 112
439 165
96 130
207 212
230 40
71 414
377 295
47 353
160 440
449 441
429 126
114 243
131 326
232 39
124 410
426 35
113 185
425 119
126 212
160 229
431 354
337 45
302 275
357 445
227 434
421 168
344 344
284 238
130 418
288 310
103 97
340 59
378 12
124 38
164 426
69 317
344 74
305 137
301 87
140 272
383 228
64 409
109 285
110 333
212 380
218 73
58 325
200 302
129 58
320 298
25 262
258 334
109 214
35 403
183 6
291 234
292 258
293 75
141 328
264 414
218 212
127 350
288 400
180 169
190 216
154 83
11 439
377 247
302 400
265 40
182 441
210 258
298 249
175 393
233 10
413 12
218 385
25 304
191 77
215 445
109 343
255 254
83 439
167 84
91 16
147 83
389 356
112 256
34 204
151 365
381 213
102 398
74 200
238 385
409 60
199 63
133 406
238 209
402 56
75 170
447 373
404 203
276 235
409 146
166 390
30 312
58 323
32 148
23 10
135 95
351 342
208 78
15 375
238 108
374 52
350 287
124 0
146 136
2 36
163 60
135 6
346 402
295 10
382 410
356 280
207 298
164 430
88 115
108 3
271 374
192 233
419 267
359 177
166 136
88 292
261 31
137 423
260 283
158 224
355 393
186 347
67 445
286 21
48 213
266 351
248 225
364 292
121 170
271 213
45 60
376 210
52 420
93 317
213 109
3 436
27 107
284 361
449 233
403 285
66 46
218 305
426 7
114 396
65 240
224 148
58 76
180 217
261 47
167 347
245 97
35 42
104 392
120 360
364 430
426 258
404 334
287 424
223 185
389 322
124 167
241 340
229 191
312 14
231 131
232 88
429 266
360 322
134 281
377 345
425 44
254 326
154 414
228 161
375 334
151 35
411 211
417 138
107 375
388 177
351 429
143 11
209 243
18 427
222 38
325 211
294 84
349 229
77 209
318 422
315 197
216 97
80 105
255 68
393 166
288 290
128 210
399 88
58 78
137 53
296 22
79 121
438 26
265 121
56 208
436 206
300 279
259 372
139 166
26 85
133 256
346 118
189 40
305 161
307 124
321 27
133 421
429 377
412 218
231 240
11 411
406 303
175 402
380 449
177 85
393 233
403 77
307 146
135 352
228 340
116 263
171 132
105 296
394 262
290 430
212 61
261 391
342 171
141 329
88 372
106 99
27 350
56 144
375 229
70 83
147 326
319 99
333 39
164 154
36 114
424 163
264 376
55 99
251 34
304 313
416 386
342 192
98 327
319 234
305 131
311 386
21 428
423 310
172 170
261 397
359 361
151 172
208 146
194 403
6 300
282 355
152 141
262 124
220 97
321 288
195 347
415 39
314 413
184 106
7 130
231 443
232 54
428 50
396 330
273 339
85 350
311 189
367 420
315 25
352 48
189 26
58 354
352 155
257 152
259 271
25 356
65 124
292 348
311 148
181 390
66 397
318 114
375 235
221 377
54 50
157 262
437 192
286 197
106 414
331 447
108 444
432 51
211 187
208 300
331 175
343 69
59 350
173 10
89 332
249 299
124 262
116 71
160 174
323 361
202 374
196 154
310 437
93 279
350 241
225 422
0 358
385 243
202 214
231 341
138 419
115 377
115 259
148 425
372 295
150 408
35 359
29 54
334 365
68 294
82 390
167 10
358 39
293 253
184 256
315 155
358 356
442 325
226 371
282 21
186 325
81 6
51 168
424 321
295 78
151 176
189 381
260 437
52 442
286 387
118 200
30 434
176 153
72 407
432 60
349 74
329 143
6 305
247 412
1 118
61 302
434 32
33 387
365 215
259 387
411 260
256 95
314 135
133 20
251 292
301 110
106 439
443 97
285 254
329 68
127 11
318 442
401 411
381 178
13 280
253 361
279 340
94 434
314 286
278 262
283 422
435 198
138 239
228 151
295 369
6 436
351 54
53 140
29 65
88 439
314 332
93 352
191 72
86 308
252 347
246 314
418 64
324 73
256 176
195 366
319 220
343 166
358 118
83 186
324 125
20 136
386 207
18 231
120 349
105 382
390 20
271 203
437 211
237 3
35 34
35 121
68 50
161 191
69 340
436 192
3 189
439 310
11 324
170 398
313 353
317 175
284 81
157 24
230 373
97 257
277 327
428 279
24 137
189 291
172 362
447 257
115 29
17 38
438 179
222 253
314 62
387 46
366 368
311 118
15 433
162 141
363 414
98 185
199 64
199 345
158 204
149 3
358 332
315 331
343 72
368 63
31 336
66 227
449 227
228 263
272 219
342 360
160 21
404 201
435 410
230 177
252 325
163 62
310 70
434 248
352 101
310 438
409 133
11 311
74 260
152 22
400 417
40 75
418 32
81 23
421 93
157 31
220 235
422 395
50 27
433 132
139 9
145 339
143 279
144 298
171 167
63 11
325 146
84 237
266 175
413 277
121 348
5 436
177 377
372 147
41 288
14 288
139 356
37 5
201 71
187 436
287 184
446 5
418 241
434 0
448 30
242 208
74 274
257 394
166 389
43 24
257 13
292 127
214 349
330 435
10 425
159 154
8 181
299 64
20 419
17 272
413 190
49 47
426 116
187 22
251 184
291 449
436 4
65 103
292 440
14 398
112 308
319 211
138 225
292 283
371 118
298 343
326 367
198 433
396 5
334 345
246 91
355 308
430 8
109 13
235 1
352 144
429 375
192 33
123 260
59 101
56 165
162 310
329 28
362 193
368 374
385 119
29 378
77 16
267 418
392 127
338 394
29 402
68 384
428 284
404 42
171 368
302 356
330 73
398 78
52 124
49 373
155 110
372 377
402 296
336 47
97 67
300 303
328 247
106 411
54 43
92 95
343 360
316 445
149 423
431 64
416 83
344 90
178 188
160 98
362 210
41 257
14 330
328 53
215 0
174 368
362 304
307 61
45 317
356 62
160 427
157 47
267 157
280 345
293 198
137 7
222 285
169 25
402 13
12 289
393 31
1 106
356 417
404 280
308 168
34 424
106 22
181 214
0 14
332 422
403 114
320 174
0 99
422 8
380 241
436 388
327 88
371 240
340 168
438 355
208 155
261 428
126 94
364 157
391 163
189 36
350 443
161 118
293 356
263 117
126 352
223 325
270 139
220 374
33 375
86 113
403 308
162 129
196 53
191 187
325 181
322 287
391 96
428 419
325 434
138 288
361 156
70 77
179 147
371 238
31 385
184 183
202 350
323 242
278 428
177 135
35 218
384 3
31 306
126 280
209 364
275 221
205 331
235 117
400 276
349 19
50 34
187 420
167 288
415 373
111 4
206 276
314 109
218 268
440 299
331 393
204 278
221 182
437 407
28 414
85 73
70 59
55 122
301 166
302 19
103 22
225 178
394 49
421 223
72 430
100 33
104 241
309 173
385 372
34 202
41 143
201 276
392 424
399 262
227 196
375 213
12 278
90 160
323 75
156 51
331 228
410 328
129 102
203 129
189 149
307 440
147 288
319 27
149 405
299 400
443 319
241 73
41 113
295 192
42 442
318 317
262 385
131 77
301 344
149 31
362 223
438 449
399 132
116 32
69 188
160 203
66 257
3 45
66 228
8 203
144 321
53 282
78 140
279 323
220 238
437 139
340 313
224 392
415 120
445 124
22 58
131 350
375 426
83 193
80 47
286 85
19 141
252 225
273 428
119 338
38 353
231 205
174 224
77 32
102 269
209 342
82 275
11 192
443 271
11 10
229 295
135 388
282 19
0 57
221 226
169 90
70 355
378 70
305 206
15 130
405 129
192 436
123 292
234 326
262 344
258 252
381 122
188 77
323 278
36 164
403 251
46 361
191 348
75 27
69 71
117 281
247 45
374 179
396 53
219 239
27 71
310 282
59 233
165 182
317 244
235 23
159 220
234 300
166 12
46 364
433 194
41 51
85 276
310 215
44 243
307 82
154 87
314 392
72 359
431 177
129 361
275 123
275 274
15 222
424 372
124 48
195 219
220 144
129 31
447 95
342 367
446 445
187 387
165 362
89 372
419 247
325 429
40 73
406 195
424 359
94 201
247 198
426 75
390 421
202 125
78 432
46 321
113 249
322 166
305 194
227 71
78 100
312 434
96 15
230 316
300 285
343 377
202 172
356 93
154 396
406 434
106 146
241 227
285 142
289 43
117 48
157 325
52 289
125 109
264 136
402 112
16 160
435 105
380 338
22 261
180 125
298 350
11 301
63 135
293 249
229 219
79 146
310 382
31 278
342 5
265 301
325 35
248 272
129 296
384 180
147 165
251 153
434 257
65 318
23 333
247 9
250 155
362 307
148 46
268 227
208 134
401 424
48 48
207 221
167 38
83 431
161 421
187 35
221 436
398 17
319 415
122 306
118 344
17 199
185 25
174 37
31 449
38 108
180 180
240 267
389 181
28 148
220 110
335 271
244 357
43 321
382 428
186 40
15 95
441 336
432 223
24 277
291 354
268 395
285 120
107 441
170 188
104 437
150 431
129 346
144 49
112 169
280 98
189 65
281 2
340 352
273 346
393 26
373 122
445 21
152 334
219 328
113 144
317 256
241 214
57 229
57 187
230 445
245 9
372 288
308 304
83 2
247 418
445 183
211 276
231 9
356 130
389 59
134 147
224 132
313 370
405 285
399 62
373 316
212 448
173 243
356 59
14 361
31 310
166 288
182 242
76 139
297 319
369 127
293 348
248 126
39 99
351 102
156 45
445 290
203 265
375 384
147 131
58 291
106 181
373 287
432 82
109 425
252 327
313 306
85 97
297 376
296 70
338 77
72 59
339 310
24 331
139 46
378 385
191 192
198 125
249 316
346 354
174 158
378 178
38 226
208 359
199 5
301 425
345 277
232 404
128 395
205 172
358 325
328 397
172 157
236 166
426 61
162 94
438 57
232 212
312 161
204 201
209 132
57 209
191 388
140 340
77 5
330 393
394 212
349 181
57 393
279 200
318 336
239 404
76 225
48 189
113 155
308 190
433 238
123 240
156 147
118 289
311 0
228 147
95 281
253 381
40 55
219 90
174 128
368 287
430 427
279 370
134 107
12 271
42 265
56 285
17 385
99 152
69 160
104 192
374 100
404 173
345 351
209 184
367 65
212 189
186 412
100 243
3 82
184 179
2 357
281 263
210 112
45 146
162 250
202 190
163 8
126 0
82 343
193 66
283 391
240 76
264 324
342 59
55 317
102 149
264 180
291 94
333 102
305 136
268 234
326 330
42 320
427 240
122 409
299 124
5 15
279 305
169 78
183 228
80 362
48 173
261 319
403 331
343 403
310 194
58 356
207 195
199 412
341 408
121 188
218 139
98 190
157 126
405 167
266 246
20 384
198 20
22 296
404 395
142 203
129 298
443 427
314 139
443 142
428 290
215 326
273 13
207 41
171 161
233 65
386 272
191 168
169 76
230 192
210 229
295 72
449 276
44 174
309 411
108 236
181 317
9 260
109 205
433 396
212 41
58 377
334 208
116 125
217 297
277 311
42 134
413 59
60 420
292 400
162 293
390 432
157 25
383 208
56 170
438 134
313 10
356 34
87 96
418 180
266 425
160 296
51 17
426 78
70 269
401 187
201 438
194 145
56 394
44 158
151 83
375 111
433 365
395 177
141 346
177 188
301 260
36 239
90 195
102 170
339 348
207 103
230 381
132 326
247 356
377 89
147 283
226 100
388 312
381 307
143 439
28 211
395 7
32 408
265 148
0 236
52 222
207 213
60 106
301 217
210 409
213 351
381 266
134 359
277 247
133 213
42 406
205 363
96 413
411 416
353 11
61 413
378 34
198 388
336 107
333 71
63 315
93 404
98 24
251 197
320 326
157 8
278 291
275 217
29 37
87 256
48 197
313 96
386 147
244 158
326 37
370 391
380 182
28 419
27 312
131 395
329 342
223 203
240 416
417 387
60 334
276 268
338 270
143 86
28 288
126 271
0 431
299 154
255 356
2 138
156 205
308 386
305 93
228 196
182 155
358 213
39 194
140 337
396 258
23 176
164 126
62 429
136 195
376 110
281 285
113 131
35 233
59 144
109 78
303 373
377 187
420 16
91 18
345 7
101 70
439 213
97 7
442 168
240 397
177 180
371 146
391 386
364 401
185 98
97 291
184 168
255 345
193 62
2 186
450 82
314 310
319 436
108 448
223 333
336 226
212 410
44 307
257 309
278 20
256 325
368 419
380 415
217 313
51 147
44 227
304 347
368 105
256 20
60 335
286 356
236 6
247 94
191 15
172 80
115 75
156 61
95 301
190 85
445 194
412 432
243 11
387 94
196 38
322 240
102 126
54 355
145 24
228 296
125 163
314 203
193 406
344 270
371 114
71 315
390 374
108 200
217 90
49 174
113 448
313 243
365 27
265 355
376 96
220 135
86 438
65 368
337 230
62 99
391 76
322 286
136 227
145 136
175 266
240 419
54 390
51 325
303 220
98 364
220 109
106 325
86 88
21 289
270 314
59 413
276 359
427 2
149 120
101 450
180 336
33 214
277 278
303 7
280 276
183 291
417 101
61 12
155 24
131 104
175 357
132 77
281 104
123 110
0 421
405 394
241 86
94 123
176 87
120 180
142 255
371 291
260 297
124 22
255 440
185 51
61 34
449 63
72 26
178 323
211 82
368 272
129 20
296 164
266 86
34 328
171 419
100 400
413 371
347 336
35 380
320 395
66 339
192 345
14 121
382 137
436 449
398 89
424 18
440 175
279 326
187 270
396 428
154 220
441 296
268 8
363 184
43 140
413 133
240 260
137 350
326 378
78 399
62 171
117 197
421 14
89 170
411 266
63 92
124 92
198 424
128 390
75 300
278 222
158 178
108 23
405 185
119 201
58 222
421 446
222 203
77 177
315 372
343 276
190 190
103 333
366 314
42 19
319 111
296 94
431 243
394 61
195 367
23 149
258 308
270 64
57 200
119 47
138 195
4 294
406 248
204 0
84 438
345 108
248 179
61 193
77 193
116 442
338 171
29 177
432 243
362 321
105 349
426 229
204 65
13 237
210 179
51 260
341 253
407 377
344 390
252 353
339 26
261 98
354 441
355 38
304 213
430 382
287 142
240 285
362 184
65 117
380 384
196 153
326 241
104 277
335 275
215 334
169 154
286 69
19 440
32 243
338 131
215 183
117 399
190 256
383 113
201 396
358 364
228 324
66 17
396 356
351 16
318 239
66 180
13 57
15 238
282 73
445 83
259 67
210 285
445 449
75 344
372 129
42 56
374 246
449 429
305 398
60 419
183 110
301 229
81 445
199 142
73 270
436 238
218 51
143 16
300 190
394 315
373 129
216 405
325 275
176 29
118 313
377 233
14 232
95 326
280 374
196 50
316 160
203 420
13 224
41 319
4 450
387 123
341 368
120 235
191 290
123 12
227 322
210 254
364 22
204 173
93 42
153 415
209 234
3 67
201 188
408 1
247 87
162 77
384 64
249 233
257 429
357 53
194 310
394 86
206 140
5 417
98 228
163 21
371 424
389 350
386 206
103 14
82 371
248 99
366 310
274 333
17 214
413 16
103 237
338 274
57 114
376 447
440 424
364 15
7 12
315 86
71 78
234 26
304 47
256 32
397 223
26 392
307 221
300 412
393 152
359 142
186 307
353 170
117 60
273 401
49 236
181 203
118 288
28 75
164 263
383 318
326 175
449 287
202 396
21 22
351 170
35 217
55 263
7 35
293 36
113 108
276 433
99 193
157 421
248 388
337 381
313 333
328 34
80 301
431 81
366 364
50 375
252 368
339 90
46 436
353 208
314 393
178 190
267 317
31 161
338 169
65 313
319 205
408 106
269 409
281 412
260 157
312 247
404 431
417 192
377 229
203 188
220 362
379 388
341 245
349 316
326 412
164 424
183 338
220 199
292 305
310 422
399 54
207 292
147 430
334 361
180 34
11 404
107 216
253 396
413 400
374 305
56 152
168 54
122 322
224 202
253 5
142 146
159 16
411 421
39 251
128 259
330 447
342 293
32 101
424 333
58 104
358 207
140 283
19 227
192 218
395 204
136 193
254 39
373 439
173 412
106 410
308 65
189 447
320 131
373 73
19 321
384 260
123 246
216 59
336 48
14 61
108 129
128 86
416 79
324 33
74 153
206 316
139 39
268 414
292 167
55 87
210 147
326 310
95 443
108 24
175 280
57 182
400 75
202 448
131 238
141 50
9 332
80 191
328 387
78 273
112 315
271 140
306 177
413 416
59 183
330 74
333 359
384 280
337 407
284 351
192 5
317 351
444 379
405 242
228 189
312 273
20 228
81 308
269 208
69 391
152 209
204 421
157 385
211 45
251 18
163 105
38 412
310 180
205 108
138 140
16 195
63 377
313 23
427 449
284 20
247 147
151 420
171 443
254 5
135 125
169 158
422 103
17 240
287 47
259 446
358 348
65 173
78 176
416 238
241 292
45 259
374 56
406 182
251 195
4 211
253 450
61 392
230 293
277 117
325 208
290 321
308 47
234 169
79 38
374 290
273 389
372 330
389 200
338 367
337 279
43 434
44 321
89 429
138 381
64 200
425 193
247 256
6 116
189 127
177 343
261 195
175 263
193 5
44 241
441 240
158 205
119 226
338 9
70 242
23 97
245 201
24 73
52 246
221 379
42 117
403 298
167 162
405 390
325 428
274 195
158 321
375 61
289 348
395 435
10 71
269 299
408 373
297 380
70 218
162 257
42 113
59 154
268 400
26 6
346 294
381 82
214 120
269 401
52 38
271 50
27 415
137 22
241 253
176 335
289 282
356 383
109 140
228 246
328 91
267 294
387 95
181 287
189 199
259 345
145 285
372 340
412 215
423 119
270 70
280 143
42 163
112 361
139 339
371 405
133 57
169 265
378 101
114 284
182 149
79 356
147 136
376 331
92 325
201 162
404 241
378 88
136 397
421 317
18 343
104 446
241 416
264 402
280 214
422 108
449 365
306 151
320 115
96 230
421 147
368 129
151 279
424 256
187 291
279 318
125 270
163 174
172 71
111 388
238 254
86 19
402 167
202 30
53 120
117 247
211 249
373 136
365 448
337 110
88 137
368 9
222 46
307 282
115 102
302 407
399 108
33 86
401 129
328 426
168 115
442 380
249 274
305 105
370 212
118 20
140 66
308 134
244 242
415 322
387 60
350 364
402 269
444 66
297 418
147 9
101 46
116 174
379 230
319 389
136 435
282 222
128 220
171 42
105 164
247 31
224 359
24 120
174 194
385 332
92 116
180 378
380 386
415 324
86 296
213 278
448 344
449 272
230 421
259 49
184 135
380 292
163 384
230 428
296 162
319 418
413 170
313 316
353 59
165 373
303 23
293 190
326 133
279 251
269 430
1 217
298 36
287 311
415 340
140 425
7 174
57 274
60 380
13 216
122 45
7 66
237 269
437 419
252 411
373 77
0 146
347 390
396 129
137 124
108 361
115 307
161 349
77 23
148 445
235 167
118 239
340 229
445 359
128 329
206 270
379 45
445 208
397 440
265 373
124 352
221 219
396 438
46 326
373 202
359 392
93 309
254 214
325 325
62 28
177 254
155 13
64 342
447 118
209 17
114 86
238 278
119 170
26 191
15 327
432 360
222 438
205 203
284 372
136 368
3 90
3 240
347 329
151 44
77 188
187 329
83 364
70 51
375 126
395 198
45 156
22 424
270 318
8 2
321 181
73 281
442 151
172 245
101 205
416 205
391 403
143 12
52 161
425 331
177 288
272 170
283 7
360 325
48 212
241 84
170 415
168 385
40 151
301 207
131 246
103 148
79 136
435 196
197 412
308 95
341 207
23 278
363 225
337 144
34 365
219 387
378 15
149 60
242 42
238 122
426 343
315 176
429 367
76 31
358 131
209 224
110 234
141 388
385 376
28 273
352 8
426 23
95 106
430 262
250 223
211 225
305 445
284 350
329 228
221 270
161 365
312 5
324 180
217 418
307 189
263 245
281 53
373 161
445 371
279 14
309 108
279 94
227 216
352 197
197 431
233 162
9 245
224 410
72 403
174 149
181 423
112 445
57 435
407 366
354 166
365 28
166 26
419 380
202 318
163 448
263 201
162 118
338 346
115 164
318 344
196 108
2 8
373 182
184 311
93 263
227 41
67 240
342 169
194 289
17 55
253 59
232 69
379 446
354 337
42 355
16 75
337 357
33 34
289 130
20 145
122 161
63 9
118 202
216 229
337 114
386 417
62 355
188 417
442 353
253 270
37 59
224 348
439 180
172 259
17 249
431 315
100 29
4 437
103 323
15 378
10 74
340 43
264 162
67 305
277 188
45 25
253 350
310 138
106 259
95 116
281 26
324 267
313 217
59 64
342 371
326 385
259 181
69 230
201 426
284 419
392 353
192 98
445 243
129 266
297 315
148 238
296 74
261 346
105 165
74 155
167 438
313 407
449 382
125 208
247 326
429 358
349 259
158 243
153 41
356 86
271 15
6 222
149 323
139 118
48 277
149 78
450 431
25 281
122 256
276 63
227 282
51 116
336 99
231 119
333 271
351 419
102 71
435 254
170 58
219 63
87 192
373 82
261 415
28 47
250 2
362 226
15 344
338 439
210 106
182 117
236 245
245 311
440 7
90 3
147 34
430 286
125 196
83 381
63 70
238 140
119 249
332 139
28 142
343 6
72 294
292 193
331 254
335 196
391 300
218 148
436 46
42 248
48 88
103 442
335 446
405 432
161 391
322 222
30 426
292 286
338 120
156 132
4 267
62 174
40 284
14 47
101 185
58 308
219 119
245 125
84 314
395 127
172 416
347 29
266 234
128 420
100 66
256 149
14 38
232 348
331 105
409 72
442 227
48 412
166 51
311 26
260 102
270 301
182 84
263 222
203 216
214 279
322 30
102 326
110 363
353 94
322 197
364 19
16 122
204 344
206 118
65 34
110 28
192 30
255 273
39 380
192 215
270 380
244 343
301 293
153 180
358 210
74 245
444 92
20 212
356 388
155 416
341 172
272 334
87 64
10 235
119 115
177 163
24 251
225 293
237 105
350 380
48 312
387 40
54 311
271 57
335 10
232 74
409 232
275 6
314 177
95 285
322 246
424 240
144 410
111 147
320 189
100 191
218 450
131 389
133 9
233 152
194 71
255 135
327 305
232 306
278 308
353 84
407 354
389 254
203 28
287 272
79 268
46 289
114 398
330 54
435 335
36 9
222 90
192 159
100 221
409 323
77 250
61 64
41 312
307 291
346 40
88 285
401 397
177 81
339 100
321 116
128 209
13 29
255 34
231 236
148 312
412 388
103 272
331 303
176 262
314 169
377 430
80 94
301 263
68 9
129 430
209 12
448 97
219 155
41 142
63 307
286 28
310 153
63 416
447 33
378 341
138 412
222 355
205 391
161 160
97 55
34 157
80 409
182 346
64 93
56 396
212 74
69 314
196 5
147 230
291 244
250 308
7 228
0 89
270 178
141 86
231 366
117 229
2 97
200 369
99 429
327 354
148 327
80 404
258 121
280 49
439 382
31 239
272 436
425 52
175 7
81 232
387 82
328 409
322 339
396 430
141 227
263 377
56 410
242 35
445 325
144 408
377 164
286 338
122 238
158 62
198 170
441 18
296 1
100 141
54 213
56 300
58 301
316 175
89 384
417 424
255 380
227 379
396 143
317 433
215 19
108 446
252 412
38 340
87 438
324 402
248 207
26 348
11 314
24 385
362 171
76 362
181 1
364 96
75 72
322 271
419 272
193 139
189 66
365 251
219 164
205 22
247 361
357 35
183 255
434 320
228 335
319 433
237 32
125 79
151 162
359 233
405 407
6 137
8 398
412 196
106 257
7 342
401 338
407 369
7 341
203 127
75 29
65 9
359 118
334 391
14 348
355 203
341 173
159 260
402 64
47 160
202 24
98 376
107 90
358 309
272 445
375 241
444 63
391 146
231 1
85 43
138 189
152 88
381 93
404 424
243 235
103 417
243 95
51 75
110 104
50 11
80 398
49 88
176 20
149 138
83 97
163 81
433 27
113 253
427 428
360 260
253 185
331 403
185 280
144 378
110 72
100 350
416 319
288 17
443 312
61 93
220 86
303 391
250 332
98 171
202 208
406 39
24 415
421 24
185 195
176 438
298 64
167 68
416 297
442 108
51 118
198 114
104 235
57 67
240 388
352 152
85 424
95 112
104 349
329 123
409 266
305 425
252 307
353 270
379 221
138 443
425 366
298 444
270 199
163 214
2 288
134 44
353 383
80 350
154 218
50 321
166 312
32 175
419 125
443 182
264 90
392 245
147 145
57 378
24 178
390 156
32 285
145 407
131 96
359 362
13 70
209 377
17 331
12 363
370 53
263 291
212 281
239 413
37 7
371 177
332 418
185 63
289 168
80 128
44 117
404 122
268 318
246 28
47 79
378 234
179 361
49 240
0 147
8 220
62 26
328 89
301 188
401 56
53 428
184 184
418 101
47 193
35 224
381 325
292 339
247 406
424 264
237 161
307 317
446 407
49 67
201 402
118 9
66 177
440 118
279 228
70 20
77 440
144 438
191 128
283 339
236 172
265 434
341 261
388 163
134 413
151 352
434 111
177 17
208 97
105 143
427 31
234 252
188 57
294 133
175 374
437 225
113 409
362 277
321 397
202 352
350 246
233 4
223 117
266 387
392 282
161 159
282 386
174 183
336 97
290 31
102 108
382 422
422 355
126 115
144 414
101 302
17 74
165 417
365 202
91 24
19 312
166 102
354 336
279 101
45 228
120 337
276 9
400 250
425 370
299 208
244 124
11 224
185 65
248 39
212 262
170 87
336 429
446 77
244 83
113 80
44 152
182 140
289 30
439 98
42 179
361 365
346 399
195 362
216 273
381 188
374 265
264 231
114 70
440 360
279 214
323 66
171 57
332 33
331 100
345 374
260 189
61 306
447 335
120 223
289 247
131 6
252 423
340 76
144 292
390 237
368 77
208 241
23 401
42 331
417 42
169 46
51 201
299 48
395 350
62 369
417 86
437 209
307 1
15 165
18 344
325 62
19 352
300 418
302 340
241 244
390 204
368 182
58 35
171 438
274 422
294 219
367 1
117 21
239 388
240 162
170 66
341 150
324 396
140 104
114 110
61 397
310 78
389 326
329 437
201 110
251 117
438 203
20 273
44 114
362 167
223 212
400 261
345 47
280 333
396 140
87 250
112 69
427 48
226 342
69 226
229 281
443 162
13 14
205 284
13 436
366 191
196 89
290 21
112 145
434 91
234 204
126 390
287 72
431 427
35 230
357 81
317 126
235 363
364 307
115 79
449 284
40 449
15 47
213 194
262 236
423 172
307 49
110 30
348 314
315 151
122 69
39 2
131 17
391 333
284 400
256 445
199 124
118 48
239 444
76 441
282 259
131 166
323 216
122 60
93 179
306 407
214 449
385 231
161 148
312 417
6 374
435 314
80 56
76 370
450 155
234 258
257 64
69 410
203 437
81 334
116 361
45 82
234 167
174 430
260 260
375 216
29 15
65 209
52 173
326 134
188 293
156 340
292 216
55 236
429 77
286 307
18 138
439 129
85 163
93 250
16 192
116 60
35 151
79 26
163 319
222 93
40 413
56 400
230 32
341 176
250 210
298 395
37 204
169 413
268 218
215 327
237 350
137 412
434 60
178 67
149 126
194 361
87 444
377 369
175 255
87 188
112 230
182 100
255 243
450 28
408 445
119 419
150 108
167 133
177 209
219 28
196 105
341 425
147 246
402 280
378 382
41 445
30 446
419 131
274 174
31 429
438 419
374 396
353 325
84 199
85 23
74 108
39 8
259 150
350 56
337 240
397 291
317 21
118 156
278 127
394 137
286 335
125 161
139 188
7 320
32 363
59 82
128 399
20 102
84 100
18 376
201 77
188 31
126 437
390 41
131 403
23 285
293 408
24 298
193 239
273 144
113 229
38 363
37 393
359 95
350 283
94 310
354 64
177 450
286 358
403 75
232 406
235 244
369 313
332 303
136 408
167 310
394 306
212 325
80 283
409 357
78 145
383 79
130 287
109 305
402 376
301 275
152 362
375 176
163 417
160 150
9 54
175 373
264 219
222 31
348 148
140 324
377 92
190 361
414 362
145 198
31 3
241 243
214 350
189 170
57 190
104 316
307 178
429 389
114 383
243 418
117 186
317 207
103 357
261 223
289 32
116 36
434 372
405 402
15 128
65 381
12 421
160 142
274 253
437 324
318 311
41 428
88 393
153 410
342 227
18 305
236 323
309 216
264 274
296 37
83 215
318 219
377 197
226 312
179 153
343 346
8 316
151 190
92 349
67 87
363 25
398 193
57 104
404 9
219 49
152 146
390 342
235 224
86 8
111 170
263 306
228 153
108 210
176 351
9 131
167 426
384 130
187 348
404 99
406 192
106 43
328 180
348 334
110 3
302 89
350 247
118 422
186 353
54 178
287 21
155 255
153 35
106 42
153 433
378 447
208 432
51 380
292 378
243 103
439 214
229 331
390 239
437 136
3 431
97 269
78 206
303 99
293 191
201 394
396 425
386 262
45 94
426 398
104 6
284 6
264 30
8 124
63 196
128 112
120 449
40 213
275 212
69 125
361 289
215 269
358 88
28 18
149 99
23 181
279 215
234 90
14 291
309 110
154 145
177 105
449 151
42 157
137 329
217 111
182 163
357 52
345 59
265 63
102 26
396 409
131 141
67 353
112 393
430 397
375 121
181 100
49 195
96 107
169 199
75 250
107 358
134 246
102 283
370 59
288 157
156 279
251 211
248 251
366 309
433 83
339 361
226 102
296 206
66 258
263 100
303 237
34 263
248 255
239 418
252 156
66 30
358 170
121 108
312 112
449 114
375 18
276 203
413 436
244 435
169 203
285 279
213 383
447 264
43 280
313 38
236 200
397 119
300 62
403 443
345 330
114 277
137 324
236 67
348 55
377 332
288 87
423 63
186 197
253 66
326 332
191 21
396 19
47 36
95 105
384 206
448 198
156 196
436 52
146 412
92 198
359 359
332 231
224 273
186 398
364 67
333 156
325 190
177 370
290 29
299 425
106 406
164 389
153 135
21 295
346 111
290 246
53 437
130 39
164 391
213 335
230 363
248 160
295 132
243 143
294 67
125 233
257 162
382 218
433 315
130 64
95 338
420 413
325 218
187 419
394 311
144 390
8 403
367 389
145 122
411 96
65 293
444 67
254 293
194 256
371 162
8 389
194 150
144 329
117 316
145 127
381 52
270 49
106 362
386 440
58 43
87 66
282 125
341 423
74 355
218 361
93 286
393 213
384 121
60 347
197 299
307 34
390 18
302 94
363 152
27 16
390 406
424 200
272 323
312 44
56 197
43 152
150 399
205 254
85 138
173 72
371 80
355 221
152 331
387 188
129 316
173 92
437 71
340 246
114 46
30 216
4 112
218 389
222 320
355 281
45 328
431 426
18 151
358 417
25 288
339 405
191 219
393 179
298 253
305 143
103 342
61 207
252 400
316 251
404 290
173 125
297 428
212 81
190 362
200 355
444 298
354 184
127 429
144 403
190 198
346 103
43 179
242 411
295 112
364 240
22 339
76 304
175 343
61 21
250 21
113 329
98 417
328 47
85 378
350 183
39 384
263 145
44 46
52 231
122 450
392 40
355 443
145 239
394 58
304 107
406 427
156 4
151 295
329 438
176 434
313 331
328 130
206 174
392 45
87 333
226 419
215 154
122 439
341 250
430 209
178 276
128 431
341 218
325 365
256 78
411 283
28 389
303 52
200 109
139 117
194 89
258 196
355 235
278 29
166 418
0 32
287 102
255 388
390 206
164 39
290 389
28 174
259 87
188 260
173 232
269 207
394 37
308 179
441 186
203 317
37 414
376 83
176 149
52 415
427 227
135 420
245 76
340 361
55 306
423 8
178 368
209 6
196 244
145 365
431 82
312 59
393 417
260 352
345 77
123 34
18 50
409 340
3 216
241 33
340 54
87 281
370 138
212 259
371 417
135 415
297 426
130 53
405 14
165 165
439 122
414 234
133 344
395 341
270 47
323 358
342 287
370 277
190 149
92 232
122 55
276 57
119 191
415 64
146 365
237 436
15 342
278 219
98 156
108 428
28 375
253 386
413 13
81 174
303 328
346 365
340 200
78 150
320 270
47 23
399 390
74 22
8 350
287 425
443 171
305 345
252 444
114 201
377 226
163 45
227 306
316 163
304 307
325 4
215 243
424 379
51 88
86 3
247 74
302 314
431 432
417 9
10 156
328 142
139 207
319 115
183 321
376 199
328 362
437 52
215 310
413 68
41 326
208 438
321 128
364 310
27 263
130 365
25 16
35 327
418 240
187 441
130 356
394 107
83 217
379 111
447 66
212 56
408 196
323 332
256 304
410 263
26 297
22 394
298 224
114 395
100 358
263 368
2 397
95 360
273 409
80 371
341 367
29 222
174 120
41 158
364 13
127 59
22 293
272 376
140 316
84 222
186 285
165 327
269 137
127 402
271 173
429 334
41 251
43 26
231 73
120 255
87 272
269 135
370 5
320 242
349 274
406 116
220 376
226 72
210 154
383 323
234 98
429 315
179 125
162 295
197 403
259 309
222 200
239 447
106 215
251 158
280 82
375 196
176 57
131 39
175 250
415 279
276 18
248 44
177 362
380 242
162 232
153 53
137 29
277 40
235 205
24 241
321 14
165 56
216 198
42 394
268 67
95 122
394 310
431 272
89 147
361 372
320 222
46 77
62 181
174 133
106 356
81 122
60 148
375 13
88 114
45 40
236 165
227 190
157 213
261 152
55 112
163 101
328 164
138 42
83 104
155 421
0 76
263 18
155 39
143 220
192 443
60 442
230 385
97 205
246 151
396 102
315 251
400 94
273 298
342 220
202 311
348 128
227 74
167 425
221 186
389 333
185 222
36 43
237 237
231 98
393 244
79 391
330 232
442 315
448 242
321 411
195 380
186 278
316 353
402 250
69 415
154 153
265 13
295 301
65 198
428 189
277 325
38 230
450 305
230 235
120 231
437 429
25 406
94 148
26 302
200 116
181 119
85 164
98 444
419 432
290 41
233 145
417 29
231 162
44 106
115 196
141 205
216 300
427 96
134 430
107 276
30 348
60 395
141 404
131 244
343 115
152 268
138 437
251 422
91 100
401 156
236 266
173 44
254 6
6 138
315 77
294 429
67 186
218 165
365 243
61 384
298 35
190 353
322 255
240 383
236 371
205 115
52 22
101 62
90 300
318 62
49 403
296 328
258 356
19 284
348 230
66 246
222 96
87 73
436 438
395 99
202 200
181 292
117 248
115 6
317 271
370 157
302 229
5 187
94 182
12 345
449 18
440 370
369 228
210 168
347 22
78 17
199 143
306 384
4 216
303 356
68 29
255 73
85 326
378 197
165 203
123 291
139 317
403 189
365 278
392 185
159 226
193 191
289 440
73 123
323 194
420 124
15 397
204 381
131 117
308 328
399 163
52 321
383 317
13 369
13 319
216 11
399 421
198 417
204 195
395 432
352 154
356 257
343 182
165 233
406 345
215 152
70 296
331 302
89 273
279 383
414 370
192 293
248 307
241 375
323 219
285 27
262 84
180 196
394 147
354 61
120 368
173 135
237 389
265 295
173 209
76 145
200 252
279 22
225 246
185 142
31 317
235 399
35 278
91 172
364 399
355 346
137 79
9 172
422 14
400 164
74 444
360 56
46 362
268 325
28 421
210 153
121 124
86 54
268 408
434 196
325 234
117 335
203 11
296 421
323 366
266 264
105 127
150 227
379 399
201 194
282 379
323 53
70 152
264 115
285 178
269 149
46 98
76 314
174 396
317 320
309 201
236 322
309 45
195 325
221 256
429 399
372 58
54 343
203 385
178 38
97 337
313 278
98 273
201 237
146 215
56 255
310 410
95 186
361 290
162 15
284 157
73 374
132 282
321 213
58 13
16 57
28 433
8 226
369 450
165 26
37 417
432 196
386 54
253 369
84 236
309 403
40 404
64 162
360 287
165 109
420 361
382 243
122 11
100 378
417 202
257 274
230 43
203 205
241 10
68 240
377 169
402 264
254 442
256 122
12 99
315 308
79 366
236 285
84 286
164 346
389 88
307 335
170 409
3 12
377 255
388 366
234 175
215 144
443 397
424 142
39 412
134 317
45 8
413 259
368 185
333 5
381 370
427 64
112 335
369 206
208 439
224 246
55 24
303 201
137 141
104 291
291 173
440 416
409 4
125 37
269 251
103 332
427 314
353 102
234 113
45 32
100 166
2 203
250 143
98 349
247 0
253 250
6 239
276 251
90 56
306 69
150 140
402 430
345 6
288 432
373 99
308 34
308 295
146 336
92 269
208 256
182 47
391 25
216 91
50 177
57 384
39 147
22 246
157 29
270 255
235 47
169 251
394 190
449 404
72 151
273 445
324 47
236 186
423 324
361 68
374 411
314 181
293 330
94 239
185 391
187 369
4 449
88 81
426 292
19 234
2 307
270 378
8 114
221 255
102 379
444 306
155 63
99 85
289 108
249 33
170 403
355 232
53 19
337 207
308 366
135 142
234 375
411 192
390 71
313 82
332 235
375 77
46 168
410 72
365 268
80 267
67 178
2 348
326 416
25 158
204 41
217 53
370 220
320 156
430 354
175 102
264 230
383 392
88 80
313 362
119 67
199 154
131 303
134 324
290 99
202 282
438 52
182 191
70 79
302 269
127 41
381 4
161 196
118 321
164 247
58 280
15 200
367 137
61 274
317 134
338 197
444 310
132 211
423 341
160 420
19 371
405 95
296 172
433 80
427 307
143 271
96 446
38 278
211 72
127 82
415 58
417 441
397 145
180 139
120 278
241 147
352 214
328 267
380 259
222 116
358 381
427 94
43 125
58 208
225 384
389 394
269 142
209 155
126 298
435 33
129 33
350 424
316 76
132 413
444 222
248 161
267 168
172 123
90 6
281 144
426 6
128 68
9 182
54 264
287 262
99 10
45 89
80 31
251 12
403 345
302 199
369 234
295 305
424 275
324 166
28 165
167 371
289 76
327 135
263 224
253 224
416 429
401 221
94 109
95 401
217 13
36 226
450 399
376 200
15 17
322 211
191 82
421 306
5 166
175 448
295 365
215 340
159 103
170 164
11 257
261 207
362 54
435 94
95 55
306 432
119 38
296 213
62 410
424 450
4 80
323 221
105 94
238 380
446 178
426 387
254 37
52 60
99 403
310 357
167 389
190 62
237 189
413 285
163 407
47 102
168 443
409 217
1 305
17 201
21 118
443 85
364 88
241 152
167 87
130 187
305 236
328 447
352 105
398 4
286 221
129 341
348 359
377 35
394 6
377 74
437 278
271 103
16 196
17 230
307 239
271 69
208 186
303 443
43 445
120 81
61 79
56 201
114 187
33 59
253 43
0 71
147 140
106 151
39 416
270 275
216 379
124 238
164 379
329 157
50 402
372 130
285 230
346 174
240 40
200 390
18 318
192 349
94 6
260 421
348 249
54 37
430 341
35 350
201 58
324 351
333 180
309 297
31 62
227 202
284 294
128 383
419 400
136 225
288 353
33 104
152 409
94 223
399 103
151 403
203 41
14 26
28 23
13 209
26 340
140 320
286 154
102 227
211 185
396 365
129 320
41 391
430 410
131 123
440 163
46 147
61 130
144 108
38 62
284 331
123 340
275 375
56 241
147 404
110 397
235 34
208 72
332 281
165 247
278 42
51 178
145 344
206 410
30 42
418 394
120 94
56 406
67 222
117 77
314 120
150 69
4 361
327 343
88 65
133 63
417 1
449 277
6 438
298 65
434 109
161 70
321 85
292 390
56 209
30 97
108 311
59 121
167 340
407 337
287 390
354 29
371 167
299 276
70 320
44 67
140 20
145 389
396 113
161 287
204 423
114 193
45 87
328 338
8 274
187 11
197 327
145 329
402 409
439 16
321 264
125 36
57 254
345 228
23 113
80 276
358 165
92 242
125 4
94 40
210 299
202 377
343 435
247 160
111 250
65 347
359 347
131 242
414 405
216 156
106 380
412 166
93 354
100 268
142 375
405 51
71 325
3 24
175 444
118 450
163 187
349 378
90 23
428 58
252 319
261 336
20 372
402 258
380 362
437 75
273 44
33 184
352 360
216 193
260 219
195 37
18 351
128 353
175 406
46 69
121 60
346 65
199 391
220 116
233 42
269 141
384 354
39 341
285 323
30 277
375 323
241 233
307 109
356 118
299 186
186 445
40 212
394 103
296 447
402 303
176 236
382 439
318 163
183 421
402 375
96 171
239 200
73 220
42 421
312 80
47 87
130 412
284 450
354 309
2 104
312 208
118 428
126 284
108 295
353 274
40 381
339 354
384 110
93 29
77 113
210 85
288 388
301 218
91 359
270 347
278 356
260 387
294 246
408 55
320 257
98 117
34 385
177 107
292 121
240 79
131 374
285 126
182 17
382 16
157 266
23 11
426 73
281 440
136 43
327 17
330 340
2 402
197 326
17 237
171 298
49 309
345 329
55 390
407 23
351 19
411 232
271 260
243 402
304 227
92 296
28 234
73 72
444 133
90 352
410 281
363 88
2 180
44 397
411 156
366 355
67 231
195 383
415 163
39 76
384 430
332 405
199 208
155 404
265 300
426 26
311 212
387 8
80 27
202 384
298 210
296 120
268 141
103 344
74 341
122 23
22 40
336 408
234 5
77 329
207 428
4 168
224 310
192 134
128 352
306 77
304 84
326 415
323 55
139 251
278 350
69 247
162 75
82 129
397 361
256 173
353 63
34 106
448 341
72 218
38 185
234 73
376 351
112 161
371 147
50 444
437 312
263 318
427 219
78 109
334 165
407 192
162 248
288 285
435 376
105 209
201 216
441 49
166 6
237 164
221 247
245 380
162 29
341 377
363 315
183 283
81 172
19 7
224 396
7 322
309 406
450 206
127 174
371 251
178 203
441 404
29 308
424 170
2 387
191 335
112 368
357 396
364 221
261 74
233 154
335 270
27 204
255 257
137 139
370 294
163 25
333 358
270 44
418 342
212 265
425 17
8 379
261 248
131 235
243 25
213 223
332 283
305 389
115 346
210 40
364 312
199 331
331 145
445 231
419 379
381 280
440 77
212 238
413 121
354 446
425 172
204 334
44 76
190 248
410 356
354 383
290 83
446 341
325 361
207 386
347 332
259 358
240 29
43 299
59 244
408 288
117 129
369 26
359 388
208 358
359 405
187 197
57 308
229 66
179 294
238 147
214 356
121 211
215 228
53 65
51 279
254 379
90 371
192 203
352 373
395 303
139 239
366 52
172 329
3 380
160 236
79 138
92 26
357 146
306 296
9 349
288 235
50 57
400 317
349 241
393 293
316 410
147 236
336 324
56 429
170 93
213 361
325 17
393 281
30 430
59 449
100 436
125 212
396 361
287 293
425 65
346 295
416 3
421 424
18 131
292 47
378 418
234 150
132 332
142 127
99 275
371 183
370 89
93 312
147 444
60 216
6 174
10 79
450 364
125 19
240 429
285 203
190 250
35 295
176 47
190 269
321 70
287 363
283 168
67 309
46 267
327 312
90 340
423 329
362 65
124 203
447 68
108 280
329 393
298 438
396 337
374 435
43 435
428 179
339 265
430 198
294 48
44 194
134 105
61 383
162 398
169 359
309 11
373 329
89 331
46 392
108 238
205 34
70 287
55 349
128 337
260 238
292 221
111 69
162 420
352 260
393 402
439 184
296 263
305 212
44 420
306 199
44 32
146 416
5 254
325 206
306 354
154 390
6 100
240 1
255 72
365 250
149 345
235 179
441 329
264 119
61 431
293 85
179 322
438 241
185 425
398 172
348 245
283 73
265 56
269 326
111 261
168 280
58 29
371 263
347 268
80 208
216 422
84 102
118 445
443 210
206 252
274 260
57 404
376 213
28 121
134 234
152 111
385 13
57 399
321 421
327 411
58 150
263 375
365 110
326 292
204 94
119 392
235 437
312 342
257 378
259 376
166 111
18 164
107 112
248 287
185 431
20 442
299 150
450 213
317 109
211 270
327 90
66 409
111 313
145 132
67 356
187 117
423 379
112 56
155 433
338 370
301 67
450 256
53 325
192 339
448 192
434 274
55 129
36 82
182 283
408 283
259 397
278 251
310 364
357 287
369 34
125 134
180 124
211 189
345 261
198 40
399 185
268 34
402 139
431 58
160 13
306 76
162 136
436 258
102 428
115 213
266 375
88 388
385 331
295 151
348 146
201 134
128 133
88 167
32 37
197 113
163 167
377 426
404 143
11 7
108 2
329 131
188 103
250 130
369 66
109 301
240 222
295 203
201 417
189 69
415 336
205 291
441 410
1 330
448 93
179 132
89 236
64 314
103 257
364 435
245 406
438 205
231 108
344 14
95 240
413 348
324 10
346 444
198 270
295 382
131 429
145 31
71 86
185 241
273 93
121 274
341 34
397 190
392 269
337 120
412 327
52 307
233 408
424 88
377 16
383 118
229 176
429 54
76 376
17 92
255 27
70 442
137 35
376 97
335 190
176 143
8 450
389 156
227 88
400 318
321 269
343 93
288 287
139 367
67 404
254 12
172 45
318 108
0 208
82 240
26 161
16 10
12 132
58 155
317 384
298 340
262 442
2 63
430 363
63 382
133 8
436 249
102 381
292 20
424 351
312 63
266 405
227 237
86 276
438 278
142 122
245 432
132 266
245 399
352 341
433 25
103 125
272 32
281 96
443 295
195 328
165 223
308 303
423 15
154 191
150 367
338 409
384 210
412 324
56 185
129 364
297 352
6 401
257 10
357 193
374 97
404 119
88 133
112 167
237 420
303 188
288 357
12 85
172 407
267 131
11 37
422 435
415 156
412 349
333 91
270 224
285 118
450 205
153 226
278 250
389 53
292 196
373 106
175 211
349 245
116 238
377 126
152 66
185 303
189 131
164 302
179 287
192 15
157 374
397 285
232 438
163 388
324 326
286 283
405 59
118 80
165 320
248 352
449 152
74 403
388 93
154 322
78 315
135 252
66 173
122 17
170 33
307 423
348 278
308 230
281 310
448 342
141 118
104 157
139 193
78 8
106 218
117 444
28 450
361 249
408 71
55 150
446 337
155 106
58 175
95 339
395 246
14 19
282 107
324 348
287 275
63 85
29 187
257 426
421 431
91 73
70 13
215 79
0 106
199 78
125 385
145 341
127 228
180 210
157 383
47 434
189 275
294 54
127 331
389 450
265 365
358 217
436 148
286 88
362 191
196 291
336 419
374 355
98 19
278 296
217 322
185 183
189 41
21 53
85 355
188 8
16 282
260 368
280 307
243 89
402 159
71 199
358 338
347 295
271 99
376 53
196 212
217 323
63 352
406 149
66 271
56 150
382 199
240 352
450 17
396 366
21 64
108 378
267 26
425 237
4 314
223 260
72 271
400 133
432 386
259 359
259 316
321 252
165 224
390 130
376 65
4 69
435 281
278 158
156 46
351 331
348 68
246 440
5 78
105 215
96 234
254 450
403 413
28 434
183 331
6 128
280 408
3 157
156 135
175 390
215 437
0 90
409 207
325 398
235 91
351 307
8 287
342 75
160 31
33 396
138 77
229 36
228 201
21 291
298 176
417 136
59 342
13 138
132 72
165 398
193 189
212 185
248 68
145 111
29 271
329 37
127 55
121 277
382 70
378 72
12 63
206 23
39 205
73 36
274 389
402 233
284 299
126 296
159 381
204 286
133 206
191 43
437 342
329 224
42 67
205 16
325 219
374 86
160 82
206 99
299 388
248 43
137 328
421 345
160 393
53 139
70 317
74 62
39 132
304 239
258 131
364 6
49 244
379 344
271 435
285 137
180 273
138 25
287 301
57 280
213 69
239 285
338 242
140 44
440 244
37 226
174 110
359 247
375 375
183 259
305 165
215 99
39 313
190 65
437 404
331 288
141 14
211 316
23 252
36 358
244 366
163 7
337 169
423 19
253 153
403 5
382 133
404 411
27 247
132 214
305 421
193 224
208 269
64 253
198 171
252 128
150 324
407 70
267 351
92 48
140 135
339 177
449 135
108 178
150 275
390 86
362 1
145 121
276 124
339 264
145 444
444 129
197 304
312 325
321 276
249 55
102 182
44 329
140 301
287 146
319 359
427 248
427 432
392 329
342 403
444 33
378 137
165 222
85 152
333 444
80 382
133 354
263 197
165 310
234 32
156 373
344 37
22 347
354 170
357 20
268 114
51 315
191 286
120 422
284 360
133 129
162 186
147 392
407 339
153 392
434 436
196 390
25 175
107 160
230 0
384 184
93 64
101 447
57 106
93 341
160 333
375 110
103 365
201 72
203 425
176 255
37 334
281 143
273 391
124 445
71 117
213 411
242 56
176 32
95 314
118 85
332 384
317 128
126 65
322 12
232 361
341 386
304 253
397 52
219 128
353 268
277 237
26 415
352 81
214 297
191 293
30 424
18 212
73 307
219 325
361 274
187 334
374 60
360 293
409 106
86 14
378 95
302 428
174 249
204 384
253 200
307 8
108 393
345 166
32 248
205 12
344 335
324 132
177 28
187 343
142 405
258 94
398 30
441 334
26 246
254 30
102 402
421 375
18 417
161 444
342 234
233 417
52 218
51 62
395 96
332 147
296 26
73 53
27 8
25 193
412 179
407 78
448 310
28 331
195 375
244 178
69 273
277 385
110 340
193 39
415 232
411 137
64 419
413 299
293 377
136 292
336 154
333 0
48 298
65 50
241 23
283 113
107 54
186 78
394 16
246 402
211 248
238 393
182 383
345 332
364 371
205 382
126 351
145 17
97 199
251 219
164 40
174 254
147 342
182 398
72 346
244 260
298 83
236 344
116 4
252 56
360 330
188 143
37 15
19 324
22 275
94 295
303 41
262 412
370 418
414 246
242 31
122 36
208 446
19 389
395 287
371 402
203 413
81 50
211 251
86 408
20 205
232 80
7 382
325 164
346 130
84 397
93 96
421 272
298 172
213 89
340 118
206 278
226 364
325 97
428 86
433 297
365 378
151 330
409 380
285 191
315 215
351 346
234 381
228 435
3 20
96 99
443 216
129 32
119 189
154 366
319 291
221 228
205 215
359 169
49 339
144 67
383 74
26 180
49 105
85 414
431 232
431 77
283 295
343 316
331 296
432 90
174 180
87 219
262 271
422 273
346 305
174 309
421 427
188 221
422 306
7 415
302 312
271 393
395 137
441 322
251 181
430 62
292 133
54 229
447 219
158 258
420 199
336 305
67 434
392 132
254 336
201 126
28 181
191 364
300 156
373 362
305 82
404 337
136 306
329 113
198 107
333 132
39 235
6 98
206 356
192 178
206 76
275 225
134 406
384 380
415 57
99 92
87 279
356 351
379 39
257 385
252 192
142 240
325 177
2 420
373 40
154 264
205 129
408 138
16 434
323 334
407 55
378 377
139 288
255 375
267 301
116 169
68 181
37 387
140 319
195 104
243 249
347 381
102 135
412 54
124 268
134 229
261 367
139 281
383 85
401 59
98 110
375 344
324 450
353 294
274 119
189 374
179 79
231 266
306 444
368 305
440 399
288 179
345 147
64 86
92 156
166 192
443 173
324 260
334 371
318 380
98 169
414 94
165 110
297 255
86 174
400 5
325 417
219 370
166 399
9 204
110 334
125 439
284 256
429 265
297 214
96 309
166 202
115 178
283 60
269 376
353 133
114 440
109 349
58 168
300 79
63 385
353 159
281 223
181 377
175 90
252 382
337 320
240 152
262 416
351 354
309 63
371 450
177 208
327 303
291 82
209 338
239 101
450 136
160 319
334 420
34 180
233 146
189 99
246 425
304 320
345 375
131 430
12 130
76 75
156 21
293 390
388 71
356 289
419 170
282 328
284 267
414 217
294 374
385 307
70 341
62 303
72 206
289 294
268 364
39 326
5 158
165 216
197 12
318 416
313 234
425 339
96 67
62 243
97 145
361 394
197 128
415 133
250 389
204 225
110 83
248 164
342 416
437 302
96 73
303 35
306 229
144 323
432 412
428 29
168 211
276 104
431 374
225 321
148 174
433 198
228 304
90 293
182 448
236 76
289 253
426 46
88 446
187 175
417 204
216 362
389 325
104 357
275 223
122 233
255 42
186 46
343 447
264 343
147 397
188 312
283 432
3 354
336 66
24 334
131 183
8 145
274 76
377 411
142 95
355 242
204 358
143 114
442 163
96 59
56 73
24 394
358 283
191 372
295 189
233 284
89 303
208 357
128 53
450 304
393 189
119 164
422 364
330 285
170 254
342 80
83 196
93 78
205 14
434 161
44 274
324 238
345 100
361 269
305 343
150 90
404 439
267 322
138 384
402 352
316 263
403 269
242 432
371 40
168 144
401 380
222 34
125 9
178 176
13 236
338 4
293 422
50 143
177 304
210 315
36 390
380 434
328 26
359 239
428 436
415 287
167 369
113 132
324 178
85 440
403 277
341 339
16 99
357 323
111 78
347 402
403 262
230 399
318 305
258 423
114 231
196 285
274 410
58 365
359 216
220 165
187 351
294 291
69 197
294 115
248 277
365 375
78 323
307 129
139 43
12 308
70 166
160 114
266 225
32 117
178 213
443 247
36 449
100 401
114 181
33 173
253 309
36 267
26 9
99 323
392 124
310 316
447 206
308 411
143 351
180 311
417 109
169 357
204 230
220 258
176 112
172 192
5 130
191 393
59 430
138 444
1 114
58 180
193 7
307 413
258 298
235 203
264 404
29 125
384 297
86 364
450 46
371 99
248 249
173 248
132 13
132 436
88 1
438 76
268 228
165 278
256 429
297 172
145 448
256 197
71 157
382 322
113 287
372 328
297 227
315 280
403 158
399 3
48 415
250 67
164 146
160 197
131 160
399 50
177 297
234 303
11 235
411 409
121 384
16 256
269 17
243 439
13 122
256 293
220 172
349 356
407 303
122 232
304 303
241 106
2 46
282 372
79 41
103 331
444 111
420 372
312 380
33 219
141 344
147 371
301 106
121 323
94 218
345 230
199 234
319 59
155 322
408 169
269 266
313 303
166 59
294 410
54 346
322 245
356 389
432 114
240 297
147 158
215 250
363 199
31 72
442 389
224 67
317 360
66 57
188 131
263 424
44 82
264 155
244 322
138 163
147 387
243 347
4 209
104 65
189 378
358 51
142 419
367 443
109 354
415 59
417 241
244 391
212 100
47 104
159 334
272 164
233 208
68 164
355 441
23 185
51 220
423 0
440 281
229 397
144 385
126 393
31 274
201 353
117 275
301 362
326 395
276 326
449 228
15 386
201 160
409 345
240 41
176 450
133 4
116 70
432 145
367 441
277 399
396 42
38 218
447 345
398 43
374 103
45 258
315 193
149 268
377 320
65 201
119 120
437 367
294 77
21 148
171 154
72 248
91 219
337 267
342 376
360 251
98 134
389 257
237 387
107 89
94 216
164 104
19 118
326 322
26 51
390 329
184 418
305 160
203 258
406 396
22 128
38 252
315 221
46 313
104 369
76 316
12 202
243 229
123 244
352 266
27 248
408 2
384 395
373 443
45 115
102 255
178 119
441 105
261 446
355 196
156 0
211 263
316 238
277 73
246 101
78 30
192 153
213 55
171 64
110 2
234 38
256 117
355 35
204 268
18 388
184 276
235 443
70 154
50 131
61 338
209 251
239 437
28 388
270 134
45 21
345 274
98 257
337 257
143 426
337 351
66 317
183 267
381 432
306 325
403 94
398 107
387 375
189 371
273 279
330 300
432 127
425 324
221 260
282 399
340 165
390 113
338 352
352 448
99 330
112 225
409 238
236 310
160 147
305 401
194 389
303 378
258 120
151 335
263 449
216 4
357 316
60 127
59 368
141 413
164 267
128 97
425 189
223 10
291 167
117 403
185 386
270 299
205 24
144 306
431 181
152 278
424 11
160 148
227 227
228 269
279 377
412 32
403 245
253 234
250 364
31 324
422 135
193 168
56 419
135 208
205 279
145 214
58 146
95 419
349 359
212 267
91 391
366 34
199 231
56 119
296 68
100 55
172 83
318 399
10 278
307 171
246 67
172 324
262 307
278 21
314 170
31 193
177 316
101 199
179 73
223 206
182 342
247 359
73 9
313 64
208 105
155 158
105 251
342 297
68 202
63 408
400 395
245 82
346 313
352 301
195 47
181 2
158 347
132 244
79 124
263 194
147 115
378 219
233 435
237 59
111 331
438 271
221 239
58 400
15 367
243 94
368 264
93 15
177 185
181 13
85 423
296 393
47 270
307 209
262 23
131 181
321 346
27 216
397 160
226 356
35 100
246 141
13 18
279 38
286 386
371 385
198 215
107 97
441 406
331 186
432 113
21 171
166 238
75 32
6 38
433 360
297 301
358 61
209 267
434 399
295 259
119 138
438 212
280 240
429 215
366 155
413 225
5 399
201 385
430 117
396 414
38 364
89 335
305 55
224 427
403 344
375 413
186 409
150 221
81 228
264 125
367 155
4 67
260 160
118 12
91 9
151 182
439 407
235 266
1 445
73 328
170 427
323 115
94 32
278 3
102 357
140 113
145 169
315 15
108 409
445 1
224 244
126 436
97 200
405 415
139 249
362 393
137 322
374 67
234 417
73 110
71 431
200 305
82 360
252 392
194 65
76 266
187 307
125 151
15 356
146 273
101 296
207 125
261 32
296 177
278 65
9 195
386 15
450 286
208 450
381 48
324 360
121 314
421 316
361 130
364 177
404 383
8 10
236 203
149 417
348 144
343 183
406 312
429 6
2 431
226 229
269 95
422 31
184 139
244 91
401 358
46 271
3 418
418 404
304 429
122 244
290 365
187 176
399 394
88 33
354 316
317 338
321 63
287 434
281 293
251 432
337 271
124 116
192 288
115 118
99 149
379 295
327 134
450 259
120 252
93 197
312 64
44 294
90 127
441 323
310 23
217 139
213 249
173 252
389 428
131 296
47 181
373 410
51 409
216 369
179 400
67 436
135 195
334 206
32 156
85 31
363 432
326 182
254 427
129 69
73 413
317 132
145 327
272 204
275 367
124 177
133 72
407 201
122 241
377 327
233 245
105 92
318 154
135 187
194 180
263 231
422 363
375 371
6 157
118 245
299 199
123 283
349 234
46 37
123 92
216 245
265 290
83 150
47 278
41 103
148 25
393 52
216 147
241 306
189 418
18 145
175 8
432 124
340 324
173 197
163 273
377 102
6 310
267 319
197 166
104 389
321 211
332 34
278 170
6 75
95 134
44 394
225 405
198 100
63 105
193 259
418 12
60 12
44 63
154 309
258 37
178 140
306 346
431 333
100 98
34 150
305 417
321 435
226 120
103 1
310 306
249 437
337 334
11 319
104 212
337 364
93 191
149 194
394 59
182 324
55 116
384 183
227 158
79 80
388 181
178 414
414 375
178 392
404 158
280 78
89 21
67 402
208 441
448 172
282 237
270 268
310 385
56 369
28 118
337 221
411 396
94 312
1 132
178 138
424 91
404 191
418 133
383 272
78 141
389 292
281 431
361 359
415 140
344 228
248 83
177 406
16 44
7 289
289 204
391 211
367 26
280 65
9 317
317 428
436 93
173 70
92 94
197 201
209 49
311 169
228 438
16 222
229 142
118 302
179 445
213 356
135 67
194 374
102 160
69 199
206 421
301 248
405 274
305 296
410 30
270 349
246 332
309 287
415 203
126 290
423 230
421 196
89 383
345 412
161 406
60 15
450 3
45 24
215 402
23 302
409 315
341 383
265 104
250 280
160 224
150 39
428 43
109 405
130 296
249 313
139 170
91 446
367 167
329 204
55 111
57 276
267 305
359 425
258 381
400 293
229 322
186 0
82 284
99 248
74 330
371 353
409 318
449 105
78 359
137 448
396 119
277 55
173 360
249 202
284 284
62 176
53 290
87 59
93 188
137 357
199 221
285 413
367 374
450 274
316 343
447 174
133 444
368 151
63 263
28 109
19 52
295 57
199 53
339 429
196 400
80 364
54 297
167 391
148 93
97 344
203 52
331 312
51 330
47 409
82 219
248 73
387 104
32 82
45 184
56 304
355 449
228 122
265 371
51 276
150 197
163 228
377 181
55 281
190 268
80 165
52 36
444 316
145 204
450 251
130 100
369 50
373 314
14 430
402 227
393 214
191 401
61 228
313 244
1 247
338 309
156 87
382 169
383 69
185 337
352 216
376 343
308 128
269 331
312 185
387 183
367 37
335 8
78 175
395 445
138 148
68 78
286 153
272 52
121 294
369 386
312 73
265 381
36 233
91 251
275 28
182 145
313 136
270 195
186 264
206 9
360 367
200 391
212 209
285 289
222 61
356 103
240 70
231 434
78 382
38 422
338 349
281 21
347 223
71 359
274 277
425 108
0 126
47 194
110 449
178 184
193 86
446 383
34 346
138 78
399 18
366 284
427 55
223 311
275 432
351 370
414 23
382 121
38 85
352 87
292 323
79 310
175 107
433 336
69 177
143 4
372 136
102 252
33 54
238 79
395 305
358 107
271 185
2 183
424 438
401 81
167 211
298 289
59 232
168 98
15 239
60 66
18 256
180 245
204 269
60 283
222 153
430 298
73 285
445 209
148 345
78 249
342 13
367 427
205 268
106 187
331 450
141 120
391 320
334 214
270 310
78 347
79 60
34 208
408 354
239 127
355 433
180 58
54 310
188 340
181 125
281 30
282 207
161 336
331 178
100 22
327 426
213 124
172 267
193 326
393 42
236 411
244 53
207 8
208 71
388 263
115 252
412 237
208 295
125 22
232 446
331 4
189 122
252 148
294 156
127 78
160 5
336 32
332 166
126 359
344 38
406 28
220 280
242 271
293 433
425 391
222 196
290 450
253 146
316 82
145 439
275 108
441 54
229 206
205 149
205 312
8 321
435 432
111 429
157 277
309 117
362 289
140 413
227 435
69 29
329 257
158 239
378 380
183 383
254 231
43 238
15 202
103 193
335 329
354 194
391 149
216 444
187 47
343 241
72 226
4 254
55 17
369 275
90 26
52 192
337 338
226 86
90 414
130 130
282 353
134 422
264 399
80 380
129 146
425 352
246 181
444 143
11 434
103 443
155 398
235 63
45 385
413 197
387 33
262 275
136 194
30 280
407 179
443 364
218 167
109 155
219 379
298 307
140 318
156 372
97 9
419 414
361 206
336 253
306 226
147 276
97 70
447 47
260 236
252 171
403 437
170 358
213 235
431 183
267 2
178 88
135 76
400 332
236 393
6 197
341 435
365 177
357 443
186 102
27 252
261 36
160 78
430 135
351 128
276 245
40 96
182 119
152 383
433 274
180 163
135 90
422 400
11 199
386 252
166 153
76 328
385 61
380 363
425 46
62 438
277 141
201 62
275 112
209 35
207 92
282 150
149 102
247 394
364 139
311 40
333 168
127 321
377 25
401 436
23 447
179 237
351 358
77 68
244 77
182 366
429 446
298 52
28 119
194 90
216 378
166 159
167 47
51 51
211 427
93 424
196 99
102 76
228 141
235 270
407 359
436 391
335 241
71 8
369 35
94 398
449 220
326 371
4 443
315 382
293 407
321 170
337 436
7 365
408 81
82 377
251 275
211 291
250 420
80 411
85 236
213 189
15 450
241 400
221 280
414 256
275 98
262 48
416 408
18 38
111 236
226 435
181 123
237 209
264 386
235 319
368 173
8 306
207 122
266 440
151 433
158 301
30 297
160 273
277 206
2 79
135 192
104 13
32 446
296 296
331 222
46 293
419 28
228 449
318 333
211 372
152 403
194 366
59 336
88 307
358 437
254 217
2 188
215 301
89 327
320 343
373 31
365 247
224 277
34 319
59 270
243 14
386 192
442 2
107 3
54 55
146 5
217 356
23 304
60 260
158 203
130 440
45 131
18 117
292 289
204 90
80 390
214 238
158 130
216 294
303 228
373 337
297 47
217 167
312 114
354 190
370 393
338 292
115 276
263 89
421 72
291 450
357 392
22 383
101 134
228 218
145 77
205 158
449 254
448 338
394 167
239 250
103 157
209 411
448 154
234 240
37 182
126 46
72 112
57 327
6 146
87 72
387 80
266 305
15 43
20 46
121 428
159 323
296 13
370 114
422 100
318 266
445 154
430 373
52 227
68 19
77 377
230 75
395 269
66 70
90 388
165 158
401 374
286 209
263 272
143 18
317 313
306 121
8 424
355 307
370 342
92 148
313 255
30 413
322 95
118 282
253 336
404 114
352 394
366 175
238 88
275 433
157 134
308 261
375 357
369 412
84 298
227 57
10 302
236 92
341 195
365 153
63 32
419 320
92 314
50 194
276 152
212 229
260 12
111 385
194 444
220 448
350 303
25 404
236 85
402 119
263 247
309 59
379 437
363 328
401 126
389 363
417 349
129 161
195 43
18 392
107 332
198 324
427 91
87 259
60 154
150 267
447 121
161 425
137 133
261 146
280 287
276 386
398 76
174 118
431 6
12 372
156 228
68 265
213 409
335 37
125 184
146 433
204 342
273 268
353 317
295 339
257 350
99 222
345 113
273 106
317 22
16 272
431 185
216 449
151 339
66 113
244 298
286 330
254 187
74 219
20 337
275 400
18 35
240 252
41 233
208 2
20 439
360 8
226 195
379 62
52 308
367 437
209 142
355 3
361 337
37 363
285 217
69 406
313 132
192 442
56 38
8 343
347 157
155 263
151 334
438 360
321 365
52 303
386 317
52 375
421 97
135 294
385 283
245 140
276 58
92 181
219 212
435 44
323 20
361 138
183 71
339 41
437 173
85 244
353 89
314 11
236 128
238 313
122 295
23 334
44 95
366 87
430 223
194 187
304 220
407 108
351 37
75 203
316 412
342 446
147 75
325 103
156 450
275 292
440 401
290 173
255 278
290 51
346 269
428 403
142 88
328 411
89 103
389 122
61 78
256 141
137 253
97 447
253 352
168 396
15 79
78 55
3 403
198 405
175 321
58 101
439 35
428 150
149 409
95 349
424 228
315 178
57 169
225 361
305 1
311 13
35 123
129 79
352 187
278 379
232 155
271 216
238 71
41 21
98 239
285 1
214 429
9 221
366 442
150 242
85 29
111 228
168 339
370 308
38 379
225 249
380 396
11 90
284 223
225 186
12 333
218 204
203 143
4 127
191 57
128 75
12 163
100 104
136 20
256 317
110 244
351 281
400 399
405 101
200 411
216 406
318 285
174 319
69 130
206 300
203 362
156 99
167 199
194 50
164 260
81 260
258 219
409 447
220 245
161 265
226 146
325 281
119 111
132 343
179 182
72 32
315 316
404 164
101 53
242 161
287 118
360 303
231 393
19 405
6 170
185 273
362 148
31 352
419 25
391 141
227 308
5 241
83 309
110 328
268 244
133 154
277 114
315 147
395 184
204 254
208 111
282 323
117 110
78 378
190 383
8 112
82 324
184 132
234 164
158 7
186 266
354 319
309 8
231 248
115 366
298 311
282 41
100 351
19 90
91 449
226 183
298 274
99 395
148 222
129 265
276 308
83 70
11 164
46 441
153 87
342 417
123 425
214 250
189 315
424 60
431 421
305 408
244 173
402 313
417 412
249 359
45 279
406 441
264 421
438 247
319 117
29 32
315 82
28 269
228 216
26 218
262 123
344 342
346 242
450 64
407 226
3 22
261 396
448 219
254 65
281 371
278 157
112 116
250 388
400 201
27 255
246 82
156 310
182 375
298 266
183 142
206 10
170 388
325 369
194 191
221 414
246 246
273 402
316 184
78 291
123 420
129 411
354 262
148 309
300 171
87 205
153 371
370 186
266 20
135 290
74 340
402 364
274 445
59 382
33 270
396 60
290 224
400 347
11 233
273 261
232 356
101 248
389 46
66 126
182 76
231 396
253 138
90 415
290 159
428 79
282 206
344 131
102 318
284 161
121 6
339 374
166 215
428 154
212 8
39 390
182 66
384 358
40 157
278 248
243 55
403 137
255 151
71 268
341 370
369 212
54 0
141 78
114 257
160 372
116 237
198 3
435 187
78 388
411 208
103 441
215 69
84 159
289 396
85 341
224 311
356 442
84 156
283 304
448 339
367 448
412 162
76 228
143 263
396 115
46 253
96 189
150 143
338 295
277 2
120 347
132 160
423 141
310 141
120 122
177 388
404 435
39 49
189 367
107 170
130 88
2 271
319 232
116 19
370 108
76 74
401 379
142 153
305 311
287 124
166 204
411 234
447 194
450 393
61 313
20 121
199 358
369 167
93 229
450 79
25 372
286 137
413 361
190 171
110 48
229 30
318 298
36 345
87 359
154 340
43 70
6 248
150 114
409 11
6 312
285 307
42 35
202 273
202 246
170 222
324 127
391 318
397 103
371 407
116 212
304 394
47 120
335 255
246 148
331 415
265 239
393 224
332 339
326 201
335 414
372 335
68 273
316 330
310 379
403 330
335 6
58 153
57 412
405 211
18 230
325 216
346 238
224 107
283 393
189 420
144 254
336 216
339 207
81 398
9 303
103 420
87 130
87 204
334 258
175 213
106 152
315 421
187 239
131 265
296 306
201 82
432 97
95 225
202 69
367 354
117 28
255 426
367 349
305 204
99 366
91 82
338 0
342 448
39 275
5 239
117 144
319 345
427 88
145 195
162 90
331 146
395 196
326 102
23 40
223 158
308 114
31 441
128 363
154 401
392 213
20 66
265 29
383 138
118 253
173 13
399 281
211 111
130 435
435 388
209 160
295 420
335 199
160 322
393 144
299 245
221 315
213 211
405 31
150 68
67 390
295 292
14 236
189 217
101 208
65 259
159 193
430 323
396 367
55 421
447 270
289 299
384 142
448 125
74 337
413 189
446 206
228 149
84 361
213 57
9 219
256 372
410 434
104 10
396 195
293 72
181 208
224 44
90 17
262 331
419 397
225 136
273 62
7 314
349 337
219 280
256 436
263 316
370 191
286 26
106 350
11 8
67 2
124 115
267 116
222 114
149 85
78 397
94 15
96 37
427 378
81 447
146 279
379 141
52 57
148 188
321 215
325 22
140 88
253 204
193 289
242 172
172 291
262 57
112 409
243 128
71 175
162 97
410 189
422 405
47 161
96 241
432 77
25 408
75 11
81 37
348 226
362 444
414 115
403 415
308 297
426 271
366 184
332 79
409 156
94 367
359 395
119 0
184 440
319 213
61 142
16 221
446 438
168 59
0 115
400 58
259 121
63 146
397 408
346 68
183 347
268 269
416 422
79 210
327 130
385 320
189 51
103 359
354 160
409 90
135 395
191 92
102 36
249 187
411 317
183 189
443 184
447 432
141 362
263 264
363 136
169 185
195 95
50 232
139 417
272 305
296 335
3 34
227 114
38 170
24 89
436 194
138 196
140 296
194 174
403 91
334 415
239 191
277 429
374 431
54 247
136 139
303 207
154 368
125 444
49 31
254 250
39 176
249 134
396 432
400 277
345 124
432 237
148 301
124 159
102 125
177 195
135 317
285 263
377 257
440 287
304 19
333 264
435 177
276 101
121 144
426 367
249 436
67 23
208 411
260 374
64 18
317 191
244 311
69 91
84 220
435 372
137 267
154 431
193 164
120 251
73 174
228 445
210 171
224 103
40 338
390 162
248 418
389 68
3 284
405 272
408 285
202 162
281 157
18 176
77 96
401 12
2 114
231 95
224 68
376 357
25 90
204 304
402 290
80 243
40 149
402 184
185 302
246 303
404 72
450 130
401 14
133 363
27 164
241 280
101 252
318 356
72 8
377 7
337 392
436 108
198 370
70 100
43 428
289 85
441 6
209 117
151 132
259 258
166 140
223 365
73 163
408 257
306 136
404 422
381 12
149 116
61 74
304 363
430 138
108 343
203 221
118 189
227 110
237 191
322 348
344 126
262 78
407 184
274 34
297 298
1 374
212 446
395 170
263 75
28 87
41 377
216 186
178 73
99 338
51 215
361 370
69 79
375 266
351 438
154 103
110 199
438 423
147 191
174 99
331 36
311 163
331 373
72 73
335 336
313 145
274 111
177 131
17 333
209 171
187 109
416 333
259 141
113 111
371 313
251 54
208 12
351 65
47 119
80 368
411 160
57 429
276 444
287 79
99 233
110 293
348 414
113 187
410 368
20 152
314 266
337 404
411 86
349 407
119 369
441 371
385 67
232 253
343 354
51 39
431 138
4 176
238 373
391 70
45 35
283 98
181 352
136 93
371 350
173 257
446 56
110 289
199 407
259 368
101 341
72 255
19 206
425 251
72 58
290 85
364 270
249 111
426 310
45 423
91 27
4 33
324 38
295 357
198 271
364 301
450 395
132 143
392 217
112 15
337 31
440 35
88 424
376 205
47 354
110 394
446 169
349 257
133 399
129 248
354 191
234 387
442 115
320 220
324 88
338 211
169 24
194 398
235 58
60 326
175 19
8 96
412 57
263 396
283 63
411 120
391 433
183 254
97 430
390 414
340 5
327 108
406 326
342 1
120 125
243 214
379 225
55 34
8 254
349 439
35 377
291 263
170 90
446 372
321 432
393 255
300 293
340 90
380 230
200 314
279 276
152 416
355 147
67 255
222 165
38 367
360 51
322 54
329 99
50 278
359 311
48 243
10 353
213 432
116 197
5 34
76 342
45 73
443 90
272 362
128 357
421 173
271 6
1 144
0 378
157 296
429 354
44 214
401 414
272 5
189 207
343 211
186 244
17 443
180 154
116 353
347 324
144 84
252 409
320 165
283 43
305 254
202 219
57 448
412 135
14 67
380 389
229 88
88 140
206 241
194 262
259 240
415 315
21 265
397 412
358 47
134 279
254 344
307 302
332 385
52 142
432 420
268 127
411 128
47 387
78 314
316 149
137 349
44 289
305 442
150 84
159 287
394 420
315 433
204 205
296 331
430 395
379 92
424 136
339 146
438 192
200 29
175 18
98 203
134 231
381 75
4 38
422 20
360 400
179 291
408 124
145 396
177 7
113 275
66 184
106 343
174 136
310 220
347 145
25 53
198 102
427 161
5 11
329 297
81 329
331 12
396 331
248 442
226 230
200 400
107 142
219 70
163 444
278 235
100 273
388 58
331 195
37 307
348 416
261 246
332 410
450 164
246 335
65 136
216 53
131 406
94 412
348 437
11 88
201 185
238 334
64 395
150 276
33 14
398 12
351 428
328 71
250 398
258 403
293 111
59 191
61 410
60 355
141 167
268 129
206 181
349 161
320 157
25 132
7 113
224 91
100 245
319 383
364 9
411 430
253 433
244 39
54 161
228 234
91 294
429 308
95 324
172 279
51 83
318 368
234 412
195 376
252 141
74 12
243 383
145 172
385 402
432 410
61 204
342 228
273 375
405 223
233 192
413 424
58 206
299 140
312 271
6 135
245 106
90 240
417 343
223 351
128 350
379 208
141 166
132 364
326 150
146 392
326 400
181 28
190 146
27 174
176 367
305 120
394 230
15 73
379 27
237 334
133 111
213 433
427 230
147 243
402 390
407 5
231 151
265 147
376 363
47 412
374 262
404 81
295 330
445 186
352 256
262 121
151 26
249 344
158 440
160 449
411 154
313 386
140 445
284 288
148 251
363 191
213 181
365 221
233 133
167 0
298 41
64 120
441 92
223 223
230 188
447 362
284 312
109 383
162 339
351 420
148 366
160 327
0 373
109 307
327 341
234 243
316 216
429 372
328 124
122 349
83 108
65 61
330 427
87 56
294 211
243 26
422 210
145 95
318 139
231 184
282 22
20 37
445 143
354 9
74 305
349 248
285 102
50 152
101 267
19 35
174 348
262 263
64 271
18 190
0 81
72 237
418 173
82 44
83 283
401 334
107 144
428 310
34 308
416 10
336 19
92 259
256 33
61 194
68 281
49 204
145 41
439 284
431 15
283 141
235 336
445 333
187 9
86 63
162 353
276 291
443 174
250 346
240 124
255 217
267 52
319 266
67 341
286 97
355 372
443 313
95 147
156 83
212 254
421 61
409 280
82 112
264 210
90 341
227 189
386 165
271 135
210 256
165 329
331 255
327 371
361 327
334 218
175 345
291 76
305 310
25 423
407 10
150 297
166 222
350 260
407 13
73 448
223 336
19 161
150 401
72 291
386 86
118 416
311 341
344 443
367 326
188 112
371 412
94 158
239 289
263 32
377 359
389 288
321 69
45 416
143 347
371 77
266 14
380 99
42 365
3 266
259 225
149 233
26 307
330 196
123 372
59 355
210 209
128 126
374 433
24 323
196 354
135 44
221 23
39 130
45 411
248 46
445 127
20 429
175 193
6 85
286 420
177 114
95 185
214 47
428 152
35 244
253 364
296 36
44 313
428 429
212 225
10 444
348 75
240 254
163 144
87 305
101 22
91 84
324 203
333 278
264 313
220 308
254 416
40 220
127 269
389 447
343 200
390 182
275 2
83 330
68 149
9 39
274 229
30 189
368 69
283 45
358 314
396 184
225 26
324 208
164 86
67 42
24 172
20 7
161 273
64 49
168 192
369 147
193 46
32 264
388 123
64 205
447 6
207 227
323 27
153 123
146 62
282 44
247 366
402 62
108 282
363 44
446 84
41 32
383 396
158 417
256 233
227 330
187 250
408 264
85 189
372 164
88 0
241 238
199 222
34 278
70 372
258 313
270 346
336 398
434 192
251 241
263 148
301 8
233 283
260 224
232 8
255 240
168 196
390 179
161 199
77 398
446 210
398 106
398 91
25 120
253 298
329 206
291 254
8 271
31 270
89 58
162 16
153 230
354 34
371 35
172 155
414 266
53 267
271 327
407 436
203 429
349 44
357 19
117 443
289 331
433 133
22 431
139 58
418 246
127 290
47 342
107 132
395 159
310 40
414 187
417 323
328 25
34 316
317 411
39 145
310 240
178 302
415 137
347 158
98 123
304 2
67 169
215 268
351 287
66 381
244 172
345 31
442 399
373 370
346 282
255 361
106 141
194 423
212 224
265 62
114 360
230 184
286 142
234 398
144 213
184 353
125 343
34 412
41 386
434 398
168 357
10 316
366 217
173 185
66 74
264 55
301 388
400 254
116 331
192 105
18 359
347 116
121 18
17 364
74 47
249 28
318 42
270 159
215 76
39 360
314 205
161 381
388 295
124 81
339 447
189 299
217 233
18 222
329 391
284 2
127 419
215 369
204 141
418 151
131 249
234 427
251 212
323 117
13 19
378 328
202 257
98 352
151 135
179 145
290 308
301 190
328 350
317 230
160 335
313 385
259 295
130 390
193 362
355 333
6 175
412 81
369 214
24 403
6 432
159 141
371 106
259 9
327 147
426 358
391 244
388 301
200 399
319 71
396 20
83 290
332 105
43 353
226 27
415 175
195 359
108 5
343 356
138 142
89 180
237 126
71 421
376 143
41 378
328 354
258 83
411 187
150 119
112 333
185 423
206 131
422 174
340 277
415 170
263 203
77 212
356 15
437 58
187 260
32 7
356 63
431 129
226 216
126 24
35 132
450 289
406 59
46 288
250 98
86 53
426 114
112 407
345 294
400 335
328 154
47 199
96 438
167 105
379 302
137 393
79 191
395 349
161 195
37 344
174 172
82 165
323 325
161 432
330 266
25 10
399 238
446 262
125 194
29 252
12 189
179 12
314 48
109 11
120 257
377 22
362 108
90 375
240 362
94 228
167 334
37 107
64 102
394 100
363 359
350 322
66 19
42 428
240 27
161 22
343 159
190 28
419 82
44 209
226 335
303 214
216 99
206 323
167 175
189 93
345 257
438 248
197 173
157 238
243 322
283 9
416 430
3 270
333 15
125 171
1 136
239 75
216 335
268 405
251 373
70 40
305 186
281 174
141 182
15 172
121 43
267 145
352 339
116 14
259 411
22 350
15 343
27 203
211 75
260 277
111 123
148 83
220 327
198 245
74 183
32 178
100 137
263 275
138 93
275 359
29 122
395 165
363 294
212 396
414 8
448 308
416 13
277 32
238 81
355 120
434 208
62 70
373 302
122 71
356 122
231 350
300 78
15 167
149 190
234 152
255 84
331 337
325 34
238 295
65 375
295 358
398 168
428 90
327 192
125 169
3 305
423 318
143 185
428 52
274 74
286 190
302 449
363 250
66 207
47 164
292 137
288 35
246 361
91 211
356 42
30 422
172 445
229 124
281 260
384 364
430 403
292 205
17 44
160 406
199 232
83 34
32 15
123 232
373 187
115 10
158 325
22 420
296 380
134 392
91 442
103 99
190 155
393 182
284 131
441 125
138 137
412 103
254 123
9 242
144 259
245 395
277 199
133 356
314 92
225 398
4 329
335 222
333 367
352 261
389 85
281 329
115 293
350 341
384 113
183 227
362 402
70 56
322 49
305 307
338 321
285 5
334 147
391 305
11 400
327 154
358 380
7 38
7 316
42 437
57 370
231 368
288 279
181 101
153 191
214 353
268 11
24 29
209 164
324 368
444 115
90 250
179 437
338 16
265 226
333 310
412 270
420 247
232 192
420 123
362 450
278 103
329 215
351 302
175 395
163 114
406 392
129 385
313 204
105 119
392 50
65 138
304 277
381 421
325 188
404 30
57 283
348 10
231 281
52 88
18 389
81 316
307 305
168 171
295 307
124 443
191 329
94 343
424 389
369 239
280 141
234 75
349 28
105 306
69 92
265 122
302 243
407 352
296 233
322 8
126 140
381 289
34 249
39 258
241 82
133 0
271 91
67 243
225 425
188 78
14 198
413 368
43 331
351 109
197 370
408 345
19 71
398 119
194 30
2 322
409 384
151 43
120 426
239 201
401 23
154 315
240 165
225 51
75 251
178 432
8 65
236 306
416 305
48 272
414 308
18 136
302 53
29 6
301 274
41 372
326 227
189 323
64 227
60 255
307 417
49 41
405 375
153 101
208 119
236 383
423 320
300 211
381 319
432 338
2 158
390 393
219 376
189 406
30 176
145 310
221 248
315 43
104 221
23 204
368 277
5 27
154 14
75 366
171 6
307 196
378 354
20 293
243 163
262 293
436 285
439 162
12 144
426 56
14 8
290 372
216 368
165 432
341 291
97 290
300 393
445 221
353 233
180 407
404 341
168 225
172 346
326 8
184 329
1 317
402 422
89 360
326 62
359 325
401 433
437 414
90 63
101 95
250 286
339 174
151 86
285 197
43 45
414 314
163 10
243 61
122 145
56 354
178 428
66 80
161 71
402 413
378 198
96 402
44 222
79 304
399 450
292 279
61 386
375 281
404 105
389 110
363 344
255 207
426 377
215 236
358 287
343 295
412 303
314 112
3 281
271 411
215 242
322 428
388 156
222 178
254 380
433 419
397 341
206 433
192 209
37 438
63 121
433 118
331 69
77 399
322 231
238 413
287 26
365 210
153 292
139 335
336 120
19 58
104 63
383 52
260 122
425 26
2 280
172 36
324 18
434 92
332 10
248 395
135 29
330 258
62 431
88 108
328 182
179 8
149 11
65 348
54 364
130 241
349 17
318 120
368 55
234 108
210 89
449 117
315 364
154 25
106 216
215 447
231 75
155 220
414 327
211 199
333 421
297 114
129 421
119 391
324 415
35 444
294 391
107 125
381 397
137 251
153 396
204 221
179 227
239 333
305 151
314 426
126 133
78 254
3 450
63 438
226 373
368 252
207 240
81 367
275 282
235 116
432 398
206 374
196 202
327 118
363 446
123 306
161 328
312 42
247 112
136 355
249 349
59 445
389 351
433 153
47 74
46 178
22 340
138 84
147 420
409 191
43 118
333 79
199 26
222 142
401 263
52 278
8 330
395 252
68 345
243 32
294 184
421 86
54 206
72 219
414 146
445 205
343 80
313 155
438 81
231 252
118 278
30 62
412 359
119 154
390 343
16 236
84 184
136 89
286 441
263 438
129 212
225 389
0 49
31 174
441 233
62 6
310 149
284 235
54 169
306 412
138 428
402 186
82 331
226 369
445 230
359 418
29 238
334 442
269 336
55 194
81 43
277 160
367 303
333 246
100 327
61 399
386 182
13 101
177 428
301 17
115 356
237 247
110 292
401 209
229 185
107 166
330 34
345 442
374 391
398 227
294 149
264 363
140 159
382 205
187 310
70 419
396 293
42 222
346 188
128 31
151 120
202 106
302 273
134 417
25 352
109 341
321 81
448 151
28 58
416 180
146 293
78 433
287 68
342 193
366 290
20 420
89 163
119 440
222 169
78 385
315 304
321 359
62 229
342 141
151 189
328 232
339 170
18 83
204 411
350 19
54 214
2 236
17 133
359 335
192 402
249 34
376 362
17 300
184 314
132 285
186 293
69 123
128 132
295 363
168 75
233 338
11 403
119 204
235 447
0 252
155 357
345 214
118 411
301 240
136 276
30 292
302 310
390 166
219 435
148 237
71 306
291 165
201 44
318 15
247 225
58 94
236 89
151 124
284 441
402 265
143 70
410 140
206 145
305 25
318 190
333 189
54 412
401 364
261 362
58 305
70 262
53 128
359 91
179 15
268 249
357 403
296 283
101 294
4 327
174 105
277 110
315 134
265 83
382 112
302 181
439 93
426 137
13 326
116 173
310 174
147 261
141 335
287 357
216 250
77 154
344 380
417 321
4 206
212 443
39 189
424 42
338 331
178 99
215 343
427 445
215 375
379 232
160 136
92 12
88 375
442 222
364 347
196 401
114 260
221 372
212 442
24 87
421 328
269 349
222 129
434 393
133 250
411 384
218 292
199 185
204 365
95 396
447 188
187 318
82 86
28 86
192 252
394 448
266 11
134 22
155 390
398 379
343 18
448 129
233 250
374 282
224 339
371 258
9 205
415 428
448 152
367 291
88 411
189 144
427 354
413 241
155 340
139 373
252 292
36 397
242 408
440 361
445 80
373 96
351 71
174 222
165 242
391 353
185 212
384 304
331 24
403 58
436 371
275 62
103 313
416 436
188 384
130 367
449 371
318 122
408 134
321 306
117 123
401 437
102 156
213 214
253 186
34 99
300 194
123 431
430 31
390 213
211 300
75 26
351 227
104 137
88 64
226 421
220 324
163 385
250 222
235 442
290 316
395 228
91 8
122 220
409 7
28 107
88 335
77 393
289 391
345 358
218 407
449 214
347 400
34 0
212 118
25 395
262 320
198 275
193 152
348 233
305 441
58 425
3 89
385 298
396 104
338 438
330 390
6 218
249 68
138 268
447 450
415 223
180 167
326 88
302 206
425 6
233 402
337 260
280 297
288 138
89 294
444 231
258 418
82 297
168 21
204 185
88 49
241 275
102 370
321 242
229 61
198 37
2 414
431 313
272 450
411 278
447 344
120 214
289 119
394 348
42 126
439 290
105 370
310 270
24 412
212 103
71 445
127 267
282 36
447 145
53 275
228 312
248 65
82 266
254 372
231 57
362 435
332 230
168 405
256 423
43 89
208 266
411 296
189 258
99 57
144 23
294 335
337 326
27 406
266 83
246 210
287 441
444 322
293 441
296 157
418 8
335 60
253 444
344 281
89 235
382 103
58 70
91 44
13 125
93 335
380 79
132 83
330 75
89 88
379 49
276 2
106 250
8 174
269 65
395 1
60 155
77 342
28 346
301 20
177 391
274 120
380 293
317 177
364 90
279 68
391 245
248 169
407 443
167 271
326 389
435 309
119 119
369 111
280 11
239 198
44 147
175 149
277 398
346 127
280 99
227 444
107 4
5 274
314 320
435 84
131 234
397 72
219 255
392 211
141 145
264 433
400 287
194 127
359 445
6 396
203 187
362 178
230 124
262 185
359 281
292 86
136 107
312 396
390 197
18 143
217 114
5 40
32 46
334 10
93 393
277 394
426 443
287 92
366 425
85 345
139 296
38 413
299 448
138 220
402 396
278 50
215 23
434 419
124 308
3 42
33 72
346 394
241 101
403 169
130 311
254 175
313 168
170 30
332 368
238 400
287 261
84 288
309 280
64 134
81 409
401 248
194 393
309 147
258 77
279 403
247 368
122 334
283 299
386 383
159 386
139 201
177 258
353 13
32 211
257 188
189 175
272 341
180 390
50 190
423 255
284 30
429 21
324 231
180 259
265 249
220 288
48 188
298 203
395 360
16 433
114 180
122 411
207 215
321 371
120 218
215 174
381 0
105 99
223 191
348 18
72 413
310 358
406 269
371 383
366 258
232 115
119 446
412 216
68 321
122 188
176 23
26 333
47 330
336 123
376 298
445 112
14 262
436 64
113 183
36 403
77 306
438 95
378 188
100 79
190 397
252 448
409 145
414 21
213 1
265 227
329 445
278 111
18 182
167 190
212 235
209 407
27 260
227 134
51 48
42 289
163 441
273 287
415 387
172 174
43 229
253 228
168 102
192 168
345 350
104 343
257 224
321 228
155 184
319 294
245 114
31 226
413 119
40 318
21 259
264 221
404 55
114 124
120 341
208 133
282 66
83 231
311 298
5 353
170 81
410 380
316 289
259 107
292 75
182 161
228 333
351 119
444 250
169 52
104 202
148 5
26 106
194 382
154 404
165 199
124 396
316 217
176 419
368 0
449 261
391 8
187 295
219 307
189 152
214 177
421 297
423 354
115 350
42 333
209 440
418 374
210 2
327 397
337 103
29 105
375 4
295 182
244 321
361 99
334 373
424 366
190 284
443 193
364 434
251 114
203 234
145 262
280 279
382 323
98 316
248 414
202 269
253 93
80 219
319 426
222 156
423 107
437 272
16 331
372 142
266 139
229 365
34 125
293 151
80 33
360 136
161 151
272 181
63 242
208 370
285 444
105 267
443 21
330 198
346 425
372 65
293 144
195 78
242 279
283 120
268 208
414 237
261 123
62 0
316 350
23 366
136 297
344 262
146 398
31 71
160 364
398 316
30 160
273 190
1 363
272 431
153 450
394 330
89 444
368 175
224 214
377 241
402 143
102 304
189 304
323 168
239 230
407 347
387 57
277 314
202 213
166 302
250 287
444 220
268 204
189 428
34 314
306 230
386 281
118 64
294 240
201 31
399 58
103 0
56 154
113 110
36 273
206 360
12 117
64 418
43 422
304 88
130 68
231 214
29 407
130 25
321 175
24 129
119 180
358 341
379 68
33 382
373 423
398 422
314 369
209 140
269 54
391 393
3 420
350 208
373 116
324 118
118 10
313 140
206 243
203 406
212 432
134 443
86 290
128 342
101 63
397 407
205 362
179 392
339 71
3 411
385 379
238 149
436 44
142 19
330 424
243 204
314 345
332 429
42 414
88 350
3 245
177 144
280 73
441 300
413 19
306 191
179 305
265 398
265 370
232 47
412 10
55 382
120 437
111 42
97 417
5 344
181 294
142 439
27 38
339 5
258 446
45 122
113 361
275 438
13 431
296 341
240 21
165 403
371 221
442 191
318 186
6 387
233 294
216 375
433 226
255 304
154 339
34 270
135 412
132 309
152 203
395 168
211 230
93 214
249 395
444 444
53 278
282 225
148 252
262 227
80 250
282 387
268 372
100 442
449 437
44 288
121 81
232 117
151 49
256 376
36 154
396 244
291 265
192 111
309 227
236 400
257 340
40 289
323 140
197 312
269 350
348 17
440 165
322 114
298 76
383 389
193 55
33 447
165 69
112 91
372 236
374 20
390 129
198 304
176 289
10 331
423 228
114 314
96 35
429 0
433 288
220 53
270 245
215 160
68 85
192 3
14 10
332 356
430 287
80 292
261 277
250 224
15 441
295 3
314 94
155 26
409 170
64 264
325 215
46 176
185 424
414 442
418 2
136 30
174 429
180 408
303 244
246 270
229 172
43 114
241 153
193 84
124 426
315 350
175 192
118 55
211 49
401 290
374 278
98 407
262 217
297 424
64 323
363 48
409 222
366 422
174 443
299 126
352 15
395 434
10 290
389 448
437 447
153 374
303 171
382 45
112 178
407 155
437 40
270 354
308 437
233 442
437 426
336 104
188 376
94 337
8 160
386 80
398 137
215 249
4 122
137 228
272 417
148 95
134 283
413 269
183 402
44 23
287 276
388 14
43 199
422 238
300 379
334 55
367 73
1 404
57 300
298 90
381 98
296 217
373 224
346 41
114 313
419 349
125 296
371 103
322 20
422 350
167 448
365 322
242 324
402 156
25 409
156 444
426 353
159 407
103 160
56 276
413 195
429 386
334 317
276 289
401 158
10 73
250 365
97 383
303 402
351 114
179 319
300 164
257 12
203 266
193 83
422 415
334 289
424 63
159 427
23 444
74 221
320 237
357 253
24 41
392 107
142 296
224 415
351 81
301 251
264 439
383 258
259 31
209 100
288 94
285 99
289 441
105 107
341 426
419 438
351 322
415 213
304 166
7 433
372 76
168 332
0 246
58 128
75 276
308 222
40 214
362 299
370 54
77 423
268 56
383 11
62 140
267 207
369 126
138 281
11 332
196 272
157 179
270 286
208 4
448 84
314 404
128 335
135 230
314 300
115 188
357 13
156 82
345 426
207 1
109 190
236 31
236 115
383 134
207 209
391 273
174 323
268 315
445 338
278 130
188 154
300 291
68 112
1 397
244 408
16 218
296 352
139 107
20 269
15 110
203 242
184 55
304 318
252 78
322 131
207 11
361 46
263 19
349 201
359 282
248 308
157 51
130 8
10 378
83 157
265 144
335 44
227 270
228 349
412 254
98 368
100 114
323 382
400 29
37 241
154 72
94 14
263 101
296 221
117 148
76 360
378 381
262 22
363 46
414 238
4 152
189 15
402 172
164 404
30 16
16 261
358 416
266 337
410 129
140 349
39 248
178 144
164 349
81 2
225 52
47 237
154 148
122 163
221 131
102 87
332 365
247 100
95 78
304 21
441 342
4 298
47 311
313 54
439 306
414 406
278 358
75 374
447 445
376 247
244 272
311 303
242 379
382 255
111 116
374 22
164 381
209 293
161 8
328 434
337 141
380 194
193 69
385 21
225 81
223 387
329 220
52 373
46 225
134 40
108 64
431 314
190 169
8 198
273 171
65 286
434 249
369 165
400 406
33 148
243 299
402 426
39 366
402 239
252 34
268 73
133 64
227 20
260 197
156 410
297 307
15 102
191 316
106 8
109 382
116 105
253 171
36 53
231 227
130 388
304 179
441 425
308 379
193 423
11 40
221 143
391 392
399 106
197 44
196 399
14 438
62 397
51 448
399 215
201 117
50 337
123 28
141 53
426 368
92 376
354 127
320 259
350 162
227 170
80 383
48 94
208 333
20 296
207 441
352 331
175 110
105 345
346 344
179 71
402 417
162 365
344 106
409 110
31 191
55 363
411 94
301 361
12 274
70 313
321 236
405 340
90 20
159 291
340 117
66 144
95 208
367 398
31 219
269 449
379 67
383 204
198 27
30 313
78 115
49 76
437 114
300 90
309 303
188 449
301 36
12 164
236 144
397 184
335 366
247 395
258 220
381 252
235 130
80 84
409 165
147 399
345 170
380 262
214 244
148 91
328 313
400 325
15 320
320 202
349 58
440 429
392 19
6 13
447 405
117 10
336 181
61 216
228 179
356 179
298 101
278 329
445 319
23 356
87 258
390 63
226 274
22 133
133 217
81 359
330 199
104 305
270 120
5 370
293 386
226 301
220 173
450 450
119 91
103 230
184 366
10 21
221 52
256 335
234 238
436 115
318 91
128 131
3 437
89 111
263 47
293 195
189 29
418 281
232 291
223 435
15 444
109 362
11 15
415 107
240 108
45 338
40 230
256 91
273 148
185 97
30 347
52 202
267 250
161 254
115 353
293 318
107 59
354 271
145 220
357 153
114 309
29 424
438 66
257 100
257 135
314 152
218 135
404 348
396 175
288 39
353 56
185 177
189 355
336 420
187 297
308 362
198 359
158 264
84 383
318 320
369 278
221 230
65 70
190 263
419 384
437 258
379 145
392 230
420 180
141 319
265 269
255 332
63 383
23 268
218 393
43 395
127 48
366 308
391 443
253 38
219 249
432 75
53 321
233 295
140 164
262 216
132 68
96 320
448 82
155 312
368 263
138 79
13 305
323 279
341 82
132 378
71 16
31 199
272 154
180 320
282 14
122 89
375 11
181 130
18 142
140 65
101 432
8 186
265 171
284 51
166 2
150 83
64 340
333 377
386 47
170 280
346 206
114 198
404 367
361 317
97 188
70 161
308 112
233 209
335 1
151 74
4 41
118 391
415 353
148 367
123 332
372 244
108 80
341 20
35 416
387 261
335 56
183 41
411 170
316 23
267 79
381 333
132 444
238 113
125 336
105 318
358 0
127 62
333 396
147 159
41 393
254 203
138 96
311 202
166 53
129 323
248 132
337 74
254 146
50 412
22 411
120 99
270 6
238 290
109 398
260 6
6 121
106 49
172 231
447 298
218 428
85 247
105 331
42 360
240 177
217 340
442 63
185 394
155 199
7 249
344 111
237 272
92 237
94 90
228 53
115 263
259 249
44 415
449 262
240 273
374 420
417 206
375 366
192 185
334 419
140 85
210 302
449 386
243 157
428 426
10 53
412 330
385 321
335 379
120 228
330 354
103 49
315 271
135 43
334 416
423 303
83 256
387 356
406 292
245 408
421 27
111 241
43 147
345 0
194 290
379 98
90 159
371 393
101 348
420 170
218 103
275 85
5 180
9 56
109 294
164 359
326 63
38 110
14 339
128 64
147 78
297 21
415 431
90 154
402 294
272 22
183 433
73 289
149 42
294 58
76 421
387 446
367 166
144 413
14 226
374 232
37 406
385 209
145 275
238 434
416 327
415 285
371 272
392 376
368 345
61 359
161 124
352 157
261 243
215 116
235 45
161 382
436 390
179 427
52 324
268 275
303 231
313 361
375 429
352 381
29 250
301 279
238 8
400 393
130 153
58 296
89 109
160 415
416 92
341 389
307 275
310 266
117 422
448 231
48 350
377 304
278 224
313 311
89 50
435 56
1 151
114 76
160 9
72 263
252 122
108 239
159 54
266 106
229 120
113 205
61 48
49 79
14 29
87 447
45 50
405 365
126 368
373 119
142 199
208 384
16 138
166 429
193 251
256 42
203 334
318 302
358 105
203 8
183 104
185 390
14 385
314 248
44 441
45 127
167 45
438 53
112 410
142 201
363 334
192 344
164 268
169 315
234 103
430 18
69 283
103 128
96 242
294 382
364 190
252 210
19 282
376 107
130 327
330 96
131 273
74 383
395 337
57 30
91 94
30 317
378 233
371 254
416 128
278 394
46 7
438 341
51 234
439 133
99 209
172 253
265 210
440 108
403 313
358 352
69 329
239 157
436 336
8 142
280 336
155 30
131 42
393 309
320 399
415 184
443 343
346 214
48 304
237 14
401 235
370 250
125 39
303 292
168 437
178 405
317 401
55 417
209 201
120 327
347 416
370 283
387 147
278 5
303 66
100 262
58 84
319 187
248 296
274 145
328 222
275 364
35 181
187 241
245 410
384 259
36 98
403 347
136 411
269 332
129 340
279 297
3 195
305 449
299 131
177 202
107 318
164 444
326 238
52 160
59 159
81 141
1 411
188 244
37 290
213 430
182 367
8 363
63 407
62 313
262 115
317 16
185 21
159 19
182 209
156 387
438 10
27 126
211 123
250 321
260 419
198 12
116 397
161 174
440 0
226 108
176 186
441 229
251 143
402 55
2 221
333 169
444 236
125 186
369 74
178 219
108 114
421 164
65 288
102 104
448 33
245 354
78 19
167 143
398 166
360 448
426 94
101 15
404 107
289 334
188 356
122 375
189 411
334 307
159 216
353 400
228 436
151 398
155 247
262 193
147 65
185 352
370 29
281 302
329 273
281 413
389 173
236 96
91 96
20 188
103 226
147 376
406 79
19 132
32 294
101 220
198 408
24 103
153 350
432 160
38 3
359 5
324 394
396 48
341 41
431 219
420 237
365 125
56 121
213 17
26 301
131 159
257 277
122 46
296 39
137 82
71 108
45 113
298 57
185 13
218 110
328 163
32 159
189 328
260 311
144 124
406 222
322 140
17 203
430 206
143 251
265 343
105 292
96 77
29 146
163 28
241 342
244 192
424 271
16 176
181 375
282 288
193 202
92 182
166 415
319 332
227 82
259 430
115 367
82 211
311 268
319 142
399 431
243 93
41 23
340 382
44 193
106 183
43 211
347 117
181 103
223 310
400 418
116 122
27 61
17 37
243 394
112 379
48 385
401 308
117 272
80 392
136 141
329 168
63 125
211 102
211 169
141 356
146 260
50 186
144 309
403 0
240 372
291 330
73 385
163 55
190 438
23 192
72 79
419 56
376 221
378 53
36 313
53 287
95 162
334 120
281 253
194 23
89 10
433 90
358 199
26 376
47 316
35 260
285 92
361 184
278 339
265 24
90 175
403 240
345 145
402 145
240 238
431 87
277 279
350 426
87 218
75 319
246 290
258 261
173 163
83 346
337 198
244 263
286 416
23 62
249 276
162 242
65 52
260 259
268 37
70 304
317 131
72 99
55 409
432 371
64 183
365 237
247 209
255 245
159 104
341 312
54 304
197 234
285 53
438 70
8 32
83 173
56 132
326 283
123 157
204 374
81 120
317 36
51 323
22 306
250 244
238 319
246 33
390 96
6 304
300 278
63 75
22 158
360 91
37 240
318 236
368 15
180 26
430 23
112 231
415 272
158 368
385 350
236 326
251 27
168 14
445 393
129 80
446 30
45 414
391 194
148 403
412 89
7 94
22 234
422 123
129 398
96 244
433 389
415 79
223 396
328 254
186 154
180 360
441 230
166 372
146 109
199 131
111 237
444 72
210 333
294 267
104 145
400 230
237 193
170 370
368 199
284 352
380 120
351 166
120 338
349 442
159 284
131 363
329 223
47 57
263 123
250 89
250 9
135 116
228 169
411 56
279 99
129 397
227 326
134 171
185 78
141 152
179 242
163 181
208 183
197 331
435 351
423 259
137 352
155 439
147 403
328 221
145 263
45 282
130 298
306 303
176 135
253 278
82 420
154 24
401 159
81 210
138 427
93 272
179 220
98 340
371 68
53 445
152 197
247 441
379 403
220 24
270 246
314 37
39 435
434 352
406 442
206 296
296 406
292 223
35 365
278 349
403 53
177 177
203 288
336 265
404 352
257 130
41 116
261 424
313 270
373 225
286 58
136 271
410 430
182 216
36 343
299 163
110 206
225 100
342 344
389 167
267 180
281 383
374 36
285 232
242 182
198 5
101 375
137 381
94 21
90 449
245 308
202 4
72 235
316 124
443 69
8 432
166 294
158 307
435 356
396 232
337 302
295 88
218 439
337 153
422 427
7 241
393 259
411 432
287 421
307 355
36 224
115 261
219 357
201 34
110 12
340 30
371 89
359 314
293 271
376 327
366 228
436 244
223 25
246 195
68 188
73 352
275 424
169 255
34 187
407 146
217 352
265 335
239 64
362 281
197 45
331 196
388 404
236 379
235 393
412 138
203 325
371 158
394 434
364 314
206 100
420 335
162 166
108 290
346 182
166 434
138 368
35 22
77 99
187 5
411 204
205 388
22 362
213 13
294 266
189 213
335 418
176 124
343 411
296 251
435 218
422 294
72 148
23 98
416 329
28 201
257 246
165 40
383 285
331 298
122 280
376 428
149 280
179 254
192 122
380 113
269 218
303 76
239 293
382 316
65 334
442 430
306 392
179 332
306 244
126 408
221 254
64 69
336 274
96 325
143 38
329 72
436 66
196 119
306 217
64 440
52 330
239 160
169 103
427 395
416 17
102 69
211 207
19 196
301 141
168 177
326 353
427 403
377 151
383 180
157 131
363 324
30 421
197 186
54 195
37 375
421 122
442 188
69 117
356 279
352 359
123 347
69 138
207 230
101 178
2 73
286 115
375 60
313 18
114 275
13 361
258 291
343 444
367 421
405 330
32 275
322 163
41 407
120 110
268 258
85 429
391 27
138 72
275 144
204 319
55 100
362 208
172 102
23 439
450 282
140 226
175 403
102 123
210 306
389 215
264 346
116 6
329 401
223 136
92 316
259 266
114 299
21 40
68 73
217 375
421 244
439 296
246 289
103 79
297 207
284 208
57 73
308 33
270 292
264 36
417 158
63 298
407 37
450 97
34 46
294 390
254 241
209 386
365 126
72 254
247 121
367 290
49 141
394 25
286 445
191 146
158 70
419 363
341 155
357 272
333 392
425 300
201 149
347 81
436 415
22 16
19 402
115 280
123 349
99 53
95 98
371 218
310 356
262 187
203 23
72 320
362 93
390 249
75 383
300 45
120 399
333 47
408 332
359 266
374 221
205 64
323 285
303 136
162 432
134 2
409 206
6 24
392 195
440 421
389 31
164 356
143 22
89 208
323 13
149 282
421 314
255 111
266 84
362 353
189 335
72 387
153 289
450 347
277 62
307 137
102 179
424 409
158 313
135 211
426 210
19 266
268 231
47 123
34 264
304 380
169 106
156 421
387 448
439 161
361 97
19 115
260 309
294 418
63 364
142 184
445 269
175 428
425 2
396 103
7 334
290 22
3 443
21 138
413 134
417 208
417 214
64 217
239 67
176 126
170 136
265 214
72 150
197 225
366 276
185 411
372 325
177 121
229 168
295 410
278 360
26 47
140 292
274 37
350 212
31 253
69 425
89 437
443 132
272 264
433 76
244 37
155 281
220 93
150 375
328 260
138 298
151 57
408 268
60 359
344 87
354 266
311 59
103 338
416 107
28 385
111 217
69 373
383 404
100 18
416 321
361 391
170 0
289 156
388 317
261 39
252 418
355 28
127 347
212 420
3 421
15 53
329 335
408 331
3 109
399 387
107 129
144 386
322 14
178 100
431 76
166 134
429 121
318 50
29 410
31 51
375 404
410 229
206 92
384 255
379 358
240 32
98 440
43 413
388 75
146 329
107 392
105 88
200 420
119 34
209 298
336 393
34 332
266 311
403 278
109 90
439 78
9 413
394 114
106 345
373 28
425 169
380 207
116 333
256 123
239 163
332 314
61 135
129 400
0 243
90 285
428 88
398 306
222 215
176 250
25 156
119 185
434 133
336 366
427 79
348 448
270 58
303 430
11 197
226 56
437 237
223 170
418 299
412 291
328 174
261 143
273 351
246 183
296 308
103 182
215 271
46 216
137 304
57 101
443 190
412 334
191 147
90 444
138 234
148 202
107 146
62 100
171 331
425 248
23 253
434 450
358 305
438 438
321 258
205 89
193 389
52 24
40 425
425 330
102 330
46 287
277 232
212 89
255 62
433 47
91 60
100 10
418 354
257 142
362 396
14 230
173 22
2 408
430 380
201 21
323 374
273 197
222 210
110 395
425 411
288 51
137 223
384 54
164 113
170 279
449 200
269 263
110 161
363 167
101 121
263 72
387 424
275 194
414 15
288 27
420 400
141 102
260 109
423 66
206 54
402 247
353 382
106 436
335 284
79 140
281 82
8 196
350 271
124 343
322 106
113 437
220 332
49 214
98 287
22 365
237 295
145 295
166 148
245 230
39 288
40 103
402 400
403 61
43 78
344 46
368 145
234 450
278 17
44 167
172 166
254 261
400 110
387 26
421 87
31 168
388 229
37 285
201 235
323 362
347 373
111 109
345 58
242 284
392 433
127 35
226 244
377 77
414 77
225 45
170 259
342 288
3 32
245 329
362 48
316 327
124 430
133 291
330 324
448 270
252 18
264 425
37 273
99 334
244 424
298 88
218 388
137 219
282 339
110 450
93 389
114 36
326 208
437 166
97 429
323 85
328 50
256 167
390 235
347 163
195 436
334 23
376 124
137 117
23 60
407 107
46 174
336 267
31 45
316 422
133 37
180 23
114 376
213 205
301 119
113 103
351 435
49 286
41 162
370 40
219 160
39 381
281 277
378 33
130 181
382 369
375 374
70 435
350 54
204 387
249 170
262 65
185 396
384 134
321 342
362 215
394 332
124 220
416 276
408 27
3 112
88 60
426 168
6 311
410 39
409 430
276 131
119 309
74 313
422 231
285 38
97 155
78 264
26 306
102 215
71 119
434 235
160 160
8 317
167 366
342 128
72 262
300 153
384 159
325 422
189 236
233 329
246 31
255 308
301 174
317 371
367 263
289 8
173 182
178 438
406 371
305 225
158 362
443 345
326 361
214 321
440 80
310 350
301 40
291 300
97 403
117 418
319 176
169 68
341 290
275 284
46 403
200 70
403 147
202 250
379 94
414 292
410 324
376 209
277 61
264 192
56 390
9 272
237 319
276 392
7 282
383 66
415 377
11 93
129 97
306 72
257 120
237 367
434 427
336 94
364 33
76 192
87 449
229 291
400 74
226 343
216 332
309 176
399 363
117 296
116 38
214 197
412 58
382 430
374 50
348 384
70 278
352 338
296 44
25 272
178 2
389 194
105 197
378 360
38 238
111 166
435 430
214 178
16 20
392 160
81 322
108 71
289 313
131 441
372 195
197 318
303 411
436 80
440 439
113 136
55 228
306 278
142 161
126 248
149 51
265 216
63 195
217 93
118 361
179 24
299 255
439 212
270 176
420 73
260 75
62 135
283 361
319 417
228 164
206 32
106 53
318 291
9 400
409 167
119 113
68 378
128 92
333 104
20 57
424 415
199 57
113 58
182 136
321 48
440 141
214 136
164 309
5 307
420 191
67 19
268 135
21 196
292 101
39 156
47 217
229 315
262 197
345 390
72 30
172 72
33 183
2 423
172 86
159 128
112 289
434 10
55 107
155 326
74 279
224 286
366 44
387 62
444 116
119 177
223 45
161 372
7 196
209 126
23 136
348 410
326 379
338 435
9 326
19 89
143 36
222 193
191 362
162 391
77 165
85 195
421 29
367 107
303 331
335 367
112 244
122 312
416 432
377 63
167 250
74 391
419 422
331 47
265 154
293 399
15 141
33 431
359 206
194 237
431 356
107 403
254 86
258 124
427 217
202 11
182 276
345 28
309 370
447 139
149 307
339 349
270 5
388 305
309 358
82 357
294 40
198 396
422 79
7 84
238 17
104 100
332 431
21 193
354 242
441 246
16 183
279 115
121 226
52 72
39 177
108 17
298 215
436 327
263 181
303 404
47 266
346 232
126 236
171 413
118 290
107 366
381 241
324 85
447 446
397 259
299 228
24 363
106 139
300 89
102 297
318 118
297 354
51 281
217 427
125 60
71 342
228 305
263 112
413 136
298 237
363 124
204 48
304 251
60 405
153 300
228 434
265 20
82 290
245 83
224 369
424 118
419 70
381 224
222 1
323 210
432 424
332 404
96 203
156 407
132 273
343 294
305 450
369 84
344 195
353 341
202 417
130 274
185 366
225 69
275 199
314 218
248 79
83 1
313 5
352 192
371 250
394 117
289 323
144 355
158 232
192 437
288 224
354 13
212 64
287 378
145 34
302 27
419 428
374 11
372 191
71 241
356 22
347 139
154 212
226 73
181 188
72 100
240 407
308 339
156 151
203 418
198 248
382 201
397 201
421 60
427 150
185 184
268 263
278 81
49 129
101 187
257 139
32 379
137 428
385 148
14 411
447 54
265 112
171 236
251 19
293 346
199 113
408 20
244 143
261 450
208 139
24 422
48 274
207 402
407 205
284 57
275 238
405 289
224 318
257 258
231 234
436 117
188 239
385 280
302 38
76 71
41 296
319 358
222 199
236 450
361 167
24 397
443 400
3 353
54 323
120 5
397 222
74 424
66 247
107 279
108 375
214 364
3 127
365 1
91 260
423 187
314 208
212 299
261 444
327 380
428 193
373 44
216 317
171 412
364 194
74 209
189 97
313 72
68 52
20 171
240 127
398 81
220 156
233 144
144 362
218 150
136 334
154 19
134 154
222 412
359 114
228 211
355 434
179 245
30 128
217 197
83 279
167 253
99 191
439 108
255 285
155 301
427 317
175 27
212 117
443 12
29 409
43 173
29 210
229 228
37 255
168 259
263 261
304 292
289 340
27 254
281 65
311 47
424 186
225 15
81 94
52 95
226 316
427 42
396 56
407 54
274 382
425 12
412 11
439 199
238 55
379 21
35 366
9 441
181 6
340 40
180 137
178 6
106 205
232 436
171 207
237 124
278 446
376 430
308 207
211 172
221 216
50 349
49 232
254 353
281 186
401 53
328 202
44 150
237 113
367 154
367 378
125 65
387 278
62 319
197 329
159 218
309 235
71 386
306 362
367 236
24 239
57 11
130 366
98 291
276 153
1 260
303 163
428 13
303 449
352 223
448 327
352 369
181 64
25 31
442 99
375 263
70 307
45 249
317 367
340 133
209 375
432 352
371 66
36 190
446 39
290 148
41 250
404 64
18 447
133 92
361 344
385 194
94 413
324 239
343 153
29 310
68 211
329 287
202 297
383 150
180 443
272 143
370 321
140 218
287 316
299 421
91 339
289 378
259 282
301 192
239 348
7 20
234 235
289 202
257 353
127 87
244 168
262 432
414 185
187 91
145 268
326 423
367 214
23 219
150 194
187 408
443 419
426 173
361 314
253 405
109 139
314 110
212 151
30 340
122 217
437 1
114 258
52 238
199 226
153 82
84 169
381 355
240 147
342 205
147 382
17 263
117 107
236 341
257 70
156 319
235 431
369 394
11 232
194 248
403 67
102 153
382 265
136 66
51 422
319 284
366 213
308 258
391 114
34 391
245 416
21 31
167 101
429 274
191 64
327 224
261 285
204 96
436 149
56 265
419 176
32 399
143 166
50 347
215 274
222 218
270 355
100 125
91 444
299 430
306 445
43 184
196 134
428 16
334 311
200 106
408 186
172 314
167 444
172 355
49 348
300 417
205 375
405 253
135 170
265 345
11 84
314 257
65 395
272 209
202 264
200 277
1 348
27 408
198 276
415 22
96 134
100 51
263 29
31 308
58 382
25 212
171 81
212 36
308 67
418 265
372 57
305 87
381 450
293 350
249 248
111 421
366 75
368 283
24 442
180 17
348 2
172 300
278 146
442 171
259 92
355 330
197 145
223 57
321 350
26 101
376 431
111 291
117 86
225 373
132 264
385 120
267 272
448 200
207 309
353 192
58 433
372 0
386 388
19 111
268 382
26 111
104 1
171 112
33 140
216 104
376 450
53 46
307 218
268 197
307 343
300 34
301 415
15 151
321 301
122 274
166 189
117 353
366 420
233 128
393 355
83 180
206 44
397 393
205 77
75 50
130 431
64 231
390 425
388 325
162 428
35 73
417 160
225 225
376 301
235 376
317 66
204 46
2 269
183 58
190 244
236 287
410 192
433 243
139 248
195 11
330 221
93 400
9 127
55 331
286 407
180 434
14 239
77 449
219 96
187 258
281 397
404 420
418 235
39 447
210 157
297 347
343 224
8 273
274 351
141 444
450 32
202 313
202 295
375 46
249 356
121 209
63 326
313 198
53 231
196 17
63 52
176 156
174 111
143 386
345 141
405 220
32 35
384 291
240 52
251 404
158 51
242 128
81 318
346 283
162 180
76 353
224 210
356 190
36 4
208 401
437 145
241 176
381 212
165 272
69 324
257 96
73 276
385 111
323 445
298 91
213 419
259 293
429 222
140 221
300 10
70 254
32 84
402 435
222 227
202 72
389 48
24 113
391 0
110 420
325 406
288 252
438 178
280 360
37 153
276 333
447 17
235 274
48 324
89 407
192 108
361 201
65 21
269 52
184 278
262 146
413 422
81 203
133 135
336 385
197 183
446 368
323 441
264 311
388 203
211 428
252 81
108 400
34 12
205 386
292 14
240 185
200 365
73 255
80 192
72 153
241 373
395 142
199 2
431 294
314 33
342 145
169 370
116 223
60 153
438 290
315 50
117 355
248 13
445 177
377 189
204 231
145 133
124 289
156 439
369 433
82 393
242 6
174 234
192 384
164 84
448 5
247 154
128 237
341 180
344 53
153 430
136 344
60 109
258 146
55 15
366 70
284 380
414 166
107 281
57 123
385 238
78 297
274 144
166 166
78 129
324 225
140 383
302 12
129 302
431 67
245 372
46 229
130 271
269 139
143 288
110 315
268 30
367 204
97 102
293 80
399 36
134 423
122 443
407 233
408 301
258 115
128 124
446 351
64 423
29 385
221 394
388 165
74 368
264 208
44 166
433 43
84 162
112 364
285 190
391 261
288 319
441 65
125 126
282 229
299 117
55 172
181 200
99 399
292 41
315 324
274 284
430 235
130 80
383 406
427 190
20 238
64 427
250 68
208 355
282 110
261 258
44 350
51 314
143 376
212 96
343 216
347 93
146 168
127 118
224 305
316 38
44 405
324 34
101 247
365 396
55 58
89 418
183 427
380 35
68 123
22 37
310 310
187 59
242 227
177 119
20 327
322 279
205 153
371 33
217 32
236 211
47 371
212 42
82 365
204 49
424 135
433 333
8 100
17 312
162 108
110 378
424 181
428 364
425 254
405 118
318 304
200 74
251 249
58 183
28 437
382 11
190 79
154 312
442 290
401 316
51 214
79 233
64 286
199 62
141 241
214 371
247 93
140 286
140 64
386 250
275 335
64 233
189 163
25 45
421 324
113 359
415 25
421 40
316 89
224 51
233 157
233 282
16 189
189 346
92 293
167 332
157 317
268 17
76 443
322 301
446 151
363 200
55 199
181 141
442 218
247 425
208 180
332 184
107 433
12 355
100 113
93 17
72 314
414 348
200 45
322 388
46 309
433 444
72 323
35 210
170 355
83 313
31 131
101 36
428 33
362 346
146 280
269 64
66 252
270 416
42 220
16 397
123 160
17 308
244 323
190 237
254 124
13 22
328 408
43 426
221 213
45 441
22 274
254 74
319 206
292 16
89 345
192 396
277 18
356 350
141 343
409 24
300 346
115 328
249 350
239 387
411 199
217 20
244 225
204 101
274 231
229 32
143 215
288 429
300 256
326 18
85 222
301 124
57 157
246 196
107 262
411 414
344 223
347 266
317 390
419 252
394 13
242 403
318 89
3 194
412 3
7 165
402 450
0 426
161 334
411 394
290 25
271 75
237 242
213 333
114 290
99 349
238 72
152 85
53 281
37 303
2 99
274 158
11 56
187 186
104 191
245 71
202 114
325 26
265 346
28 72
394 279
293 122
247 291
317 171
5 416
241 203
227 231
298 66
24 164
386 205
138 115
211 271
13 170
412 67
2 41
52 101
443 155
9 208
28 146
133 32
60 263
5 332
27 136
46 447
349 88
10 390
271 341
104 149
428 328
399 133
176 215
317 357
352 161
245 235
4 24
97 404
116 423
124 19
28 167
70 101
289 91
86 86
409 162
138 429
447 7
240 8
123 9
2 257
445 335
427 241
414 212
216 167
45 92
205 373
221 431
94 298
138 56
50 374
246 434
385 237
208 120
46 315
365 445
322 367
438 96
105 230
162 413
71 24
307 195
55 26
12 161
397 25
372 275
112 198
125 20
186 321
214 344
401 410
149 34
439 416
31 61
157 417
171 102
280 224
11 221
115 26
382 288
80 396
310 35
221 24
316 10
33 117
204 118
354 75
198 425
348 228
230 430
1 437
212 114
421 311
337 424
49 33
181 379
335 108
36 3
439 230
139 5
83 225
350 262
53 254
83 275
173 292
86 31
267 239
333 162
57 159
159 52
38 125
46 22
161 44
154 174
22 330
297 135
187 2
28 232
152 157
62 22
438 176
73 425
293 160
152 89
258 311
415 380
298 154
251 94
261 296
165 357
13 238
258 140
245 232
27 438
232 171
179 50
82 61
150 123
325 102
308 60
321 94
24 97
367 55
227 142
360 247
314 98
59 203
370 187
393 390
361 287
351 145
340 222
227 135
19 134
275 181
134 224
393 34
218 420
179 210
68 173
100 168
88 320
363 62
444 377
148 261
209 362
376 353
163 42
81 117
204 199
97 231
46 413
388 21
439 369
393 13
323 373
331 208
204 299
91 83
284 356
190 260
233 211
12 84
111 387
118 227
41 119
340 346
206 242
117 57
295 392
209 187
381 142
363 6
96 423
351 373
392 348
156 443
279 26
385 404
380 28
296 248
228 132
246 279
375 205
48 70
200 119
407 447
220 364
395 182
47 81
359 197
252 270
356 227
345 432
450 52
439 73
71 189
370 269
275 352
232 362
337 443
266 107
320 315
211 302
92 359
139 134
120 16
207 40
371 52
61 171
385 281
50 249
78 226
333 260
252 1
309 82
45 268
227 411
7 366
159 257
186 261
97 437
359 104
372 211
301 321
450 319
385 427
63 245
18 127
89 417
32 26
391 343
66 345
205 326
262 277
167 290
0 436
402 53
157 291
132 103
129 123
293 251
232 364
198 26
235 428
100 190
278 141
172 82
222 206
201 93
270 137
372 209
319 201
181 25
393 286
398 99
211 357
0 222
248 354
3 61
261 322
175 221
202 167
273 227
128 421
141 235
324 198
376 436
424 89
221 317
12 184
425 309
214 114
30 419
221 147
316 249
248 11
206 107
391 80
80 101
180 177
289 265
8 239
2 86
448 395
289 14
294 205
208 261
431 280
171 272
38 66
356 416
319 386
380 50
137 271
24 265
235 351
429 281
243 332
381 428
20 328
173 326
85 17
93 293
11 105
400 174
134 297
434 363
192 114
418 102
359 332
317 438
379 112
268 145
256 261
449 408
352 133
214 203
433 100
248 431
310 21
406 284
205 5
130 422
158 109
357 30
180 147
295 290
367 358
323 402
341 131
191 300
91 414
46 60
141 165
332 252
204 360
98 95
369 140
56 384
409 218
333 342
156 234
195 417
197 433
246 108
45 165
374 258
148 124
249 31
294 210
26 11
71 400
295 412
182 234
287 350
108 430
130 38
229 293
195 55
228 450
371 131
430 76
233 367
288 419
263 344
444 264
166 376
157 250
24 266
76 372
206 441
319 130
415 397
256 371
178 199
249 49
240 49
380 404
150 208
106 172
323 32
315 266
3 360
103 123
269 335
117 429
440 13
373 230
352 248
80 23
281 373
62 239
174 445
131 197
404 121
338 431
57 297
266 178
353 369
97 119
42 252
367 312
83 15
86 346
1 112
381 68
216 131
186 280
142 54
390 106
380 164
45 336
21 401
338 180
49 100
126 293
332 246
173 169
21 331
114 132
112 42
70 336
310 349
290 256
298 280
21 16
90 41
241 290
0 273
2 121
432 316
15 56
310 219
200 262
409 350
376 442
384 386
366 417
87 42
161 73
412 260
12 101
416 42
403 72
95 255
272 354
158 394
407 210
370 216
221 416
267 310
326 12
258 316
188 192
328 125
43 421
66 357
248 406
40 417
230 359
217 164
315 39
197 328
330 162
248 58
10 148
395 293
47 238
140 435
24 162
374 124
237 228
330 24
210 58
335 356
449 191
23 186
77 238
321 129
408 442
32 282
403 416
160 448
232 60
246 120
167 424
343 124
384 2
325 294
347 450
74 440
354 174
328 216
412 172
312 18
321 255
372 309
437 128
204 253
54 80
372 422
28 110
347 252
47 107
325 289
351 208
44 342
358 399
92 396
164 162
73 423
120 222
104 57
236 133
246 160
260 442
78 165
375 291
7 414
410 49
58 300
274 52
340 237
396 243
162 182
53 108
246 401
282 61
422 281
229 115
8 90
77 58
204 408
249 399
203 46
37 234
82 93
21 184
400 429
103 112
375 177
289 209
90 303
289 419
169 418
64 387
105 232
403 104
287 426
321 279
180 166
162 122
366 448
250 166
266 23
323 197
361 59
58 1
425 420
63 317
442 38
176 194
396 382
307 212
265 443
228 194
106 244
84 268
348 115
250 268
195 7
150 343
250 84
314 417
106 222
17 106
214 386
310 346
448 212
159 270
93 113
260 375
320 96
119 158
408 411
430 367
378 55
209 325
60 394
202 343
240 282
449 157
222 382
188 211
361 177
218 294
382 272
369 314
18 134
341 372
40 337
351 280
279 267
138 430
84 197
405 49
100 135
252 442
349 225
315 286
263 24
14 205
217 444
11 372
128 77
414 338
45 440
275 310
173 247
364 382
444 440
437 217
308 136
203 232
412 107
153 178
271 60
68 140
52 326
168 426
274 95
290 434
380 307
435 79
280 35
114 212
238 408
313 177
329 74
62 159
90 301
410 214
179 95
129 262
81 19
117 333
173 205
273 152
132 237
190 104
409 388
222 219
86 114
154 360
383 246
59 98
1 225
115 283
99 342
442 401
124 112
74 365
443 156
382 363
150 93
203 368
156 408
80 384
337 41
296 92
116 79
72 12
199 435
375 227
239 26
147 2
19 63
166 276
283 431
411 55
317 203
320 175
144 78
251 380
413 233
201 175
153 162
3 185
54 98
249 339
155 235
101 306
102 309
354 349
77 414
294 144
438 374
340 421
314 440
154 85
43 253
27 219
132 215
89 386
10 135
40 193
191 381
284 213
253 190
147 286
53 302
102 247
150 52
46 318
318 427
149 2
294 353
289 239
8 224
330 1
233 170
392 233
126 47
244 411
402 158
61 80
420 283
311 190
419 100
295 262
12 182
319 412
192 21
364 65
237 310
19 246
354 86
213 158
242 82
297 330
106 417
88 275
74 285
136 3
393 77
312 132
355 312
396 391
99 169
63 164
382 373
48 377
112 313
53 148
54 117
39 214
356 430
428 117
380 148
154 89
409 86
241 15
28 356
157 370
58 49
176 280
73 224
359 164
138 304
290 87
21 178
12 145
133 314
197 93
321 13
17 396
96 440
259 375
90 43
388 134
170 117
393 74
122 407
112 58
433 17
50 161
405 0
121 300
407 106
17 373
106 112
168 218
220 21
359 155
398 178
438 191
47 403
411 300
319 91
439 295
197 131
129 303
374 388
333 281
45 394
172 48
375 332
248 111
322 158
129 184
440 355
34 4
88 206
12 81
395 404
99 62
268 205
384 6
244 378
114 117
177 194
394 166
413 236
86 15
190 420
397 53
97 81
286 151
345 153
376 16
370 117
142 91
162 53
387 443
298 415
108 142
105 442
173 357
412 341
273 253
93 111
86 102
417 45
296 8
59 179
320 107
62 42
0 42
205 321
130 217
335 20
105 271
225 77
354 324
139 73
232 159
439 380
284 277
273 182
267 73
439 293
197 367
337 104
160 206
124 9
294 125
12 71
279 262
78 361
426 38
148 324
2 120
445 238
123 114
25 390
391 140
194 53
447 265
271 218
196 92
392 373
344 1
372 80
178 48
248 137
157 204
25 316
312 225
70 396
251 327
11 448
125 357
263 9
293 357
90 79
46 345
140 355
412 287
346 327
419 368
139 35
181 131
195 337
177 158
424 227
243 247
359 173
88 177
336 106
76 138
175 47
41 35
15 276
219 143
141 1
251 277
156 301
25 71
337 142
420 50
16 367
165 311
219 219
370 116
47 236
150 406
240 114
169 94
84 416
290 68
44 377
216 447
144 92
230 290
61 347
152 397
361 375
39 151
54 242
87 26
127 295
206 404
377 408
2 416
425 397
234 231
112 59
319 74
217 362
151 181
146 16
66 407
154 438
286 385
161 332
375 197
73 303
349 384
394 359
17 267
53 146
174 162
162 46
44 3
268 257
22 54
355 224
80 34
38 69
264 364
151 61
235 35
387 55
158 8
57 130
287 48
10 346
51 363
133 151
135 122
166 40
274 223
366 58
353 302
125 269
209 305
414 287
255 29
231 376
133 307
388 393
326 199
249 93
328 344
260 334
185 224
165 55
39 237
216 130
264 223
151 435
260 383
258 398
99 394
133 408
239 412
51 292
138 131
221 118
29 258
98 381
297 364
308 152
246 438
89 370
74 61
27 111
123 380
92 385
82 171
382 312
330 287
122 178
426 120
391 239
444 9
367 3
414 394
385 397
93 414
150 78
119 32
241 116
7 3
420 435
59 94
16 334
119 433
104 383
169 355
97 2
33 230
5 413
13 410
252 194
123 204
99 108
235 353
377 381
216 275
329 234
6 142
361 330
292 197
268 251
267 137
164 58
197 334
14 194
234 25
143 3
33 145
208 246
59 120
18 110
319 397
57 403
392 106
244 94
178 21
292 432
433 287
405 411
326 325
394 436
413 37
332 171
141 350
339 14
153 408
390 315
432 422
203 338
330 126
318 183
80 196
5 69
344 183
322 432
79 296
416 97
52 431
54 340
16 435
111 53
146 134
217 62
295 84
431 387
163 331
206 234
32 29
256 360
65 53
338 193
157 382
387 329
20 209
441 48
348 49
216 217
327 56
417 375
413 261
431 63
10 373
39 218
196 232
199 155
178 164
248 2
147 315
78 184
231 317
443 447
235 330
132 359
79 272
389 22
389 267
193 76
109 38
302 302
189 339
250 187
227 17
156 239
371 362
371 392
300 266
365 229
237 278
28 266
341 281
53 427
388 47
77 50
219 197
55 370
122 230
211 198
295 408
312 363
237 320
113 39
399 385
396 34
241 229
115 25
162 7
97 360
59 187
62 49
423 413
295 34
313 279
256 393
314 274
422 310
232 148
255 311
120 151
165 129
290 228
81 285
226 136
309 221
234 50
240 421
323 423
168 241
90 306
4 375
350 264
11 376
426 252
184 378
365 164
61 1
20 340
252 160
288 387
359 123
71 361
227 65
117 383
22 416
67 91
418 443
333 217
165 181
167 159
202 164
243 406
202 293
66 240
127 410
370 60
348 36
437 90
394 60
14 433
300 345
0 181
20 107
61 26
126 136
188 284
179 162
252 315
395 125
270 434
383 420
333 360
222 85
23 412
153 409
187 3
164 279
421 261
357 366
153 161
301 226
323 295
287 52
238 83
280 446
45 147
305 37
329 118
21 67
153 32
362 343
398 19
246 119
325 187
173 198
122 427
288 171
331 343
333 6
129 310
393 104
359 115
78 275
112 324
67 344
182 241
223 282
357 359
193 165
276 399
193 246
34 134
84 157
64 189
314 342
276 36
164 361
403 235
5 183
340 427
272 430
308 194
347 121
104 70
32 113
354 338
419 64
86 293
148 189
412 202
297 16
91 425
258 204
283 394
294 169
160 337
202 312
274 271
196 80
336 251
225 150
249 323
144 350
103 243
85 254
259 164
365 414
93 336
325 301
8 410
2 147
226 181
51 336
84 381
386 308
327 122
107 61
247 252
117 240
164 51
129 170
173 401
86 445
423 117
236 315
120 131
313 211
132 108
342 198
375 318
299 271
164 2
10 264
268 394
30 267
137 169
143 373
212 349
243 269
187 279
381 269
357 7
334 235
207 406
39 183
244 127
423 189
291 352
57 410
341 387
327 120
447 136
339 99
324 39
150 284
75 79
189 403
365 179
369 325
384 221
328 114
71 314
6 375
74 361
295 253
322 149
175 5
217 387
82 380
352 400
240 31
386 248
36 278
128 119
38 198
127 284
39 54
442 15
304 233
28 193
120 384
174 84
417 171
8 49
445 167
124 71
340 238
282 366
68 282
218 1
161 36
22 371
155 351
159 269
147 278
372 232
302 337
379 329
61 246
401 292
36 420
328 37
230 314
92 44
38 70
359 360
117 258
17 61
320 280
164 72
172 397
138 339
403 63
277 106
218 339
307 128
438 339
18 132
249 92
37 181
187 124
389 449
323 359
446 394
39 41
389 342
320 161
387 341
177 394
282 199
233 357
203 165
68 217
7 177
371 366
193 190
129 24
59 304
155 175
320 166
329 385
420 440
79 35
195 46
61 87
332 55
129 450
336 389
9 392
302 148
338 109
225 435
93 278
30 179
251 57
113 328
295 51
318 330
315 248
334 326
148 447
153 355
291 280
330 234
414 388
226 204
435 397
93 396
140 338
17 42
228 126
79 345
306 204
197 362
28 190
114 79
297 337
247 49
279 177
402 293
17 411
154 391
71 321
12 407
444 99
336 237
441 120
131 333
124 283
132 200
271 177
414 70
83 307
195 406
374 300
276 370
288 417
0 299
13 346
26 449
382 128
343 104
302 28
319 134
87 174
227 312
350 46
324 407
326 425
25 69
381 386
138 52
262 43
389 19
46 169
235 296
394 87
292 116
379 425
377 85
368 83
196 351
147 378
96 201
425 138
289 213
147 439
44 317
282 103
77 297
376 173
186 310
156 287
305 304
233 296
322 326
213 58
438 160
191 163
264 209
257 81
83 295
227 163
182 179
233 243
21 450
88 21
180 206
24 34
359 154
187 30
431 268
258 195
188 372
47 63
256 75
376 422
72 448
350 301
149 223
208 179
403 95
172 394
196 303
140 362
121 371
82 100
313 323
287 304
422 164
39 309
123 369
437 212
138 382
381 199
110 210
81 302
259 291
48 266
384 96
391 66
21 409
238 439
218 69
110 384
202 433
114 42
12 275
430 393
235 162
409 375
234 143
86 129
363 247
450 440
33 310
408 14
10 163
242 140
97 371
144 27
299 335
302 377
155 309
180 201
355 416
93 237
370 105
396 353
17 4
132 53
91 81
145 432
176 12
97 28
270 307
82 333
306 64
283 395
236 265
31 252
337 161
377 113
350 34
97 42
247 298
137 311
423 358
316 419
89 141
274 148
65 403
238 103
401 289
292 439
114 217
173 327
15 337
286 214
296 267
317 59
435 36
225 188
274 375
252 269
32 9
213 398
333 352
290 74
344 406
440 171
339 181
206 202
309 129
196 405
445 82
277 271
442 32
56 131
166 263
395 372
308 90
348 76
285 257
110 314
234 423
441 265
136 45
147 201
281 320
4 374
198 230
268 448
0 356
287 170
241 90
52 397
212 377
191 2
114 191
112 111
92 313
421 75
118 216
267 24
193 49
402 83
402 319
427 72
141 277
21 207
275 163
341 39
6 110
157 162
134 304
362 97
394 54
418 388
430 168
355 341
411 420
94 36
97 137
169 133
378 16
76 121
94 68
27 374
62 262
325 392
17 392
210 353
82 302
135 134
104 296
354 295
110 16
417 372
228 207
348 132
219 377
22 308
375 15
90 204
113 246
111 258
68 392
409 410
430 222
293 375
175 333
289 79
161 38
363 312
300 398
421 127
229 37
375 432
277 380
282 25
101 196
360 423
309 336
446 335
105 258
422 430
420 383
30 436
431 25
423 148
361 71
389 230
111 135
41 351
207 28
194 223
258 102
26 61
83 65
161 147
277 338
419 337
109 19
116 386
250 325
50 121
335 143
1 212
244 113
442 400
363 237
365 341
317 395
389 195
124 123
439 113
227 195
313 125
12 425
179 241
227 343
448 442
304 201
386 226
376 100
330 125
166 380
331 62
275 187
257 257
187 66
441 256
246 322
126 273
253 291
321 450
414 335
5 442
232 440
161 119
72 141
287 346
210 273
295 337
333 50
302 421
363 35
179 447
378 84
81 249
225 326
349 421
411 406
117 1
422 261
157 217
76 76
216 415
250 19
424 194
83 325
23 146
61 244
293 118
94 292
387 30
421 234
257 372
205 418
236 370
116 85
247 163
211 278
7 436
65 242
235 235
277 99
97 51
308 74
319 420
375 367
293 56
36 47
395 292
332 145
48 250
238 44
65 248
231 386
209 154
141 434
150 7
104 209
87 15
60 37
15 232
67 159
377 376
301 76
250 71
384 234
155 268
36 141
228 58
258 263
313 235
199 370
418 136
209 421
47 449
57 374
432 271
243 281
60 371
372 180
121 10
178 273
209 275
221 410
277 118
387 438
193 262
99 380
309 6
75 396
248 105
352 378
48 82
275 259
166 262
149 336
289 229
51 99
109 137
164 171
396 139
290 141
101 272
377 289
426 429
211 86
403 432
83 118
26 99
54 110
316 35
344 28
396 305
118 222
51 360
448 168
145 243
394 343
102 376
446 273
100 388
145 182
399 353
169 316
368 80
223 419
91 235
166 91
49 442
279 24
436 65
327 282
167 351
17 266
218 352
270 377
119 450
354 22
268 97
142 83
146 255
164 208
407 98
224 243
260 135
313 318
111 48
247 185
404 339
125 326
218 154
186 112
238 218
271 420
144 5
347 276
235 281
395 144
247 391
64 66
89 221
359 112
308 444
129 235
175 59
441 47
119 50
36 39
28 408
336 138
92 102
398 432
228 166
289 212
156 280
365 426
18 7
364 185
304 267
151 45
448 394
306 300
47 27
39 337
101 72
72 245
51 6
252 356
220 419
224 332
236 30
128 107
240 224
323 306
322 438
62 444
314 159
167 449
115 158
409 231
245 377
5 172
161 116
132 66
224 449
67 45
9 316
228 42
328 274
15 225
444 110
115 201
446 14
40 118
277 25
405 195
282 370
93 100
173 172
353 368
170 330
251 243
65 447
367 39
258 338
394 237
102 411
403 148
173 387
244 17
271 308
344 407
331 226
189 164
128 367
114 274
224 407
215 373
335 228
104 323
268 248
25 378
130 177
427 75
292 173
114 419
138 262
198 307
42 417
9 106
14 70
98 59
236 269
354 144
67 298
110 426
377 128
83 74
233 258
122 447
79 388
201 108
162 370
340 96
65 389
408 96
444 30
43 409
314 8
110 89
266 341
56 435
26 172
84 189
147 195
222 119
176 127
39 164
408 399
237 92
359 46
357 280
97 99
65 332
89 282
314 18
409 195
298 233
365 403
136 125
231 67
351 339
257 157
291 193
436 185
53 396
352 190
450 428
7 185
65 73
111 185
262 51
258 111
319 122
408 377
168 264
13 365
368 441
64 269
89 229
360 106
446 83
75 37
306 327
440 273
86 375
322 285
0 124
332 408
102 103
392 448
319 310
174 264
74 226
220 435
230 305
139 441
198 28
259 270
183 209
110 7
276 11
59 56
195 266
41 176
318 126
89 187
180 132
102 25
295 240
336 362
10 347
85 406
71 77
409 74
132 149
365 447
359 338
122 342
347 424
172 18
418 370
423 351
361 80
188 45
12 199
448 266
130 62
290 278
296 64
318 290
221 244
332 253
102 443
314 103
14 392
71 334
393 223
250 8
229 55
227 367
436 445
78 183
159 134
312 294
310 317
67 286
84 41
101 24
195 86
51 191
428 399
379 367
423 314
255 37
389 97
240 155
146 48
23 350
319 334
414 141
336 9
47 91
3 163
444 49
424 175
213 349
329 198
350 168
378 10
354 435
450 370
33 420
111 173
54 123
113 233
281 25
417 406
358 367
326 43
46 401
91 53
98 224
433 157
287 20
99 208
261 148
284 327
428 365
438 23
215 355
135 99
224 264
74 411
152 198
84 239
186 234
138 230
432 368
382 90
290 70
272 60
231 315
429 200
145 313
37 428
241 241
274 366
176 106
264 106
79 251
355 190
8 256
191 75
206 353
37 221
348 211
152 430
250 267
264 214
280 138
376 402
234 236
329 290
129 257
288 274
239 382
168 294
351 267
408 172
308 27
97 389
367 150
354 400
348 419
381 256
298 48
420 284
369 413
12 40
116 75
383 3
148 424
36 266
381 238
233 159
314 13
157 240
181 363
166 96
361 147
17 386
199 150
434 28
432 234
443 18
220 334
140 77
79 265
234 201
60 1
162 440
94 330
282 147
406 139
441 46
204 42
61 370
233 369
106 167
439 142
333 443
290 394
51 155
61 448
231 86
158 446
328 97
383 195
8 206
141 114
392 301
199 269
415 245
100 412
410 237
411 198
59 440
14 43
215 420
46 444
201 54
369 398
401 288
210 247
159 278
186 5
4 3
181 194
425 147
40 326
28 1
401 303
159 410
345 307
287 242
102 337
236 34
200 165
120 147
181 417
157 375
397 298
343 172
180 140
445 385
199 40
137 414
11 243
311 342
120 416
85 396
75 343
59 41
1 143
304 273
61 56
376 66
104 364
407 169
288 47
192 346
341 138
360 266
43 9
445 176
87 5
200 375
199 415
48 400
8 62
58 246
212 301
85 55
208 5
153 403
118 187
158 105
326 299
123 203
399 272
28 359
178 398
361 258
199 376
400 239
433 106
366 344
157 11
377 236
300 84
391 51
413 180
268 16
146 196
109 6
386 135
174 79
417 255
236 55
190 156
178 158
99 48
100 443
48 129
69 169
285 345
125 63
352 201
85 78
399 201
127 280
48 21
124 372
91 191
48 205
444 56
387 145
21 357
160 249
207 129
46 54
130 417
233 293
85 50
433 393
430 113
383 13
340 447
48 150
259 403
448 9
344 201
333 378
275 18
29 273
67 3
247 247
250 160
167 198
263 30
312 310
219 145
348 294
2 306
198 286
98 253
250 36
194 144
441 10
19 410
415 219
19 350
250 122
156 251
282 20
434 278
429 270
305 247
421 68
78 402
356 373
130 424
158 133
24 44
316 401
97 368
332 262
196 131
171 382
377 81
154 239
226 80
356 109
371 224
91 146
245 207
344 44
253 422
394 221
19 140
76 305
352 346
205 166
77 368
180 258
139 286
114 7
100 406
250 278
303 358
357 39
228 32
307 68
111 315
408 402
188 136
81 55
122 343
82 368
279 110
402 362
417 16
418 5
262 8
81 223
79 244
155 3
83 154
263 118
334 243
401 77
322 66
259 11
410 421
18 272
158 49
58 318
401 160
247 85
164 373
342 123
422 353
125 59
37 373
199 169
407 160
238 129
113 60
379 330
47 180
8 280
376 18
366 383
299 344
360 369
0 96
50 283
294 248
339 2
51 193
39 90
283 108
141 90
430 200
192 16
12 37
109 296
208 400
132 250
301 292
132 112
442 343
208 289
57 85
109 39
235 199
22 135
125 246
275 398
329 361
386 415
288 182
326 270
214 403
293 220
360 373
57 332
111 139
402 408
314 54
129 180
94 376
257 280
397 213
219 179
173 255
412 157
446 113
376 446
323 160
156 428
351 48
75 215
35 220
312 427
167 89
204 274
72 67
20 441
236 218
68 161
76 78
298 341
290 377
359 329
402 128
292 395
130 126
21 382
420 178
266 320
154 415
38 335
150 40
10 226
54 14
121 449
44 139
2 371
372 40
309 134
292 442
267 220
118 137
440 168
204 196
316 336
274 23
273 360
144 330
427 153
18 424
268 441
19 123
317 242
397 133
348 254
278 139
230 196
13 229
106 344
217 300
58 102
447 224
197 268
17 6
316 434
238 138
128 193
101 283
376 195
16 398
95 206
265 235
40 402
325 267
374 104
322 219
179 74
52 312
249 431
304 275
427 421
85 323
295 359
217 75
135 135
287 341
402 221
83 384
347 275
279 53
305 114
410 425
233 354
43 13
243 226
268 342
82 14
171 292
133 42
429 136
320 119
1 376
120 282
306 277
351 74
203 341
152 302
86 427
102 212
175 337
114 62
366 102
303 79
393 167
227 274
417 262
385 263
334 441
352 283
195 232
66 334
252 285
258 290
78 450
409 185
176 442
24 324
240 4
91 255
218 251
398 108
391 182
99 51
436 199
275 257
308 151
96 396
413 39
74 144
267 329
312 411
33 367
413 331
106 77
12 139
138 389
143 47
392 238
43 156
354 256
223 96
275 350
403 229
259 16
415 235
10 140
296 224
108 407
62 63
59 24
359 352
136 166
450 216
300 271
8 68
226 362
120 138
388 147
142 89
359 413
269 284
372 6
83 16
49 388
77 402
80 205
232 250
66 291
194 239
95 344
201 50
12 393
123 362
321 216
199 197
296 279
437 125
9 147
162 259
149 426
163 195
238 115
14 302
110 33
421 288
147 89
359 242
351 195
342 218
80 419
206 173
411 104
421 399
438 342
277 65
52 93
87 18
353 258
14 402
413 273
216 72
2 193
127 205
248 131
331 321
29 206
344 427
189 345
423 132
330 239
396 172
265 12
227 280
296 387
244 64
99 210
249 225
411 168
99 195
188 426
68 333
93 55
20 290
186 262
223 300
141 65
6 277
157 16
185 161
29 341
253 124
111 326
73 397
120 154
362 443
378 429
272 371
340 404
329 254
253 163
30 333
231 74
173 379
329 338
109 167
11 145
97 307
55 253
86 365
128 46
62 379
377 178
18 251
61 31
6 341
406 81
211 343
318 94
249 129
60 401
47 382
274 132
241 43
85 142
281 229
237 38
344 307
245 142
213 128
140 423
91 280
64 77
85 2
363 222
109 21
238 269
121 126
372 23
172 68
189 413
271 126
28 358
440 154
434 325
364 142
86 80
77 13
136 301
68 92
325 250
98 178
186 183
412 30
281 385
277 195
14 353
398 391
225 432
370 420
256 226
407 252
217 329
186 230
323 249
431 2
126 309
117 336
260 362
62 169
385 150
261 8
362 410
68 445
202 338
313 59
222 43
29 7
127 361
420 279
294 89
241 248
371 196
38 188
253 112
57 422
397 328
134 20
161 146
169 150
401 305
246 130
214 31
60 94
88 240
423 67
8 40
81 294
121 441
32 409
127 329
105 298
383 189
321 187
170 372
78 340
109 180
11 440
352 193
265 312
111 87
450 129
449 385
428 146
311 14
304 196
235 49
351 17
225 180
257 312
300 287
86 56
257 77
231 120
243 212
8 440
275 392
163 122
198 8
296 346
442 201
266 87
6 151
89 190
102 1
119 76
147 395
218 79
329 286
184 406
206 365
73 161
129 54
337 35
51 262
136 130
391 450
334 334
341 8
3 160
91 49
427 409
326 91
37 89
420 302
210 31
226 311
355 249
69 224
443 212
70 450
17 165
194 340
283 434
190 424
402 125
380 357
297 425
447 434
185 135
438 62
385 183
402 123
212 372
102 229
351 161
143 61
52 148
445 77
223 236
176 220
255 161
58 163
74 420
276 367
87 288
289 243
301 399
47 298
223 347
258 382
422 428
387 268
24 70
133 31
119 368
153 112
287 420
316 112
119 66
332 187
446 26
163 197
143 55
411 352
410 37
160 291
371 19
327 273
79 324
133 70
329 294
7 162
67 300
182 5
28 35
359 139
442 160
291 124
18 194
298 248
138 103
179 348
371 122
397 314
308 82
393 134
312 202
186 177
393 175
384 84
100 195
444 432
190 175
20 388
402 333
202 165
272 383
447 403
200 81
11 208
289 46
332 17
196 368
154 143
383 440
14 50
218 108
116 163
240 355
118 310
244 217
122 110
325 24
330 316
344 162
213 117
370 266
50 445
417 40
363 83
145 386
422 202
26 272
351 137
73 317
147 417
196 251
374 7
65 25
448 400
48 180
144 150
161 139
306 135
354 15
260 327
172 183
40 204
93 14
32 149
46 0
194 96
253 259
224 446
387 273
318 121
110 22
73 116
392 193
410 251
134 427
131 30
430 320
224 6
288 88
227 214
2 107
223 60
156 237
132 219
276 22
367 433
211 168
358 133
354 245
114 289
130 314
359 1
7 148
259 39
88 77
246 319
175 312
382 106
344 33
369 344
118 385
382 389
394 234
179 297
318 243
249 59
111 289
292 414
254 359
278 396
142 438
148 51
231 137
141 315
430 128
404 221
201 9
283 318
17 115
15 46
317 96
339 61
155 159
97 268
89 172
402 35
317 210
210 1
17 77
174 199
235 43
221 450
434 284
410 322
160 8
439 291
394 360
278 374
403 414
407 328
142 446
430 340
360 147
95 212
237 284
28 380
12 438
87 396
432 335
23 139
216 169
34 2
382 387
368 161
140 203
301 295
375 95
384 170
251 146
149 281
317 115
253 304
229 18
386 134
242 348
329 351
298 54
55 118
435 5
376 339
192 207
326 54
437 33
335 157
98 138
423 3
419 395
262 323
134 237
128 0
374 173
314 191
324 233
128 216
274 292
153 60
217 16
381 388
292 320
154 80
141 20
207 26
447 415
125 329
73 412
213 8
42 216
129 428
345 91
4 147
282 156
113 387
311 229
419 415
280 95
111 162
111 207
122 132
75 169
378 245
292 407
202 46
108 180
220 1
147 35
367 88
124 304
20 44
438 262
319 405
407 185
311 77
306 448
116 108
16 32
207 56
417 417
351 228
435 27
253 421
62 86
396 335
265 151
113 135
26 145
64 290
328 270
152 321
30 221
369 297
393 379
315 335
128 326
237 25
246 354
206 303
284 45
419 270
202 354
198 185
383 135
50 356
273 286
4 182
319 374
211 115
395 351
226 11
150 125
32 247
417 245
175 77
123 392
295 229
248 128
167 230
336 282
190 241
146 70
269 111
203 264
339 45
94 55
237 13
139 219
100 226
132 152
359 393
187 67
183 161
217 276
328 381
115 72
207 52
365 354
304 396
302 288
214 431
295 275
43 338
437 307
195 56
269 322
92 271
136 230
131 208
147 213
335 90
256 156
112 338
369 216
248 250
209 232
325 195
341 11
170 270
206 48
134 186
384 194
122 255
261 103
57 373
7 125
145 80
381 415
73 438
382 7
259 350
100 89
197 408
146 337
294 157
123 141
262 203
325 282
30 25
182 387
407 204
212 298
288 296
77 127
320 120
421 268
331 128
395 53
356 206
39 282
197 223
201 120
222 28
69 4
355 172
391 100
419 371
259 157
226 122
30 264
404 416
86 34
63 330
341 27
289 70
175 63
387 165
73 191
261 89
128 310
304 356
248 336
306 329
91 430
317 12
357 65
235 405
153 172
70 286
256 189
90 245
386 284
190 118
221 175
372 67
16 232
272 145
246 74
286 369
177 322
379 143
400 65
87 13
178 57
404 71
392 15
212 154
331 31
408 201
38 115
118 435
425 231
431 248
143 389
3 408
160 259
186 243
112 130
449 217
78 81
150 27
359 436
77 327
213 441
184 153
32 161
247 295
448 417
417 112
107 159
137 265
34 100
157 377
379 396
191 369
294 76
290 216
27 0
413 302
447 85
423 375
53 228
194 52
315 31
154 206
435 171
55 125
227 299
347 4
408 318
277 19
352 243
303 162
266 146
295 137
232 177
214 148
35 446
39 143
381 182
15 310
56 78
184 354
59 327
248 12
70 321
179 57
360 288
210 167
212 19
65 361
134 367
206 417
51 392
251 391
446 207
162 194
82 402
319 401
388 119
154 407
273 413
254 88
142 372
40 444
164 244
155 325
309 359
412 34
251 394
314 256
101 87
448 184
273 218
334 43
96 336
129 282
115 429
283 167
141 104
267 36
280 365
97 233
363 348
410 170
146 263
434 422
32 107
14 197
350 429
63 1
259 256
243 236
405 117
350 6
89 420
147 130
135 191
342 447
225 141
352 439
415 276
215 106
411 158
212 290
435 439
407 105
205 81
279 420
0 56
332 195
14 300
279 86
311 168
172 325
277 336
296 374
448 377
194 164
220 393
116 277
168 202
210 234
319 68
337 181
96 117
135 382
203 423
258 21
32 290
397 345
41 359
384 253
420 377
266 91
7 210
32 342
275 16
34 111
106 246
311 221
341 254
7 301
165 304
9 257
54 312
76 80
347 350
60 54
248 37
326 65
376 62
257 352
153 219
92 47
148 122
62 414
53 42
32 250
258 81
373 67
301 216
56 356
394 284
31 379
390 165
321 449
305 125
157 229
273 399
170 385
212 164
13 374
155 136
204 443
167 312
200 408
449 129
25 303
150 77
221 17
34 411
198 228
252 324
409 125
69 163
50 35
439 227
46 344
411 64
95 257
164 62
257 111
364 149
374 438
46 184
216 345
130 218
108 362
141 139
432 165
77 396
44 356
10 87
444 441
106 217
50 99
447 111
358 77
203 69
57 76
194 293
271 257
20 36
374 384
312 87
295 234
310 173
294 96
406 21
142 356
219 392
244 75
161 396
107 164
74 389
179 164
201 104
246 266
396 222
264 204
203 342
428 2
389 89
79 419
369 202
42 209
242 203
379 421
143 381
226 221
206 47
54 192
262 129
232 156
249 448
184 358
68 266
29 118
83 334
80 388
349 348
150 412
135 279
133 227
53 28
268 440
25 148
342 130
203 147
339 136
366 16
8 244
441 361
339 222
440 193
448 119
167 74
370 363
259 122
442 235
119 405
14 133
221 210
137 306
4 76
235 335
441 163
243 352
55 432
271 317
425 282
228 414
273 5
128 378
173 20
326 11
157 409
378 371
93 380
397 68
92 140
102 314
315 381
344 191
248 234
410 340
350 447
383 72
421 271
328 62
343 305
232 149
344 419
119 163
2 100
392 357
285 160
283 310
231 17
102 225
399 416
108 431
97 296
227 7
420 58
325 186
358 402
420 36
278 40
116 371
93 185
66 129
72 228
78 24
207 414
360 76
269 235
73 380
412 234
4 236
196 43
335 445
306 62
388 397
33 208
305 65
82 383
266 301
254 176
397 317
246 394
223 361
52 370
146 80
11 41
15 230
403 79
181 405
438 337
201 15
76 235
291 102
82 183
246 304
306 79
297 370
222 311
345 445
238 428
351 66
37 185
114 380
373 80
178 124
180 417
63 291
139 8
106 132
43 112
442 35
348 299
18 112
234 195
67 70
262 308
247 304
74 392
349 448
171 60
113 240
38 112
300 60
148 265
393 322
429 44
440 336
313 343
386 260
329 450
200 238
147 294
371 157
352 60
54 377
303 193
387 206
187 410
313 356
401 382
203 10
424 149
113 53
224 33
346 205
150 111
244 117
162 192
282 3
449 58
120 358
6 349
70 350
172 59
270 46
409 250
422 352
105 262
137 404
382 444
389 232
407 416
2 370
335 76
276 296
423 167
280 100
302 51
167 396
259 86
121 264
294 162
431 291
446 52
56 104
239 337
55 252
132 145
115 397
418 99
126 220
284 216
51 114
183 287
296 404
223 391
84 411
239 61
284 417
331 318
161 380
208 290
195 429
278 1
417 146
394 202
402 176
164 121
383 105
344 144
200 55
344 142
421 123
325 212
390 92
194 175
1 208
335 397
141 107
89 201
163 108
403 431
231 282
46 421
154 389
123 211
411 81
303 374
125 121
291 105
36 2
26 296
249 369
265 328
363 416
436 168
405 416
69 214
274 256
169 129
294 196
329 18
287 178
261 310
442 175
200 144
261 149
112 53
259 279
256 16
205 155
283 162
182 75
340 195
250 417
241 185
238 165
390 161
128 410
11 101
332 285
153 271
351 244
78 271
145 388
80 369
367 329
317 249
259 8
285 402
14 117
366 212
17 313
364 156
233 12
171 238
7 124
127 34
32 337
124 258
276 428
90 435
21 50
141 110
425 450
300 65
436 380
416 275
128 109
252 298
122 202
72 420
262 419
26 258
18 205
358 431
205 62
81 54
92 80
48 252
104 337
356 328
363 393
218 225
143 255
270 39
417 304
206 379
295 201
375 33
411 164
402 391
280 120
32 228
429 251
425 263
35 56
208 306
318 28
169 49
82 214
192 337
21 441
326 321
195 338
162 305
325 272
266 290
98 26
346 34
72 97
28 92
398 130
168 165
291 168
349 280
25 358
283 426
351 174
70 397
292 368
440 207
410 211
1 192
262 382
437 390
30 374
355 114
370 314
27 257
367 59
107 316
40 394
438 283
291 391
81 134
327 63
81 394
371 354
189 203
327 408
308 124
203 140
106 31
410 195
153 286
98 265
387 343
177 156
255 4
126 242
415 189
114 339
346 420
291 213
110 44
220 138
66 35
203 92
237 279
180 171
441 50
350 50
373 25
190 91
118 338
94 94
323 84
411 412
215 321
447 46
351 264
86 176
15 262
286 313
367 117
278 172
341 87
79 137
143 134
390 94
294 313
36 364
220 155
449 344
330 192
72 144
297 44
21 55
204 229
360 33
242 108
433 372
84 360
390 305
408 417
186 41
295 419
178 297
313 424
352 107
413 357
355 367
51 226
261 445
270 50
355 54
148 206
309 338
366 246
45 212
246 242
31 124
428 10
364 325
311 284
298 371
404 166
19 42
283 399
135 140
356 95
231 60
42 188
405 109
159 24
266 275
378 319
197 46
65 133
389 56
388 65
186 90
326 232
448 347
410 413
136 336
270 372
420 5
4 421
201 140
442 303
402 356
202 261
14 295
108 259
73 419
124 444
261 56
90 15
329 421
123 396
17 157
275 35
408 98
29 162
153 240
332 101
133 279
387 7
176 253
285 12
215 403
333 304
36 315
294 166
39 442
373 259
396 136
158 4
115 110
302 260
372 352
2 286
248 411
9 209
78 107
104 350
187 114
358 204
224 363
279 143
444 167
120 74
92 153
162 275
78 128
188 285
305 347
135 215
415 197
8 295
30 246
423 143
118 70
302 321
95 140
385 19
154 4
19 289
221 156
450 290
85 301
0 50
261 77
60 374
112 339
411 63
293 325
328 176
363 372
158 363
414 136
222 88
308 125
79 106
8 31
374 87
56 9
437 399
77 93
21 281
341 148
187 283
89 401
153 4
262 363
186 56
297 279
337 166
112 101
55 50
195 177
99 405
191 253
165 372
307 156
225 407
341 156
120 86
132 361
312 126
164 300
216 420
2 165
170 337
321 15
126 201
153 97
14 164
184 69
96 304
233 57
219 421
168 197
264 46
276 29
226 280
29 422
198 44
230 262
112 416
146 9
152 179
10 200
433 370
17 261
389 265
393 270
357 312
327 367
29 332
197 358
312 88
94 190
260 399
271 421
242 371
381 259
351 149
39 413
178 304
166 161
56 213
279 175
168 432
26 402
263 302
377 272
128 184
166 64
51 136
96 323
375 101
117 171
418 392
52 250
193 184
59 312
205 449
449 81
341 299
365 313
330 371
386 34
423 158
221 86
274 252
37 313
121 120
56 191
123 57
262 11
260 207
227 184
394 97
413 28
394 396
161 390
168 68
37 247
36 332
284 195
222 147
251 269
69 118
434 240
296 104
386 313
331 361
263 205
127 219
342 274
414 374
449 174
105 287
428 174
305 413
48 426
102 268
24 448
390 109
131 86
331 192
236 364
30 138
288 416
23 249
183 79
275 249
443 308
318 4
121 409
356 85
190 342
40 383
15 292
82 62
111 347
224 121
425 146
103 199
296 356
74 117
140 41
362 28
262 15
360 190
188 52
161 307
320 77
416 284
151 21
315 166
381 258
429 324
37 33
252 300
64 89
158 112
360 201
334 270
46 31
218 106
288 367
370 426
230 251
54 216
26 77
447 77
93 447
175 157
289 129
440 228
60 41
256 301
269 4
191 270
214 266
407 373
31 220
42 166
12 114
309 112
332 377
449 0
34 67
305 358
178 431
294 304
100 235
75 307
64 71
258 328
67 326
351 236
56 250
19 399
7 136
181 137
198 84
1 356
403 209
26 33
51 90
79 21
336 401
360 196
37 175
43 19
42 187
117 4
140 101
216 283
258 321
91 141
109 411
33 210
71 324
283 199
354 99
70 21
434 13
162 163
324 241
110 376
45 3
371 409
355 52
438 24
207 101
430 352
31 328
435 14
198 104
175 119
358 192
278 214
358 16
284 108
150 202
393 25
299 31
235 337
347 347
28 45
187 189
6 371
195 331
137 194
136 129
66 135
386 292
318 238
141 60
219 23
355 440
17 32
289 113
137 342
31 182
378 1
256 39
450 173
198 108
341 51
405 50
432 232
282 84
443 94
12 403
252 177
74 376
445 314
222 57
443 16
327 255
346 389
214 312
335 393
389 308
157 422
90 24
322 212
22 85
7 99
268 284
287 12
283 39
329 320
201 226
79 375
243 44
101 148
442 259
343 287
379 334
217 241
22 321
224 41
236 189
302 178
274 249
436 359
108 38
133 216
352 318
81 361
61 209
193 177
393 18
373 237
99 50
90 279
428 26
202 421
178 78
26 226
309 151
293 158
107 277
215 393
427 266
123 177
316 341
171 26
169 324
52 353
287 101
213 238
263 333
7 330
415 330
239 53
135 86
1 420
229 282
66 8
245 405
398 409
154 301
110 412
447 48
303 278
393 130
238 283
123 276
48 198
76 91
322 329
434 271
214 202
184 414
6 109
258 132
273 50
449 293
237 226
388 73
362 103
169 226
48 138
203 354
103 385
176 330
339 46
9 111
412 110
102 383
320 170
402 342
260 365
230 275
284 435
423 42
30 161
232 316
422 147
344 99
99 277
151 156
41 286
446 399
137 424
33 398
297 393
100 326
73 291
337 437
287 245
393 287
145 394
300 424
423 211
245 379
217 176
142 437
119 1
436 329
11 384
386 160
258 117
330 141
159 87
366 323
173 341
103 126
80 167
424 288
16 67
430 187
339 225
154 33
369 104
296 212
102 450
302 41
440 14
438 340
63 348
306 312
259 169
177 242
231 129
79 3
319 407
311 445
10 52
197 251
189 68
223 68
366 407
10 384
228 418
61 223
395 88
415 439
105 95
330 270
284 168
330 200
21 277
192 285
15 314
374 353
430 56
350 230
129 324
185 143
46 65
330 13
402 407
281 79
278 227
4 31
70 184
3 365
129 176
299 236
277 361
439 135
299 211
6 276
404 172
261 16
249 355
181 273
437 144
422 87
246 318
50 291
165 179
46 76
98 363
88 322
269 341
400 444
58 397
275 418
435 423
312 316
86 400
240 213
83 436
10 122
55 315
1 203
17 146
241 344
215 385
72 422
144 383
341 68
191 49
182 338
224 216
426 221
185 144
126 88
66 143
27 63
263 180
113 184
91 184
118 96
442 381
19 181
247 140
415 434
12 181
17 82
449 131
376 270
221 351
192 83
355 129
194 153
438 71
78 345
449 82
285 150
118 41
275 27
270 225
108 440
430 27
332 31
369 226
432 382
420 218
316 55
9 314
361 181
96 296
205 69
184 417
188 212
425 258
422 139
17 48
84 27
29 154
328 242
9 110
14 162
63 83
67 31
437 81
83 20
163 173
147 239
64 208
223 108
297 81
370 170
2 277
66 385
78 139
166 39
75 342
323 231
279 31
214 323
327 414
108 300
96 339
145 188
38 332
74 262
413 276
7 248
173 301
235 402
392 123
157 244
168 307
322 93
424 272
101 18
448 15
16 321
117 88
360 404
162 110
278 79
196 157
440 219
276 249
389 103
316 328
361 340
177 129
444 91
399 229
197 363
119 343
229 418
299 149
438 169
41 443
313 320
416 323
91 314
266 352
283 366
221 378
176 16
217 17
7 6
322 173
182 171
83 59
243 221
391 389
216 296
429 293
362 24
170 111
288 321
178 227
442 360
450 92
183 111
122 369
253 392
250 338
96 14
385 98
193 132
230 395
342 264
180 280
264 334
299 40
111 101
85 262
86 33
3 74
350 176
13 3
370 263
123 253
231 191
72 429
148 273
153 386
312 303
426 260
138 360
105 162
174 270
102 248
449 108
120 436
72 175
366 293
306 103
182 300
449 28
440 183
371 160
275 324
203 194
344 367
315 20
439 234
92 49
199 251
360 195
143 256
281 333
301 44
386 35
389 303
378 163
357 446
3 307
105 336
194 255
128 218
44 64
111 37
12 447
205 114
18 210
154 183
265 429
327 382
40 261
91 277
328 407
348 289
3 273
93 218
87 350
385 9
60 270
138 375
50 314
159 10
187 332
272 236
97 138
80 241
312 297
214 112
189 336
220 20
7 14
118 63
183 214
71 292
100 408
21 299
232 225
402 202
243 132
35 303
109 408
130 371
435 442
445 436
212 237
417 142
188 234
77 203
350 16
399 433
321 193
161 37
434 334
304 310
291 153
445 119
80 321
306 266
174 385
314 414
222 338
124 331
227 429
252 107
276 70
160 196
390 267
421 441
60 197
283 83
246 89
448 26
424 354
392 214
352 229
320 359
266 124
358 169
450 437
419 18
344 218
294 282
198 372
61 111
318 73
95 266
265 275
285 3
27 214
252 358
379 12
244 41
287 225
287 333
330 429
375 329
34 310
424 39
5 163
45 22
411 105
237 65
260 127
25 252
394 336
137 106
426 21
155 138
316 292
116 388
131 393
339 387
327 24
329 93
399 296
169 54
192 334
345 167
274 162
209 436
381 78
14 57
104 98
162 309
23 37
267 398
0 66
62 161
84 86
138 135
6 18
447 100
419 396
412 293
317 255
75 126
121 346
40 146
56 169
206 116
50 159
239 324
342 254
20 193
45 162
175 442
102 117
391 381
113 46
96 207
146 189
178 93
436 83
172 88
3 423
210 267
77 390
55 43
3 357
449 183
173 380
90 391
144 262
156 281
356 364
16 90
394 219
388 19
241 50
69 341
10 387
47 285
294 192
404 421
149 286
185 336
186 416
22 271
391 168
308 287
234 286
162 290
221 85
340 199
145 300
348 296
105 328
293 296
15 316
386 295
298 449
162 412
301 402
147 252
203 396
95 283
146 235
104 27
224 139
132 228
95 367
118 155
388 376
74 214
77 106
309 404
347 54
278 56
405 298
206 194
126 289
246 200
24 360
211 281
170 151
369 58
191 103
211 383
199 233
311 204
123 128
421 142
258 104
378 6
53 23
114 140
21 447
251 430
441 384
401 351
313 86
219 246
105 167
279 160
122 336
374 146
22 95
120 49
167 8
29 137
301 50
8 191
137 132
336 196
138 43
280 316
134 174
392 335
51 172
73 192
276 71
63 228
392 18
5 320
318 46
237 250
379 282
131 391
54 396
228 61
405 359
125 395
311 122
116 22
309 282
79 24
94 59
242 143
30 72
227 38
324 447
387 53
405 345
230 388
425 58
449 334
192 385
39 268
443 294
84 4
328 348
129 76
23 83
283 234
76 265
266 306
351 445
328 320
379 105
92 345
412 259
399 176
71 168
413 144
43 107
322 281
326 45
195 287
128 415
243 311
171 326
301 194
377 406
67 437
88 316
66 39
43 230
327 289
419 289
154 159
411 257
272 347
116 299
252 76
98 405
447 80
223 151
145 427
340 413
14 202
74 267
99 160
25 135
294 381
382 111
286 37
424 127
252 150
342 139
295 255
355 168
163 138
66 402
242 419
219 213
372 400
89 351
53 104
139 297
179 406
47 318
210 324
440 300
209 447
128 94
269 306
248 186
95 317
114 53
167 223
309 376
259 444
67 406
168 91
225 105
330 40
366 224
355 99
74 119
321 172
255 147
257 163
314 324
83 219
260 414
267 405
11 417
12 265
161 154
277 358
384 282
312 405
49 178
257 279
366 418
229 177
254 268
28 327
300 446
359 301
15 264
347 71
214 320
235 241
323 288
165 138
147 327
367 68
193 279
93 276
365 22
355 229
160 436
321 135
397 125
439 292
63 153
361 94
279 233
328 376
24 199
410 354
51 438
42 180
240 122
348 173
345 188
84 163
291 89
301 168
28 250
334 411
381 40
207 277
21 320
386 189
49 421
403 120
150 299
359 223
339 219
206 427
56 346
57 52
250 121
277 154
438 279
188 301
311 15
37 294
385 385
334 215
105 274
105 393
222 421
332 38
256 234
442 67
260 438
326 180
139 113
255 199
187 345
7 138
159 215
29 291
101 407
328 100
217 201
108 166
419 41
33 41
446 360
173 374
436 355
363 415
413 34
57 92
195 361
177 0
11 188
320 449
79 305
350 290
126 12
10 150
372 52
400 439
184 449
159 26
175 286
326 131
370 139
191 422
32 48
257 58
155 183
9 113
154 284
144 1
447 39
263 110
426 433
352 392
353 157
362 20
361 319
312 432
59 222
68 30
411 249
7 186
365 374
298 23
32 433
413 158
366 14
390 299
300 332
269 20
176 393
356 221
296 254
232 92
295 450
315 152
65 257
45 171
31 423
4 26
180 313
354 340
317 3
256 74
330 311
414 319
402 385
296 333
244 266
384 416
317 248
172 274
157 81
436 326
190 189
371 446
232 350
149 91
58 8
221 59
3 239
383 265
440 324
217 117
109 283
24 311
410 134
93 217
184 302
11 97
247 182
218 425
58 67
54 330
218 141
277 421
213 106
346 369
227 250
427 224
388 91
435 7
28 54
125 10
259 48
25 391
150 50
174 277
63 225
55 365
208 280
119 157
122 378
129 90
110 96
422 83
158 134
37 360
213 358
198 401
247 254
361 316
126 345
170 135
258 383
288 131
449 8
48 420
9 78
379 405
426 201
153 17
243 409
221 136
407 423
78 90
37 118
361 387
170 210
258 361
120 35
121 128
285 383
89 448
292 307
373 310
49 35
406 62
232 29
18 102
270 248
348 219
115 446
55 364
116 187
18 309
401 32
357 414
170 198
18 209
234 268
60 95
246 234
410 388
394 232
175 54
329 125
12 225
18 328
166 180
347 322
386 283
405 333
24 230
132 133
279 277
293 39
170 228
166 254
374 333
138 14
73 244
306 21
285 208
18 104
245 79
286 375
82 59
143 179
113 255
152 149
3 124
334 271
423 176
33 313
134 364
54 210
38 341
277 68
55 229
57 387
322 143
26 215
193 425
305 153
306 339
286 117
221 361
39 361
380 330
247 350
79 213
81 235
50 88
348 122
306 295
14 224
338 117
208 427
44 266
73 233
220 42
217 178
149 300
267 274
305 205
351 130
420 76
445 188
226 384
34 323
298 330
144 346
202 292
214 232
342 104
78 363
322 5
359 162
184 273
214 69
215 333
376 114
333 338
78 299
410 172
243 5
252 257
267 424
278 436
274 344
265 286
143 7
108 377
411 351
83 297
289 439
235 164
148 355
149 387
325 278
333 250
422 348
300 231
216 88
293 276
415 367
45 103
357 57
27 88
202 109
413 49
22 313
394 72
61 255
170 229
194 177
256 366
19 36
442 249
158 322
265 228
409 175
145 311
395 220
371 343
51 199
404 16
436 322
375 416
196 102
289 260
172 348
440 288
92 288
249 330
97 97
427 208
421 445
141 185
110 86
358 238
154 305
233 74
59 414
158 107
248 63
331 360
431 257
169 5
26 173
21 227
352 235
198 112
203 193
125 378
239 48
222 295
331 88
299 427
154 169
322 220
311 277
324 124
417 278
23 28
336 261
135 128
354 365
131 88
320 416
412 444
179 63
268 125
408 104
143 350
110 77
77 444
214 407
249 136
145 301
143 325
18 78
168 292
278 259
224 141
279 37
270 9
185 231
89 48
123 367
422 65
230 36
171 424
407 381
68 370
270 14
269 242
392 134
366 161
272 71
294 259
116 204
55 146
206 249
38 321
19 412
164 212
226 387
26 251
244 430
304 8
258 28
392 0
242 152
349 226
362 320
225 11
243 280
91 331
232 89
181 92
155 11
214 437
151 188
219 77
73 69
308 396
171 23
217 382
243 395
217 221
193 45
217 184
111 254
141 417
115 322
401 319
359 259
374 318
99 319
16 381
104 188
227 374
412 102
349 82
356 49
17 68
372 339
42 356
142 62
134 203
50 104
326 449
35 179
60 236
438 201
429 125
36 334
317 185
98 348
57 334
277 85
361 304
224 212
179 378
221 200
39 406
154 163
57 97
386 99
200 145
45 364
64 39
429 398
401 76
447 175
166 124
96 433
433 367
298 183
3 35
191 445
91 279
384 257
225 317
194 345
289 336
50 250
288 129
152 211
38 204
235 40
241 188
371 355
302 78
101 129
6 399
392 66
55 220
220 6
3 123
333 160
197 32
285 438
100 73
365 130
307 220
133 54
21 10
215 148
89 97
15 416
310 329
324 141
145 424
278 391
372 333
39 168
272 49
55 259
314 188
371 349
402 68
51 310
161 94
230 423
295 148
297 134
166 350
235 308
314 142
199 335
138 315
200 51
169 258
227 76
249 83
233 215
192 274
412 99
380 10
410 79
262 55
38 360
268 38
415 129
230 102
253 266
435 337
232 233
434 370
450 354
154 314
174 211
93 240
411 58
420 114
3 275
276 64
425 274
119 408
223 425
382 287
332 388
307 312
441 221
443 78
116 118
334 395
362 6
7 235
215 33
204 314
155 1
29 241
90 366
388 187
291 220
307 142
272 435
52 342
158 170
168 358
392 182
374 189
279 57
222 418
62 58
135 447
68 350
144 205
62 102
394 187
188 73
336 416
144 55
212 78
214 343
96 429
92 383
322 338
443 269
341 175
299 142
332 0
6 378
338 63
314 114
153 280
300 145
232 241
324 5
313 89
38 377
86 64
82 359
22 93
132 404
81 255
384 85
205 59
278 387
250 79
183 76
263 149
370 164
212 23
184 143
250 296
80 159
302 341
344 173
57 77
135 259
120 33
30 296
0 170
251 431
339 297
41 357
407 113
10 141
154 50
231 387
255 449
441 208
366 65
145 410
79 317
377 26
112 301
205 336
64 391
48 154
195 257
28 19
30 229
447 109
280 335
24 414
383 308
45 386
285 165
341 342
63 296
271 265
235 258
116 18
254 243
259 379
397 97
151 7
237 259
158 306
74 416
106 153
46 234
23 112
151 202
449 33
298 184
386 395
107 245
165 433
222 123
192 405
204 399
432 309
112 72
218 378
425 425
8 166
344 182
107 85
371 265
422 222
317 441
52 236
63 183
119 256
192 91
73 188
319 146
344 321
278 246
163 337
396 189
365 281
350 332
408 365
389 249
364 406
325 141
108 160
17 186
51 424
50 142
315 315
326 359
126 370
318 229
25 431
27 64
381 134
59 346
358 327
17 65
266 416
120 181
366 142
392 3
85 417
343 293
355 424
42 136
156 154
166 117
301 197
13 263
381 186
190 170
84 415
101 289
271 273
159 398
308 206
384 421
261 161
73 119
33 98
260 45
117 239
209 337
109 125
295 7
255 351
70 325
80 285
303 218
142 215
174 36
34 18
310 434
386 110
408 272
114 16
14 423
251 103
386 386
100 238
372 280
392 93
53 67
418 202
196 434
403 81
355 427
374 193
173 231
244 78
312 139
16 271
390 186
107 182
1 435
54 172
322 139
419 261
329 387
366 4
391 94
397 154
226 413
437 132
217 343
416 223
124 197
350 425
305 412
394 192
218 260
432 40
145 53
421 384
122 105
432 447
223 372
274 96
105 429
12 374
45 96
334 31
25 168
344 389
9 194
157 361
236 404
114 72
103 426
216 376
30 365
86 100
183 42
106 265
434 141
414 103
331 234
383 414
82 121
304 238
285 28
431 100
289 368
121 391
221 195
304 421
28 245
158 183
4 382
181 41
57 349
435 155
382 293
336 188
182 226
144 14
130 90
36 48
197 82
237 359
274 295
325 44
402 361
171 289
145 197
54 133
247 435
404 273
407 109
402 73
345 63
232 114
278 418
148 318
221 316
97 277
437 233
213 221
388 141
252 101
363 119
2 437
299 210
53 56
25 401
133 187
103 194
108 271
175 300
220 44
355 305
83 430
390 435
121 426
134 313
108 420
421 233
346 172
430 51
316 369
288 78
350 269
135 78
76 50
425 156
331 34
115 7
439 8
155 445
353 414
9 20
266 406
378 127
11 350
6 64
209 51
367 353
321 196
308 340
379 443
325 312
136 345
225 299
66 130
277 367
327 387
436 13
248 55
223 71
82 97
274 447
154 394
415 82
378 433
233 447
448 117
185 416
220 121
354 135
88 356
105 434
110 439
16 276
305 56
382 300
384 103
403 296
392 361
381 403
238 21
52 371
57 137
132 355
258 346
216 374
352 395
276 401
325 110
423 201
168 200
59 354
170 331
363 55
230 200
346 56
113 181
6 198
176 48
142 378
362 154
450 141
140 365
26 95
347 228
225 9
22 48
241 320
4 68
93 320
20 134
360 105
221 323
441 19
220 234
246 378
79 396
147 277
107 237
29 20
399 339
203 255
373 327
393 207
377 208
155 419
17 326
245 383
127 137
205 211
248 315
218 327
67 330
71 327
48 281
143 437
105 360
138 216
177 318
193 354
142 244
322 112
161 430
398 207
344 132
200 449
25 104
293 211
165 300
322 344
270 136
268 383
320 4
449 19
64 266
72 202
49 427
426 213
10 393
439 128
429 188
355 34
109 246
391 340
195 395
333 215
437 412
350 254
232 147
88 171
333 179
127 20
89 349
422 141
178 259
338 337
160 228
197 0
137 240
360 366
433 446
361 210
266 426
308 277
223 298
18 86
391 387
35 194
367 325
238 387
326 360
30 405
24 30
300 435
260 3
218 224
211 107
429 282
60 303
446 373
123 72
44 312
74 386
313 335
210 105
188 200
55 13
185 314
159 150
359 111
111 205
323 255
144 138
383 19
357 349
342 209
336 311
240 445
147 385
321 280
60 20
211 165
376 95
320 407
289 184
375 158
30 91
134 210
55 298
104 447
6 90
165 107
227 324
237 338
385 444
375 382
87 145
424 241
352 100
156 272
217 122
26 67
105 211
205 307
75 269
16 239
135 357
95 345
385 66
306 149
246 238
186 438
142 42
189 103
419 53
230 341
360 63
70 232
361 18
24 341
326 59
283 406
268 20
376 234
266 253
14 307
189 271
441 262
355 94
163 235
320 162
281 217
115 247
449 215
347 188
361 396
211 183
151 385
127 407
335 174
201 259
285 193
96 187
425 385
103 388
312 74
322 194
97 29
44 280
140 398
422 116
366 404
172 142
406 239
251 274
135 5
136 105
385 258
413 120
304 148
121 282
113 212
114 237
447 117
401 143
212 255
232 378
372 54
210 6
394 159
0 154
160 278
225 210
82 325
145 39
390 361
81 328
141 265
14 244
414 249
258 355
400 327
433 378
40 336
315 437
327 47
364 231
75 315
102 52
124 316
40 332
79 57
345 157
111 186
68 328
364 42
26 4
130 159
147 214
395 79
304 357
360 118
250 151
63 367
399 346
279 222
22 80
253 231
86 267
352 264
49 159
292 23
275 110
139 439
11 336
296 411
131 232
75 214
351 345
24 393
286 47
217 354
79 380
197 146
89 92
391 138
275 391
109 339
391 187
314 93
343 245
139 126
163 379
250 418
16 125
111 47
361 102
347 319
251 406
323 331
160 395
105 409
46 167
221 355
86 288
447 143
167 138
428 216
113 125
41 424
118 57
286 317
120 396
192 212
78 225
417 263
249 53
90 199
313 26
193 31
170 143
160 94
85 41
411 47
266 60
397 276
308 324
383 218
376 207
53 327
56 193
437 4
273 54
142 403
47 56
115 380
328 131
366 301
340 295
201 28
146 49
18 95
50 399
270 388
371 321
103 279
450 266
355 253
64 278
446 55
47 6
209 191
420 159
447 42
194 411
253 227
333 363
413 84
61 251
16 223
392 9
288 420
350 218
316 223
428 378
288 351
268 130
166 93
422 109
171 29
251 354
259 2
55 225
181 139
123 328
53 395
383 329
88 441
7 59
269 152
62 48
141 74
405 125
77 102
176 271
332 441
98 404
67 340
316 63
62 56
136 222
22 193
303 182
317 304
70 333
18 85
430 387
280 253
327 364
258 54
152 96
328 217
85 436
384 15
50 251
281 213
351 177
220 250
143 51
313 154
408 221
57 134
369 160
271 20
43 99
131 13
125 261
9 370
381 80
391 48
410 343
385 131
266 215
375 277
80 95
186 169
369 211
25 105
385 26
268 442
329 356
376 127
79 222
297 174
182 200
364 287
82 319
335 282
140 343
167 320
42 274
422 182
76 143
34 266
410 447
274 164
65 369
96 118
413 139
166 436
33 68
273 349
324 377
97 400
412 210
207 135
183 445
131 231
103 87
277 400
371 285
275 72
100 234
69 88
240 181
74 345
208 430
389 188
107 183
92 179
138 88
173 236
415 421
405 291
201 329
77 411
299 428
435 152
437 77
96 264
259 286
232 237
181 182
213 331
223 161
247 73
5 284
122 73
154 185
315 42
382 433
398 373
84 348
298 285
241 70
223 256
97 93
74 202
336 266
49 357
429 259
6 194
250 124
11 335
180 430
173 337
383 359
42 118
375 389
334 187
386 79
320 384
152 153
337 145
22 162
394 414
414 378
20 339
365 379
306 48
425 403
181 450
50 422
410 440
317 443
23 263
12 128
419 110
360 160
314 328
275 263
74 318
429 374
110 421
166 297
214 51
166 283
84 358
176 430
429 316
303 4
111 284
285 375
349 420
287 438
299 262
406 58
422 443
134 189
13 47
319 82
303 383
47 439
322 237
49 119
319 131
439 258
179 195
14 234
446 211
242 236
340 65
374 402
129 203
432 227
90 393
34 196
251 131
343 355
275 341
203 134
31 134
252 326
321 59
245 422
401 373
189 426
306 66
69 419
227 3
140 188
379 389
309 314
419 189
146 17
69 150
372 296
251 25
141 157
330 57
132 6
98 47
444 383
372 53
243 19
15 281
215 342
299 254
259 53
142 230
360 171
87 252
430 273
396 339
446 215
401 29
337 295
156 401
408 30
206 27
268 351
105 186
285 210
29 91
262 261
154 109
68 99
391 341
9 133
207 304
308 220
13 235
284 8
308 264
127 243
64 362
34 348
305 208
361 148
401 254
210 158
59 281
350 119
381 404
211 64
52 74
52 0
156 249
95 336
421 407
96 60
266 417
330 436
264 289
298 251
63 302
110 278
362 318
323 375
273 411
256 40
383 433
13 12
231 170
330 352
236 20
154 418
223 122
197 295
220 348
336 51
260 449
25 81
410 282
269 319
133 377
30 284
328 251
396 166
407 356
149 137
106 195
438 82
129 442
69 328
298 271
251 427
299 180
426 413
203 337
335 85
275 107
201 383
99 87
317 386
309 209
399 237
0 38
378 270
340 172
332 313
169 277
22 349
79 94
447 286
372 263
271 262
87 223
366 398
215 82
96 335
146 157
348 377
0 11
75 104
13 396
439 118
14 60
239 315
438 65
194 419
73 404
418 430
32 73
34 337
67 274
350 411
199 125
54 196
32 182
194 194
240 75
27 172
439 67
215 140
216 429
229 283
348 212
376 265
340 73
71 407
62 250
407 118
69 333
236 106
235 239
377 340
28 238
4 228
15 24
367 299
197 432
334 403
29 123
439 190
349 55
30 46
344 332
445 228
376 219
170 71
163 291
393 348
353 16
188 216
379 414
211 154
176 121
300 59
388 42
30 361
47 307
304 198
399 37
60 91
144 249
378 35
373 250
303 181
330 193
326 355
88 3
48 373
288 368
306 315
209 156
88 348
39 364
341 366
327 249
329 161
307 13
36 42
264 215
22 154
289 352
171 168
406 230
90 209
359 40
443 346
318 217
405 199
188 226
294 57
334 181
109 196
137 384
33 153
169 12
191 383
27 44
231 349
363 323
306 361
191 397
3 373
431 68
442 304
77 432
16 420
248 199
353 444
348 340
353 397
124 39
335 124
169 99
261 159
357 399
342 168
418 341
93 45
51 230
56 57
243 430
33 334
432 359
65 97
392 443
231 189
240 281
148 72
271 320
152 417
287 397
270 77
275 162
448 232
8 61
277 43
139 208
178 153
122 326
274 200
213 268
133 109
47 206
351 168
269 343
399 69
189 74
220 146
302 185
25 35
322 223
202 153
168 180
423 301
211 432
236 244
395 307
156 246
450 339
435 137
121 340
249 140
449 345
332 219
342 182
124 55
214 164
264 256
173 318
185 384
148 211
25 203
306 18
252 27
422 99
270 439
90 361
355 77
144 62
141 360
406 311
273 7
292 103
52 255
234 61
173 155
338 412
45 170
235 311
402 234
445 441
98 157
145 51
404 335
78 127
67 94
294 87
258 221
97 392
124 110
429 355
130 384
370 84
344 76
175 118
172 118
114 249
59 125
280 361
388 346
63 84
78 203
431 309
226 358
59 322
118 323
97 431
430 33
98 373
88 104
101 100
351 296
362 222
157 312
428 151
260 78
167 3
448 431
199 363
227 160
294 367
204 89
429 340
189 409
80 399
54 139
96 286
53 404
367 75
401 217
208 17
16 326
257 117
450 214
225 431
222 163
123 393
137 270
2 396
232 16
295 214
435 355
65 176
285 301
134 73
379 316
102 79
219 342
71 213
45 201
371 268
420 126
321 156
373 109
115 391
357 27
197 209
196 197
418 412
73 382
137 154
322 40
346 292
388 268
59 8
119 112
45 335
79 179
421 257
401 36
151 20
99 214
274 191
266 220
286 86
321 374
435 220
32 127
2 177
269 16
276 420
54 404
101 119
64 34
420 365
241 249
169 236
441 393
103 350
350 427
317 170
188 85
57 363
224 77
275 288
149 27
183 9
149 398
60 285
176 353
436 309
320 378
315 54
437 348
383 42
414 24
94 246
137 335
76 65
217 153
40 82
372 391
334 228
450 249
298 303
287 274
10 107
256 279
115 92
220 102
285 406
164 48
359 210
82 74
99 438
102 338
66 261
58 435
42 218
74 288
144 266
88 371
58 32
157 349
149 366
238 300
25 172
267 91
9 31
242 122
145 226
21 360
300 69
404 269
227 26
316 358
345 73
423 79
332 446
377 300
32 86
386 170
34 15
342 409
38 352
49 144
351 395
445 275
352 59
239 288
380 156
254 266
366 242
20 40
340 18
314 68
5 242
403 180
296 294
261 45
42 168
291 64
40 228
385 355
139 386
63 440
314 200
420 310
247 2
364 362
24 187
208 9
22 91
185 305
140 266
214 392
50 432
172 188
279 302
223 134
361 277
388 198
298 16
93 77
345 384
433 433
291 368
369 188
397 155
188 248
189 356
411 74
70 221
414 430
274 425
320 427
231 144
398 10
407 68
432 236
151 82
84 179
198 409
172 178
155 196
197 271
7 39
385 365
355 392
412 112
105 295
292 268
286 39
67 101
62 315
93 107
16 369
141 24
435 59
228 261
316 311
264 170
94 276
164 42
245 197
186 342
52 66
91 148
69 208
288 362
212 168
338 437
96 141
437 155
250 228
73 49
420 406
228 311
435 350
59 278
164 301
67 210
123 333
382 215
199 332
283 88
168 375
396 411
30 184
230 389
397 35
161 132
360 59
181 159
380 4
445 46
347 259
381 328
339 304
28 249
370 405
44 287
394 441
270 279
185 70
78 104
19 45
433 44
137 236
318 101
47 275
323 164
5 125
223 50
356 39
12 127
3 142
65 164
283 89
151 283
110 316
274 246
207 217
382 149
230 223
36 30
438 364
315 126
390 448
225 296
383 339
114 209
148 8
55 301
14 89
231 139
309 55
236 281
130 56
279 212
183 100
180 426
237 401
55 283
124 78
251 364
110 337
11 134
383 310
166 82
166 172
43 317
32 184
256 182
332 83
252 435
376 48
303 320
138 82
324 136
427 228
66 428
66 242
425 134
26 406
417 240
399 380
97 160
440 329
174 74
187 191
392 11
112 247
57 221
434 317
386 184
95 131
232 170
114 245
54 96
82 37
102 11
152 327
232 355
78 53
433 128
128 14
350 318
38 14
75 240
397 18
278 351
92 303
200 324
78 429
43 378
243 240
404 140
194 15
305 68
215 229
34 437
179 295
415 92
279 390
40 80
358 397
434 152
309 193
84 251
407 92
333 279
11 286
185 10
215 40
317 309
88 419
61 242
62 166
26 121
90 42
354 229
342 73
67 372
103 340
292 36
338 166
179 390
431 390
69 257
179 214
367 313
394 175
67 410
281 312
80 386
111 267
316 432
240 104
39 369
260 285
357 444
282 133
183 386
150 309
88 349
448 44
95 82
373 419
128 37
157 80
356 434
219 427
307 155
426 324
338 146
409 393
440 125
119 266
222 380
62 322
106 393
404 204
361 366
108 408
102 50
316 79
298 79
139 104
255 277
419 295
428 357
77 8
365 85
234 197
37 354
224 79
120 152
292 64
279 271
443 67
172 424
376 144
405 152
321 23
248 165
166 426
186 104
250 70
195 237
250 82
324 358
93 235
205 66
235 10
240 16
435 238
161 249
194 182
196 329
335 149
327 331
248 254
80 441
156 247
175 25
301 145
397 2
398 444
438 282
171 440
207 370
182 61
2 76
380 9
181 243
120 168
191 429
278 0
259 237
446 15
411 393
393 268
283 251
47 115
309 78
163 420
114 30
99 292
289 449
65 71
225 70
353 238
258 147
405 222
50 70
226 423
136 221
24 325
306 360
69 241
206 24
347 288
186 343
124 377
219 375
402 8
40 196
362 107
105 450
346 126
338 422
179 21
411 348
18 254
117 419
228 6
135 236
431 419
79 318
450 405
183 268
233 252
285 267
198 152
407 39
127 438
200 422
221 286
420 265
54 134
383 275
53 255
339 179
346 436
159 393
162 427
365 10
39 292
284 262
221 149
178 87
243 133
7 377
331 229
411 127
23 380
298 331
65 354
282 251
144 156
46 273
369 180
3 140
114 310
43 187
13 375
302 60
327 140
341 374
282 181
156 405
436 357
141 296
396 28
318 377
94 315
17 33
250 24
400 20
115 389
67 10
290 103
197 425
386 61
180 312
119 175
29 150
268 87
327 189
352 367
246 65
210 351
380 142
366 61
193 430
413 69
91 356
171 184
298 213
325 163
192 231
325 288
91 264
135 201
291 61
111 61
168 35
223 268
368 418
145 399
264 146
402 404
220 5
437 449
283 263
81 167
109 191
181 341
432 388
115 297
288 192
225 40
124 34
276 194
388 334
185 117
188 104
360 422
13 227
318 125
199 250
304 217
247 184
440 110
198 435
121 381
85 71
359 124
64 143
85 99
294 146
350 406
380 410
328 19
149 337
66 137
68 408
41 289
316 293
213 388
363 158
25 5
236 70
396 380
390 66
165 170
449 181
419 141
164 106
63 127
375 98
327 449
440 192
118 287
146 78
27 121
19 307
204 320
130 275
310 123
89 143
106 144
410 142
385 204
110 188
104 8
234 334
183 403
365 348
296 143
361 215
421 414
181 258
173 398
423 367
87 202
57 202
179 31
224 346
312 343
374 111
81 397
313 69
409 439
240 392
345 339
383 170
105 105
426 390
74 353
227 42
380 127
79 48
336 36
20 111
266 211
44 296
299 251
10 300
270 351
341 102
321 67
147 172
398 383
136 378
110 275
288 4
88 282
190 238
101 143
332 150
214 440
44 399
271 138
374 446
78 143
38 219
287 366
291 132
100 16
372 321
329 193
341 96
160 421
359 161
4 58
121 151
84 230
148 85
134 109
184 397
243 250
174 51
44 109
197 339
373 104
348 450
448 50
43 368
192 317
232 358
18 96
384 299
289 305
88 174
225 19
32 152
170 88
227 123
195 206
107 307
93 435
19 260
188 412
245 356
209 378
14 14
121 22
444 181
207 339
299 334
7 445
154 374
58 228
312 140
184 310
348 138
434 207
313 99
279 229
94 340
202 65
287 175
151 418
354 27
420 333
198 209
367 242
320 183
416 138
22 86
266 363
169 278
130 309
404 345
26 389
97 76
121 69
174 81
137 218
103 134
12 269
284 258
366 256
101 180
236 291
341 22
390 321
399 314
96 399
38 316
189 377
194 309
76 268
45 189
82 105
185 243
172 413
443 205
354 447
155 238
363 224
110 360
2 167
69 100
15 0
26 207
292 118
86 251
89 373
357 74
122 137
361 244
75 372
344 61
408 426
2 289
393 416
141 326
345 280
181 148
165 61
352 28
114 434
244 428
96 282
57 160
130 450
355 329
361 146
60 174
111 373
15 126
416 109
96 441
333 419
380 176
330 112
367 392
429 92
253 317
308 186
435 25
349 78
305 128
221 94
243 357
80 245
338 222
30 270
153 295
17 121
123 339
447 363
55 336
102 346
442 203
380 252
282 102
341 10
194 179
249 128
129 116
216 381
248 171
156 299
330 32
337 129
374 394
226 256
351 426
404 149
408 433
443 81
6 362
112 213
185 318
270 423
387 125
124 86
240 253
198 314
268 449
137 37
271 261
344 25
60 142
186 216
123 285
5 88
406 31
362 266
111 146
412 188
110 364
290 440
189 49
266 391
187 231
279 269
150 424
435 1
1 140
396 446
99 68
277 46
56 44
10 306
333 241
21 372
103 311
130 139
335 398
194 291
180 399
345 418
172 8
94 371
193 295
245 407
99 297
73 195
224 0
114 266
64 333
216 51
258 166
30 254
157 61
295 348
348 436
135 282
344 204
267 360
121 191
419 106
227 99
432 365
243 146
401 403
30 427
304 70
341 121
304 115
257 387
285 277
110 23
218 158
63 57
113 394
350 313
54 324
314 261
75 437
208 234
84 177
429 173
63 152
188 82
170 213
283 68
100 44
298 408
161 81
119 227
204 44
116 295
169 320
130 188
326 22
341 319
119 284
263 142
252 281
340 408
63 100
447 140
265 33
220 432
195 318
327 400
43 386
14 222
47 144
439 126
191 295
42 72
142 222
23 229
50 65
262 391
448 435
191 385
203 355
374 168
369 222
248 302
368 338
296 388
7 255
121 235
96 409
380 115
5 140
261 241
238 167
137 242
118 144
107 174
67 269
213 420
376 223
263 168
271 78
394 191
40 107
438 48
241 88
45 226
118 90
188 151
108 312
188 124
43 291
277 263
268 221
406 0
112 22
174 216
169 378
225 417
340 79
273 277
168 400
227 101
318 21
397 289
386 128
361 203
212 175
75 356
317 432
53 345
352 434
220 164
14 206
77 223
325 445
1 86
39 379
397 77
105 315
216 260
398 48
311 177
236 302
277 392
395 107
388 342
13 88
56 296
185 208
115 93
297 268
61 81
85 60
305 70
271 370
266 159
360 338
386 400
26 380
25 20
324 330
259 140
5 339
161 236
336 340
119 288
221 177
302 413
119 183
350 253
210 133
251 426
136 273
294 160
215 142
131 324
369 55
368 44
285 89
260 11
71 89
234 112
203 97
346 175
419 10
155 260
307 381
111 357
216 240
311 27
246 35
293 219
176 285
179 144
232 22
40 329
39 112
40 112
358 336
142 126
357 309
167 261
360 424
415 142
429 296
274 121
175 260
47 59
186 195
90 66
51 182
250 252
191 195
353 191
365 45
200 212
355 408
292 88
201 200
316 285
99 320
378 378
207 373
160 16
131 230
93 265
8 288
419 299
252 277
448 357
371 376
198 434
84 422
101 246
373 92
221 349
333 353
85 44
42 292
43 42
233 27
386 10
268 79
419 185
361 257
211 307
264 213
278 369
306 430
346 76
120 438
196 348
358 421
327 73
135 303
437 168
20 231
370 417
275 26
337 32
136 214
434 230
138 228
149 393
64 112
283 55
419 294
145 129
142 193
69 316
6 195
312 110
3 393
19 124
1 394
240 194
6 217
329 25
368 314
200 410
314 16
249 82
373 367
377 70
107 448
146 147
264 287
269 36
238 193
140 372
293 402
446 320
408 254
40 191
89 339
202 45
343 190
350 419
36 419
275 299
187 4
372 106
9 130
188 288
48 242
142 200
260 129
404 432
42 231
52 296
395 21
108 37
406 5
148 406
353 350
216 380
32 189
8 250
448 12
218 280
388 204
4 42
185 380
288 100
347 248
101 11
417 322
410 127
280 28
148 282
296 327
334 155
41 171
409 276
116 289
216 238
132 377
147 284
422 74
35 95
320 177
136 4
434 149
396 306
284 87
430 148
183 387
264 288
286 45
185 185
344 147
440 134
432 119
43 120
415 429
49 331
246 225
290 423
433 188
260 38
383 421
318 97
373 178
115 191
156 311
176 164
151 39
399 171
71 291
414 270
395 441
224 209
10 339
403 239
131 190
213 439
298 208
446 379
260 288
445 432
56 126
197 88
330 405
152 270
85 77
161 310
235 50
245 133
12 369
238 117
260 401
2 109
179 104
355 112
367 148
397 246
144 110
227 421
427 285
300 348
419 84
205 295
260 415
285 275
112 352
38 111
249 304
275 158
17 419
154 96
163 58
50 204
346 290
187 285
30 291
342 269
315 55
109 51
252 360
131 331
188 193
187 367
173 344
443 45
373 172
321 386
4 300
26 170
346 416
147 340
69 194
279 166
166 307
285 379
246 392
7 76
115 143
349 40
295 316
265 91
54 373
86 242
293 331
251 339
124 3
252 410
116 63
436 105
424 270
28 61
314 267
87 287
122 223
279 378
162 231
194 341
398 181
346 171
153 252
374 105
0 263
253 281
231 23
265 233
280 160
234 10
233 266
12 347
298 394
255 40
236 42
137 293
197 20
6 261
157 235
24 79
66 172
63 378
30 278
232 209
313 202
63 337
200 161
9 356
36 117
55 204
320 393
186 237
65 3
28 46
355 258
195 378
65 435
340 396
263 387
54 406
100 134
169 121
85 83
252 426
72 133
230 151
302 349
313 337
198 312
400 320
363 132
299 389
7 303
296 440
204 420
65 380
92 98
19 201
131 308
321 390
100 444
273 146
128 57
279 434
241 48
240 130
302 159
309 414
262 168
444 64
361 223
195 435
294 63
229 230
364 107
347 23
121 361
332 376
210 77
339 423
259 301
71 287
282 369
389 76
267 163
375 148
244 432
413 262
347 148
367 309
372 363
148 317
99 411
300 64
114 448
326 111
389 196
0 336
83 324
43 75
397 306
338 103
51 399
76 82
259 324
114 330
113 407
281 433
235 65
246 426
225 349
37 154
48 71
416 27
256 270
399 166
144 4
158 122
222 168
406 358
229 16
158 310
289 286
75 167
178 189
199 230
9 102
117 411
113 161
169 96
51 59
412 29
234 249
273 374
376 104
352 208
61 434
119 40
294 383
292 373
362 67
423 283
301 368
146 44
178 193
406 41
311 356
25 3
62 74
349 388
265 388
375 395
388 410
225 99
349 317
142 25
32 351
87 409
337 131
124 27
204 427
31 406
209 357
59 23
327 272
182 186
296 428
342 380
112 286
142 268
376 198
29 259
189 188
364 119
96 3
393 183
139 341
80 164
378 279
322 252
238 130
65 303
291 245
358 370
230 211
88 169
181 76
66 5
65 344
203 374
387 51
425 351
378 86
381 275
346 134
138 324
422 235
408 10
280 216
144 313
403 38
150 440
81 263
369 96
77 245
242 450
37 346
257 357
308 163
223 218
443 369
148 231
34 168
37 3
120 23
368 240
281 242
249 192
10 223
125 366
213 65
200 283
10 3
157 341
309 292
213 154
15 418
207 205
193 327
307 346
333 1
384 423
428 348
325 447
220 62
304 438
16 404
44 164
123 146
181 80
152 84
50 109
33 368
447 266
276 114
196 349
0 328
315 227
17 87
43 225
22 229
352 13
159 112
422 309
253 73
218 201
170 76
281 41
390 309
218 233
286 234
104 368
76 402
153 411
157 39
204 5
64 72
292 261
202 238
111 302
444 168
430 99
282 443
170 265
115 314
111 40
48 292
408 346
245 28
439 187
76 238
286 63
383 360
53 95
325 99
249 159
76 369
393 87
244 29
326 446
444 221
388 161
402 165
450 127
432 174
205 47
190 139
168 11
359 288
290 64
199 249
390 35
227 256
392 308
138 222
42 107
341 164
345 371
222 27
361 159
417 313
368 357
368 341
99 46
393 126
244 268
376 281
27 109
395 418
269 371
239 234
262 208
162 132
141 317
131 109
187 269
370 27
124 49
397 430
135 342
234 250
209 211
128 7
447 27
383 8
201 46
37 26
58 342
403 103
430 394
390 378
145 69
445 146
179 261
257 413
167 303
280 357
316 430
151 88
398 100
290 14
423 226
291 117
403 282
185 299
31 361
356 45
63 177
403 365
362 423
193 396
335 32
206 247
218 311
142 297
333 276
272 444
249 262
285 354
3 129
238 191
175 347
349 232
213 392
279 9
134 30
202 90
225 55
85 422
52 117
234 365
411 387
154 236
8 138
31 6
18 198
336 172
12 223
84 195
79 161
413 176
436 29
422 163
324 336
179 328
124 16
183 136
440 338
284 76
362 64
359 273
213 140
31 403
412 240
314 23
176 373
173 195
191 266
409 89
351 234
67 83
73 200
114 431
299 351
32 414
335 41
426 206
19 261
1 336
418 75
100 394
238 99
218 155
167 56
322 280
134 353
35 216
150 249
398 216
161 395
444 300
139 34
449 307
413 152
180 351
440 12
369 235
289 318
337 7
149 427
367 404
339 324
51 16
17 102
243 234
117 122
345 78
398 38
202 280
161 42
192 305
235 44
399 17
234 429
291 283
14 241
62 91
345 380
144 299
448 285
432 222
247 342
1 164
203 263
51 177
157 392
59 348
185 196
16 267
411 106
188 53
304 241
78 260
421 183
5 265
362 328
387 414
111 175
308 4
296 271
260 227
185 190
398 228
339 126
417 382
8 76
363 276
440 350
279 145
216 73
110 322
367 223
330 156
111 201
252 303
69 392
87 316
413 169
116 373
215 399
287 236
408 279
235 305
227 217
198 347
21 266
265 225
308 381
141 174
219 334
356 342
86 96
201 387
368 311
98 94
344 69
142 77
334 312
336 334
98 175
381 407
33 119
348 95
211 219
132 29
402 338
297 262
40 227
124 224
114 18
374 375
279 433
5 336
82 253
49 256
106 392
106 428
196 440
353 82
419 405
119 371
302 319
400 69
317 88
444 2
92 59
49 164
274 330
261 334
100 420
197 297
323 213
98 1
448 241
353 185
445 395
4 145
357 14
170 89
195 424
122 54
281 90
6 60
43 157
393 300
401 251
297 329
389 439
40 36
362 360
352 372
138 398
403 238
359 234
355 320
98 82
35 287
206 188
357 76
360 421
65 245
397 138
347 68
330 111
202 95
203 409
90 335
309 30
430 339
133 433
408 130
41 284
354 106
57 115
353 378
315 265
287 42
347 129
207 258
298 297
278 403
443 60
325 185
418 53
54 40
123 184
59 7
382 171
275 220
16 418
184 5
63 310
276 431
206 334
403 112
13 74
136 169
227 208
356 200
280 90
410 296
409 260
186 382
382 89
87 274
435 321
235 177
366 81
409 330
381 276
245 129
215 264
255 36
4 328
400 322
23 218
141 85
439 344
429 428
159 385
407 40
103 378
353 296
63 389
25 225
16 291
146 294
143 357
145 244
226 3
171 67
39 343
85 339
399 316
263 230
44 281
313 84
353 45
176 319
201 275
46 276
169 259
424 223
167 9
69 266
88 440
108 105
5 217
276 302
168 429
7 358
19 392
140 374
345 298
207 352
210 404
341 422
293 369
193 323
369 0
304 34
357 268
164 145
435 170
397 372
431 320
220 302
28 74
40 221
338 162
315 301
362 204
176 21
401 234
128 1
320 41
244 286
143 370
202 437
286 365
103 208
251 341
449 119
241 172
370 292
148 73
264 344
278 276
365 301
214 298
325 93
260 101
131 174
95 9
266 147
372 140
164 88
178 264
314 312
251 192
300 362
192 311
3 226
83 72
34 226
103 190
162 106
374 156
332 41
250 225
296 25
303 130
404 91
65 156
9 288
399 395
85 248
103 295
112 422
61 447
207 61
160 10
347 297
48 0
130 246
55 30
167 405
332 274
97 156
167 90
6 230
33 416
117 183
302 123
333 313
360 134
125 131
352 414
331 37
283 110
377 142
158 3
382 168
175 140
22 232
134 179
347 153
349 315
291 412
241 374
338 354
128 308
443 87
248 197
255 233
385 74
318 271
441 34
145 178
179 75
110 194
0 346
61 405
303 62
280 71
106 347
162 294
360 365
286 126
168 281
104 117
303 441
413 206
81 309
147 183
443 404
153 443
299 318
220 28
137 49
298 324
184 392
102 274
286 191
52 79
316 213
446 28
44 37
21 392
156 220
113 72
64 88
231 156
404 413
389 391
210 376
68 421
195 166
33 247
80 24
186 324
14 5
73 185
372 440
214 186
442 236
29 353
362 419
128 301
256 227
35 225
10 287
180 363
434 421
450 369
432 265
30 52
135 147
287 285
305 47
408 184
377 375
233 134
95 220
39 280
345 53
260 216
245 409
58 141
421 179
215 339
264 410
409 189
330 288
135 214
431 159
229 163
68 261
74 351
292 156
386 263
391 308
411 340
318 178
134 315
163 32
48 182
238 152
145 368
225 331
200 195
400 411
373 9
412 340
252 213
426 90
357 152
227 387
311 301
175 408
262 13
371 6
381 19
292 131
112 399
141 432
255 150
378 240
416 269
198 384
252 390
433 22
238 24
115 39
61 416
157 424
277 343
66 4
153 47
53 138
26 118
89 31
8 117
154 308
322 345
132 28
449 92
317 272
241 212
305 274
309 172
295 295
239 343
87 16
250 387
154 38
348 131
248 41
235 385
429 145
381 216
94 198
430 314
46 34
280 186
300 325
37 193
384 22
311 114
417 76
224 300
369 442
235 298
32 241
29 297
443 414
394 89
287 122
96 140
153 257
10 391
110 305
357 247
278 109
213 114
187 276
296 289
316 190
307 361
234 29
267 62
448 206
383 345
261 404
261 289
355 113
109 272
364 361
306 256
283 74
227 406
220 113
344 0
256 54
208 426
97 384
281 138
418 393
54 97
369 340
420 402
315 392
441 328
361 261
159 66
121 420
3 190
443 204
178 328
94 86
448 34
242 59
241 157
303 109
54 56
43 311
22 140
23 103
44 226
156 343
413 350
122 112
387 134
300 399
203 54
83 368
184 41
370 389
25 418
393 8
221 333
363 284
384 296
100 3
358 329
164 251
219 113
190 360
421 351
225 320
295 56
280 201
35 133
327 308
101 195
79 56
136 313
47 358
344 72
122 1
444 93
109 127
231 141
328 106
358 193
110 393
104 72
185 103
13 408
105 179
85 208
243 445
84 112
252 331
389 264
309 145
25 317
57 353
222 106
278 83
171 345
350 32
54 121
163 190
247 126
376 294
34 352
423 376
313 171
255 69
308 394
333 303
169 313
235 119
219 428
72 212
310 111
347 298
161 335
185 422
197 413
312 182
98 318
63 131
193 286
210 314
50 182
32 59
385 344
393 420
362 26
446 181
169 65
137 235
68 70
146 229
372 208
444 34
282 338
332 218
300 174
387 318
288 128
143 367
354 276
49 154
234 85
173 111
306 59
257 392
356 80
103 191
332 9
111 97
241 162
367 318
128 125
29 49
2 240
320 216
342 180
272 356
163 425
153 150
123 147
176 379
259 327
396 101
143 388
305 432
131 111
76 340
18 341
49 292
281 428
74 291
447 182
149 283
299 110
446 18
1 298
414 333
20 41
185 141
254 255
322 256
233 165
20 427
221 167
129 81
145 190
171 284
383 33
415 242
279 205
58 334
91 165
94 219
52 62
378 20
426 230
399 242
14 1
67 449
158 135
99 341
231 287
172 269
374 400
78 251
299 175
347 70
265 389
425 289
372 347
360 176
22 52
183 442
278 346
166 188
127 239
96 178
37 325
350 235
117 16
277 79
249 275
299 182
329 433
31 273
386 434
353 380
109 412
359 136
362 112
349 392
357 389
236 387
119 88
224 385
260 287
170 282
44 374
395 398
31 339
91 48
309 66
197 70
445 192
84 69
161 83
283 408
32 72
101 144
86 268
358 319
287 207
281 67
404 84
35 0
369 351
24 160
388 151
135 302
218 194
50 266
208 47
434 224
369 209
195 275
265 183
142 129
61 408
87 139
347 422
351 40
49 85
424 375
31 247
292 107
253 219
427 262
351 436
18 311
164 320
378 167
7 203
40 305
124 325
178 352
34 433
190 42
425 34
123 218
355 66
162 266
37 296
229 375
11 298
12 306
343 234
231 164
217 238
325 310
388 447
17 81
98 69
331 319
281 112
396 329
275 311
209 112
37 79
262 4
152 297
148 434
313 338
31 12
95 22
415 125
12 368
381 263
184 224
204 198
392 397
219 336
2 87
118 292
392 80
252 8
136 258
398 59
243 421
331 104
435 317
37 160
294 9
256 127
188 373
368 433
54 84
394 185
430 336
278 149
359 15
243 239
88 234
267 20
6 220
258 245
100 100
436 179
29 131
343 30
24 155
419 173
182 169
11 138
363 197
274 57
70 306
255 9
105 400
436 17
399 75
139 154
400 233
228 54
182 207
74 441
407 114
216 25
125 31
371 387
412 299
373 226
351 255
24 354
0 17
353 366
111 417
285 17
437 169
168 277
109 377
433 343
125 382
260 444
425 298
350 270
27 259
120 275
370 137
329 230
138 327
15 414
234 9
34 186
425 89
188 105
22 419
404 386
25 91
56 440
380 91
48 91
15 209
292 70
25 187
423 293
282 135
280 352
375 195
202 38
78 11
37 420
245 184
357 382
368 177
228 331
266 98
208 27
45 309
128 33
417 355
303 178
449 96
87 225
300 48
301 115
285 367
35 52
179 247
128 432
82 139
108 35
350 36
74 297
260 171
270 412
308 402
431 170
192 371
395 367
96 262
438 170
444 199
42 329
415 290
348 69
314 232
419 230
343 169
40 254
306 167
327 357
92 335
312 378
310 142
384 310
388 307
386 130
383 215
378 320
224 188
436 22
287 331
367 382
319 283
368 93
385 348
345 87
415 214
95 23
279 207
205 400
233 341
6 356
440 394
313 41
352 80
126 231
133 255
3 85
134 191
264 419
220 139
343 171
273 126
229 427
246 396
262 119
328 82
421 231
265 23
263 134
305 109
99 173
295 11
380 296
234 339
161 323
350 104
209 114
382 86
377 281
26 211
258 390
365 401
356 121
48 11
372 403
45 199
246 164
411 290
122 160
19 17
242 383
432 233
239 277
55 246
148 213
437 256
52 368
17 179
87 178
62 361
313 426
338 111
115 262
265 242
409 138
196 170
351 113
389 377
344 241
354 49
131 390
132 341
181 89
266 233
347 100
433 392
424 285
368 402
22 18
303 261
147 181
311 249
201 8
268 126
389 4
396 254
173 359
217 336
234 272
192 388
264 28
189 34
56 133
308 105
302 326
78 242
440 381
121 421
117 0
86 13
110 167
423 307
345 120
144 392
260 364
415 299
438 187
67 385
139 18
173 348
324 191
20 317
226 44
396 209
159 84
326 252
383 117
421 144
61 336
218 360
285 233
183 155
37 62
67 156
282 130
252 157
365 295
360 181
191 356
302 20
367 340
260 388
137 135
309 164
214 290
410 417
202 185
206 155
228 27
301 187
450 388
440 138
428 266
437 92
306 216
446 403
208 316
108 230
300 376
269 108
339 274
383 140
303 95
211 381
341 116
398 180
152 214
229 333
320 334
7 411
237 96
275 251
431 409
169 153
125 83
241 154
256 93
333 316
332 403
286 422
346 336
170 448
120 253
34 152
52 358
208 161
242 257
10 205
254 393
321 395
434 300
235 204
242 111
386 178
389 37
80 288
209 70
54 444
89 23
46 290
32 97
48 260
364 210
260 394
0 97
425 132
415 360
267 440
377 294
104 91
300 359
427 257
407 274
196 98
141 255
225 103
214 5
362 439
75 35
26 40
280 272
371 227
20 358
423 102
179 224
219 43
342 129
27 142
330 23
133 230
190 141
382 405
237 412
412 159
102 294
426 49
92 355
195 218
306 331
178 56
400 275
222 398
428 148
221 330
186 279
269 419
389 412
47 66
331 138
93 430
275 440
409 30
6 388
281 12
323 421
124 73
23 431
184 347
444 372
239 60
249 394
299 65
404 271
405 187
303 446
94 327
133 244
401 196
69 422
447 159
439 231
62 203
6 163
35 323
32 49
46 73
265 366
371 180
313 172
409 320
282 184
190 316
374 24
141 37
117 80
208 65
317 387
147 139
270 147
45 46
417 113
111 74
422 161
96 435
424 361
23 423
280 129
422 173
46 177
383 341
261 276
100 68
33 331
402 135
205 423
213 196
102 148
414 307
47 7
417 326
335 269
396 55
317 330
68 400
207 166
261 266
408 425
310 190
419 296
23 75
25 59
318 315
100 426
161 95
222 204
442 346
206 386
284 22
240 413
357 320
65 106
342 375
54 199
116 327
330 362
299 305
120 277
181 362
410 48
310 318
370 177
275 13
291 343
61 360
249 24
446 163
449 30
273 252
257 444
440 90
198 319
80 193
234 350
55 37
129 426
32 44
250 136
221 209
437 205
60 107
105 384
219 339
124 146
80 186
336 361
223 303
65 392
216 418
324 146
21 343
285 146
298 255
194 32
67 164
53 127
116 184
77 442
262 400
340 72
308 228
206 400
60 110
355 354
210 155
338 305
293 165
283 224
377 153
175 344
384 365
182 433
262 222
72 135
132 84
384 220
34 257
380 366
274 349
214 207
35 312
356 12
295 31
446 50
361 226
28 69
358 280
299 215
38 180
261 130
14 207
288 114
191 19
281 334
358 109
61 404
127 394
206 80
312 285
273 405
154 67
139 65
406 67
357 348
76 210
437 181
282 398
325 407
393 225
272 293
12 360
260 137
94 205
316 258
154 321
90 157
348 155
280 205
272 176
162 317
88 248
358 163
250 331
3 369
144 145
268 311
369 371
187 84
418 424
387 76
288 61
312 11
328 421
79 321
413 74
149 302
266 284
103 377
94 430
353 221
134 291
1 123
394 149
207 434
79 52
28 95
156 111
435 310
37 138
421 133
362 88
141 402
437 26
288 243
219 103
449 330
253 279
359 302
312 308
227 45
183 223
423 246
145 55
8 71
128 349
191 211
143 287
293 76
374 13
71 20
420 234
220 25
210 199
298 112
294 226
24 306
147 260
130 40
408 180
126 177
373 381
167 327
425 53
102 438
0 423
362 4
300 169
294 369
305 86
396 291
206 193
331 419
184 415
301 326
230 226
409 136
261 85
408 367
405 40
238 53
166 421
432 30
178 95
389 191
321 89
47 380
97 141
109 394
140 62
169 329
198 180
186 85
73 346
69 192
198 366
15 362
281 61
131 193
446 148
336 310
185 131
423 340
264 284
114 355
102 258
15 213
373 11
264 428
205 6
269 277
219 126
174 187
165 211
183 12
415 94
29 295
387 413
366 268
10 412
65 405
161 389
208 429
137 272
374 163
302 106
300 288
9 168
213 280
422 157
320 428
149 49
319 366
370 192
240 95
18 3
314 246
16 400
31 69
389 361
343 21
408 176
150 274
16 129
183 153
216 24
397 163
238 190
181 300
116 305
379 132
430 194
98 242
86 419
80 296
201 393
399 322
180 70
49 112
184 435
116 34
166 388
332 362
72 166
111 70
38 98
124 302
330 417
397 322
35 414
38 4
123 105
355 407
161 208
116 56
140 369
137 422
416 437
362 288
213 80
237 201
95 139
267 443
98 286
367 423
13 116
384 218
450 89
212 293
436 141
247 229
42 78
64 292
443 393
65 320
10 376
5 83
271 232
265 177
357 250
216 411
107 191
414 121
135 295
315 351
2 6
419 298
185 270
413 56
51 228
349 289
64 243
119 372
42 104
83 421
6 131
260 250
261 416
28 89
272 405
444 217
371 335
258 167
400 171
353 26
272 338
133 121
372 156
194 114
352 93
384 151
103 274
157 373
390 17
369 421
371 135
77 216
333 23
276 47
7 234
348 422
323 401
102 165
190 231
132 293
421 428
1 91
51 271
445 295
326 174
435 360
388 439
93 194
51 22
17 323
263 367
417 69
321 239
293 305
346 211
123 36
285 342
346 173
332 164
310 134
418 391
65 244
101 440
226 352
222 132
249 61
326 398
428 377
412 66
69 385
38 63
221 22
146 120
241 38
141 447
128 364
357 426
53 300
297 18
91 42
121 213
346 406
447 295
371 30
213 115
251 140
433 151
380 443
240 232
181 112
410 249
111 1
317 449
235 367
38 234
433 250
391 444
220 403
345 242
134 14
420 342
198 350
216 408
312 390
129 394
244 144
4 388
210 78
13 133
197 247
153 309
247 138
317 280
388 428
107 300
182 187
15 179
95 358
241 121
430 38
66 42
179 192
387 335
226 228
281 5
208 0
246 6
19 178
193 343
184 428
6 140
0 183
341 167
336 2
56 37
79 126
19 435
292 56
83 413
98 270
117 20
178 261
381 411
22 353
165 428
311 165
87 337
178 101
153 168
335 349
365 335
91 439
149 216
438 428
40 247
170 158
326 405
401 74
79 219
333 106
228 112
273 397
49 397
80 365
418 295
161 260
295 379
127 13
21 175
202 33
303 447
433 84
289 230
433 353
28 376
246 244
241 382
376 139
290 76
422 95
58 378
406 30
258 74
109 421
431 207
105 237
58 315
204 209
112 107
171 415
232 20
149 157
357 124
421 315
220 215
366 172
332 432
274 265
28 286
121 49
377 429
276 61
17 147
410 137
131 165
242 259
206 279
21 91
32 206
434 11
440 106
104 112
388 391
52 427
377 249
219 321
296 128
396 160
97 44
140 142
232 211
332 157
402 425
168 368
160 386
219 138
437 435
79 333
399 349
293 127
334 280
95 316
97 358
62 334
362 41
110 246
202 130
428 418
105 346
236 86
193 210
279 151
6 192
80 67
222 172
270 302
263 389
20 149
363 317
268 199
371 323
144 304
377 234
130 52
374 257
213 342
418 327
215 413
195 437
373 331
75 118
154 39
283 19
272 73
345 83
305 395
5 102
379 29
349 107
118 367
191 183
13 129
104 26
260 363
236 124
292 200
245 191
232 186
443 219
322 434
400 269
364 281
335 55
165 394
395 254
216 89
226 442
389 25
434 215
118 219
385 24
423 105
80 280
178 339
302 403
282 45
288 401
233 21
450 316
45 200
261 170
284 330
385 79
306 306
369 52
250 114
97 308
219 299
302 105
278 271
273 274
12 43
328 177
138 308
29 439
29 208
48 327
182 178
27 431
66 281
241 352
408 210
129 225
420 136
131 110
137 166
375 385
57 326
445 135
319 352
228 329
344 60
139 294
325 318
220 107
271 324
134 55
353 347
424 107
233 169
438 425
441 247
134 12
214 284
166 28
134 67
230 162
396 63
14 287
292 359
308 43
449 405
162 442
49 355
289 98
335 31
363 52
183 436
313 304
48 437
24 392
358 261
268 31
270 172
49 99
391 85
118 376
38 29
213 190
330 201
211 369
419 36
159 350
104 142
43 405
285 302
144 43
434 46
265 71
195 29
287 46
267 380
328 184
422 397
298 5
287 226
358 240
99 410
397 288
163 196
114 39
89 355
166 37
162 409
153 63
165 277
181 307
288 144
416 441
337 353
5 420
179 38
130 128
37 54
34 373
212 233
94 449
95 163
267 217
32 280
308 231
266 170
50 206
293 125
136 284
391 446
371 428
28 390
31 34
208 109
323 16
13 251
270 216
250 227
31 340
201 128
442 216
130 248
433 60
15 325
390 177
378 438
177 38
297 124
178 306
343 70
388 277
176 425
236 202
89 22
265 240
62 350
240 202
310 400
333 203
13 329
13 91
97 251
19 225
397 286
203 182
326 297
317 307
206 260
382 96
161 75
339 284
151 261
367 104
160 381
287 109
320 159
298 338
151 102
191 98
441 42
229 74
178 231
87 183
85 22
366 259
202 2
6 404
211 241
450 385
81 195
310 396
162 448
205 306
118 40
82 374
344 167
426 234
197 31
163 155
420 362
170 360
46 119
50 307
164 259
46 270
379 390
292 340
113 225
405 11
422 5
91 6
146 335
304 200
33 326
134 299
443 334
62 253
257 361
244 156
246 122
45 372
21 216
318 381
429 45
88 321
375 252
64 174
423 275
37 371
143 121
182 124
450 226
143 281
201 297
228 398
72 169
219 135
249 391
414 387
234 193
344 308
356 185
253 303
98 346
31 318
390 40
168 96
323 272
65 181
344 85
264 361
360 235
405 439
118 8
373 181
207 376
126 235
47 415
71 405
276 217
5 398
205 227
207 141
383 41
235 115
395 324
18 252
190 95
271 17
110 191
288 173
199 328
331 112
71 253
442 186
270 157
331 177
344 267
175 178
96 137
55 41
73 0
255 399
130 401
164 288
209 13
252 115
415 218
76 380
96 248
46 298
148 369
62 316
30 262
117 256
113 378
13 154
337 210
40 366
275 425
450 325
154 131
375 447
154 250
414 313
380 337
24 224
383 30
291 302
19 362
440 113
336 413
56 355
114 165
6 67
399 216
439 173
450 48
448 90
110 138
404 438
226 267
289 94
293 431
195 254
9 5
222 246
151 29
420 100
159 35
235 362
213 67
13 96
391 232
443 130
72 25
70 403
377 225
122 281
152 23
365 61
272 178
302 125
132 445
254 272
97 426
262 388
199 177
328 258
200 197
76 11
157 254
308 97
255 408
188 407
84 338
309 48
10 447
170 140
309 12
430 120
47 288
393 323
380 260
351 8
321 5
71 120
105 234
301 233
233 84
346 418
250 66
244 251
2 398
342 338
261 240
317 417
234 171
131 67
317 25
147 204
125 127
443 230
117 370
218 351
51 100
400 184
278 249
155 425
158 71
202 390
135 429
128 434
276 381
137 111
166 321
240 53
136 277
266 99
182 339
282 85
363 365
100 186
257 369
379 262
361 105
282 49
238 220
223 230
360 203
164 149
416 355
129 258
36 416
194 208
373 152
234 391
338 399
423 200
445 241
104 66
159 447
308 9
287 28
308 22
441 59
308 363
24 15
176 62
334 112
151 148
157 76
70 387
440 405
253 252
199 183
127 222
57 84
89 153
436 337
215 52
138 450
126 91
415 0
91 220
85 127
65 315
269 55
202 63
131 168
129 134
316 62
61 212
124 236
13 219
70 370
111 9
49 340
279 402
139 303
181 168
333 101
213 429
65 264
358 365
413 253
174 418
258 135
102 419
240 447
100 355
92 65
428 408
261 301
312 364
377 377
97 124
57 430
209 365
129 154
260 426
88 170
273 70
350 280
2 85
381 89
337 227
139 260
360 364
364 409
187 366
431 260
3 115
10 145
190 226
14 204
82 351
42 335
132 354
415 14
292 233
96 432
119 415
399 233
182 176
409 92
300 420
191 61
341 50
271 158
97 134
195 3
219 132
88 405
284 183
130 84
369 95
447 197
388 303
204 213
273 229
172 386
59 226
341 238
331 431
179 444
9 142
139 28
426 235
341 246
290 374
141 279
287 169
283 183
91 334
205 364
134 59
365 186
231 375
139 120
286 233
146 186
382 412
297 43
105 77
278 77
320 291
333 409
145 215
117 307
165 407
69 90
319 162
236 401
63 203
259 319
426 356
255 83
253 71
241 256
272 191
373 64
257 119
201 84
195 412
21 183
83 242
279 324
357 17
310 355
44 98
29 418
118 176
172 382
374 102
168 257
259 78
114 443
20 262
41 138
32 165
359 7
45 83
85 315
97 74
423 104
75 422
39 199
269 243
118 362
62 193
4 20
52 15
170 435
275 177
188 81
191 96
356 436
233 177
80 2
191 248
182 86
14 449
196 292
37 225
435 338
327 283
68 351
265 383
33 159
22 445
102 246
140 237
172 63
139 206
302 385
100 449
167 180
43 141
169 296
126 357
60 78
296 125
163 210
231 436
405 344
352 351
133 362
285 220
344 274
338 198
149 38
327 368
146 369
241 12
272 245
340 86
268 230
289 404
239 290
49 306
87 300
49 360
137 88
24 330
7 192
367 283
39 211
425 74
245 60
399 218
372 154
404 231
32 39
131 425
358 419
57 199
185 441
58 234
248 189
348 30
376 128
113 291
157 182
351 87
286 80
70 64
323 389
365 105
273 410
177 432
284 206
39 310
184 318
226 344
84 449
3 222
99 156
396 406
50 220
53 411
16 115
336 395
298 268
75 386
134 274
74 152
71 160
284 323
177 187
356 158
99 19
279 317
206 406
180 372
203 15
388 365
118 163
212 395
376 389
252 43
119 333
388 121
184 404
368 47
58 364
27 375
254 254
165 168
179 48
255 70
201 97
36 367
154 210
326 334
347 389
57 263
76 48
146 234
155 411
124 438
375 285
151 161
285 362
126 291
12 254
358 335
145 357
429 206
392 365
406 410
389 408
419 79
417 150
199 375
1 38
191 450
151 69
204 112
156 124
170 377
435 51
211 7
54 194
195 54
98 119
79 329
441 394
80 449
332 22
213 316
1 307
152 50
261 221
122 418
134 350
141 273
396 352
321 409
171 370
301 333
91 40
75 92
183 377
204 88
191 132
105 337
232 329
159 156
210 330
228 8
288 444
247 424
438 320
113 120
382 327
127 328
190 192
70 327
245 163
394 139
23 251
155 70
294 186
1 190
318 138
258 399
395 290
65 8
240 103
14 284
17 265
118 78
375 251
37 115
368 337
445 289
377 12
292 161
386 435
194 184
394 319
65 321
180 302
170 266
164 25
310 51
229 305
381 392
329 159
392 347
324 425
122 319
279 21
8 216
384 112
155 99
376 176
403 138
428 4
23 130
431 69
181 237
241 366
88 369
154 151
240 37
347 290
169 205
131 440
201 268
12 440
49 390
16 430
131 171
249 103
413 415
156 425
331 448
97 273
380 119
441 29
13 150
434 263
63 189
224 430
125 340
323 354
349 182
122 399
337 312
320 398
230 121
425 337
402 341
78 334
102 449
382 44
292 174
223 41
370 210
147 58
312 315
200 158
393 252
389 153
224 413
195 45
243 263
312 23
186 384
119 93
417 277
309 415
349 352
90 147
246 414
281 231
241 328
202 324
340 193
363 227
352 69
223 245
207 170
418 21
351 193
125 205
180 29
342 82
191 191
325 92
81 315
65 193
145 309
258 337
356 71
426 304
68 136
284 302
1 168
302 162
198 206
79 360
246 109
73 393
229 441
266 19
58 304
350 231
154 445
418 291
151 180
48 287
338 282
438 125
246 365
382 226
400 415
10 15
162 311
147 433
185 182
368 304
413 45
345 438
301 327
181 308
342 351
111 33
28 65
151 85
267 330
284 399
335 302
316 106
387 377
254 390
324 419
132 92
127 220
293 235
0 283
362 306
245 375
444 112
437 349
291 364
341 431
56 441
153 5
337 78
228 364
106 37
293 117
211 315
137 244
333 133
273 244
341 257
359 21
150 217
71 277
141 419
167 132
343 100
82 370
276 133
97 212
336 336
343 421
17 134
221 261
74 158
4 34
51 319
285 78
347 76
419 309
435 380
217 80
120 332
182 274
185 191
149 18
299 356
204 276
416 244
92 118
75 448
36 399
295 373
85 420
10 120
255 305
17 62
280 277
49 259
210 132
100 357
152 344
261 262
317 430
97 292
152 24
133 287
231 180
87 239
415 291
292 346
232 395
58 367
351 201
99 27
315 142
327 77
387 353
369 236
349 112
284 21
249 51
131 327
328 231
366 337
305 17
74 417
55 152
298 223
253 347
33 246
239 436
280 255
187 55
272 355
212 98
75 139
248 223
408 401
300 330
384 11
172 230
177 225
132 38
353 39
65 256
139 10
225 196
85 57
85 101
340 188
20 266
124 400
142 3
352 370
205 167
111 319
266 149
349 265
292 72
142 218
61 309
204 424
65 157
156 383
181 365
26 2
285 115
399 80
127 102
28 79
257 347
259 129
294 376
45 218
48 286
315 419
237 433
31 223
1 88
290 414
180 9
58 18
399 323
419 389
258 251
308 196
336 131
348 78
272 48
213 51
164 114
13 417
19 400
207 433
14 233
61 123
425 353
314 415
6 215
439 26
67 58
450 105
408 414
239 12
416 416
431 256
193 127
447 383
86 409
179 244
445 3
200 149
347 204
350 298
298 381
126 240
349 301
115 291
300 371
248 386
431 147
381 353
237 225
81 326
55 49
285 270
245 32
287 127
131 304
440 351
164 401
305 67
220 117
38 262
17 84
352 159
413 309
239 231
336 339
403 64
246 273
269 165
142 436
133 387
143 407
447 61
423 321
254 186
261 361
122 365
8 106
76 51
353 179
292 408
343 431
417 442
406 204
230 336
267 449
247 58
227 116
286 132
376 178
267 296
279 312
86 183
100 356
334 56
75 278
312 355
219 5
278 182
103 241
134 351
46 141
427 372
98 237
46 66
214 139
260 185
193 112
143 324
267 354
370 251
72 270
186 322
445 130
391 147
226 4
65 166
124 290
403 208
402 146
135 306
135 131
275 90
159 15
93 283
81 363
423 298
156 423
371 145
161 401
245 53
317 287
213 262
416 18
18 159
68 331
124 434
130 245
138 174
295 342
15 189
401 354
214 92
13 250
318 201
245 68
37 436
28 218
245 127
397 47
155 134
406 447
295 107
88 360
348 0
98 415
210 412
374 172
365 328
271 153
222 342
94 152
336 432
106 50
209 192
63 207
180 395
374 312
436 166
203 343
329 279
11 436
21 9
287 199
35 441
373 180
275 166
49 283
274 243
130 170
297 166
108 102
320 420
17 262
124 8
400 77
92 224
211 80
310 279
123 352
358 345
167 167
345 286
289 393
324 123
147 206
368 448
119 437
266 358
332 67
219 34
220 261
237 34
130 385
226 240
41 165
50 176
421 325
242 13
215 38
183 186
415 226
250 18
449 241
72 445
270 428
393 200
380 219
209 379
261 325
106 140
370 36
154 82
340 425
163 433
351 190
93 23
229 71
364 11
161 257
375 104
11 117
281 224
294 46
406 361
283 229
304 296
430 328
296 349
1 2
215 416
365 432
382 371
57 79
449 67
358 396
373 198
269 406
202 8
408 103
45 59
112 404
409 297
288 214
388 207
206 262
119 375
393 396
441 417
136 158
328 400
94 300
323 93
118 210
437 158
383 256
315 387
138 395
145 94
91 415
294 212
397 230
348 232
362 267
322 193
218 254
145 92
278 375
440 155
76 382
191 436
414 137
82 133
34 11
275 70
212 92
68 337
282 120
218 173
308 241
440 375
448 179
36 286
287 416
245 149
80 375
148 75
7 30
18 402
211 212
101 328
428 208
37 198
66 259
169 384
140 169
319 346
323 275
360 408
0 161
346 421
385 412
384 92
229 80
248 91
29 179
281 91
144 143
381 111
391 171
41 300
232 4
15 235
348 267
303 119
162 285
373 390
286 114
429 39
347 369
260 445
276 222
133 347
310 283
286 415
66 114
18 41
90 307
246 129
278 311
380 390
101 126
72 13
224 375
123 121
369 5
67 193
444 241
228 29
29 443
179 187
226 155
387 450
19 23
150 441
196 370
221 417
240 290
2 32
220 233
35 166
392 118
305 275
447 4
286 328
257 299
80 65
38 254
411 381
297 392
96 272
7 424
259 155
173 287
5 440
89 118
370 350
36 57
162 225
152 345
162 63
139 378
250 260
61 107
250 193
376 366
196 242
36 162
271 256
240 74
42 131
165 436
362 145
334 199
191 174
417 336
99 192
435 4
187 447
341 26
238 361
343 16
10 218
85 312
184 340
390 426
31 424
99 293
15 376
364 295
163 256
205 17
335 267
430 175
371 386
351 140
332 445
143 308
378 216
47 192
293 434
11 133
249 38
387 27
32 20
62 213
73 172
365 48
395 273
183 150
181 27
72 375
259 113
172 96
101 262
229 292
305 78
29 117
14 147
252 134
383 292
413 339
74 96
189 223
160 318
100 397
134 232
34 438
45 13
116 93
165 239
238 224
216 443
79 238
299 82
224 27
81 20
211 385
200 50
148 391
206 317
61 365
171 70
208 341
340 282
19 199
225 323
375 275
113 252
90 343
264 17
99 370
145 435
340 409
18 329
412 17
183 239
385 446
415 191
276 312
94 383
75 171
121 91
5 362
261 407
433 342
401 344
25 188
369 73
68 252
78 73
288 42
211 323
24 94
108 25
448 72
192 256
117 450
420 378
262 87
26 328
33 239
14 286
227 44
72 287
406 243
69 41
195 0
50 69
209 216
31 389
382 154
59 13
93 308
411 347
38 28
393 381
214 116
175 139
287 1
133 114
416 361
450 143
381 314
55 444
135 158
269 391
336 341
251 10
425 428
10 36
250 148
213 135
292 312
316 208
350 304
270 191
72 160
37 136
440 383
77 360
315 21
402 127
305 331
235 17
29 321
23 128
307 234
49 192
136 260
186 276
230 259
224 94
369 41
370 110
356 317
22 307
259 278
226 317
145 236
313 173
7 443
363 384
137 225
58 54
340 14
339 35
204 347
236 236
370 395
413 4
209 0
98 308
67 246
334 394
78 102
386 258
24 52
151 157
438 183
383 36
235 187
313 91
47 15
421 112
400 343
161 131
295 138
138 85
194 413
426 422
168 221
404 219
167 359
319 172
200 31
318 294
254 385
144 223
73 77
13 153
7 21
149 309
98 336
442 247
215 215
398 182
180 391
218 335
10 11
108 170
69 207
49 135
177 137
224 53
47 28
377 179
438 426
17 345
5 150
109 426
312 103
352 178
431 51
385 394
225 371
297 201
396 370
357 184
159 295
231 447
192 199
172 177
258 56
174 15
111 66
264 34
333 394
127 229
66 285
292 157
252 294
377 439
414 2
82 135
11 73
81 224
224 108
195 57
387 157
15 373
51 14
243 227
442 214
77 130
150 209
338 104
323 6
25 34
306 399
427 308
330 101
436 181
357 448
33 28
268 69
176 370
65 219
119 70
375 362
71 154
260 379
155 371
162 213
6 23
7 408
55 4
38 200
40 262
5 304
377 53
315 338
159 203
114 108
426 312
150 230
268 76
140 215
283 184
77 279
405 166
302 248
0 411
246 201
325 427
254 263
233 405
149 389
118 7
92 256
10 277
145 56
10 80
183 353
278 8
205 157
268 32
338 265
378 59
11 226
350 145
36 186
194 10
74 311
407 117
69 348
39 23
311 435
157 356
360 81
329 145
263 21
75 56
345 210
84 113
329 378
241 65
71 226
371 266
332 102
413 47
434 239
405 32
427 87
277 83
246 98
40 164
27 389
447 375
446 369
410 85
34 366
61 446
320 349
123 49
128 3
210 15
2 381
348 264
314 385
23 107
194 425
390 439
22 426
90 244
128 443
381 99
75 34
91 440
162 410
275 262
254 78
365 418
296 437
82 422
71 435
107 140
70 188
282 334
321 71
117 290
371 344
108 137
310 184
328 253
432 249
324 20
34 44
89 171
149 129
171 195
116 317
349 403
71 263
248 368
398 14
438 391
162 328
102 401
344 10
99 142
129 151
54 183
16 254
280 395
371 260
41 177
397 421
146 377
300 13
235 202
203 108
164 336
441 422
432 245
201 105
0 256
144 447
445 203
251 148
30 215
366 146
208 101
255 323
18 165
412 160
426 33
12 233
169 383
228 225
239 192
379 57
121 345
221 76
316 81
220 222
367 135
221 8
129 445
322 250
333 406
44 127
37 2
257 104
152 46
176 2
175 354
155 295
378 291
340 443
351 449
367 267
353 356
75 42
279 36
117 287
14 414
113 105
277 333
366 115
325 134
114 263
198 399
391 197
407 218
108 279
401 257
358 248
76 44
374 109
205 173
132 296
3 80
305 377
85 240
114 34
309 363
104 49
160 298
437 432
154 137
0 13
348 21
268 259
243 275
190 2
103 136
110 119
221 30
431 178
57 253
426 408
324 206
298 143
216 29
193 297
96 206
348 79
253 20
217 371
125 313
430 392
363 49
324 89
299 68
379 431
271 268
428 368
190 320
193 94
360 447
268 222
42 207
209 409
182 287
301 341
122 191
227 317
9 243
280 303
55 368
159 63
349 411
372 111
155 62
345 287
12 100
163 284
52 292
163 212
142 442
283 239
420 3
133 407
23 67
198 86
389 270
441 274
344 154
182 447
20 280
29 2
142 371
391 321
116 338
140 408
146 71
182 395
114 123
4 39
413 204
300 175
312 347
65 358
234 170
258 406
94 307
392 412
149 440
45 16
69 370
116 308
187 87
222 261
159 173
304 355
208 240
423 70
252 198
7 305
64 114
6 389
350 408
377 363
415 80
80 385
38 387
385 133
88 120
291 147
391 364
125 320
225 7
51 203
66 379
50 126
149 112
394 226
58 197
449 308
157 405
168 19
282 77
356 171
29 251
0 67
59 421
174 207
134 184
270 184
384 319
132 420
313 388
184 264
220 210
9 405
58 413
353 178
424 86
204 91
0 305
181 432
441 387
199 103
349 148
24 405
172 181
183 213
78 375
92 46
111 239
128 261
69 386
416 25
48 126
395 163
333 306
35 20
415 99
262 167
431 9
103 227
304 41
448 332
299 164
187 215
96 292
277 346
289 437
396 287
185 392
200 426
76 221
171 159
5 392
421 435
355 213
237 444
349 37
300 409
10 259
280 377
282 263
382 278
296 142
148 256
49 43
404 159
415 38
399 212
253 358
251 49
216 419
178 103
28 172
170 108
307 337
86 250
218 208
163 220
36 35
43 165
277 376
303 165
446 2
143 200
130 165
416 274
217 76
209 88
36 243
416 14
425 32
401 13
119 194
274 274
71 373
55 377
251 386
392 234
176 0
129 348
436 424
81 237
326 301
13 259
180 260
336 33
137 429
50 82
358 49
188 206
332 265
21 36
144 89
123 421
325 269
313 129
433 61
381 382
103 59
83 437
261 206
78 311
436 136
434 39
32 230
133 431
166 401
95 57
252 235
113 313
224 245
236 268
17 241
94 167
257 339
284 440
390 80
168 258
138 38
12 272
14 219
116 111
383 25
74 49
50 263
133 405
17 444
11 367
19 67
415 207
141 211
185 360
183 249
251 75
296 350
134 285
168 313
17 139
36 401
68 225
238 137
441 392
300 392
416 155
195 326
414 432
381 244
351 103
65 160
133 59
36 40
377 182
272 195
426 350
227 0
347 241
255 372
352 425
48 137
87 388
120 134
442 329
18 446
234 2
296 173
70 149
104 361
7 372
330 339
227 98
179 133
27 382
326 324
46 312
54 440
392 215
392 321
79 386
384 243
420 101
382 60
388 106
323 312
441 91
26 378
403 362
58 118
381 338
151 340
426 105
51 160
96 357
138 29
169 190
236 105
334 256
416 177
161 12
274 369
387 272
26 169
162 252
415 343
64 361
442 141
212 214
335 49
211 288
405 150
130 263
288 306
395 416
317 393
205 377
251 52
244 133
237 371
320 386
370 387
76 206
264 261
263 366
178 434
379 135
374 437
262 406
228 400
134 125
107 289
101 9
279 261
380 3
186 241
28 154
248 417
0 134
154 254
449 187
376 208
341 221
130 237
31 176
299 84
139 383
263 267
374 390
405 381
286 376
158 271
310 88
62 323
422 111
309 122
164 192
278 260
185 6
316 129
62 61
154 442
338 38
282 380
296 134
412 407
363 220
285 439
85 296
75 302
340 27
75 256
313 149
33 397
238 418
406 414
355 288
278 61
335 431
155 27
142 392
342 396
224 102
140 235
127 56
17 155
91 257
267 375
17 47
426 364
65 411
436 291
100 275
437 397
42 224
381 250
260 280
107 105
262 142
170 396
272 189
316 397
402 26
154 77
65 236
383 322
218 195
426 316
72 268
164 17
49 258
129 275
206 265
384 5
445 12
193 200
249 152
293 178
398 249
450 417
243 110
172 202
57 21
34 297
0 281
123 379
8 128
249 1
33 448
359 93
157 435
135 263
298 167
194 146
208 299
387 141
276 354
277 0
194 247
346 363
34 7
31 93
448 56
278 53
139 55
138 181
230 354
243 328
216 268
278 278
6 190
297 188
200 96
255 74
133 320
183 210
425 218
169 390
336 161
162 360
378 176
235 372
163 304
379 448
11 128
378 373
248 26
209 124
202 21
377 269
13 128
22 188
145 25
79 421
277 221
2 237
116 161
290 286
122 403
408 231
288 184
208 130
220 60
283 118
342 45
402 222
345 140
219 308
105 111
301 48
240 354
126 66
379 418
194 258
403 186
361 91
310 159
344 345
352 281
50 425
190 161
168 183
129 62
402 181
377 71
444 173
212 302
407 239
310 348
445 405
40 138
245 428
50 42
185 388
259 174
119 356
164 447
419 146
237 276
200 434
376 388
111 290
124 420
443 275
318 412
80 330
320 387
277 91
426 432
277 437
131 119
175 16
86 160
104 264
77 90
211 204
246 297
402 449
91 137
1 222
230 145
313 434
75 186
162 109
331 425
262 166
172 146
91 247
409 275
300 109
32 265
123 234
31 209
341 91
143 422
15 88
171 79
260 188
238 112
307 228
266 141
35 82
118 116
197 278
217 450
16 292
199 76
187 371
181 94
134 416
417 379
349 218
349 24
48 141
22 386
309 80
21 241
73 240
347 151
395 364
433 48
435 407
192 421
318 392
285 213
212 83
66 73
438 405
174 266
319 167
164 253
433 269
307 352
238 223
157 147
209 423
122 173
134 436
25 19
366 377
108 395
64 122
407 426
31 284
270 186
409 449
390 447
393 103
264 177
248 422
210 193
216 211
34 414
365 176
114 333
62 207
247 403
371 352
227 249
41 408
151 142
112 342
435 237
345 259
411 179
19 70
0 68
48 337
407 403
252 450
226 349
112 163
216 432
316 222
313 405
420 98
164 255
410 227
178 364
206 369
382 82
376 352
153 189
184 215
103 419
39 374
128 2
304 383
315 140
199 338
355 358
324 195
259 46
25 237
70 241
325 446
325 317
97 162
144 45
108 262
333 37
345 61
404 138
379 32
432 302
309 351
72 438
360 381
301 268
197 85
105 26
303 157
120 346
366 164
230 302
142 345
401 203
167 144
5 300
316 426
445 170
340 297
416 182
311 440
409 64
301 300
72 437
35 8
355 254
393 155
350 372
101 31
17 19
165 386
426 36
443 176
420 84
57 366
305 415
119 445
5 145
276 23
314 143
234 357
209 426
406 64
370 356
105 3
165 171
374 151
155 245
402 150
180 287
294 221
431 62
61 328
21 282
62 415
267 82
259 336
124 37
333 127
398 125
204 375
25 198
210 107
411 36
144 87
88 253
423 169
144 148
12 362
83 349
313 253
446 376
15 49
249 229
164 169
39 62
18 441
96 340
315 399
296 198
173 390
48 323
192 20
333 145
254 43
155 264
323 56
66 55
279 421
373 201
53 112
401 283
107 219
314 379
218 122
112 175
41 218
87 115
43 151
219 423
179 239
160 60
251 289
276 360
281 272
359 385
202 414
134 403
105 204
172 247
45 19
99 239
68 348
31 60
15 278
363 330
301 412
207 201
446 150
19 13
298 11
36 375
428 445
195 97
166 280
168 440
258 427
404 179
112 172
253 297
230 174
145 120
440 366
2 112
363 16
377 44
373 13
164 31
86 416
6 251
123 259
4 22
369 217
47 85
63 190
264 277
286 193
295 287
258 85
350 24
106 432
199 373
129 431
219 116
401 426
419 370
112 204
442 238
181 270
73 169
390 351
242 319
264 93
227 357
114 73
187 184
442 169
184 241
138 219
273 26
261 298
380 6
32 237
295 219
23 26
53 78
89 196
81 183
157 431
244 297
212 304
257 230
288 93
266 412
189 142
422 325
281 147
219 283
431 389
138 12
375 372
161 338
93 149
123 430
389 307
299 332
38 159
148 433
233 109
111 375
28 209
150 327
199 399
174 360
444 7
108 357
229 45
407 349
411 306
314 0
81 324
146 333
347 8
146 54
159 135
382 220
55 371
34 420
75 428
85 221
134 209
107 341
440 326
21 208
172 270
450 277
204 60
260 331
73 166
266 7
117 222
13 395
88 125
346 413
349 214
232 437
359 66
440 78
115 187
62 244
3 449
204 119
145 222
252 113
88 152
387 17
322 208
263 28
370 80
135 169
295 168
3 318
262 86
91 411
186 260
91 57
55 302
15 434
438 198
82 77
315 330
303 221
214 0
315 76
82 134
84 267
55 149
127 357
86 336
259 408
273 242
317 377
424 300
368 426
200 440
77 179
66 360
372 9
57 423
189 228
82 437
282 200
191 314
126 448
400 156
322 172
327 338
331 424
362 173
339 97
199 253
199 419
75 311
279 432
314 107
380 364
426 13
433 218
349 406
167 77
415 132
197 116
212 46
199 74
320 204
148 36
13 376
46 319
223 42
407 397
143 340
120 169
386 376
1 377
442 357
2 31
230 376
235 334
82 42
199 211
14 154
331 408
2 70
290 88
168 104
36 227
421 304
277 29
258 343
52 86
402 31
380 135
70 392
310 326
368 236
22 221
179 202
117 361
251 287
193 245
165 435
424 164
93 220
224 198
260 405
210 238
274 175
216 32
439 389
21 252
70 444
313 78
25 129
218 270
222 366
329 218
338 420
65 258
446 434
343 33
429 135
224 133
112 436
28 196
410 68
116 156
205 3
127 166
270 295
233 403
354 243
340 182
422 356
201 357
70 133
398 111
350 3
108 313
350 107
73 288
247 43
276 26
340 450
48 389
66 61
107 273
406 369
426 31
282 98
106 249
160 176
245 22
52 63
213 151
351 315
224 384
229 8
297 405
372 134
403 31
235 76
51 21
412 328
98 425
165 437
94 192
126 42
193 303
323 179
318 244
6 301
67 111
374 419
72 345
241 422
258 278
261 353
361 165
263 413
155 397
397 37
349 363
257 171
421 36
388 285
248 381
48 60
193 131
392 69
99 1
30 239
361 119
38 439
51 321
61 417
218 379
282 109
37 88
382 342
231 173
421 32
47 284
271 356
240 112
120 89
86 2
394 264
160 45
154 429
265 169
201 372
436 225
210 150
421 103
263 163
151 66
161 49
407 287
156 392
99 406
8 211
77 82
412 283
25 139
164 308
28 374
59 286
332 62
129 145
427 113
188 325
364 60
442 230
17 301
422 307
48 278
141 226
201 442
246 347
188 75
89 427
422 129
32 34
199 52
281 58
109 84
77 291
132 150
4 316
288 7
262 49
416 111
311 32
153 103
408 149
47 422
273 239
406 439
199 418
315 211
424 384
439 317
46 112
223 414
391 86
140 219
228 135
301 181
319 385
14 127
12 126
186 365
195 402
199 255
94 290
26 29
53 288
65 126
93 119
327 183
398 143
433 332
70 2
107 348
345 364
303 104
53 186
65 246
400 23
260 163
118 414
111 164
309 202
253 70
215 119
103 436
169 136
112 279
328 288
76 413
416 203
357 330
414 404
104 170
313 108
427 332
219 245
108 87
320 255
54 254
251 99
282 157
365 318
134 252
437 37
30 195
354 162
17 206
189 332
101 112
313 111
30 193
417 122
195 68
412 386
381 42
74 448
232 55
380 437
190 222
386 298
46 304
143 432
257 428
49 115
409 262
292 140
200 43
58 445
369 271
182 103
403 172
383 437
226 409
64 335
321 46
307 108
344 216
441 260
317 81
42 344
60 340
20 246
145 364
439 415
243 77
54 326
172 321
401 97
172 131
287 256
61 75
282 272
250 410
278 67
337 242
264 79
385 108
227 186
107 394
214 367
116 274
174 76
440 407
300 361
321 384
216 438
211 181
122 384
192 390
198 1
75 130
173 290
338 371
261 132
211 449
385 110
219 346
99 202
325 70
91 370
334 220
176 261
6 179
35 373
378 156
402 69
369 439
215 428
305 46
299 316
368 37
310 300
261 201
114 89
315 224
214 338
218 371
184 430
111 422
243 425
131 158
101 73
115 88
316 186
135 324
350 266
194 130
407 358
215 189
325 77
401 163
222 122
130 266
319 245
441 411
413 308
376 311
135 398
246 258
214 58
319 378
420 215
443 17
398 146
108 402
57 60
361 278
25 200
227 66
353 271
104 220
322 221
208 172
38 8
335 272
444 157
54 233
280 54
346 265
193 355
447 237
41 4
57 133
330 132
288 229
232 95
212 215
64 135
375 218
360 115
98 321
229 139
49 199
72 114
305 49
21 66
232 189
424 0
232 278
240 432
11 156
419 165
408 86
132 425
330 368
143 431
118 264
63 37
294 52
136 135
65 385
417 58
225 73
156 348
0 218
237 152
208 283
409 414
308 260
369 18
390 77
84 81
319 1
6 296
351 5
300 81
366 138
6 162
171 85
1 325
409 35
208 193
161 30
337 285
343 365
326 9
206 43
445 128
224 394
165 169
364 123
245 110
74 315
437 60
131 305
294 139
327 317
151 360
418 104
85 182
218 114
77 194
73 108
267 78
219 391
199 353
160 51
17 148
127 65
339 311
9 244
386 167
329 146
20 362
168 354
28 320
11 142
402 231
305 334
15 313
305 249
334 75
334 369
112 128
130 75
32 425
39 89
337 248
397 120
66 170
75 64
281 151
66 69
165 343
185 252
379 22
4 118
326 407
250 197
272 225
347 222
367 432
418 106
369 408
5 165
408 49
118 3
325 264
149 254
96 55
165 255
253 385
281 227
276 4
90 304
13 323
142 301
200 366
306 23
405 331
121 227
235 350
342 325
384 439
228 170
276 282
282 319
74 137
348 150
179 250
179 102
179 47
71 290
113 64
243 219
426 308
278 257
366 218
72 17
50 233
3 301
260 120
186 315
121 397
227 377
92 443
436 228
80 46
382 175
207 380
92 348
242 404
53 60
94 311
341 353
214 194
402 299
43 110
189 167
442 256
179 253
333 202
52 100
165 53
412 266
189 245
304 354
389 405
28 259
50 102
218 211
325 338
392 155
315 362
249 224
118 182
325 350
251 251
25 256
236 17
176 336
329 50
434 438
82 58
378 329
216 14
357 269
130 42
191 360
243 172
184 66
213 247
277 402
81 290
357 296
24 57
434 88
124 202
21 369
415 36
124 2
332 144
141 175
45 30
230 264
267 38
127 417
323 324
197 270
303 308
251 319
397 382
162 306
25 65
169 83
423 337
288 110
265 25
305 182
39 20
167 423
191 394
96 301
352 145
382 247
128 366
259 144
76 39
293 94
120 54
160 304
336 268
197 29
357 364
419 306
178 81
297 2
128 56
145 350
50 326
357 371
327 26
29 94
335 425
395 235
305 434
226 42
239 107
285 245
181 434
351 183
246 257
331 124
431 385
402 236
432 440
413 20
283 382
131 20
170 153
367 274
33 426
188 360
72 68
142 163
286 331
299 7
449 391
277 71
309 327
127 45
325 139
20 250
221 96
54 329
213 276
392 173
448 303
447 355
209 323
429 174
328 60
447 382
30 335
124 360
111 16
5 273
115 100
94 235
420 38
100 325
211 174
4 143
30 337
62 115
1 345
63 316
400 368
206 46
17 422
142 78
148 210
66 155
218 65
234 34
347 418
333 256
414 139
412 276
164 319
213 141
420 88
392 387
47 296
366 325
42 174
329 313
4 402
130 131
222 113
112 127
236 250
74 439
187 27
242 321
433 319
368 118
215 363
365 199
169 152
27 13
248 261
344 425
208 418
249 173
433 356
235 143
227 167
53 196
233 257
32 257
0 120
134 63
282 221
191 125
404 384
107 8
407 124
36 84
378 422
109 33
113 177
152 138
328 264
58 10
265 94
77 31
378 316
121 147
150 189
97 305
216 325
117 114
249 17
115 192
358 415
262 302
6 223
4 159
210 73
148 239
209 159
165 163
262 175
263 397
446 356
100 101
423 421
80 124
365 0
260 22
316 231
24 35
101 179
292 446
392 51
328 322
282 264
166 246
163 326
411 375
263 310
25 7
182 372
228 85
158 27
291 422
58 421
417 17
194 42
15 29
165 316
20 279
283 294
445 262
421 434
364 410
327 199
377 256
155 28
133 225
379 401
236 392
63 328
410 169
97 381
402 288
201 10
415 391
242 80
192 88
394 379
386 63
33 438
115 40
173 81
183 376
196 218
69 256
133 428
283 146
190 202
436 318
177 437
394 120
28 368
17 215
342 223
446 300
218 0
196 146
301 173
194 132
128 186
163 286
16 135
96 331
374 362
46 83
372 173
300 395
195 432
367 34
311 128
264 413
447 122
3 181
293 183
379 412
52 55
66 6
98 398
11 349
427 322
416 152
131 257
349 93
129 336
156 274
437 331
167 376
437 438
277 171
297 212
190 419
246 85
387 300
1 296
441 7
12 351
439 52
204 291
279 128
237 39
4 447
331 103
228 97
447 229
36 254
351 421
430 302
445 98
421 265
96 397
383 112
336 149
34 216
5 220
166 440
38 75
283 241
40 97
136 318
179 201
256 338
176 61
78 261
356 89
68 34
235 243
334 139
353 372
9 393
392 416
237 399
128 397
199 205
230 279
314 314
231 50
230 324
288 183
160 116
436 171
225 368
399 407
195 333
23 259
282 294
227 75
211 83
96 210
422 45
192 213
329 269
139 93
231 331
342 442
326 432
184 305
423 233
19 131
351 53
40 115
245 52
265 18
398 348
198 127
89 33
63 180
157 7
254 52
186 194
448 358
153 120
349 129
235 247
388 425
55 328
168 178
206 255
12 317
231 56
108 449
310 234
328 67
30 356
405 47
124 402
336 5
408 232
127 231
320 243
87 334
396 123
443 222
289 233
200 298
117 320
359 78
125 182
345 229
22 391
285 347
209 424
92 432
134 289
242 197
228 172
171 373
47 443
295 116
72 106
237 396
76 104
385 399
79 395
319 254
416 398
310 374
247 203
217 262
168 187
243 401
237 336
391 3
259 349
441 213
98 23
441 75
208 204
358 110
309 240
258 79
1 162
290 40
42 284
232 81
341 226
123 331
210 418
49 90
154 249
50 392
176 111
249 338
431 211
144 127
163 296
174 33
447 131
124 4
415 165
114 27
69 293
246 315
139 401
170 65
117 89
154 388
368 192
36 127
364 146
208 178
56 17
406 180
155 379
282 445
131 50
120 91
336 381
295 271
323 42
61 68
176 75
91 320
308 271
197 344
120 31
182 286
160 28
341 187
53 323
386 267
423 257
168 372
49 77
395 81
178 322
428 272
186 200
228 89
22 7
106 313
365 160
51 375
218 78
336 262
302 442
222 269
81 450
74 51
449 213
443 135
274 114
313 158
36 304
85 269
445 199
302 394
90 25
201 368
312 276
207 429
249 297
86 67
235 313
193 265
54 249
89 7
273 119
312 226
113 84
14 395
439 70
110 418
412 185
218 124
414 354
112 152
195 341
43 306
320 438
379 310
71 420
9 350
331 33
443 147
76 147
421 203
304 36
221 212
109 82
78 136
122 150
450 133
383 443
280 327
363 4
281 77
437 76
69 72
185 277
198 177
343 416
276 78
369 77
73 313
353 42
146 20
403 40
309 50
219 226
15 55
367 23
256 146
293 239
197 26
174 442
107 413
126 20
192 415
89 93
15 81
277 351
42 244
318 426
175 65
344 382
87 437
267 58
305 272
145 413
180 342
148 444
385 36
407 286
346 392
138 45
88 374
250 269
103 437
276 419
197 158
132 380
411 254
340 286
381 141
238 154
92 356
239 69
125 321
228 437
250 448
46 125
245 31
305 235
166 346
64 98
195 191
45 438
286 280
382 234
57 407
189 424
123 46
11 362
18 206
16 311
265 444
0 85
257 161
336 1
447 124
169 29
55 254
357 293
144 25
170 84
332 260
430 242
370 81
111 111
2 324
154 416
276 122
17 43
101 182
101 198
357 9
269 403
211 405
310 10
113 153
155 0
23 32
104 259
121 335
9 270
127 303
79 208
188 23
273 368
132 393
47 183
158 323
192 333
84 82
32 124
21 73
313 384
351 89
178 72
66 289
100 183
30 299
48 338
367 140
283 240
135 374
444 416
135 199
60 166
429 305
303 297
334 41
41 247
258 341
205 350
390 288
344 372
410 100
390 200
231 48
432 375
446 358
408 317
32 319
407 311
163 316
95 260
178 351
373 170
38 305
443 298
319 26
443 268
40 77
86 377
23 450
434 371
218 312
215 233
376 44
132 322
436 178
57 394
220 410
377 227
82 218
260 43
370 56
374 248
340 94
3 366
373 425
406 132
294 375
7 229
283 138
44 344
181 358
238 34
248 231
96 72
341 362
151 147
366 179
51 248
265 382
16 214
397 414
346 195
341 424
302 249
162 271
77 45
162 115
182 194
117 51
125 34
143 159
346 381
212 246
315 47
17 327
133 436
278 31
59 288
198 149
206 117
403 225
390 146
30 149
53 285
224 179
167 102
177 321
249 255
277 261
243 168
223 345
424 416
186 313
198 432
308 86
52 41
39 15
120 97
64 438
294 21
199 430
278 72
143 98
86 58
142 417
192 296
404 288
126 219
104 214
374 153
346 27
2 33
371 70
130 294
244 195
445 297
224 45
243 305
334 16
99 47
299 53
179 32
444 433
223 152
147 407
91 418
402 436
263 58
126 327
421 238
44 416
439 273
42 206
107 238
442 392
383 24
9 362
384 163
233 373
28 239
390 32
249 324
40 323
423 126
55 124
111 95
162 417
294 437
450 338
111 108
294 222
120 164
421 202
27 70
378 31
274 140
137 411
404 274
302 295
237 36
334 81
33 107
419 283
261 218
424 50
71 90
69 409
347 34
234 401
209 369
85 223
368 449
93 205
355 13
17 188
271 90
1 56
56 93
187 158
217 52
424 220
385 80
220 246
78 52
327 57
235 24
131 58
84 296
358 112
68 295
445 33
174 182
363 106
219 449
157 72
353 116
235 395
449 373
128 212
414 282
312 9
143 444
115 165
391 28
46 379
356 217
170 381
176 266
430 264
179 77
202 375
428 76
302 151
107 246
438 188
380 424
386 116
97 167
218 340
93 332
311 439
405 198
443 300
174 229
435 2
385 236
113 244
190 10
47 49
195 60
57 152
422 343
11 216
203 162
264 396
293 336
336 243
136 422
438 113
396 290
126 77
50 245
46 328
275 82
77 44
187 165
170 202
267 188
136 342
406 165
56 64
281 43
311 234
198 113
71 234
8 59
319 435
57 208
295 108
155 270
56 438
246 192
65 247
117 276
152 97
105 386
102 359
151 421
181 246
415 220
37 171
32 217
91 271
246 432
267 254
269 50
435 69
130 50
425 434
364 183
201 186
321 65
393 247
144 47
215 293
422 326
227 381
223 401
312 125
433 2
253 35
124 82
157 188
238 105
393 131
355 365
157 343
144 233
29 75
84 370
262 5
1 83
138 399
210 424
239 180
430 448
189 115
335 250
154 138
442 229
339 226
83 19
220 286
294 30
84 437
332 120
418 421
166 311
445 5
53 110
283 195
206 376
137 205
211 61
132 394
38 19
374 219
9 46
48 36
15 150
32 395
370 285
414 345
8 409
282 373
326 296
247 369
49 201
120 448
60 378
295 322
285 161
294 17
333 404
270 108
272 187
420 52
257 333
297 309
191 320
443 242
104 190
97 52
333 334
159 264
350 335
397 360
311 259
122 282
373 378
419 417
323 162
265 241
95 232
47 126
2 210
408 41
161 65
298 361
75 114
86 83
299 348
369 427
242 392
5 308
27 36
195 129
48 184
96 193
33 298
26 439
97 168
367 74
44 171
202 80
6 234
96 338
443 224
74 350
272 167
449 400
184 387
31 366
149 342
78 219
122 111
272 407
269 386
100 164
147 173
375 240
305 435
8 255
51 241
344 434
320 338
300 342
199 159
146 151
242 177
143 361
308 365
11 172
125 43
404 355
159 143
372 423
219 448
202 92
210 332
28 122
224 361
372 138
132 93
69 175
204 204
245 122
378 212
392 440
249 196
146 100
436 435
446 384
383 253
251 11
269 180
70 408
366 84
134 389
245 16
87 434
364 447
367 428
259 355
190 400
347 2
245 262
238 37
341 163
343 326
208 262
0 317
88 255
269 346
123 161
208 425
61 203
374 346
95 58
136 196
165 236
200 140
429 437
200 210
29 47
373 169
110 42
47 450
33 342
340 71
240 275
279 430
419 223
94 204
101 430
96 177
138 383
47 78
313 272
99 295
380 429
300 351
136 201
161 150
245 423
295 375
85 133
134 434
426 9
343 278
179 434
261 385
375 150
365 17
233 299
213 369
153 23
199 163
387 47
394 217
204 126
411 20
270 350
111 304
193 270
270 94
164 10
18 387
409 25
315 80
58 6
242 283
319 100
199 144
345 62
348 447
90 264
129 281
388 36
207 74
319 293
54 184
414 250
86 271
187 438
228 403
180 321
330 423
197 421
344 80
371 59
206 36
26 374
421 10
118 184
53 360
219 15
274 439
223 225
170 63
355 55
408 58
18 379
90 30
369 334
77 84
449 355
42 84
221 108
217 156
390 64
82 246
197 106
381 336
139 274
24 211
160 115
70 8
163 428
160 433
12 390
96 190
305 285
153 315
94 97
420 360
420 231
392 436
402 110
43 286
340 6
393 41
200 278
107 313
156 158
301 383
124 247
208 352
437 391
278 303
413 198
338 300
92 428
220 272
338 181
64 283
255 104
276 277
447 18
248 170
356 359
178 186
265 297
315 246
52 322
28 183
180 389
330 443
375 282
446 208
435 402
218 341
262 143
268 328
441 20
287 158
16 36
242 248
278 162
319 123
387 295
307 95
359 369
390 219
114 77
61 423
60 210
95 41
320 307
333 36
144 286
369 205
381 29
162 31
263 346
297 41
406 263
302 118
339 347
265 313
233 67
243 136
59 394
131 3
235 152
30 302
243 304
430 417
353 395
213 321
238 203
359 29
36 6
114 139
176 387
127 248
163 213
381 110
72 282
370 152
220 289
144 377
286 200
38 294
175 287
47 8
245 328
427 169
196 116
207 384
296 11
242 270
104 269
320 89
416 179
227 295
223 11
245 400
409 359
276 364
193 230
193 258
70 203
270 341
90 427
92 414
63 184
47 189
24 263
129 224
386 212
385 261
300 406
250 433
77 74
176 428
363 306
373 388
359 356
268 356
270 408
435 35
54 225
421 350
296 32
324 212
147 372
63 284
403 349
239 391
358 164
448 422
384 309
136 409
82 94
326 392
232 366
300 216
184 20
446 253
437 267
153 328
370 130
84 401
189 437
377 314
392 374
51 229
232 368
100 131
126 205
443 57
365 225
121 148
406 339
297 365
74 39
16 35
402 16
313 32
356 43
405 192
87 211
46 278
89 424
363 141
74 73
101 420
268 294
249 75
437 366
154 229
296 383
222 23
64 62
19 328
225 219
216 210
309 379
198 345
50 381
159 425
129 25
43 337
4 92
34 271
438 121
298 261
52 433
128 154
126 114
160 287
168 238
182 391
9 210
185 320
80 142
109 399
58 245
326 220
129 220
45 106
306 330
74 77
143 106
301 404
346 370
67 24
346 178
93 122
278 295
146 129
255 139
88 217
99 350
61 424
102 253
322 420
175 249
306 356
79 14
114 382
316 22
286 326
448 182
103 159
241 408
110 57
309 113
249 57
286 236
294 345
443 28
414 272
75 230
59 156
302 235
229 201
246 430
421 25
113 138
443 83
39 340
329 23
168 381
4 364
310 255
171 92
197 337
342 41
212 128
419 361
439 300
450 31
339 69
336 350
300 305
98 5
332 296
138 342
148 24
195 148
289 308
406 51
176 435
24 219
294 229
210 96
108 11
277 286
149 294
412 385
347 200
3 250
323 274
0 249
219 349
394 394
82 395
320 76
412 181
192 341
426 132
354 393
282 324
212 345
422 254
75 262
131 298
21 104
325 170
68 63
269 398
215 232
292 394
185 286
153 387
368 422
131 307
255 313
112 222
441 94
366 68
270 283
386 443
158 56
318 209
302 265
342 115
230 268
428 434
109 358
100 96
274 242
281 120
33 358
314 336
450 212
390 311
388 191
297 15
82 76
338 221
196 323
341 23
75 371
392 122
412 363
296 228
108 301
7 170
311 411
185 87
177 286
51 89
180 63
337 341
387 170
128 370
208 379
284 394
406 177
324 128
47 204
186 369
113 190
72 367
429 232
226 125
71 33
117 413
136 207
21 283
290 402
94 231
177 39
160 245
169 284
117 375
88 433
448 333
437 154
259 305
175 137
216 195
235 371
372 272
187 301
430 79
348 445
39 370
189 450
165 48
434 71
236 365
406 367
242 303
158 421
317 14
444 386
296 358
423 384
232 324
271 432
65 298
298 227
228 334
169 257
85 209
116 444
394 302
294 438
82 441
152 261
303 227
202 40
5 171
110 129
283 208
136 36
135 198
330 421
301 277
68 414
357 136
372 3
365 370
213 444
53 134
401 5
123 289
286 395
8 365
329 321
70 93
158 146
377 168
405 112
9 99
332 137
348 297
399 329
208 396
98 15
397 340
318 346
449 75
82 412
21 180
424 3
347 57
278 44
67 26
31 212
405 315
186 73
185 324
175 15
387 313
296 345
304 340
235 227
89 241
122 293
122 189
181 191
351 393
411 167
316 321
167 349
125 288
220 90
324 277
63 50
375 31
5 118
10 224
94 288
397 67
444 76
77 312
128 253
80 251
349 104
250 276
340 441
190 325
18 380
425 83
234 52
200 335
12 411
343 75
222 258
230 427
433 314
260 424
227 207
71 186
331 387
245 414
256 5
88 188
89 440
381 295
30 101
237 390
354 279
190 186
269 305
169 108
293 412
172 11
350 374
437 310
28 5
143 352
96 373
393 66
169 246
330 344
305 370
232 17
89 402
243 206
384 105
372 426
406 106
343 394
264 407
27 283
204 290
85 438
226 379
137 362
298 225
10 239
217 298
127 388
307 148
308 79
159 338
145 408
215 30
197 90
190 232
368 36
113 219
252 146
39 16
11 294
425 400
213 228
29 375
291 415
250 274
50 327
391 190
324 182
371 276
92 123
265 283
420 104
160 276
237 200
281 327
271 229
269 268
43 41
248 206
73 67
268 256
325 353
363 79
218 7
20 313
190 219
71 69
236 98
170 96
65 100
399 371
419 168
251 361
14 328
398 420
332 389
30 140
169 228
412 425
432 298
380 245
116 27
221 249
289 99
6 58
287 380
63 133
123 330
156 325
384 362
401 228
369 320
428 14
54 58
12 365
311 21
262 354
450 125
350 420
57 1
281 280
396 395
93 73
14 366
97 101
393 414
146 346
209 218
70 345
254 300
159 207
57 342
8 89
396 415
119 248
100 337
50 46
264 353
101 402
37 73
375 431
349 98
169 322
282 322
102 250
174 21
77 191
22 379
309 313
277 331
106 274
375 8
444 134
187 75
60 428
302 134
442 279
253 356
309 288
92 143
182 412
349 134
436 418
282 448
389 247
38 437
57 323
374 15
407 322
105 42
219 298
364 323
450 120
378 7
382 397
79 413
291 282
348 99
265 184
307 441
306 333
191 260
262 369
229 196
344 67
23 205
90 105
386 139
296 367
224 240
239 93
421 332
393 235
19 193
178 116
198 354
296 423
86 363
349 371
161 413
62 46
422 160
150 374
237 82
55 447
221 297
406 206
317 89
139 181
116 215
256 224
150 89
53 371
64 317
259 362
363 179
196 107
83 10
227 339
439 124
259 268
178 412
92 216
248 210
70 102
377 8
116 437
428 360
445 364
282 299
402 334
255 447
107 121
148 342
95 348
160 352
258 376
431 430
298 197
306 83
426 329
75 441
216 136
104 278
147 248
110 253
230 244
335 188
285 319
362 198
335 211
449 412
63 42
316 280
63 193
414 251
127 97
210 236
46 250
361 180
130 200
120 14
402 289
33 40
421 243
312 323
308 398
307 371
47 10
14 228
294 314
341 239
117 54
59 39
351 365
386 163
263 130
222 20
383 248
392 285
24 362
225 47
383 431
11 22
325 149
17 225
86 108
81 312
28 335
269 0
220 149
295 30
362 370
224 323
36 322
273 311
190 444
443 104
337 89
34 71
252 89
155 120
427 269
15 286
324 374
109 208
148 10
202 19
64 97
361 293
44 175
65 69
296 363
277 401
166 193
242 342
409 214
323 377
310 199
372 153
300 61
114 438
119 44
189 161
107 151
362 432
117 230
304 290
75 341
75 390
35 98
332 229
101 40
314 41
328 112
113 14
393 140
444 420
284 32
98 196
349 42
263 22
279 252
254 432
236 446
318 340
191 218
307 311
346 179
339 76
100 320
213 322
5 101
60 245
342 86
21 255
413 63
274 209
21 329
325 51
430 191
14 146
152 351
345 370
27 364
188 230
284 39
178 178
322 164
217 325
267 83
111 246
322 305
349 306
285 296
226 106
92 330
127 413
378 383
182 135
217 285
290 90
420 263
62 405
170 27
74 382
352 41
167 256
209 235
102 19
175 80
274 220
113 147
399 361
402 138
322 445
297 187
407 392
164 178
46 203
148 119
263 193
111 133
393 72
14 283
272 303
72 358
126 259
393 14
256 418
24 307
420 230
136 391
352 408
428 112
77 60
353 343
396 321
171 212
289 101
110 163
228 238
69 179
225 408
60 105
238 13
268 306
163 177
110 39
381 65
204 432
444 430
163 2
78 227
428 183
29 360
306 111
231 277
358 54
396 386
360 249
359 410
437 210
439 441
212 212
205 290
60 158
326 399
439 215
58 223
258 208
243 364
2 206
204 166
430 171
340 299
441 338
182 211
106 6
341 259
21 145
133 96
228 356
348 272
87 353
68 158
304 257
331 355
206 325
233 59
304 370
244 228
307 402
402 43
77 136
165 313
186 43
140 347
440 194
64 329
101 353
157 22
107 197
423 137
36 146
436 223
318 49
156 434
378 400
110 281
225 128
73 111
149 76
253 119
258 448
155 328
290 109
422 145
31 296
322 79
248 70
240 339
9 254
161 277
436 205
10 258
198 326
120 115
82 417
84 176
245 64
23 232
65 41
413 109
357 362
272 17
417 157
271 204
18 263
169 120
80 448
384 230
344 150
145 157
448 103
339 73
204 406
182 360
155 443
406 348
421 124
213 118
116 243
341 232
394 2
64 146
229 123
340 270
318 112
406 191
21 78
429 416
299 386
102 320
66 384
347 249
250 429
381 402
231 154
16 416
251 60
356 147
281 255
330 136
255 389
387 270
254 174
447 235
257 208
283 273
243 158
50 411
309 19
134 215
179 217
100 385
126 252
87 51
424 17
144 449
68 184
220 50
59 331
111 365
425 344
36 91
101 317
159 170
264 417
375 305
272 223
71 217
390 183
217 170
178 37
206 167
87 193
244 420
211 175
224 271
73 13
251 149
283 187
410 444
426 401
430 335
419 157
19 235
118 262
37 298
382 98
4 217
336 170
434 173
377 384
231 415
26 140
105 379
210 48
0 250
251 450
59 351
107 165
355 275
100 379
196 35
125 188
150 61
160 168
128 214
9 229
173 261
447 170
276 361
234 199
336 329
116 37
160 24
276 343
182 147
195 152
209 27
137 181
287 268
120 283
217 124
223 213
108 82
80 121
88 256
90 44
437 241
185 323
78 160
27 264
89 301
294 140
244 379
308 88
314 325
261 239
276 242
428 421
289 175
258 331
236 420
389 193
343 392
340 93
84 228
156 254
338 6
272 255
25 437
32 427
243 407
392 128
80 401
115 249
295 73
71 140
3 220
84 425
375 172
380 116
245 19
380 312
49 266
85 336
269 389
431 119
114 92
101 188
146 373
38 370
418 36
395 56
274 386
19 155
63 204
167 398
326 105
58 388
110 9
38 155
260 53
407 428
98 217
358 100
28 339
444 352
419 387
6 69
330 419
110 64
55 318
121 392
289 343
273 446
194 108
146 131
424 72
310 352
13 281
368 34
230 1
257 391
210 97
285 427
328 36
248 241
335 219
114 83
123 178
174 152
116 186
150 281
395 98
245 65
156 435
317 206
380 54
138 233
322 82
326 343
324 441
429 14
123 187
365 95
392 280
345 407
267 111
446 138
106 171
205 304
423 111
254 44
256 252
212 79
115 144
81 108
113 59
432 157
371 138
179 143
97 324
159 209
302 67
219 218
113 116
381 383
431 431
69 102
286 295
308 153
79 257
24 262
44 59
18 273
258 238
354 413
319 432
359 317
428 163
23 345
304 96
367 249
159 89
427 142
320 101
167 177
281 388
183 109
417 448
166 87
189 393
147 448
105 427
199 259
167 407
325 252
420 41
0 3
234 435
221 190
11 437
129 1
256 97
322 267
368 307
84 272
334 116
56 380
330 155
342 225
290 362
164 158
246 26
12 232
3 244
338 121
325 443
3 368
13 309
275 22
147 99
449 128
196 63
175 413
315 119
30 198
225 352
399 162
116 89
65 379
55 293
344 91
58 415
285 155
246 20
415 372
153 27
380 143
348 156
328 39
157 96
199 110
387 219
5 433
365 358
296 107
141 281
37 398
373 120
62 17
77 161
301 421
309 252
166 11
114 403
236 43
2 376
50 166
432 282
280 247
355 401
30 165
42 6
70 124
124 235
98 214
245 180
325 299
170 10
396 92
341 139
107 134
341 37
214 253
428 237
446 392
401 4
79 361
427 19
54 438
84 127
345 225
345 373
57 324
13 72
281 27
321 356
389 60
188 270
335 207
75 395
200 40
244 265
252 140
314 123
152 415
144 70
255 54
6 15
335 86
321 281
352 383
339 331
408 102
306 298
220 358
9 282
213 297
424 119
214 362
47 436
445 159
433 303
340 103
90 311
287 195
384 149
100 419
442 415
422 92
370 412
121 308
54 86
285 227
305 196
403 165
233 69
313 296
194 441
277 353
440 255
397 374
17 329
192 298
127 167
62 435
120 312
93 304
61 73
279 61
92 133
60 86
341 315
282 217
429 73
192 0
427 23
101 69
300 99
267 333
117 295
445 121
132 246
222 309
269 147
11 256
124 291
270 308
334 389
122 98
289 21
170 166
63 346
315 229
277 181
103 204
406 83
349 294
408 371
261 348
61 353
79 256
278 353
106 81
150 66
289 31
231 422
197 174
126 180
182 141
181 166
119 133
127 208
295 74
277 57
143 104
316 148
38 127
420 105
158 392
318 83
444 309
399 285
36 19
207 235
324 371
16 208
188 408
172 278
207 51
317 192
421 47
309 412
23 411
424 429
93 249
86 5
422 104
46 18
105 294
87 106
2 160
56 200
314 15
190 92
30 55
385 137
447 189
175 104
69 431
182 370
411 91
313 261
138 24
213 183
107 19
299 253
234 149
211 382
60 143
283 280
312 127
351 57
134 341
38 195
328 111
284 407
111 156
187 50
64 392
305 305
101 284
52 344
352 286
1 236
437 362
10 54
55 212
64 70
436 401
239 15
120 410
270 132
359 106
440 252
120 307
186 1
310 223
164 291
366 190
431 172
191 376
64 211
224 225
303 354
40 190
354 59
12 311
133 82
40 380
129 135
386 307
106 185
319 230
318 98
94 392
87 67
374 284
319 15
190 449
69 111
233 270
117 332
230 160
313 212
196 49
147 47
25 154
7 46
435 130
326 10
272 147
109 311
0 104
281 180
351 369
427 56
73 58
340 375
287 418
280 433
327 221
77 207
288 404
84 352
175 200
427 436
41 397
236 219
147 70
252 245
364 245
18 69
187 287
50 36
303 200
260 113
392 291
164 139
129 424
249 362
285 392
105 300
217 448
70 47
241 418
154 184
245 139
196 327
114 166
142 384
183 246
136 54
386 133
400 140
105 426
349 14
46 222
255 256
164 250
24 14
259 28
300 170
222 108
174 117
224 428
340 140
82 185
208 116
34 169
141 353
341 208
449 102
13 180
61 305
416 50
185 372
226 118
420 280
320 98
389 421
165 32
149 168
42 402
278 147
353 351
112 181
27 361
222 78
426 184
171 77
1 283
330 381
431 168
100 64
413 243
369 7
289 132
110 342
62 392
282 261
93 1
438 47
293 277
152 86
448 203
375 127
107 173
51 278
371 419
201 183
290 229
381 15
298 345
114 12
330 360
317 197
357 295
217 38
424 222
336 296
152 392
128 355
277 69
363 374
105 130
10 130
353 359
274 138
239 291
447 137
21 158
117 259
190 304
376 84
289 422
2 399
326 237
71 146
34 231
269 199
405 132
124 118
117 396
376 47
331 217
266 288
249 256
399 418
48 112
441 226
81 343
67 206
251 47
253 277
337 380
244 246
414 62
110 62
108 75
76 42
292 425
368 181
81 380
12 116
189 231
373 38
210 310
153 391
356 120
181 37
99 106
384 292
38 10
175 445
197 284
154 197
56 25
17 255
292 377
358 113
170 162
228 389
314 179
336 246
239 400
108 427
64 315
249 445
413 11
264 330
387 327
173 242
75 353
297 130
249 74
416 91
290 151
63 116
127 268
256 67
41 38
113 352
430 169
324 317
425 422
151 73
83 240
272 239
55 350
16 421
60 40
112 269
173 368
148 410
392 25
380 96
123 247
59 89
378 276
16 361
350 84
193 88
400 56
69 157
251 179
14 309
161 322
192 62
301 78
120 171
103 102
112 115
305 440
42 120
280 211
432 19
241 189
187 216
411 259
32 358
231 354
388 435
363 321
423 274
369 363
324 391
377 284
43 420
312 312
149 299
355 134
419 413
245 258
135 205
304 302
54 361
407 236
409 319
356 255
5 305
364 36
42 105
385 54
280 63
140 19
340 108
371 399
394 188
138 73
248 93
339 411
11 412
396 145
407 433
359 19
402 399
400 358
276 259
192 351
183 426
387 368
272 443
434 396
435 57
252 320
156 206
225 383
251 420
79 143
314 409
74 156
289 362
159 7
268 144
134 161
89 112
5 212
375 219
148 417
203 118
296 284
36 28
364 332
169 276
106 88
31 277
156 194
82 153
364 350
222 238
413 194
115 21
340 419
366 6
65 205
83 266
143 216
233 187
315 376
419 390
236 175
5 240
51 157
6 272
225 366
312 296
70 213
51 386
450 371
264 225
106 431
44 348
392 1
109 226
139 243
391 12
172 66
408 39
212 339
311 288
229 101
88 62
386 277
172 185
400 33
289 92
243 97
74 50
239 159
443 370
273 363
196 352
284 416
54 158
121 140
351 144
146 66
139 266
416 59
153 307
150 19
178 10
240 97
369 428
52 443
101 366
196 249
313 183
94 255
113 374
121 424
54 303
203 22
88 341
425 141
218 301
369 232
138 280
427 184
22 242
281 305
66 133
306 436
415 66
281 70
28 41
147 162
44 363
418 168
60 294
187 170
346 101
154 345
320 423
132 127
41 449
446 191
102 292
97 114
428 0
50 400
48 265
142 35
7 357
7 77
91 288
55 248
184 381
141 268
202 245
313 228
100 299
57 316
249 191
353 37
210 23
129 393
283 123
138 44
194 26
231 12
206 431
354 196
213 24
325 382
202 415
142 448
343 248
126 312
359 342
380 132
117 373
363 155
159 8
320 68
25 436
146 253
416 157
191 81
2 58
121 286
318 203
195 288
128 291
281 116
344 134
252 191
33 63
309 152
79 99
247 176
419 263
2 182
98 226
221 191
219 407
450 350
398 366
50 147
294 388
382 368
439 218
6 196
245 219
152 310
64 245
322 411
0 359
152 180
199 188
413 51
194 430
144 208
361 281
361 45
53 38
386 67
173 79
282 32
209 64
125 277
74 215
238 417
252 394
284 148
60 112
206 329
44 62
84 219
17 371
445 49
181 50
196 191
221 430
384 17
135 343
369 71
206 175
245 77
171 379
419 57
284 121
447 283
382 50
71 4
346 98
143 416
100 128
272 149
110 221
140 99
314 279
415 90
54 446
263 116
190 89
250 27
204 37
424 330
368 207
91 374
87 107
211 152
287 296
340 139
125 216
221 426
188 189
415 435
210 243
4 192
434 181
157 359
412 96
376 256
334 184
213 192
227 112
181 133
135 73
159 424
68 128
385 442
3 209
125 445
120 345
337 224
20 260
34 151
249 23
166 264
264 127
446 414
30 375
386 350
105 371
303 436
332 210
312 269
377 224
232 172
176 252
6 297
399 399
114 113
160 120
80 117
257 356
76 218
220 9
137 57
18 139
225 28
211 135
359 434
43 164
381 160
35 309
152 320
284 311
136 228
93 223
41 166
190 236
347 267
294 109
10 70
336 144
73 290
134 445
252 380
179 94
59 46
172 292
370 115
194 38
385 157
448 121
335 380
12 383
127 112
250 403
9 426
193 236
96 416
373 269
435 290
15 112
432 353
255 386
262 335
214 416
248 103
396 427
424 47
218 82
423 243
11 91
244 186
324 235
23 315
310 288
49 128
440 425
387 237
86 139
144 282
402 292
218 151
437 347
304 123
100 399
17 336
246 310
344 120
359 43
229 195
251 232
105 205
402 152
424 417
51 369
143 419
207 44
411 222
175 224
221 105
51 93
2 222
136 249
126 306
176 150
390 354
423 251
240 107
252 152
254 140
113 429
93 24
224 222
5 306
239 5
423 4
124 257
29 416
191 206
364 158
149 315
16 155
315 113
406 315
411 242
292 427
27 315
276 16
403 87
14 418
329 268
14 431
384 270
390 29
345 357
416 218
73 371
349 263
153 243
262 39
25 413
337 311
120 38
26 134
38 179
101 47
138 440
281 308
377 243
360 121
413 130
121 123
363 382
303 414
225 158
173 64
444 31
174 372
173 260
203 407
264 358
162 435
113 222
189 225
286 323
134 284
51 4
70 49
214 428
408 338
205 36
317 321
412 290
168 79
363 424
245 323
236 398
288 161
172 35
67 393
448 281
144 419
319 168
67 408
34 142
98 384
347 56
438 234
109 207
177 336
67 189
223 297
56 223
148 53
336 440
243 382
437 409
321 358
293 47
293 326
297 246
246 404
99 414
327 288
371 10
403 447
86 440
264 130
207 344
434 335
156 54
318 278
109 133
437 157
34 223
349 127
27 138
389 166
195 229
347 219
310 238
229 304
310 196
405 353
389 375
162 105
102 100
325 59
208 324
28 265
410 315
84 378
8 253
173 102
169 323
331 141
101 393
148 310
301 317
84 418
248 235
312 197
310 178
349 429
263 446
434 143
104 223
439 330
177 62
344 135
10 271
70 191
291 48
306 14
214 77
224 275
284 135
267 423
60 57
439 43
217 244
364 224
63 272
205 40
389 105
352 18
159 383
369 83
95 60
229 388
288 334
351 139
288 206
413 21
172 422
428 249
254 56
250 329
83 81
140 375
26 422
316 236
313 365
329 137
14 399
434 383
61 402
401 108
252 211
412 128
34 379
206 106
336 272
204 95
71 6
221 266
201 4
426 320
359 257
137 332
154 9
130 212
339 253
102 10
214 208
359 170
442 345
283 367
174 124
105 37
423 34
225 240
380 423
85 285
93 270
302 176
41 80
396 150
237 274
264 380
228 181
89 328
195 87
193 420
110 120
140 110
47 184
396 420
420 27
156 429
168 374
31 132
274 78
7 287
269 354
421 338
340 144
189 172
173 328
448 193
405 18
345 270
194 171
399 391
135 39
87 348
431 275
361 265
270 30
22 8
317 116
93 295
259 257
436 130
15 87
83 226
206 69
166 73
350 366
306 264
165 122
135 250
34 128
212 11
54 371
367 412
249 70
111 425
13 312
118 272
403 132
106 390
214 324
133 150
312 75
280 441
72 33
387 222
309 197
250 271
414 225
136 28
337 409
401 274
257 184
420 337
420 59
127 348
228 300
449 342
252 340
430 121
212 239
102 435
321 296
14 41
365 185
111 73
168 366
237 325
84 98
379 170
399 65
364 62
192 151
130 244
345 50
258 277
339 298
406 174
113 279
153 52
158 156
327 69
6 216
196 328
321 97
103 103
424 427
299 353
176 258
135 25
173 338
214 170
331 235
260 310
121 182
74 91
168 389
139 95
364 300
165 265
83 11
115 17
181 118
25 443
426 122
91 290
203 326
207 294
199 100
304 143
198 315
352 399
359 439
363 216
240 412
241 204
441 399
187 149
259 409
8 154
353 436
183 325
390 124
43 310
279 364
446 257
366 431
143 335
429 35
427 70
147 88
185 262
114 326
233 216
389 6
432 1
244 58
2 330
416 317
307 395
99 163
13 428
275 446
339 449
334 440
293 14
270 445
344 196
42 290
79 105
352 405
160 334
298 358
444 402
105 325
450 4
310 162
312 332
400 403
140 202
189 389
265 246
393 56
230 71
52 252
47 312
268 198
29 246
448 443
437 36
213 74
214 142
57 86
26 428
191 46
432 87
192 197
19 133
368 436
251 163
306 427
248 72
394 129
394 116
176 423
89 199
376 356
144 374
39 362
108 336
235 432
176 59
251 93
111 272
153 40
225 215
385 313
169 442
423 87
62 288
379 299
322 248
175 388
285 348
427 69
81 422
33 139
179 35
205 417
193 404
110 37
89 449
363 318
447 191
194 54
59 88
90 254
152 229
418 0
277 1
369 255
318 410
103 207
442 434
342 172
222 262
138 146
178 291
365 194
66 76
53 52
278 237
151 354
195 41
389 52
66 191
117 309
342 382
227 298
248 87
358 4
432 86
423 103
317 279
7 376
145 36
398 147
370 226
122 116
37 256
415 437
116 94
357 104
193 137
16 170
245 147
402 224
199 215
115 301
100 302
75 54
388 450
143 364
391 418
37 262
269 91
37 441
113 17
204 54
378 52
253 132
57 26
327 13
229 335
360 252
239 422
240 115
190 174
226 174
202 327
362 406
329 121
88 55
184 220
308 331
200 415
71 378
386 235
5 174
353 241
103 144
93 89
298 250
12 294
365 438
359 79
283 317
196 217
141 216
224 5
228 355
445 64
238 249
192 104
206 20
88 407
342 87
341 149
393 204
185 15
249 220
266 265
285 74
265 22
133 257
1 30
119 156
181 265
138 252
56 41
292 79
239 197
128 176
395 389
112 414
262 413
218 175
349 43
354 346
260 20
175 449
321 227
13 152
248 7
236 388
68 291
186 139
119 36
268 14
52 199
202 341
200 331
241 313
127 310
407 83
325 153
262 17
388 316
192 34
443 333
320 283
168 132
370 194
159 92
234 138
228 343
140 265
234 447
37 425
50 13
354 50
152 333
189 108
105 208
52 29
129 96
358 414
142 395
298 70
124 314
441 299
192 41
206 189
179 369
16 28
283 418
347 216
76 96
180 203
441 142
182 335
141 365
296 207
224 84
167 32
63 173
377 172
54 274
433 376
169 140
235 382
87 336
60 53
361 133
276 193
404 206
21 242
343 135
80 339
313 437
170 150
200 120
250 4
106 419
36 87
244 392
95 279
130 224
37 213
403 57
178 318
316 83
83 335
74 63
279 28
388 182
151 356
366 446
27 17
389 141
298 349
126 193
448 148
318 407
259 35
242 103
327 355
83 84
191 157
215 381
124 84
337 197
102 386
279 236
296 72
256 98
93 59
288 232
89 198
260 47
26 377
244 447
355 350
26 338
101 13
31 172
403 367
261 441
118 131
364 17
52 175
274 247
192 331
11 395
219 86
413 405
436 147
157 338
269 428
405 406
139 298
87 24
63 172
125 99
1 195
321 309
346 230
26 117
42 315
261 120
84 280
316 394
367 268
5 108
310 416
72 418
210 127
256 287
160 374
272 401
176 342
366 299
290 183
425 206
259 313
422 121
386 27
115 385
183 123
79 113
371 38
328 229
178 34
373 173
392 227
47 132
346 334
284 5
65 329
64 448
189 80
286 293
129 138
248 133
365 86
29 288
92 299
395 448
85 231
353 243
189 400
276 48
213 212
271 211
345 243
363 128
98 207
398 367
12 185
110 265
54 279
421 420
80 138
274 419
157 329
80 153
199 11
194 397
108 283
189 221
77 215
443 29
0 16
99 285
409 415
203 400
314 268
163 52
235 340
361 38
429 378
231 243
12 239
191 292
306 275
132 157
244 40
403 135
425 437
332 372
363 5
450 34
372 143
332 394
127 330
103 325
212 207
338 350
285 158
22 401
335 160
256 343
161 17
137 203
250 395
344 24
22 41
159 214
137 380
441 351
112 203
303 137
101 83
391 34
308 375
260 291
349 213
417 237
2 262
169 73
84 67
71 30
45 140
354 294
283 238
227 89
288 156
380 88
358 439
88 187
161 178
27 444
420 217
90 289
327 323
350 422
39 131
128 207
221 203
4 83
178 417
15 149
163 392
252 11
146 379
253 239
383 34
357 169
217 74
220 12
419 256
229 328
246 57
102 200
237 103
320 397
86 418
277 288
301 103
3 433
124 310
176 110
399 255
251 324
423 90
385 373
150 272
270 206
1 299
204 121
319 384
86 169
228 187
228 381
161 274
14 115
327 401
329 432
152 1
164 201
220 331
289 110
362 111
383 46
128 173
268 334
204 143
105 178
398 280
297 95
123 7
20 150
247 328
276 24
109 91
298 448
111 23
147 129
305 121
353 310
112 32
109 236
51 211
224 255
202 47
393 180
195 223
241 380
399 61
425 214
360 284
158 281
342 378
427 429
390 298
275 124
109 327
65 177
14 428
263 441
400 18
36 352
179 91
275 427
442 52
435 362
32 229
239 37
26 97
226 251
248 416
9 94
259 41
238 307
216 181
312 446
179 304
262 133
422 55
27 344
440 84
204 335
223 280
410 146
120 121
218 25
30 63
28 289
199 47
9 62
315 299
263 226
232 312
334 425
291 407
277 210
180 123
49 226
159 158
90 302
131 146
296 75
306 46
169 34
322 171
429 141
408 203
423 241
89 216
98 421
69 120
259 433
440 81
60 302
130 442
137 148
23 21
25 410
60 427
287 238
248 408
60 343
197 51
288 423
388 59
109 192
125 86
411 177
442 384
333 289
118 233
311 67
15 224
381 27
259 163
104 433
405 355
164 337
183 281
339 355
115 402
39 43
401 365
388 111
0 422
300 15
1 273
432 58
386 111
422 371
357 138
436 232
176 182
142 232
275 385
397 350
382 142
448 265
309 127
376 69
162 93
221 296
356 251
278 129
109 333
313 438
104 172
128 227
305 227
143 400
293 345
119 449
8 429
288 160
167 20
41 395
387 196
274 117
298 317
373 413
350 369
197 230
202 117
48 37
239 309
126 203
309 323
398 427
78 98
396 153
344 159
194 261
291 181
163 161
409 361
171 9
332 140
17 64
81 277
150 28
203 356
414 114
193 174
428 425
151 378
77 79
431 259
360 413
141 6
234 332
321 265
215 276
388 300
145 175
220 418
434 245
23 266
294 387
290 46
421 74
277 150
120 397
218 234
396 373
173 343
435 55
362 31
359 199
137 18
175 358
232 309
270 203
217 316
236 438
249 14
20 195
279 281
259 445
362 319
106 23
336 280
127 53
146 76
220 378
306 241
393 187
326 205
437 437
99 318
251 242
39 188
308 165
45 235
57 196
73 414
421 283
48 171
342 322
397 91
90 182
265 276
287 94
272 160
158 66
354 288
239 27
238 15
28 362
214 52
446 168
319 46
84 310
123 106
399 402
45 263
366 153
325 408
52 409
70 82
407 209
373 149
7 183
437 120
62 20
329 426
203 197
148 138
166 368
432 299
408 424
350 222
253 16
405 335
66 210
229 63
183 72
410 124
114 331
95 446
212 445
239 161
395 368
412 390
291 306
432 315
80 215
321 171
147 127
295 417
432 295
177 423
91 116
411 78
158 196
213 292
310 414
318 424
305 97
34 193
271 383
127 397
64 337
42 272
14 407
444 212
111 247
141 262
150 201
18 269
423 278
408 207
79 221
39 324
261 433
198 431
405 232
73 366
73 204
130 210
410 145
132 189
348 120
304 17
150 325
152 133
312 123
43 268
204 220
20 324
339 340
109 243
123 32
161 93
272 25
302 241
283 446
324 27
168 33
126 407
204 388
15 318
255 80
426 441
237 241
130 397
317 339
344 155
189 27
220 385
190 391
61 245
78 67
251 119
380 328
40 420
263 33
371 384
171 170
273 150
246 444
429 47
171 261
199 126
222 377
61 233
68 169
436 366
251 188
181 397
9 216
425 383
131 357
55 108
284 119
248 319
167 104
430 130
200 327
224 86
139 156
449 369
23 206
349 11
23 403
211 443
360 39
168 190
255 363
255 316
202 321
216 220
348 7
49 322
23 309
194 55
321 99
317 153
328 414
241 100
424 279
95 210
337 26
398 382
198 362
158 223
321 54
25 160
277 428
13 208
23 428
292 136
124 423
364 207
26 347
3 1
417 411
126 112
248 118
376 131
364 81
44 225
250 427
237 22
206 88
95 197
338 268
199 258
69 220
428 140
74 130
410 426
214 78
253 8
310 302
389 136
76 363
398 158
117 358
243 64
341 127
331 436
334 104
409 332
153 156
52 196
286 23
194 85
258 224
266 104
366 112
334 114
403 146
311 164
333 272
34 124
252 447
272 238
363 259
4 426
356 6
418 163
216 259
322 160
296 141
95 235
114 211
268 39
406 273
369 97
39 106
74 147
302 447
343 19
9 394
316 444
208 436
285 194
104 330
26 141
62 351
126 107
53 157
42 182
439 164
50 8
54 383
383 353
104 34
375 280
129 387
426 295
16 368
388 170
93 384
197 54
245 364
128 29
103 166
116 260
384 228
168 174
243 34
446 71
333 110
55 262
82 314
447 123
450 66
218 54
127 384
372 387
385 262
161 276
145 43
199 116
359 292
118 221
254 262
46 284
138 377
260 61
435 11
12 267
335 72
39 317
81 444
337 244
82 430
58 216
31 260
219 27
138 241
43 58
97 255
85 403
62 29
211 55
124 45
200 367
254 283
281 275
99 159
293 371
351 100
420 439
249 227
392 255
443 306
419 303
341 78
429 221
42 92
103 299
52 299
278 432
224 338
143 60
44 260
87 195
113 344
273 188
300 1
412 51
296 115
250 257
321 340
250 119
199 167
339 431
153 422
253 127
356 195
333 166
350 436
407 437
325 20
433 397
25 51
34 188
71 316
143 328
71 352
355 240
237 344
98 359
83 151
71 375
271 124
360 142
218 11
17 26
200 362
387 431
438 69
362 16
118 328
133 385
212 130
441 172
184 155
180 157
246 387
32 88
439 370
344 171
197 287
416 434
97 187
382 20
416 389
332 238
144 416
217 432
429 306
163 125
190 20
362 310
379 193
365 440
394 303
304 97
286 344
420 43
150 34
202 389
391 349
385 371
205 214
140 137
413 242
258 420
178 241
264 156
285 214
1 418
201 371
234 275
441 22
420 450
48 103
133 382
204 369
403 450
445 323
291 160
140 368
103 395
425 404
102 172
153 258
107 340
355 324
434 346
120 408
361 243
296 189
370 422
142 202
357 59
91 76
241 54
328 212
99 216
211 44
135 301
313 288
86 313
106 71
36 56
197 410
321 422
342 248
297 177
215 70
112 19
332 419
359 326
61 291
418 438
4 268
343 55
225 190
137 20
93 343
137 122
64 212
263 202
449 363
44 448
291 374
124 204
61 395
125 78
116 374
152 395
310 222
316 437
220 58
44 444
421 235
316 211
86 367
114 269
40 281
126 401
350 186
432 393
61 42
20 97
355 8
124 160
421 398
366 379
366 429
35 406
172 313
175 275
239 19
431 105
137 297
331 56
302 82
97 174
37 4
419 305
330 268
67 200
120 351
118 94
177 46
315 9
423 247
5 293
154 245
95 292
278 333
142 327
210 223
87 87
38 154
102 350
97 427
27 340
86 93
407 321
410 347
178 374
6 243
32 401
350 110
371 305
74 6
414 227
296 90
274 3
328 141
172 0
279 6
179 19
129 443
445 87
216 309
129 124
102 425
41 45
391 401
164 21
19 254
390 365
254 92
368 364
188 59
392 110
387 227
401 172
241 174
353 30
56 228
305 4
216 121
132 315
350 237
429 34
332 379
186 51
330 171
193 250
115 128
237 79
306 293
72 227
83 375
330 334
220 207
215 305
4 257
432 3
436 227
368 297
442 375
6 397
444 334
187 121
399 303
396 363
264 19
161 232
193 317
251 173
270 303
176 282
147 33
265 68
349 426
220 188
116 360
110 323
450 113
410 416
262 358
239 179
267 350
100 1
156 214
417 37
51 146
395 326
381 220
122 246
2 96
416 187
369 185
339 202
70 61
9 2
53 324
193 416
59 107
66 329
399 411
194 226
394 144
209 57
0 433
231 194
259 42
215 150
133 214
121 104
293 16
269 129
116 87
54 432
39 123
431 171
164 29
182 1
220 325
10 421
82 269
304 417
292 214
210 426
344 399
402 63
62 93
415 29
0 227
185 329
296 412
83 361
90 401
26 430
241 198
202 294
4 367
332 156
420 432
74 111
3 288
33 315
331 51
372 338
325 151
388 166
353 251
200 187
170 332
400 357
6 125
32 164
290 91
76 47
19 214
339 135
379 300
414 301
407 418
106 137
107 264
151 332
48 215
61 432
47 401
239 23
111 168
271 66
10 27
221 442
127 175
70 293
397 33
176 103
360 450
237 130
379 245
75 443
119 434
395 301
382 22
287 291
253 121
269 425
132 85
162 107
268 186
380 59
275 227
321 278
244 387
271 406
183 18
313 95
238 437
213 148
196 281
301 22
256 212
236 225
285 240
245 199
133 113
302 441
424 257
372 323
337 370
371 282
245 43
344 15
322 1
397 281
354 329
2 386
422 7
426 385
180 8
376 33
226 310
218 348
215 384
186 161
26 222
20 139
260 168
358 98
83 123
202 148
314 434
243 376
392 319
293 373
66 435
319 337
351 411
299 411
299 134
133 182
46 212
284 285
419 265
357 178
38 358
391 30
62 8
404 0
298 231
410 295
384 123
111 242
361 369
17 448
294 158
380 316
183 320
143 43
171 144
414 413
418 386
422 289
129 59
264 21
19 98
306 92
130 357
277 15
76 392
119 108
338 291
40 431
23 119
66 264
334 203
334 111
254 196
284 446
441 276
155 179
338 79
335 12
100 381
320 301
345 171
417 4
433 237
433 192
425 299
0 151
376 262
104 321
103 205
383 199
197 376
287 78
13 443
73 60
133 36
356 386
104 242
318 64
338 327
210 54
450 87
208 443
311 302
312 19
36 377
401 377
13 253
402 71
196 52
199 122
248 434
193 4
143 105
235 175
72 93
361 200
10 126
255 349
422 94
47 106
396 435
62 210
93 2
260 96
231 362
291 297
131 417
162 138
186 22
198 267
161 392
146 240
152 407
443 249
290 341
193 383
317 283
285 108
203 312
375 125
422 122
363 403
284 26
428 232
108 344
239 267
430 178
434 106
54 331
252 106
297 149
281 105
420 62
354 417
62 298
7 106
56 151
224 403
336 322
165 325
231 409
383 43
163 376
433 94
275 415
69 321
267 302
306 322
131 102
45 252
340 424
25 440
429 422
153 358
45 448
29 225
71 63
311 36
376 41
274 93
2 195
29 120
438 445
290 144
186 344
67 263
58 177
27 114
417 168
274 47
237 182
295 19
435 324
159 396
102 178
49 402
298 207
294 225
419 90
266 190
319 442
140 335
157 107
119 252
8 9
251 150
100 346
182 415
283 350
414 417
141 187
74 407
436 334
207 283
25 293
157 276
32 278
65 56
325 56
262 137
182 299
375 414
151 296
65 107
291 115
7 449
136 108
413 73
436 274
182 432
35 435
403 440
297 96
119 4
247 302
332 319
279 148
67 153
148 68
432 131
165 54
182 160
44 151
191 97
241 430
434 233
114 320
137 326
425 194
349 231
420 240
3 406
11 435
398 445
218 317
335 78
348 248
312 4
430 174
29 128
416 226
302 207
154 238
352 287
171 250
74 344
155 164
448 252
140 326
366 111
132 151
193 108
81 155
113 176
197 35
351 26
165 427
81 250
89 206
414 208
417 151
337 339
265 369
236 174
167 85
54 52
289 443
177 15
159 433
285 80
16 245
444 196
7 259
123 14
75 357
385 265
338 269
177 162
412 201
396 372
205 130
264 384
367 130
299 415
424 192
447 71
109 106
281 382
317 227
352 336
123 194
49 124
75 365
416 331
336 72
142 325
282 111
237 135
300 219
304 399
319 48
144 339
378 145
383 54
194 271
108 443
54 431
162 359
71 65
402 80
244 281
150 126
107 270
15 246
215 146
119 56
240 217
271 25
393 51
242 83
12 125
349 123
147 310
284 260
80 298
180 396
184 9
323 253
203 281
438 80
393 328
389 118
153 7
375 55
12 33
274 267
256 417
309 260
143 65
171 244
326 99
189 192
399 28
43 352
333 218
243 252
350 35
7 34
358 357
52 339
381 379
315 281
55 330
371 43
311 184
384 4
320 192
446 377
265 162
94 424
4 146
317 113
81 171
95 101
428 309
103 326
149 123
155 432
126 6
168 411
399 38
267 12
221 148
393 428
403 237
233 101
413 413
422 274
259 147
245 45
38 329
380 62
334 296
52 71
225 160
418 276
50 236
30 134
43 72
79 34
135 271
4 194
14 251
151 218
124 345
398 321
207 322
6 237
402 162
137 167
7 384
200 382
298 424
202 346
40 109
298 59
257 212
254 208
215 407
162 368
183 94
115 330
66 401
311 185
24 126
187 302
368 138
382 2
365 173
400 39
228 186
426 4
183 303
111 327
232 65
268 305
312 141
72 80
271 145
441 360
71 28
41 297
372 97
359 276
25 388
380 8
228 87
255 442
305 180
88 376
279 224
59 402
356 52
91 121
265 106
242 158
9 173
129 52
286 427
381 317
439 44
251 367
425 198
229 386
411 230
428 105
60 309
239 428
359 279
168 317
444 185
85 202
20 87
7 190
4 262
105 137
123 231
26 443
444 193
310 103
92 45
433 275
257 116
274 143
68 198
269 256
56 18
8 325
281 438
131 131
158 123
333 405
73 170
373 416
127 90
35 145
196 198
342 108
366 214
139 97
96 281
24 0
95 425
152 437
280 421
250 42
162 207
417 312
18 435
318 283
43 216
253 91
38 41
390 24
154 104
257 146
134 233
266 134
144 8
145 271
71 13
19 56
113 309
398 174
224 349
449 85
354 368
285 231
353 206
38 441
224 354
336 134
146 439
118 257
435 322
324 13
396 181
334 173
224 358
251 90
304 100
173 186
337 54
25 179
182 349
96 311
279 100
205 420
110 102
151 424
292 204
209 431
270 4
189 391
442 426
114 234
86 196
131 404
77 269
111 361
227 242
427 249
342 38
98 197
378 8
396 364
123 442
380 311
298 402
18 120
320 214
81 217
38 326
448 49
47 272
25 116
289 9
63 230
134 404
415 48
225 400
313 8
398 250
319 5
64 42
164 5
367 245
262 206
303 340
187 361
222 324
66 380
352 298
235 172
87 255
306 195
273 444
298 61
135 316
116 143
38 429
306 349
15 289
147 367
52 260
214 301
14 23
301 62
47 355
80 17
433 377
71 193
262 106
347 284
152 428
321 263
406 388
207 77
307 144
187 140
237 192
155 345
249 252
99 35
349 405
43 93
12 252
395 278
39 274
219 68
43 69
18 266
298 270
349 140
112 370
383 125
100 40
398 135
315 28
368 235
148 246
327 421
28 424
57 318
95 369
167 326
123 209
414 258
331 265
125 284
206 207
145 308
397 164
373 23
223 67
325 308
219 104
400 305
143 9
429 363
19 66
48 106
268 388
377 396
229 266
368 400
299 321
431 193
270 253
333 233
150 240
200 16
77 433
120 445
256 257
414 355
286 275
352 244
422 279
31 136
251 218
352 233
434 258
353 28
111 308
26 411
352 186
365 331
275 329
382 113
263 1
47 174
443 310
360 43
185 230
123 282
171 439
432 84
311 369
216 92
195 357
116 49
79 281
328 307
236 409
209 144
157 438
111 121
313 20
306 139
393 7
197 275
147 26
301 73
355 418
442 195
4 434
287 13
60 353
61 166
300 313
213 102
272 148
394 99
426 313
62 204
364 316
18 239
188 158
210 272
278 217
58 193
351 305
415 420
44 319
225 294
120 241
4 253
291 393
329 414
37 385
115 243
220 392
425 3
85 168
330 303
250 306
164 395
308 431
425 246
76 194
128 341
69 165
380 361
348 246
384 226
423 213
292 10
123 311
449 361
230 51
200 211
415 443
50 272
100 423
195 247
388 25
74 7
175 214
340 285
251 371
56 398
301 60
81 35
255 291
295 208
101 368
285 308
316 440
234 3
336 125
314 29
202 366
55 59
349 131
197 15
193 141
222 312
173 310
423 194
373 26
290 428
348 5
225 254
147 300
334 162
25 426
214 86
296 133
410 55
360 140
414 357
388 304
40 244
40 330
52 51
210 69
365 353
232 106
203 376
228 346
109 255
411 279
272 127
250 128
38 143
15 75
450 294
256 152
20 27
114 413
374 53
81 406
247 190
420 109
423 78
19 75
272 9
333 300
331 198
348 374
408 316
25 247
348 197
192 119
246 64
10 318
420 416
383 196
259 192
82 123
59 73
408 213
126 131
221 282
411 135
139 375
97 120
198 99
187 383
27 394
182 30
37 270
148 127
237 128
295 325
198 413
331 293
253 174
169 306
286 188
186 346
309 246
286 419
319 382
189 401
444 171
148 52
428 314
346 185
334 322
309 15
385 386
311 62
172 251
31 367
74 432
222 81
436 188
318 396
312 311
324 332
439 182
290 410
168 133
175 271
131 250
340 317
153 153
162 298
449 297
183 201
189 123
122 139
359 137
247 323
418 245
439 132
240 172
151 70
160 246
2 340
211 436
244 259
363 326
129 382
328 278
191 83
117 158
78 252
120 342
126 283
279 98
43 384
391 258
135 414
33 346
211 1
96 363
63 424
46 100
247 393
236 356
399 438
44 202
32 263
392 445
153 129
301 95
11 237
309 381
144 76
68 411
392 243
43 397
292 185
249 102
297 367
318 35
255 30
258 194
300 225
149 125
348 283
319 250
153 270
24 127
255 184
49 332
435 369
288 297
70 157
342 423
319 272
373 393
302 126
137 249
219 372
185 1
230 310
313 432
90 19
222 387
422 63
232 183
52 221
409 219
343 398
151 198
17 231
67 378
326 68
199 79
9 423
446 197
165 381
252 144
122 270
152 196
391 417
1 409
302 57
50 289
369 286
191 193
201 389
58 27
265 421
441 266
348 312
96 422
256 60
222 140
363 208
24 148
88 35
43 449
58 2
259 361
402 0
138 224
24 69
233 414
345 278
247 111
185 236
244 149
332 30
228 362
132 8
118 267
201 115
257 375
63 73
136 298
308 438
209 125
207 233
192 79
115 352
345 410
127 210
281 391
339 122
388 416
123 355
3 259
159 372
275 346
315 34
273 359
416 230
196 435
86 342
142 270
7 450
154 410
382 109
90 109
94 407
127 46
306 210
136 87
443 288
299 376
253 299
130 436
61 14
257 78
337 420
143 189
349 206
407 357
276 355
134 206
251 193
352 311
400 55
58 321
236 251
87 318
103 353
297 333
9 333
356 301
286 107
295 386
93 443
5 354
360 414
116 166
206 446
121 57
390 429
92 3
443 126
277 170
35 395
148 336
76 134
220 303
175 51
152 17
165 205
13 45
165 137
189 176
113 386
43 366
190 195
224 100
81 87
8 87
207 282
266 192
268 89
37 212
70 94
77 255
383 194
205 102
75 254
64 192
249 76
176 53
347 74
354 396
425 386
180 384
312 137
208 162
327 206
168 336
32 79
76 387
138 256
426 247
128 441
269 275
226 48
266 66
262 383
72 319
430 7
417 10
195 81
195 302
25 432
308 104
277 205
361 242
162 291
349 195
32 171
141 272
214 273
51 396
217 403
440 56
262 7
378 332
395 223
86 275
378 428
326 437
20 147
68 249
103 93
175 34
58 277
315 231
319 431
226 203
105 128
82 311
199 425
37 65
194 406
410 449
132 240
335 235
2 246
318 277
208 399
346 112
273 66
3 169
98 268
143 31
129 111
188 60
302 141
24 384
386 194
273 449
107 179
292 433
267 298
107 161
277 439
381 240
93 275
386 73
443 428
315 228
40 225
121 265
375 64
387 284
99 440
70 223
184 43
107 369
281 250
189 119
274 219
228 308
102 256
264 118
249 172
206 185
77 125
393 208
278 283
229 240
311 318
90 266
296 101
88 116
103 407
297 293
111 401
140 439
419 392
211 147
320 82
315 396
181 38
152 284
433 166
424 301
335 273
195 268
445 307
203 128
412 378
188 379
147 357
352 164
405 62
109 262
401 44
402 229
245 138
311 201
177 91
366 174
414 257
325 43
127 240
340 366
301 243
148 45
22 427
294 42
44 47
39 73
350 44
208 184
207 399
146 181
329 191
350 213
71 289
4 301
355 357
420 139
22 104
62 436
216 228
398 424
141 232
53 398
271 333
368 298
354 283
447 203
98 34
346 194
42 301
374 184
432 276
328 272
195 30
295 427
268 93
443 74
437 186
146 266
178 132
127 362
233 173
143 375
264 167
394 253
188 160
315 171
252 413
335 29
334 421
289 358
202 124
262 145
164 237
384 320
312 387
395 430
243 174
95 298
174 203
415 23
189 353
427 188
50 430
414 408
22 131
123 13
437 107
211 364
20 382
110 88
81 349
287 64
141 172
210 403
56 368
189 289
387 391
218 315
94 419
81 90
153 171
256 130
90 92
302 64
194 101
193 38
159 171
388 421
18 408
215 127
25 336
413 332
325 297
101 162
347 131
434 330
135 409
76 371
423 163
420 121
101 127
182 217
404 137
405 424
367 211
336 227
82 140
298 32
316 66
13 350
55 369
173 349
414 400
225 370
372 17
264 426
281 243
388 296
365 257
432 104
94 87
413 125
5 152
206 226
178 340
311 175
20 124
359 113
68 435
40 38
180 47
386 414
236 286
199 273
240 19
91 1
77 148
300 277
179 431
287 228
355 332
72 253
273 231
334 37
326 243
82 300
285 344
410 250
400 419
280 218
73 331
369 101
450 153
41 441
102 217
143 162
140 438
108 327
357 163
360 45
162 336
122 70
118 186
422 11
36 128
127 51
64 127
259 287
67 371
295 131
68 6
39 87
375 53
245 403
237 435
182 139
86 450
148 55
265 67
87 37
255 412
17 136
398 242
48 64
164 398
149 26
12 323
379 192
42 47
77 392
61 270
123 142
163 153
316 411
245 99
291 420
227 193
140 321
351 258
411 395
70 175
223 373
278 145
43 278
304 236
28 128
199 119
149 231
70 126
235 9
327 297
84 18
234 397
350 99
402 30
440 95
253 238
63 222
83 395
402 216
91 43
39 95
34 281
311 39
378 227
430 230
31 305
99 357
438 295
134 66
261 153
18 19
66 313
9 134
400 125
404 362
261 128
46 243
177 122
213 131
304 442
237 357
322 359
94 99
300 157
228 128
397 99
334 124
166 61
450 292
224 262
49 345
396 334
311 222
195 25
114 50
397 277
345 236
315 130
100 133
240 277
92 331
229 129
210 182
360 362
255 406
101 164
186 411
446 431
66 306
215 53
201 327
299 116
339 161
89 338
298 241
336 110
408 173
25 60
64 442
449 433
185 235
361 137
384 155
336 291
195 144
262 238
135 132
45 371
332 299
57 271
382 78
190 200
321 52
371 134
316 134
177 341
373 364
54 36
397 337
109 146
3 172
329 155
40 362
402 78
57 247
61 198
230 77
391 436
266 153
222 87
147 298
400 401
367 119
3 84
83 423
108 352
307 238
218 443
13 320
249 30
318 232
135 268
285 432
327 136
21 71
358 85
177 90
169 86
209 353
382 283
65 407
238 245
272 325
311 41
329 260
23 184
250 91
372 406
32 10
0 379
173 372
431 362
234 323
297 185
117 210
58 64
36 450
258 7
444 307
450 106
405 389
263 337
142 423
101 115
344 166
326 268
67 48
158 207
67 149
116 402
283 449
235 174
305 211
112 197
43 166
411 162
70 219
308 252
298 442
5 10
436 186
185 179
43 5
259 337
159 17
154 222
95 385
428 270
69 45
122 370
16 270
27 187
51 335
435 401
412 168
250 372
450 25
120 343
252 137
24 146
59 236
51 46
245 161
25 326
446 441
380 64
213 30
420 158
166 442
75 265
192 275
280 248
244 212
441 264
329 388
434 200
1 240
440 131
438 68
206 158
220 274
171 41
98 187
365 77
338 43
55 327
138 168
418 366
309 435
403 312
315 343
82 267
272 429
145 360
26 76
431 378
151 384
60 259
166 207
193 3
382 47
247 11
132 235
119 109
362 274
256 151
255 290
310 342
188 305
49 389
49 142
174 329
440 286
178 357
353 177
400 366
238 372
23 230
235 279
233 280
307 338
251 296
299 118
140 155
390 203
50 340
71 300
396 74
340 292
211 182
427 223
119 196
363 41
448 52
443 243
124 74
89 4
257 399
89 435
292 273
92 151
210 309
267 43
45 444
238 208
232 290
56 97
196 44
158 211
1 198
160 39
366 363
426 25
275 255
75 78
14 134
23 120
10 155
173 178
220 152
231 336
235 133
300 21
82 268
316 335
63 233
397 270
414 48
346 80
82 369
90 330
403 195
211 303
431 273
266 378
188 266
280 322
246 100
212 264
213 66
203 249
54 277
157 84
2 345
282 179
445 229
204 2
425 369
272 304
394 174
91 192
212 32
349 253
140 234
178 360
116 67
359 330
330 384
397 130
227 346
8 445
46 121
291 398
382 258
331 416
103 50
25 350
319 128
330 380
78 93
337 148
450 326
8 351
203 39
209 405
60 87
47 428
108 306
165 258
333 265
449 338
446 427
308 160
33 55
161 231
298 86
132 429
394 350
251 372
355 327
391 9
164 214
70 264
176 388
70 45
355 173
374 259
164 38
294 155
329 355
391 235
261 5
442 276
3 71
298 346
34 209
74 79
340 291
57 116
363 215
442 284
371 44
78 396
386 45
39 171
249 237
232 292
121 305
226 0
252 443
273 427
139 344
367 319
405 183
228 275
39 300
320 274
51 267
249 294
159 77
165 186
51 275
61 220
168 334
143 202
69 319
227 85
178 308
275 57
341 136
386 195
143 344
410 385
198 255
175 326
1 84
213 198
364 324
408 208
35 413
421 342
75 312
353 197
301 88
394 405
129 373
72 372
43 312
113 224
269 363
170 378
104 312
282 13
111 377
164 160
176 383
407 332
54 397
448 170
3 174
320 404
333 221
414 226
353 362
371 247
282 241
420 110
176 339
317 45
125 174
216 225
250 22
258 288
95 84
432 203
285 82
213 372
183 60
172 65
286 373
89 40
363 129
442 297
26 384
401 404
277 145
407 290
369 392
414 163
125 234
89 246
304 104
356 144
319 251
60 316
146 74
303 376
366 287
95 193
262 425
4 292
134 272
231 101
275 76
189 214
46 445
401 105
40 419
392 222
183 313
233 277
340 181
23 389
217 95
166 359
292 63
273 125
387 97
81 187
176 33
422 27
352 263
156 84
269 446
159 380
177 52
418 316
70 115
3 397
86 223
213 384
167 76
252 335
49 417
32 343
232 109
14 255
295 388
210 226
263 426
374 286
303 28
440 196
236 75
151 116
419 347
203 89
406 36
280 259
233 110
295 390
309 167
345 135
294 167
365 139
226 21
410 51
29 343
266 354
291 185
267 307
214 38
203 35
68 366
302 309
304 156
184 375
432 247
199 172
122 381
221 303
352 189
204 62
297 444
210 27
189 145
304 382
411 275
169 217
337 286
10 206
447 276
51 337
288 37
442 387
440 210
106 189
432 443
361 104
140 220
252 391
398 387
149 296
420 214
402 335
90 58
412 250
117 196
194 122
315 220
120 234
199 247
7 2
243 121
404 419
386 81
133 300
215 439
17 445
355 219
42 185
436 328
423 412
309 339
109 29
429 183
150 5
189 326
59 279
194 386
96 303
272 70
30 447
116 416
275 197
379 368
177 128
358 155
390 379
88 6
328 101
109 312
76 252
217 312
49 327
347 282
141 435
378 415
289 399
166 78
273 79
260 18
177 178
359 353
104 206
256 327
131 372
148 295
45 215
83 373
17 258
409 33
368 421
167 393
51 246
347 114
29 96
27 265
40 365
202 253
216 287
11 28
377 213
411 98
427 26
242 62
421 106
80 97
293 87
259 79
218 74
203 149
242 28
397 426
115 231
429 89
22 57
100 182
237 90
273 420
184 297
309 180
30 332
161 294
293 120
252 296
20 275
397 239
78 2
167 360
261 268
158 418
176 331
88 237
362 22
217 440
404 436
283 6
133 247
189 90
193 275
78 33
20 284
435 267
45 64
236 415
171 377
156 388
154 289
202 381
41 81
19 406
212 139
168 42
357 143
146 436
272 385
253 95
144 72
316 138
348 14
209 252
237 321
110 266
368 407
408 344
226 439
110 107
196 257
438 199
211 412
133 358
105 87
41 384
282 284
40 131
320 164
30 24
156 432
232 444
136 136
406 308
398 289
282 143
55 387
33 64
223 398
326 183
12 324
217 130
75 98
340 68
0 275
164 283
266 145
364 147
359 121
323 398
407 28
309 199
48 84
441 436
383 187
368 116
310 179
317 251
100 155
30 124
42 12
131 288
11 71
187 125
57 392
253 37
363 223
183 296
388 61
131 157
98 212
238 443
208 49
286 370
163 416
230 161
399 343
240 440
397 6
285 185
8 50
76 56
233 399
154 194
383 55
327 218
213 61
38 269
203 126
235 228
404 399
0 37
157 297
185 201
18 285
279 331
100 209
132 2
227 315
67 124
115 176
141 170
182 280
396 108
4 133
316 96
372 133
326 50
275 295
374 324
12 27
324 153
175 17
107 258
56 215
79 302
134 273
372 274
33 259
99 96
129 8
383 168
403 402
433 144
418 127
449 70
343 67
398 395
310 236
71 365
29 267
318 430
252 339
387 158
448 222
437 10
17 72
52 425
324 249
189 247
309 161
150 57
108 151
396 112
7 317
127 444
58 121
109 390
292 104
268 21
257 233
190 125
288 333
363 203
316 125
176 66
363 99
118 320
343 375
186 308
265 45
373 382
177 27
364 213
384 422
355 9
377 342
92 442
72 118
86 99
77 21
114 441
271 344
268 3
166 369
389 397
183 272
216 226
269 423
271 192
280 301
134 222
430 445
442 69
231 413
79 224
153 26
61 58
317 195
280 68
126 160
208 196
342 272
10 14
113 402
252 334
281 416
12 5
52 295
359 236
293 342
234 188
134 270
287 403
407 282
80 74
42 258
276 187
331 379
389 438
215 266
302 122
196 120
117 169
66 95
298 238
223 324
296 237
328 351
301 439
423 264
146 38
229 398
169 319
160 297
286 183
395 189
235 29
354 404
45 333
193 441
18 340
143 243
203 291
394 122
170 60
193 338
289 272
403 41
148 250
274 102
40 308
180 369
190 259
122 92
266 89
223 222
181 109
402 312
349 208
54 381
353 415
287 247
75 86
329 311
91 11
419 198
88 47
296 14
212 333
369 368
343 301
264 429
75 221
27 432
139 247
334 78
118 311
272 285
110 4
273 120
324 356
347 225
388 53
92 350
372 304
76 14
215 378
129 389
110 118
45 1
34 401
41 427
34 335
235 438
29 144
247 266
187 370
386 431
22 115
102 399
435 414
299 170
223 316
38 443
27 81
234 338
432 418
362 182
308 254
255 415
153 149
450 172
183 330
371 228
384 420
390 293
162 96
88 233
408 77
65 222
92 444
171 58
204 27
224 183
181 314
60 379
107 11
11 5
121 94
359 318
267 275
1 229
413 116
32 196
307 211
342 419
234 14
429 160
319 422
284 191
382 446
299 184
156 19
78 171
104 449
275 81
196 238
324 337
203 231
214 63
102 354
259 118
279 97
446 155
262 362
358 40
420 233
214 340
341 399
251 101
398 288
383 298
253 62
274 163
387 405
345 125
51 412
367 169
270 123
124 125
334 234
237 244
328 370
240 174
373 229
273 366
115 210
285 202
150 420
199 102
98 442
183 219
281 100
20 301
445 329
216 54
262 297
0 187
143 27
16 123
345 381
382 203
353 4
346 131
427 45
150 265
388 362
275 115
375 421
159 377
125 271
174 169
419 112
42 334
196 48
392 164
224 350
199 350
308 17
379 40
328 437
65 440
402 424
207 439
236 173
60 295
383 0
221 64
288 69
73 113
246 389
393 277
393 231
154 251
425 176
245 297
198 232
149 441
248 346
65 417
411 342
351 205
219 14
3 66
69 342
423 450
53 348
278 232
269 356
345 114
411 364
242 327
69 49
275 218
39 236
383 350
434 45
334 60
350 43
320 181
262 332
228 70
379 212
439 339
179 116
276 377
82 293
264 232
354 401
28 81
71 437
298 226
30 352
18 327
157 304
74 278
327 32
58 207
161 426
362 421
9 339
134 77
342 315
376 438
172 69
414 443
442 76
38 59
135 385
271 248
247 289
50 157
283 137
217 133
243 338
314 216
83 315
189 431
196 379
438 28
113 295
390 87
426 159
317 168
93 333
260 251
301 432
156 5
194 83
243 296
55 209
67 216
423 38
44 140
77 134
433 99
347 330
86 343
72 184
11 122
341 230
134 241
37 143
97 186
19 153
349 284
36 151
325 316
22 396
301 195
325 19
435 133
264 286
417 178
201 129
389 177
123 186
73 417
398 15
228 0
285 100
377 350
69 58
209 433
97 260
341 145
425 112
250 20
389 132
232 441
254 101
326 303
216 190
174 135
52 130
99 416
47 431
297 221
246 145
443 201
25 32
388 231
312 379
31 184
396 280
150 54
20 252
190 35
249 212
350 449
195 174
355 309
135 432
3 31
378 379
183 39
40 426
316 95
115 362
92 93
197 19
59 323
304 150
394 22
412 383
228 325
381 32
24 106
12 194
338 72
14 401
163 342
357 249
198 351
328 284
70 170
264 249
159 266
12 264
258 165
224 319
64 131
172 113
171 410
417 284
229 215
397 332
103 51
51 385
44 440
403 321
152 280
335 25
295 102
67 215
37 84
430 57
416 318
160 154
223 143
298 388
127 371
10 82
78 235
80 311
431 18
226 432
332 117
120 26
127 30
120 213
99 397
292 102
450 415
73 341
288 370
383 178
157 28
335 233
93 132
43 267
398 121
376 71
213 370
336 354
218 76
11 251
181 234
410 111
73 223
317 334
272 119
107 373
447 440
5 24
382 319
162 205
264 302
64 272
176 382
154 426
189 125
198 97
346 97
268 195
101 34
73 208
218 298
359 297
305 245
383 98
190 275
333 148
321 158
371 413
100 50
3 51
182 102
164 115
247 89
410 404
300 88
402 283
291 27
118 332
1 115
136 305
127 153
173 78
297 400
250 337
111 17
169 272
183 103
130 306
172 121
431 440
11 48
314 281
308 120
245 353
285 335
345 99
150 115
134 177
91 429
441 446
243 48
346 187
88 346
37 383
161 205
336 202
141 213
183 388
147 330
266 315
36 94
275 170
340 327
81 360
405 250
247 15
31 1
18 255
239 45
30 367
279 303
20 206
262 240
199 449
120 325
0 395
399 12
167 5
323 158
77 201
405 16
180 197
408 347
1 329
302 446
420 334
400 285
194 242
443 63
163 297
364 250
423 392
20 371
319 348
12 82
51 368
439 179
434 309
293 196
86 149
262 153
228 271
106 279
449 185
428 337
361 6
359 305
377 99
202 251
226 202
249 104
214 11
305 251
432 98
251 306
0 107
399 268
445 8
14 126
227 433
72 192
16 169
28 240
184 236
84 146
238 57
388 57
60 111
320 126
143 306
42 395
255 237
152 250
411 110
22 303
55 239
158 152
35 167
411 417
124 403
47 273
247 216
34 96
299 270
29 425
343 335
139 352
307 190
183 98
316 294
183 306
27 330
227 198
69 366
375 161
416 222
216 192
421 370
23 265
138 291
245 134
27 135
10 418
330 379
372 84
236 367
391 236
355 267
6 414
392 232
295 232
128 25
340 113
365 309
100 138
356 219
388 211
70 316
181 250
310 425
80 310
255 61
364 165
146 15
98 245
335 437
209 392
1 165
200 380
430 29
335 176
214 245
319 136
382 429
182 208
199 149
297 348
98 326
213 355
392 161
216 56
159 319
199 9
239 378
238 160
243 76
310 169
375 39
366 3
274 353
69 76
445 172
364 220
261 19
227 257
354 46
303 125
100 312
110 401
273 266
267 282
60 276
5 191
156 341
410 446
314 293
161 352
443 403
19 101
284 358
139 63
172 147
136 399
310 105
346 450
304 186
6 74
395 283
113 277
257 293
354 177
368 215
171 124
227 87
120 335
0 46
275 46
7 283
394 273
86 221
281 404
287 298
96 139
342 109
90 246
107 214
223 123
399 11
299 152
371 25
246 228
61 249
226 434
184 349
128 217
327 232
420 60
192 163
106 59
75 115
395 222
305 220
122 192
372 401
397 327
120 137
204 51
317 74
264 442
232 415
391 411
393 308
426 19
197 313
411 213
446 140
388 298
433 403
159 191
373 445
102 131
129 401
258 377
410 101
286 128
300 46
215 424
207 63
82 163
83 210
278 240
154 381
84 125
232 5
66 158
70 365
45 402
273 333
75 346
406 289
4 242
361 323
188 439
147 296
64 276
161 299
142 155
205 296
90 331
425 144
53 414
132 270
398 394
340 128
6 165
297 152
400 431
149 20
418 60
29 440
217 421
115 344
387 121
119 178
218 395
241 421
394 171
79 253
248 439
232 43
290 174
392 309
117 381
339 373
279 111
177 431
357 128
430 248
210 322
421 326
87 341
133 155
207 18
269 181
274 266
334 1
258 425
2 374
419 375
89 394
415 398
409 427
190 116
279 296
232 205
253 335
194 93
309 320
380 100
439 72
309 3
440 289
390 135
173 159
108 285
56 337
247 83
143 355
363 31
16 390
148 50
142 227
351 79
278 35
433 111
79 289
331 346
111 54
242 292
84 151
1 230
24 40
324 392
246 398
145 379
83 441
166 235
124 433
414 155
126 149
429 164
273 118
353 61
416 357
149 397
374 79
417 79
111 24
186 240
390 433
348 398
434 246
208 98
317 436
131 46
289 388
78 420
1 51
431 386
137 420
190 317
353 36
9 179
172 213
10 382
19 100
369 53
281 206
346 55
90 13
418 250
113 117
19 256
253 44
303 49
257 114
293 290
229 353
360 326
6 212
364 322
138 55
351 153
75 406
303 140
326 289
305 115
87 108
238 259
179 225
334 144
343 214
408 209
164 222
437 346
311 22
323 141
262 329
125 265
359 316
345 414
237 146
97 150
82 382
231 232
448 134
134 24
377 443
319 193
241 448
124 172
123 346
42 400
136 415
287 154
326 308
128 359
41 102
304 437
39 396
422 60
136 164
374 271
173 156
356 97
237 232
239 427
167 368
40 411
306 337
171 387
179 76
346 72
395 193
384 82
311 16
241 428
330 420
252 205
429 71
56 386
243 27
435 124
218 13
179 36
43 233
302 215
268 331
34 48
439 246
421 15
406 161
64 289
51 29
292 42
235 144
225 392
249 257
234 60
93 262
371 3
353 286
132 297
394 374
315 112
102 361
257 331
427 304
40 41
99 90
33 172
125 368
382 88
237 147
322 53
211 360
275 66
124 117
61 264
5 297
142 6
263 167
14 4
108 150
79 54
116 80
152 251
164 164
127 115
231 260
371 113
7 139
302 95
380 14
314 39
450 225
62 116
154 26
248 159
429 90
382 350
142 138
278 230
182 352
418 362
175 174
196 374
61 70
324 15
314 140
158 209
115 87
381 124
391 122
120 29
83 408
309 57
8 127
286 169
309 101
90 231
213 309
383 394
111 294
66 32
244 303
100 297
40 399
6 159
130 255
370 243
31 196
112 67
368 137
303 330
356 271
244 363
62 40
26 43
22 216
170 317
432 401
384 357
34 367
371 14
270 119
163 217
441 238
33 304
97 315
332 275
111 435
185 321
84 51
428 352
157 268
162 21
52 334
283 259
384 24
154 274
221 438
397 199
60 333
103 82
110 112
146 207
183 33
291 260
437 273
404 387
219 430
96 437
138 152
426 63
81 161
37 259
193 372
308 177
2 155
419 351
235 288
218 422
13 378
432 344
150 335
93 33
145 328
228 215
183 232
389 147
192 374
428 211
45 350
194 372
382 440
355 311
2 174
402 166
328 203
291 404
24 56
335 338
103 26
105 34
368 79
409 148
140 109
95 417
203 44
369 378
49 56
414 221
120 357
114 366
332 256
307 222
19 429
50 173
383 417
58 263
178 85
423 280
416 124
59 160
438 124
182 327
23 352
218 359
60 175
254 215
5 316
18 415
172 29
387 107
66 446
247 145
438 27
254 32
356 427
447 347
124 338
289 216
41 184
241 138
179 356
174 337
40 306
93 390
62 152
7 41
0 300
157 347
113 334
433 196
320 172
439 326
150 29
311 267
300 204
336 434
270 238
215 115
84 345
255 110
15 244
67 160
315 290
217 203
103 132
359 354
321 80
289 49
108 359
105 30
425 136
61 105
375 34
424 328
419 128
121 152
197 178
64 15
308 5
217 137
361 449
61 217
71 164
358 59
125 322
106 434
428 6
197 40
4 177
63 38
98 411
342 342
184 128
243 197
337 228
24 153
271 282
114 68
54 356
153 254
53 45
229 154
122 196
228 40
368 52
273 216
279 195
246 267
335 331
83 241
207 19
121 429
337 56
10 415
247 258
77 424
359 422
255 98
336 208
272 155
192 140
195 307
225 226
421 299
266 245
229 171
356 176
222 331
380 210
124 439
200 407
134 168
261 93
163 132
336 335
51 204
186 303
353 199
423 1
281 195
140 131
265 342
182 305
153 208
388 387
159 265
439 144
82 102
326 263
195 151
304 250
300 407
363 396
387 115
25 226
80 37
181 337
16 62
307 205
32 169
191 176
248 213
87 293
353 272
243 138
203 371
436 414
78 48
372 172
120 280
369 382
351 330
408 394
134 3
254 93
381 350
370 25
450 29
79 44
340 398
168 262
204 349
156 225
5 408
100 258
308 315
71 416
395 348
426 128
57 397
170 449
438 38
80 340
74 304
348 375
408 384
256 307
325 33
431 450
71 195
36 209
299 114
65 317
234 263
81 4
116 350
163 387
240 270
147 320
246 142
421 242
407 219
366 436
317 328
338 417
339 93
192 61
20 405
307 9
31 342
214 359
437 289
145 38
413 3
415 366
437 110
167 153
228 429
59 317
267 198
126 35
199 394
95 315
251 127
10 26
118 208
45 393
422 88
251 229
377 161
234 386
357 127
385 294
212 419
242 47
64 165
175 155
309 396
17 283
42 425
256 271
98 221
355 250
113 15
341 182
53 185
381 389
315 40
114 61
257 275
142 104
110 268
73 388
299 299
18 217
436 170
46 339
0 140
213 21
163 422
177 215
169 196
15 396
106 342
180 332
367 22
110 257
233 219
231 134
282 47
123 151
197 345
232 394
420 25
393 320
256 143
214 90
334 405
216 336
382 379
272 196
422 96
188 147
188 391
147 240
182 309
336 436
70 119
147 96
52 347
115 246
79 51
246 136
380 186
285 145
83 197
193 70
195 179
106 323
28 212
300 421
107 254
113 396
157 109
195 190
191 411
421 400
116 250
110 70
8 428
39 203
75 101
445 118
47 197
59 78
322 262
338 54
388 15
162 326
50 243
354 208
120 88
355 429
276 223
107 220
309 125
153 279
419 63
84 412
417 338
51 109
7 67
215 195
168 423
25 108
242 220
223 410
296 62
19 320
18 122
312 410
106 252
444 439
60 5
77 275
19 122
141 80
62 38
340 411
301 250
174 298
69 325
243 307
366 119
309 344
146 152
182 44
433 340
319 179
166 387
123 248
248 123
244 56
279 429
79 198
92 310
116 412
169 155
178 433
245 91
178 1
167 43
32 194
241 282
101 28
137 202
298 414
175 161
154 234
163 193
127 308
110 8
212 240
447 45
449 111
259 294
290 36
335 313
280 275
71 103
16 104
351 68
310 308
2 422
387 302
135 327
184 286
399 211
389 216
59 135
405 310
219 16
300 449
246 348
400 304
120 374
155 156
90 450
385 58
396 147
414 449
255 16
17 18
275 321
70 167
347 126
162 127
175 84
147 393
449 231
381 329
87 20
338 245
306 239
54 51
45 330
106 322
113 343
28 260
305 9
116 399
243 178
31 194
405 82
257 373
200 445
131 401
42 243
221 265
402 189
41 197
389 280
174 332
98 290
154 49
130 317
6 421
244 142
208 28
222 369
375 398
90 257
93 178
129 423
116 375
212 416
223 15
162 24
291 395
96 280
15 127
79 423
49 325
373 397
297 303
417 331
4 136
181 442
220 190
78 362
200 215
127 403
86 128
216 232
207 249
386 152
430 208
200 199
278 429
310 264
383 92
383 192
51 130
314 193
187 206
303 257
336 164
244 325
210 237
118 396
103 402
58 99
249 387
113 69
260 56
86 199
401 363
227 115
139 4
418 321
352 294
44 131
252 126
188 399
242 93
397 13
100 414
43 90
63 111
192 428
89 188
175 162
331 205
298 130
393 177
210 101
309 341
281 170
131 103
7 43
387 173
231 2
377 383
230 325
51 379
378 410
368 388
336 88
54 73
390 21
140 120
432 161
117 91
407 299
8 109
132 251
414 196
166 409
410 33
219 196
158 0
171 305
44 133
69 38
148 110
13 214
298 228
293 340
385 354
265 386
224 173
303 176
6 324
175 372
177 57
1 72
298 385
186 95
141 409
405 204
237 174
117 118
415 406
132 95
309 206
450 406
390 296
343 379
379 205
285 95
233 413
72 408
196 69
244 50
347 104
423 118
35 396
399 22
179 126
91 131
264 357
32 8
235 360
89 400
327 225
276 28
376 135
373 142
12 316
9 315
108 392
39 264
300 31
40 299
328 345
370 143
246 317
20 414
71 100
94 332
288 79
306 156
164 360
222 304
432 47
380 326
65 428
372 34
23 102
52 81
271 9
195 244
339 139
115 161
20 338
222 56
232 420
339 417
402 209
223 195
115 424
305 96
164 210
309 329
194 376
11 200
138 364
276 31
381 219
419 66
134 167
330 107
241 398
109 423
336 124
403 243
117 288
144 417
392 292
62 205
176 10
110 366
173 302
243 231
424 392
275 216
146 45
442 292
165 390
169 346
340 349
247 429
139 24
90 256
228 41
21 225
277 89
282 236
7 403
181 205
369 37
150 10
25 449
28 120
400 251
363 375
261 306
225 135
374 279
169 41
281 258
43 443
86 381
240 13
265 2
156 40
58 82
72 60
272 165
266 327
372 86
233 99
444 367
257 360
351 198
162 13
32 444
83 326
116 420
354 104
272 414
320 437
228 278
105 38
183 316
251 272
259 97
235 158
7 359
404 423
45 195
220 395
257 125
429 408
48 128
328 331
9 58
299 123
282 169
328 315
411 336
63 417
404 450
339 255
447 429
112 219
234 335
187 359
66 378
359 245
136 210
410 422
297 277
446 81
240 386
71 182
408 167
329 229
324 328
77 104
322 44
83 366
1 7
111 309
331 430
159 296
293 367
138 226
426 139
282 104
235 8
400 398
157 144
325 49
38 299
6 439
116 302
94 135
428 335
57 62
280 427
83 352
229 138
135 351
261 320
271 183
71 134
24 285
246 433
220 140
22 68
427 138
265 437
345 112
170 292
47 441
131 312
11 32
72 154
118 76
77 15
401 355
56 375
179 28
206 285
422 191
257 9
51 94
137 309
144 232
135 154
197 269
371 300
197 359
152 273
390 302
257 140
94 207
450 83
55 217
331 130
193 201
429 234
331 272
7 361
265 304
148 337
302 251
368 212
397 29
302 139
403 167
446 220
109 321
297 433
185 180
86 159
334 282
314 270
38 400
10 6
357 194
367 182
364 299
355 20
66 406
182 420
1 207
288 396
284 276
117 58
82 263
214 83
331 101
65 46
442 43
133 101
359 235
344 289
388 76
257 349
365 131
136 445
49 153
213 400
266 151
434 107
25 215
426 176
408 50
165 47
124 324
50 203
131 38
420 428
225 450
279 104
304 183
150 429
312 38
198 216
95 420
433 182
325 140
149 263
365 366
320 135
93 413
217 198
129 165
21 56
318 421
310 152
68 146
67 282
170 83
248 440
88 324
97 43
65 167
415 362
283 35
277 28
202 51
376 313
117 343
371 105
4 150
427 220
247 375
27 35
45 78
136 75
357 222
167 181
128 61
224 161
41 309
185 345
21 327
262 398
47 92
208 16
327 84
139 380
101 207
386 21
18 296
243 91
206 0
322 204
219 364
191 200
347 345
191 288
87 242
317 10
447 162
212 55
321 271
209 445
13 196
73 315
210 359
155 5
193 58
190 152
369 229
321 223
67 392
19 43
419 442
89 231
204 296
395 249
137 93
142 376
252 433
13 401
179 46
372 344
435 252
122 152
193 435
261 178
387 334
100 110
392 251
401 413
255 249
392 258
354 301
233 94
120 62
110 25
249 110
148 163
288 85
17 137
322 213
209 84
431 210
394 442
58 86
431 254
69 309
31 171
384 248
157 404
169 331
392 31
305 446
293 425
395 409
106 52
249 393
392 102
282 442
431 399
400 138
35 117
71 403
417 30
318 446
249 175
292 303
117 66
70 389
115 15
297 257
430 86
41 88
116 324
213 301
244 22
380 339
328 90
229 345
162 102
68 39
214 103
420 430
298 431
413 96
56 336
439 134
215 382
162 6
286 364
76 184
146 36
127 163
392 229
144 120
320 178
273 19
317 410
239 229
290 185
179 371
243 30
282 81
65 255
327 361
417 316
116 271
88 428
450 333
188 159
357 428
1 302
20 329
431 350
151 96
176 407
3 258
219 274
256 83
108 104
218 366
174 95
85 28
342 176
339 237
23 374
266 443
250 343
415 61
437 201
316 202
138 414
100 42
147 242
374 200
290 149
98 393
245 37
180 442
394 177
362 179
152 419
46 185
274 368
108 353
94 378
117 152
191 333
178 32
186 109
377 235
274 127
194 438
333 216
356 17
74 75
262 148
149 113
130 214
377 33
186 185
67 322
376 293
392 220
206 122
240 166
38 300
31 359
108 153
354 93
282 340
306 148
138 282
160 72
110 380
236 299
351 329
147 222
251 346
219 215
89 430
367 286
440 346
275 152
152 436
240 135
429 147
27 119
417 200
10 293
153 144
184 293
190 176
236 184
90 272
439 347
25 27
340 143
14 327
28 263
240 353
401 281
69 189
10 49
253 449
356 181
262 299
89 317
185 248
428 382
310 369
414 233
224 143
379 194
158 218
424 83
310 331
76 398
292 248
9 307
155 126
144 384
352 325
47 397
248 177
185 316
149 374
84 322
84 8
57 365
337 184
442 388
137 437
17 91
232 232
22 238
62 167
413 127
350 18
24 333
72 63
133 29
184 16
188 86
153 285
322 241
398 303
105 369
384 16
190 3
104 187
176 303
142 393
443 418
258 363
166 289
285 151
56 212
339 378
92 137
134 407
120 104
62 260
173 268
312 338
362 149
319 21
368 214
188 63
114 301
46 186
441 38
294 217
11 295
431 142
184 300
31 150
18 137
197 435
160 425
107 391
288 363
153 222
398 127
260 151
431 11
174 75
358 24
329 291
21 202
161 316
188 419
267 425
0 165
136 19
300 275
46 151
346 87
394 266
155 261
373 50
369 237
361 25
159 251
396 374
108 441
254 103
446 92
213 90
433 312
228 75
5 142
12 247
273 250
203 333
305 221
168 341
347 198
175 173
78 238
51 175
159 243
13 405
312 424
401 93
408 230
73 215
200 0
112 263
343 390
414 14
358 188
93 255
210 400
187 433
244 319
3 133
7 107
242 246
429 383
302 282
149 372
425 80
268 9
112 176
30 109
176 200
346 170
95 392
338 20
226 212
264 196
224 401
234 51
304 366
50 446
435 307
286 267
84 447
340 100
375 236
154 123
77 150
273 85
381 347
139 390
54 156
180 266
348 203
127 131
141 11
189 281
281 384
114 374
138 22
219 47
363 40
426 370
85 318
277 259
108 323
65 161
433 223
0 123
3 72
267 264
436 429
87 147
319 215
173 170
227 247
53 13
29 204
90 178
230 375
361 246
284 219
443 10
98 103
115 240
81 305
130 273
188 218
26 342
133 446
146 211
263 250
135 30
321 150
25 341
141 421
132 239
247 208
159 195
224 418
261 392
118 161
360 244
270 413
0 29
264 78
384 432
439 197
13 39
284 124
277 357
374 408
175 196
334 77
296 99
18 201
298 296
386 29
203 191
424 98
45 272
388 43
226 348
146 404
212 208
273 293
445 272
437 69
198 78
37 333
358 45
22 38
330 433
380 411
419 69
25 393
303 11
217 271
333 64
391 367
289 327
230 133
21 445
345 301
271 316
247 101
206 225
161 350
247 329
389 16
174 209
105 191
335 135
139 85
201 423
221 259
160 414
39 98
352 423
207 287
119 9
165 251
379 115
334 266
277 218
77 186
203 305
275 306
411 227
235 264
72 91
232 302
316 246
68 290
292 375
91 179
59 180
272 311
209 416
8 407
205 404
216 304
273 246
273 87
362 187
142 347
329 370
260 361
16 162
159 418
5 200
187 78
399 413
227 401
8 193
401 142
131 178
98 72
173 352
50 113
408 175
273 103
235 375
130 216
68 228
338 8
151 146
248 22
179 321
341 189
85 444
304 343
90 40
312 386
82 364
257 397
361 112
297 94
255 5
361 439
169 119
120 36
425 272
322 322
144 103
252 330
419 17
37 145
212 122
337 40
385 154
351 313
167 36
0 269
222 257
344 118
259 6
216 34
4 111
328 365
436 84
388 274
366 225
294 122
23 383
273 386
307 257
319 235
346 224
208 414
446 324
108 307
192 394
79 82
71 245
314 399
346 114
79 354
356 68
427 281
181 269
347 396
69 447
344 18
96 382
431 187
355 81
449 137
305 321
166 450
43 98
39 397
73 287
290 299
76 144
144 424
137 38
325 396
409 62
34 199
357 41
234 110
144 397
59 216
52 9
46 28
326 218
124 408
60 252
173 425
398 51
298 192
351 396
102 197
16 38
50 302
4 184
438 25
226 95
235 32
134 306
106 213
1 367
213 76
110 357
5 384
331 27
251 353
150 196
37 297
150 219
431 367
423 385
131 199
357 137
331 50
358 81
84 428
316 116
149 87
101 181
183 231
383 321
223 423
104 295
112 310
11 333
130 72
379 402
420 417
219 233
371 169
106 109
193 167
36 440
7 369
430 6
321 185
122 335
132 138
192 142
317 155
310 208
41 356
220 114
242 358
261 255
191 322
217 135
347 447
432 36
384 91
26 238
32 262
2 47
385 422
180 160
391 437
37 147
29 152
159 445
20 182
100 162
410 287
247 50
295 230
144 271
321 96
213 437
375 234
202 237
284 113
76 170
10 280
321 368
152 378
314 26
221 170
151 115
339 18
85 58
343 448
55 5
38 405
373 59
131 187
14 314
135 189
179 174
37 411
340 397
69 22
240 132
423 339
368 446
70 299
21 434
331 375
148 416
373 408
33 26
424 248
174 363
139 90
359 14
393 434
306 54
66 23
19 84
103 383
358 286
5 232
243 300
69 204
413 179
37 258
150 206
221 328
340 378
77 128
259 424
12 262
348 341
19 433
390 340
185 440
237 102
345 70
309 33
25 419
211 60
308 191
404 356
38 421
450 98
274 286
418 401
283 427
79 306
19 298
152 51
320 249
193 169
138 369
15 301
96 181
417 22
156 384
246 127
168 134
141 55
250 125
64 12
110 405
372 286
218 250
300 343
127 414
285 130
442 37
51 428
401 390
38 47
68 246
313 92
276 116
43 236
92 426
63 374
274 124
242 168
394 93
41 314
254 136
80 173
301 66
290 26
110 69
273 198
436 216
186 146
72 442
178 233
52 351
320 19
324 316
242 11
305 66
309 285
53 5
373 242
297 184
36 159
256 45
82 328
77 348
12 337
449 246
180 310
324 16
112 223
12 295
190 72
41 77
166 0
65 137
160 65
167 278
73 348
254 79
418 1
123 197
101 365
19 73
224 377
106 241
33 394
205 450
397 367
235 404
145 306
403 88
124 271
321 169
22 129
235 349
277 116
420 311
389 157
334 42
273 379
204 163
27 441
395 55
15 188
237 289
428 81
252 136
372 427
4 282
31 162
24 238
218 138
254 219
323 338
399 8
398 347
104 217
425 66
28 332
431 38
387 217
64 279
359 131
244 60
12 95
359 431
129 244
162 89
215 31
114 169
187 335
202 136
128 88
378 24
250 46
293 224
294 218
25 430
23 94
14 367
207 120
12 210
96 247
291 196
61 420
179 276
156 70
176 85
253 393
260 5
128 314
255 416
151 199
12 281
334 18
119 299
305 276
312 420
413 77
43 135
155 413
196 358
212 112
338 105
437 133
30 248
396 43
260 214
109 219
7 112
68 432
122 49
290 422
389 273
300 7
253 131
415 49
192 221
172 184
234 364
91 37
92 435
324 369
434 247
142 82
316 239
244 257
200 131
276 157
334 166
93 84
0 87
315 85
36 282
333 225
443 14
151 386
292 199
438 413
339 402
249 176
418 166
179 89
9 162
9 366
213 168
264 354
174 73
337 266
18 283
314 351
228 417
133 7
158 409
271 81
433 46
64 358
45 348
234 209
306 418
161 98
272 314
66 199
108 340
322 269
285 132
156 11
354 318
55 161
270 43
34 17
179 248
269 56
370 13
66 189
210 87
252 283
226 361
385 62
364 174
172 433
98 127
91 231
222 358
122 80
16 209
308 84
380 167
213 87
8 178
147 192
407 402
16 264
431 332
64 216
96 62
98 306
382 212
220 130
386 155
364 283
280 139
52 10
16 140
11 38
292 326
73 389
128 147
16 243
378 323
345 45
206 346
103 135
115 48
225 209
236 416
297 9
281 303
346 218
290 258
408 162
428 397
0 331
21 2
116 433
164 235
163 151
78 54
376 164
67 347
238 228
432 109
426 12
184 322
92 439
337 259
34 217
367 230
28 345
103 440
347 438
65 110
447 56
231 269
373 125
8 98
217 89
101 313
418 449
409 425
285 85
296 444
137 401
30 402
214 443
73 144
439 423
439 361
248 69
286 61
341 188
256 354
83 86
437 442
262 31
270 218
132 217
154 287
172 299
433 410
132 306
417 155
346 84
441 88
151 292
279 360
317 139
261 331
207 95
231 62
76 160
69 401
289 367
425 68
372 314
265 188
36 249
243 420
395 93
265 265
411 40
328 442
394 398
300 308
223 105
170 137
160 178
376 72
311 199
396 216
444 45
315 379
271 221
379 272
344 174
419 151
356 155
215 18
240 286
261 188
100 279
328 7
145 228
60 233
242 136
204 313
436 356
283 219
422 349
332 116
60 346
106 320
210 441
357 395
126 9
212 252
401 50
38 381
234 84
362 224
100 5
394 104
149 344
85 381
276 60
257 285
246 214
283 205
76 445
10 442
125 133
11 185
176 73
58 426
234 377
376 180
278 223
83 164
179 138
364 402
346 66
45 102
319 160
208 144
266 345
69 200
355 151
447 343
401 18
375 254
288 440
432 345
27 256
38 313
31 21
367 106
277 445
368 209
42 398
128 362
101 176
262 71
139 32
329 92
346 73
173 423
33 225
253 125
50 311
119 426
339 269
412 446
110 197
84 16
247 372
385 37
186 100
328 255
188 304
163 22
421 46
143 365
87 104
261 257
81 160
13 246
390 192
36 255
51 70
86 163
167 331
25 263
18 368
352 108
188 411
182 184
177 417
92 352
239 146
140 325
157 288
410 350
94 414
251 46
307 347
21 278
7 442
138 354
63 259
401 313
245 340
232 53
231 364
372 359
219 181
202 305
263 43
35 131
65 268
251 410
207 58
260 84
339 433
119 33
101 243
108 130
404 170
416 239
67 95
171 441
12 338
337 12
355 205
159 177
402 308
210 278
352 104
313 4
141 173
298 256
337 82
114 373
12 39
345 389
257 242
379 326
215 234
37 96
113 257
276 266
310 233
225 312
4 353
227 185
315 143
177 240
426 148
418 307
60 436
74 85
118 197
348 399
8 322
429 382
28 347
213 34
409 98
278 194
181 93
351 164
260 90
341 240
238 215
435 26
106 371
281 54
258 299
391 142
0 271
109 204
39 382
348 293
280 36
104 444
263 308
50 259
121 243
23 306
232 216
251 31
211 345
32 41
260 378
275 236
174 87
76 130
48 440
241 264
134 91
334 85
440 50
302 130
112 34
163 400
26 310
284 334
186 430
303 260
400 377
40 303
97 318
331 270
269 287
100 30
332 269
197 13
41 73
148 341
87 442
315 48
208 297
70 337
377 195
195 48
227 67
328 448
280 81
25 420
61 62
383 412
212 53
48 367
266 189
117 40
12 45
211 235
438 333
433 159
307 230
362 417
8 137
176 409
321 168
165 430
213 329
68 42
245 251
367 8
165 401
230 249
58 373
313 406
266 157
407 273
180 65
105 86
404 366
288 275
22 19
239 402
200 253
100 178
341 227
182 19
123 433
131 161
230 342
86 74
256 113
379 297
53 34
21 131
188 88
99 401
373 249
282 51
416 39
153 80
186 44
369 99
414 164
325 42
164 3
172 336
176 411
443 217
158 81
101 59
231 90
283 353
1 241
56 81
153 217
191 18
267 28
150 96
326 7
264 48
149 156
290 60
268 433
100 139
360 375
22 181
203 365
366 240
201 391
450 128
403 7
221 78
332 290
273 38
346 93
320 42
82 156
298 235
70 411
93 392
394 39
226 74
161 100
299 284
306 391
134 300
76 354
172 128
287 235
141 392
149 166
124 269
441 220
122 250
322 2
120 411
28 180
44 254
225 183
133 328
272 199
334 446
236 109
297 341
54 90
260 270
186 422
308 405
245 313
274 159
195 18
409 243
350 279
190 163
114 343
53 167
2 428
204 243
4 36
442 281
158 374
42 380
433 14
223 12
45 43
249 97
208 25
141 224
137 212
105 78
107 133
389 336
417 428
72 230
258 394
134 219
379 355
300 391
348 141
257 35
429 182
167 328
141 406
445 286
232 127
280 426
364 124
302 87
361 264
66 314
327 91
154 204
48 344
257 198
352 39
6 65
236 72
35 127
15 36
199 33
150 131
329 299
418 441
116 104
292 438
159 167
190 199
231 65
193 28
37 320
271 293
108 96
232 301
344 397
330 120
388 100
334 313
252 282
124 380
323 442
137 305
140 161
0 376
132 356
208 286
195 161
429 96
357 326
87 181
53 297
271 345
282 139
303 166
246 224
442 262
316 16
438 316
209 129
310 260
184 279
276 411
424 101
359 294
164 167
428 49
242 15
77 152
219 56
418 311
34 122
312 403
186 385
208 182
112 277
407 220
322 377
313 340
158 127
190 379
94 181
446 53
247 440
199 311
308 393
161 194
108 7
328 227
439 150
238 234
316 290
343 97
149 413
136 203
416 388
448 372
398 266
50 325
212 213
384 198
177 10
236 188
282 11
387 360
105 142
342 319
88 43
342 383
372 345
322 310
450 365
388 218
275 285
335 107
228 47
184 152
69 106
176 216
214 93
197 317
399 85
46 412
107 158
362 69
368 359
247 171
283 190
71 429
445 311
355 186
129 437
299 153
64 371
444 258
321 47
51 402
224 69
16 204
91 25
78 94
18 398
130 240
299 29
181 289
136 211
142 8
44 434
320 357
336 59
235 377
399 184
66 286
63 159
199 260
215 435
30 431
49 383
70 328
203 74
183 270
106 396
286 204
39 60
372 169
343 329
354 138
122 341
77 228
72 152
55 80
92 187
105 403
231 201
51 303
46 205
389 315
66 274
382 253
252 82
237 270
36 356
382 393
389 207
290 315
360 271
42 205
392 404
363 96
304 172
41 40
322 187
143 336
305 281
290 395
91 162
414 296
303 114
285 32
234 92
421 33
424 336
382 58
261 235
79 420
445 99
317 174
427 67
207 438
74 45
440 182
246 18
247 443
13 444
244 187
108 299
217 372
377 312
115 97
79 266
173 54
304 255
249 414
144 149
295 87
39 307
393 1
134 33
450 20
287 135
325 14
233 380
53 441
136 312
92 390
178 377
188 447
57 232
135 293
295 429
60 11
378 427
401 119
137 403
303 303
9 385
31 435
195 353
53 221
70 430
431 373
62 76
18 100
181 158
62 448
323 112
405 252
61 109
264 290
176 147
251 58
45 292
119 26
151 51
157 178
202 58
81 163
24 373
102 372
394 320
274 32
0 339
79 259
123 150
175 58
100 108
216 324
383 20
184 77
400 100
114 125
379 436
210 387
94 411
324 437
393 91
276 196
62 337
94 442
448 262
304 188
386 37
415 427
345 81
68 284
107 295
185 428
432 214
68 2
327 307
436 102
353 225
240 110
206 102
104 396
359 184
18 101
249 210
154 166
362 52
114 268
134 134
308 306
358 375
391 111
241 431
415 43
81 430
400 169
6 368
427 348
304 59
74 326
344 324
224 28
409 135
43 63
172 209
248 80
52 170
158 430
390 108
29 302
410 317
259 436
147 226
361 1
197 263
399 16
413 132
445 213
425 202
173 208
79 228
65 376
235 51
3 205
380 80
244 291
433 206
98 422
267 231
136 208
229 376
329 89
241 369
267 394
113 175
102 18
97 22
345 38
150 388
431 372
422 260
399 283
87 55
152 109
160 129
409 150
36 133
321 182
31 198
399 84
435 374
312 0
10 31
96 143
275 180
364 104
96 38
214 130
375 166
83 113
325 330
441 437
275 167
11 96
325 425
119 259
158 180
142 322
349 417
310 284
435 111
17 16
6 373
68 403
195 233
120 150
383 116
356 145
323 259
102 308
41 252
264 395
273 8
433 5
39 281
309 203
364 345
412 394
450 47
120 289
442 138
168 7
246 61
312 214
365 195
70 127
380 340
293 248
69 139
284 255
333 129
414 291
352 168
351 154
365 226
382 213
446 264
103 301
10 435
421 41
196 280
367 344
282 140
228 388
324 24
168 45
256 140
21 33
370 124
381 441
399 253
333 297
397 300
94 12
42 448
445 53
304 225
281 396
418 73
69 379
328 132
256 313
448 62
156 91
200 168
317 57
201 266
127 236
399 196
92 209
269 23
171 123
115 326
63 288
386 445
308 310
257 327
316 45
110 224
410 80
197 213
262 192
262 450
118 402
163 347
183 212
1 375
428 199
263 223
215 298
80 88
386 369
189 211
382 351
182 32
334 422
435 212
348 239
196 394
379 284
355 174
148 41
362 270
197 55
183 356
352 75
174 189
25 79
25 278
48 123
335 369
328 368
204 270
8 218
199 352
416 224
79 43
70 160
99 66
36 398
387 290
258 38
64 414
271 337
59 347
198 445
131 421
1 447
27 359
322 437
181 207
102 174
258 197
403 33
324 297
332 330
103 178
67 20
255 297
97 407
11 422
140 18
168 349
430 280
34 376
11 329
435 373
210 390
306 316
368 73
241 30
204 257
4 265
313 367
402 38
294 372
132 238
347 313
365 69
19 425
269 59
278 49
349 250
53 433
278 160
290 152
226 63
218 355
168 185
153 274
287 36
234 443
334 306
265 309
424 64
228 306
351 85
397 169
372 102
81 24
8 188
293 11
362 209
450 419
187 352
23 367
367 47
396 29
51 20
316 374
86 192
38 361
95 28
369 260
339 407
403 152
86 185
229 181
14 275
190 434
403 217
295 81
324 329
290 10
255 225
229 349
345 76
191 20
28 216
148 136
420 239
168 100
191 112
132 403
399 250
178 167
361 222
198 283
196 385
411 271
224 47
211 261
341 311
186 192
36 88
115 436
204 136
281 338
219 388
193 413
437 293
120 266
161 167
40 98
412 142
251 343
205 440
33 19
344 139
73 156
380 147
118 1
428 370
301 143
101 446
392 174
68 90
93 52
303 112
208 13
1 23
181 231
114 222
404 306
160 139
157 100
268 214
408 432
3 362
323 143
33 37
256 62
339 319
158 333
178 314
449 280
93 395
147 279
86 263
343 116
188 3
416 198
121 238
177 375
246 420
306 379
240 234
161 246
411 132
302 108
230 443
223 164
126 331
179 359
345 296
24 38
65 91
404 147
183 264
415 424
439 25
330 269
261 302
88 444
7 90
155 311
93 83
292 54
433 407
87 144
149 204
31 32
272 254
186 450
341 100
138 287
9 93
116 95
95 286
440 179
93 432
236 338
301 374
424 114
218 162
177 368
133 196
145 59
141 32
150 409
125 413
276 34
272 382
63 68
432 397
1 49
200 221
380 254
102 220
98 439
344 95
303 55
442 269
114 138
307 364
56 56
365 305
362 161
110 443
326 341
342 240
32 435
94 45
177 424
318 6
164 249
107 367
404 109
161 90
433 371
343 3
43 305
301 389
388 104
206 416
224 131
175 109
3 241
199 437
356 365
189 394
94 445
406 437
422 342
201 74
260 443
237 368
87 262
235 147
404 415
198 70
132 118
205 381
59 277
238 392
147 425
190 209
311 69
3 276
124 178
356 41
184 28
107 361
298 234
299 322
380 7
273 180
448 7
397 115
200 413
241 379
341 293
4 233
181 245
199 299
17 144
191 221
167 282
148 39
259 347
431 226
102 316
214 425
98 173
138 212
207 269
215 289
186 341
48 221
247 123
408 93
439 401
84 132
134 235
114 226
223 415
193 370
180 381
213 172
294 194
5 245
252 422
252 289
56 16
42 393
147 316
367 162
24 203
356 231
270 383
249 69
274 80
393 76
426 68
74 69
300 85
212 275
305 108
213 389
418 40
23 221
167 333
212 277
177 331
320 336
422 324
269 47
37 66
227 232
304 268
406 27
189 298
171 105
321 174
302 236
59 259
212 283
145 196
384 212
239 434
56 109
128 282
255 38
105 43
267 341
416 399
206 218
315 404
69 344
194 388
313 336
190 73
232 217
159 166
190 441
148 192
371 416
23 170
144 296
117 265
207 446
443 197
374 247
113 68
71 374
262 151
22 44
288 38
254 368
282 82
74 314
283 245
181 420
214 73
349 164
408 423
283 51
1 393
366 105
57 322
232 21
357 440
247 251
163 436
269 106
159 249
180 354
82 115
139 265
106 166
222 180
316 214
199 401
69 433
102 239
432 217
206 1
391 447
211 71
46 146
103 154
165 431
352 114
338 201
408 356
245 178
71 272
147 442
437 246
155 109
162 367
317 85
175 143
359 224
353 409
334 134
62 90
384 70
336 114
238 211
332 172
345 235
206 266
189 363
49 91
26 115
412 285
418 400
173 142
314 244
300 268
305 117
415 147
163 211
253 182
77 405
231 114
297 360
344 54
57 303
106 239
338 281
410 110
286 264
312 27
307 293
14 182
229 127
31 356
312 82
117 367
50 172
95 343
379 422
100 9
314 88
252 344
113 10
428 435
385 33
101 261
218 426
232 265
45 70
21 25
98 314
126 433
88 414
415 411
5 326
142 259
302 342
409 363
347 237
287 408
58 135
63 294
414 180
444 321
161 129
263 384
274 239
94 448
290 355
176 300
254 370
289 125
399 306
305 371
379 185
373 348
339 142
120 172
215 392
214 308
162 119
194 141
271 141
346 156
369 30
269 34
442 308
30 253
69 440
354 429
197 130
211 409
28 310
194 321
325 150
86 97
296 295
393 272
243 186
193 359
158 157
126 403
60 119
33 195
54 335
50 391
363 319
362 376
131 319
197 307
122 214
107 116
424 250
204 354
183 19
376 268
210 397
161 149
295 403
62 220
425 257
28 297
271 353
117 279
13 266
21 248
303 393
191 410
53 296
25 435
58 105
237 158
143 112
67 241
335 401
156 440
201 159
447 246
380 151
283 271
339 275
283 319
342 323
381 346
319 227
297 39
70 357
351 248
163 377
13 7
13 55
379 2
41 107
411 171
324 217
437 384
403 12
163 381
135 49
381 267
380 38
282 126
288 8
43 149
309 427
310 367
212 274
377 37
347 414
122 141
183 357
76 169
194 143
91 326
392 402
30 44
345 20
161 28
314 113
128 311
117 143
350 277
145 4
89 86
29 195
111 184
273 14
93 174
217 358
367 178
184 247
438 112
402 15
147 313
271 226
278 285
418 287
27 391
435 109
407 172
50 23
355 71
229 85
413 122
162 73
209 136
269 397
427 315
236 289
143 289
193 198
365 274
28 336
393 4
146 270
190 412
8 413
2 128
79 290
442 417
367 9
10 199
150 370
407 102
332 402
209 321
421 215
211 217
205 297
239 68
449 435
259 340
56 351
126 299
395 323
272 249
174 195
160 271
425 328
102 233
187 331
374 331
435 419
379 142
376 105
285 112
212 190
109 384
219 17
122 122
143 192
285 325
162 329
130 12
13 392
335 325
143 385
43 57
220 196
28 323
361 361
100 150
359 417
416 286
117 22
22 92
386 337
130 43
311 299
149 186
320 113
72 409
440 55
353 54
124 441
144 435
299 303
88 338
108 78
288 222
205 113
94 134
244 337
264 71
192 309
289 163
45 229
200 383
249 130
150 32
219 268
338 114
149 260
23 349
316 288
315 200
393 326
84 409
210 91
367 244
77 176
11 207
160 56
343 50
9 308
370 255
241 386
406 332
260 112
395 62
415 418
94 349
121 46
441 307
150 137
234 181
28 82
235 161
218 85
218 423
262 181
88 381
431 59
76 0
328 77
5 361
141 266
297 111
16 66
390 348
157 93
422 357
417 373
23 255
66 338
396 65
220 66
153 253
208 118
298 51
19 233
222 239
105 216
19 119
126 264
185 104
444 11
334 323
25 151
180 448
123 43
236 153
16 2
153 332
435 12
336 230
226 50
134 251
254 160
50 308
1 286
250 282
378 155
354 103
174 125
305 293
334 100
50 59
251 234
39 394
446 8
392 188
95 80
223 290
301 349
224 433
191 89
319 197
92 240
359 256
281 35
214 189
148 58
291 219
415 236
329 44
87 417
330 106
42 17
408 378
103 184
11 260
188 16
288 332
416 85
32 412
347 132
126 55
69 289
65 287
48 31
72 84
45 413
382 420
267 46
9 81
249 157
103 376
207 293
207 248
8 381
62 320
97 208
152 115
417 434
143 434
79 214
411 60
373 309
435 188
353 58
3 327
432 37
0 221
200 110
338 278
238 184
136 220
67 299
437 396
320 443
146 226
206 211
280 3
396 371
179 41
140 269
358 292
94 271
158 276
44 217
436 71
349 434
430 65
289 153
130 430
103 23
89 307
173 282
387 426
8 251
250 41
245 382
233 75
395 285
110 259
407 265
433 282
313 263
251 393
146 334
180 377
42 242
417 48
110 227
357 365
308 429
68 147
192 136
247 341
423 64
107 309
32 13
95 340
169 145
369 352
132 15
2 366
142 266
328 12
9 233
106 122
153 137
366 40
191 162
406 266
341 284
261 202
418 322
396 116
84 343
28 13
232 351
338 11
75 318
339 140
225 426
47 195
26 345
418 10
250 259
355 414
381 360
155 231
24 77
113 85
13 0
318 255
173 138
409 71
197 448
225 248
182 350
214 282
399 101
288 301
220 92
194 76
81 412
254 200
323 397
132 441
271 5
34 37
299 280
61 393
123 294
319 138
320 385
146 148
60 278
56 1
303 203
354 214
278 289
13 21
360 120
70 209
40 39
175 190
86 46
174 1
234 200
135 196
78 34
440 294
71 446
138 33
322 296
129 402
273 53
177 309
283 323
164 182
115 4
13 114
306 426
38 91
149 392
152 254
130 315
331 264
316 348
85 365
86 357
356 253
86 273
297 280
280 84
109 310
90 314
449 43
332 220
229 436
137 269
112 16
14 156
29 197
329 164
372 91
214 388
152 40
21 80
232 135
181 233
231 330
302 408
242 180
369 117
5 37
263 207
341 382
197 1
395 258
27 72
115 96
40 256
301 335
339 25
213 108
19 34
409 142
265 161
20 156
390 79
300 309
366 440
108 373
394 240
346 322
440 214
254 338
265 258
91 21
425 401
408 259
338 15
244 109
391 79
382 174
408 282
296 317
8 132
416 71
263 54
345 148
290 267
191 371
164 223
316 26
219 410
206 420
9 283
295 299
71 71
124 230
61 168
448 8
184 230
224 167
151 444
118 138
315 11
204 326
41 234
218 29
44 132
331 172
149 279
182 364
401 429
409 80
295 104
353 1
1 66
183 444
119 258
444 23
64 128
407 267
281 33
125 129
447 115
403 426
269 124
316 17
58 423
327 351
306 439
78 116
262 6
248 230
127 349
192 152
146 448
43 294
256 386
312 258
336 27
294 349
328 6
224 440
187 380
410 8
282 283
181 202
448 386
83 312
127 322
187 61
408 273
86 412
39 299
110 291
158 184
408 369
269 367
49 438
373 200
103 172
212 276
206 275
305 230
405 367
69 27
433 385
223 437
148 372
426 318
245 357
398 278
413 30
260 181
189 21
172 317
251 205
226 83
263 349
47 131
127 235
152 81
14 175
118 159
103 266
27 62
213 443
36 157
52 45
186 106
54 327
261 343
340 209
368 160
134 295
13 117
274 278
404 294
190 443
151 382
14 450
214 121
71 238
259 296
294 386
431 311
107 298
308 353
196 77
411 214
329 27
55 237
267 348
197 286
357 439
19 329
274 210
249 203
318 218
203 347
166 448
35 120
126 161
173 313
106 78
166 135
10 399
244 445
48 270
368 132
354 91
315 342
331 8
207 226
390 3
373 186
386 309
188 122
10 91
273 25
425 96
176 402
97 179
11 338
177 294
55 381
69 306
246 353
317 444
60 232
216 126
286 20
69 412
108 203
176 257
149 107
5 388
428 207
401 171
76 132
42 351
243 233
314 447
252 73
376 111
233 359
302 1
365 64
42 127
139 316
319 308
122 88
389 51
339 322
375 135
354 39
283 436
255 3
77 450
155 190
221 133
183 349
174 248
209 60
165 356
166 29
257 223
173 56
335 184
441 378
441 161
132 173
290 56
220 271
396 179
284 14
411 332
235 103
300 447
302 40
257 221
428 342
349 262
273 135
113 192
160 410
386 360
3 221
356 346
393 439
429 328
385 323
331 131
61 91
153 105
22 272
305 36
334 353
243 29
72 177
302 142
16 238
68 104
396 58
87 402
18 247
294 434
439 21
49 175
340 214
102 289
277 78
110 18
438 244
105 218
222 350
370 30
242 275
399 135
17 196
348 446
335 168
49 81
315 237
53 92
189 272
170 214
101 233
365 330
281 363
407 412
128 303
64 321
193 418
391 16
414 316
91 113
179 86
259 307
144 195
331 261
115 44
407 206
253 160
434 195
389 123
205 188
206 338
30 260
133 125
148 92
368 339
286 350
20 43
198 172
77 119
107 296
230 135
278 327
177 66
199 441
25 21
415 311
127 12
61 199
420 390
257 203
233 268
343 128
1 205
122 175
442 117
318 170
212 110
149 400
364 424
230 297
383 9
411 176
387 390
215 349
252 379
438 177
427 346
297 133
187 166
175 328
161 345
418 70
29 158
150 192
450 261
424 414
4 169
408 225
119 217
334 107
23 388
280 382
49 60
398 340
179 419
244 111
33 75
225 228
57 401
100 417
189 111
42 48
301 322
6 149
378 170
0 322
76 262
76 72
295 101
66 387
205 272
50 448
288 212
289 174
261 297
226 12
102 293
246 81
103 53
106 12
190 309
443 188
201 144
255 196
210 205
394 66
125 215
400 298
342 366
396 152
46 448
18 360
132 206
406 114
261 112
283 250
296 446
352 393
362 309
310 248
449 323
337 408
53 417
441 25
166 445
226 88
120 263
129 49
353 313
37 444
362 378
306 292
273 72
81 280
39 356
441 448
170 172
125 44
288 324
143 142
127 39
352 353
413 360
284 261
77 369
190 23
27 58
101 133
68 207
184 401
176 276
439 233
33 243
337 418
302 184
416 273
201 136
38 203
401 134
62 175
42 295
268 301
401 75
226 383
450 65
108 97
336 16
387 355
228 200
347 257
394 134
351 221
337 117
314 19
22 77
94 149
58 444
442 33
367 450
123 60
303 39
72 162
51 357
183 26
347 379
416 57
97 53
330 99
154 196
82 83
224 379
172 175
4 237
226 25
390 346
297 261
19 270
259 24
184 19
316 110
98 118
419 403
295 384
144 280
293 70
290 220
260 326
379 129
33 378
249 411
1 11
263 35
152 183
123 158
9 97
160 269
50 133
29 215
198 224
136 83
287 74
218 105
214 436
40 166
83 362
40 319
112 254
140 412
188 210
447 314
250 126
37 390
62 110
209 1
202 31
280 295
343 242
317 222
87 94
333 114
439 385
27 324
189 156
17 431
346 396
145 52
70 222
178 181
343 239
57 294
128 274
22 84
165 297
77 253
118 353
81 181
184 133
350 102
172 124
116 206
417 189
398 272
425 301
265 149
203 427
211 233
235 213
351 427
135 427
105 447
22 150
95 428
168 362
276 407
364 35
169 56
415 33
295 389
199 318
239 152
345 34
420 192
344 351
101 226
122 130
109 244
228 372
376 249
399 334
419 304
152 101
116 201
319 349
60 4
440 10
422 287
213 62
275 377
285 141
130 161
118 297
327 429
419 340
322 176
21 364
206 63
317 265
350 116
441 214
341 106
291 81
132 187
128 334
404 185
86 51
217 109
369 240
250 212
196 83
301 45
115 339
257 393
270 141
99 224
11 358
144 281
181 409
278 255
265 230
112 138
293 138
219 222
133 102
124 191
212 28
218 14
124 102
198 441
180 1
184 271
195 418
104 30
83 60
130 340
4 198
238 163
333 321
287 370
40 292
35 149
47 100
315 19
139 1
19 337
416 202
439 436
200 94
251 30
27 127
421 426
36 22
100 310
351 347
306 28
263 281
444 109
208 242
185 52
136 424
171 427
294 331
15 352
398 209
350 423
5 84
185 20
440 400
267 189
179 263
295 36
194 91
240 241
238 91
246 140
393 246
296 365
5 121
106 433
258 119
447 10
337 225
165 367
396 245
96 151
306 146
135 16
201 360
144 442
114 130
109 144
357 355
418 107
426 437
89 264
181 201
416 142
62 39
166 139
79 29
231 381
135 42
184 333
157 332
293 185
359 186
357 33
76 329
41 240
400 160
138 91
242 43
178 407
278 447
394 53
388 359
85 358
241 207
421 73
339 57
35 449
187 196
117 421
425 284
261 124
310 97
15 190
210 328
437 143
14 421
100 196
265 391
377 264
430 85
155 431
408 36
332 170
217 207
351 92
246 448
216 431
35 334
104 450
112 336
101 395
418 76
26 275
102 112
184 248
256 333
81 137
390 280
391 332
401 102
224 175
235 12
83 385
126 3
299 364
329 415
348 330
83 410
392 101
49 312
5 111
442 125
317 38
260 35
90 135
33 200
279 33
301 380
436 21
416 208
89 122
293 223
315 360
412 53
170 443
399 292
304 163
81 293
214 42
151 206
4 333
302 186
395 393
148 378
237 203
42 273
90 416
245 105
248 359
316 278
211 121
426 391
282 189
333 341
332 60
384 33
316 204
223 48
403 372
232 48
378 372
104 37
383 442
40 216
95 124
61 346
347 115
315 89
8 304
449 388
185 417
295 413
133 223
398 101
178 325
372 60
103 153
223 21
310 76
433 11
176 317
77 436
14 142
121 427
87 313
324 156
426 131
279 449
123 111
204 29
294 102
122 309
435 285
98 450
190 66
421 48
238 175
428 190
27 231
193 23
385 185
122 6
339 440
276 204
95 72
272 19
170 302
54 268
180 271
138 341
375 2
8 339
27 339
112 447
285 356
76 100
336 112
111 195
199 406
210 183
136 189
386 198
344 417
236 151
398 64
169 61
75 108
164 409
213 354
25 0
449 288
16 39
328 156
37 283
24 319
104 3
3 390
441 0
26 271
37 9
356 157
446 346
114 229
140 31
399 444
264 120
410 75
33 96
341 105
128 74
198 164
172 189
207 57
105 406
371 57
105 54
235 131
330 373
188 224
180 450
142 409
232 397
34 341
312 349
169 444
444 238
140 270
242 77
177 216
190 160
150 162
330 47
240 255
143 24
299 93
146 444
15 71
444 18
270 359
153 48
332 437
2 303
105 136
285 397
404 89
271 272
240 11
113 286
30 99
208 48
321 293
291 60
93 248
52 31
57 135
187 70
77 268
135 23
311 292
282 240
328 382
443 92
21 146
246 45
52 341
404 403
441 173
188 338
154 203
93 361
153 121
338 430
91 174
92 247
306 416
251 107
298 263
392 187
9 300
430 220
342 151
113 195
447 394
370 281
46 332
215 370
303 148
268 12
361 160
189 79
311 372
56 448
395 408
117 198
276 115
36 431
141 137
167 146
83 282
105 67
165 353
359 72
227 159
300 445
403 387
246 272
62 238
423 95
257 249
197 195
177 344
423 173
21 439
99 312
229 143
383 202
435 107
290 137
402 210
377 405
292 15
223 121
412 400
68 413
22 28
95 288
144 404
112 92
235 60
50 185
209 408
83 422
198 287
279 436
26 303
297 5
72 90
186 180
176 78
153 298
241 311
295 157
334 34
382 105
364 244
161 56
84 70
188 435
261 107
233 114
291 55
13 330
127 224
115 149
173 53
102 39
443 98
209 242
146 431
444 126
394 296
145 45
334 331
198 128
294 131
17 60
75 232
436 7
255 19
415 185
330 187
96 350
114 102
339 7
286 227
90 342
22 415
65 450
247 148
413 318
34 325
148 411
441 401
117 266
428 11
34 115
206 440
313 200
366 343
186 300
273 170
60 160
104 152
400 24
323 434
349 94
427 98
301 205
340 158
3 208
401 21
338 204
94 26
101 292
324 102
185 86
344 354
440 449
124 5
352 131
54 365
241 381
409 237
141 160
239 143
186 32
103 334
81 351
121 3
64 285
428 215
384 49
161 136
58 127
337 226
266 369
327 433
37 190
436 393
177 419
324 378
61 267
244 254
244 182
129 223
215 297
276 143
307 43
298 56
268 242
60 177
433 266
256 299
1 44
216 409
365 319
93 344
56 136
220 300
260 89
30 146
106 80
346 423
87 166
258 9
296 83
30 293
86 30
446 21
343 299
429 337
176 395
119 362
437 380
294 207
349 25
156 390
56 10
450 115
263 173
272 426
291 217
50 403
241 436
114 147
282 164
309 144
26 124
224 342
344 71
99 198
38 26
377 238
10 81
262 326
125 197
347 380
157 163
92 14
126 372
449 243
342 185
433 291
56 422
155 369
307 134
135 200
73 147
257 218
290 432
109 107
68 53
150 384
347 124
174 92
256 303
346 154
343 255
121 283
296 29
294 74
373 118
99 430
138 348
275 325
414 411
322 34
336 331
292 24
395 429
142 388
37 78
240 7
264 326
359 364
128 313
322 294
83 292
447 28
37 18
131 45
328 48
5 122
369 326
133 366
258 348
71 88
14 116
211 47
333 151
280 238
196 195
46 425
136 240
60 348
183 437
267 295
274 395
295 92
125 7
442 70
368 409
97 322
206 204
362 203
24 345
240 249
50 313
172 207
158 91
143 59
121 0
332 369
176 405
392 48
147 307
206 411
246 222
118 437
178 27
418 33
263 305
251 66
101 88
178 229
94 390
3 41
66 230
57 5
198 252
441 225
322 327
148 154
56 348
150 67
337 118
107 103
283 293
299 352
369 207
224 308
271 28
440 111
199 288
380 53
434 252
440 250
205 351
195 319
127 28
296 285
377 428
288 369
331 174
367 289
128 169
364 442
296 197
256 254
199 340
375 181
289 382
4 357
51 270
395 171
22 239
355 187
177 267
378 252
361 61
431 410
450 174
309 400
95 436
436 324
10 185
331 147
245 59
228 67
208 390
171 2
179 368
267 204
450 318
249 288
279 63
51 420
252 70
108 1
439 399
289 78
158 303
423 181
415 297
60 21
14 101
326 75
302 362
390 328
400 412
301 196
149 164
407 11
61 85
269 308
72 116
130 394
265 243
30 383
295 443
395 200
150 306
179 417
165 27
373 349
312 287
373 340
123 19
348 74
244 159
158 289
149 86
290 15
158 259
7 284
45 373
61 112
391 152
27 159
10 222
358 178
7 81
387 61
131 361
90 189
346 168
259 263
116 406
147 124
116 140
351 272
159 275
226 428
88 17
82 223
214 311
419 149
150 215
344 429
198 246
410 200
278 417
34 441
404 414
308 7
388 361
355 198
430 97
286 443
58 422
408 276
102 61
329 381
450 351
280 314
117 42
136 144
8 281
230 229
80 413
210 327
296 398
153 1
254 41
191 349
267 64
387 203
365 381
387 418
27 37
432 194
42 382
119 159
398 241
48 176
397 82
390 48
220 153
162 376
2 153
173 354
206 172
285 68
375 185
262 375
156 266
57 155
87 355
320 286
426 5
304 24
284 11
159 411
91 297
391 59
136 392
22 191
405 5
95 45
366 43
359 269
221 137
224 232
224 282
365 253
344 313
64 228
394 349
219 167
3 131
252 132
188 247
141 122
98 91
304 1
248 245
210 357
42 359
91 227
439 203
377 417
420 271
10 366
234 198
173 136
395 425
207 239
234 56
425 61
2 48
305 386
145 402
403 218
397 244
377 373
279 180
39 207
273 267
324 72
373 441
2 141
64 259
168 414
71 389
432 188
21 17
234 448
148 145
397 381
196 141
32 261
169 275
357 120
447 303
187 199
285 320
271 343
206 258
249 346
215 261
6 108
91 51
134 176
50 358
255 41
277 427
248 15
184 432
438 181
91 13
6 383
404 285
23 30
314 258
19 363
355 290
324 296
290 268
246 337
286 310
172 236
391 339
61 200
287 27
121 347
15 186
311 418
192 120
174 161
357 436
106 199
79 326
69 190
279 260
231 384
112 302
256 218
378 445
246 327
56 291
422 114
446 416
402 397
205 85
37 38
416 188
254 443
202 215
132 130
246 216
276 112
383 148
354 40
407 176
387 75
142 233
322 412
249 101
132 212
151 370
134 207
291 319
309 196
148 384
88 14
167 215
394 268
107 81
379 201
323 25
182 96
87 378
67 275
188 61
371 222
303 255
113 57
219 36
386 202
308 395
150 300
402 204
440 296
141 260
24 76
294 0
170 39
370 11
288 245
127 177
258 0
285 321
151 409
384 8
15 86
150 271
48 402
247 152
25 238
340 151
41 364
375 303
242 409
166 120
367 342
69 402
400 402
200 257
70 301
139 299
123 82
261 82
402 104
345 213
315 182
354 149
28 422
259 344
64 48
126 256
353 298
334 384
401 30
413 281
38 325
221 111
8 430
221 189
425 167
27 449
125 316
244 165
291 157
400 432
281 130
223 175
365 31
56 295
22 171
95 321
6 346
119 376
10 215
312 106
286 59
413 248
122 311
270 183
229 104
53 418
201 83
353 357
165 351
362 55
65 441
137 143
89 36
127 445
38 450
90 38
230 323
350 347
178 381
305 422
116 172
275 83
169 425
26 20
225 74
243 171
356 188
153 249
203 340
148 426
49 334
235 37
337 313
102 65
142 145
405 260
219 393
52 249
353 0
312 207
309 91
69 351
34 404
77 239
276 404
212 398
132 80
385 401
7 71
0 439
156 398
167 79
274 206
360 157
14 87
110 139
131 122
205 446
148 286
269 11
160 1
136 138
125 92
249 295
340 63
331 241
38 122
363 122
275 44
344 202
320 348
313 2
270 62
284 259
204 249
149 135
105 75
194 326
348 304
137 125
251 182
402 57
286 239
100 146
188 208
450 135
61 248
196 332
390 310
381 440
428 288
356 69
128 27
33 163
224 120
350 130
163 5
12 342
5 206
238 232
302 398
247 141
123 67
6 364
409 99
19 167
198 295
186 23
116 64
432 437
10 438
159 64
50 280
82 429
125 105
241 151
288 40
371 54
138 125
200 240
358 122
62 225
123 228
294 135
78 195
325 354
8 189
259 377
430 36
53 1
385 169
326 402
423 268
88 218
144 264
189 42
243 185
367 159
378 294
157 83
133 174
288 374
363 147
435 245
197 187
282 417
396 144
51 394
84 399
242 149
371 27
338 316
388 288
214 432
339 37
181 195
298 286
104 272
242 204
446 95
8 356
189 352
21 342
373 374
308 265
97 23
396 388
169 369
255 368
86 441
29 72
42 354
397 386
285 124
426 74
72 264
37 45
380 174
371 432
418 100
194 319
366 117
122 262
25 113
262 353
411 264
413 171
26 127
239 394
239 124
24 296
407 137
242 308
197 375
433 321
385 235
138 243
233 178
21 226
314 58
124 431
342 77
70 205
14 214
327 66
3 286
2 377
282 411
269 317
215 429
145 151
446 304
158 442
30 410
64 374
78 339
217 355
212 381
268 83
312 388
281 133
385 138
340 240
397 137
12 385
131 140
124 166
448 36
80 80
242 26
173 355
349 297
41 254
340 446
439 439
119 244
40 374
166 342
335 360
224 221
44 110
261 205
125 30
167 216
421 307
79 371
14 247
266 121
274 91
201 424
40 322
169 450
119 448
157 439
44 323
450 162
320 305
339 81
280 289
397 31
13 273
331 137
165 350
167 306
274 450
73 32
313 360
325 220
172 73
74 419
374 373
382 63
366 411
444 108
340 141
259 131
211 97
270 236
354 119
428 83
136 82
343 399
66 223
315 204
322 356
41 450
248 371
263 280
137 23
196 438
389 8
373 55
237 195
253 191
360 305
320 14
229 369
96 8
367 279
414 416
50 435
62 403
156 309
277 287
57 431
11 33
374 123
54 378
223 8
277 34
90 95
425 57
2 297
293 406
241 395
351 42
19 323
430 136
122 146
51 377
44 232
111 438
178 174
264 212
413 223
274 150
428 316
246 305
95 117
54 301
193 241
280 383
141 93
191 233
78 131
197 79
434 112
105 235
374 358
199 282
331 107
441 242
385 39
140 32
393 249
413 90
132 320
127 399
358 22
415 35
447 386
390 169
150 334
19 277
32 56
27 22
94 447
287 410
116 191
434 408
327 202
357 344
102 356
174 89
142 246
400 296
121 389
94 283
90 70
141 51
258 279
156 342
389 312
365 162
446 73
80 450
264 160
25 58
76 446
361 231
176 120
397 423
337 30
208 291
19 92
30 247
227 283
76 95
337 23
19 226
306 129
301 254
255 214
301 435
149 66
450 159
31 203
367 366
388 101
43 206
76 15
310 424
202 6
449 245
77 226
153 108
367 124
236 357
401 35
187 396
233 45
158 58
365 93
238 271
55 362
212 156
199 55
438 373
322 263
446 265
441 356
285 280
143 231
188 2
203 351
404 243
118 241
66 121
5 250
383 129
205 371
145 265
200 275
274 118
52 310
239 168
156 202
291 59
170 54
447 305
218 287
41 385
350 227
205 208
151 380
312 268
422 296
227 439
143 302
51 28
220 27
162 19
74 445
253 272
142 18
12 322
375 202
124 244
273 247
286 79
338 112
70 436
120 413
87 412
188 395
207 267
416 34
450 188
229 251
194 200
135 210
87 180
188 93
375 54
68 344
146 292
132 257
298 85
442 144
353 166
5 105
401 242
199 3
397 351
109 379
61 169
74 449
199 410
438 268
421 247
283 125
287 75
231 26
442 373
95 241
28 372
118 177
336 23
214 363
442 184
421 185
422 449
261 265
92 346
210 53
225 380
369 199
377 297
192 268
119 165
406 443
184 306
305 189
423 178
190 57
351 125
127 304
312 79
431 114
124 382
81 385
318 361
35 402
395 116
167 61
258 275
91 142
370 402
244 46
423 35
256 336
231 420
177 64
245 128
244 176
110 438
78 411
113 99
356 438
164 441
181 230
144 187
335 136
10 424
375 63
97 191
122 143
448 17
189 429
201 251
134 440
82 439
220 96
4 281
183 432
279 223
109 149
140 80
205 175
155 258
245 115
285 293
22 387
401 127
256 64
270 319
324 120
386 183
309 187
318 235
36 137
280 180
191 105
121 55
371 20
437 317
426 64
341 262
31 11
315 107
223 104
128 143
426 421
61 146
235 417
49 392
51 79
22 5
222 439
254 371
220 370
2 25
8 57
177 415
240 175
247 283
251 145
154 325
403 361
404 82
156 192
1 316
41 220
105 418
376 325
59 330
98 76
310 387
418 294
58 7
313 339
138 162
376 116
426 243
56 31
134 202
344 314
278 395
47 175
280 286
240 321
406 316
301 109
167 238
168 255
280 19
199 22
34 110
377 56
114 3
76 38
143 94
333 349
168 223
392 359
157 160
378 424
298 22
211 450
210 202
399 169
268 157
125 328
6 111
93 340
23 114
271 347
250 275
121 372
334 9
241 333
199 18
329 187
65 300
16 151
425 77
149 174
439 232
245 350
25 106
413 320
190 197
203 166
79 158
67 102
152 2
283 29
294 75
15 358
167 182
407 244
311 246
112 28
99 98
227 348
11 39
123 133
315 8
58 191
211 125
23 121
191 171
240 236
27 50
131 358
410 369
446 225
284 104
76 224
243 313
347 141
101 242
100 290
109 224
316 233
284 303
294 112
319 143
84 3
416 7
233 395
182 446
386 410
37 317
420 209
411 350
66 299
195 123
223 176
68 402
420 150
294 2
289 251
190 137
103 247
237 393
278 401
371 388
344 27
104 182
44 200
106 191
274 306
345 150
226 354
416 100
198 34
133 93
142 12
35 393
84 153
31 145
255 32
77 171
164 16
446 370
41 97
283 407
301 392
166 76
349 320
257 19
237 377
8 219
200 153
187 381
406 17
229 442
296 348
59 221
45 239
290 62
305 328
138 350
327 116
414 376
372 35
386 30
271 336
20 432
359 285
159 122
30 388
75 263
168 210
225 346
128 438
46 59
186 329
393 222
103 398
38 239
296 109
433 214
6 379
108 133
124 196
137 361
72 246
434 423
370 190
347 327
189 210
22 384
101 146
355 373
296 51
89 195
59 29
44 141
292 52
146 313
263 50
162 316
337 448
404 301
24 27
231 11
141 186
193 124
306 56
90 345
227 382
195 280
52 190
124 322
24 259
31 115
11 423
260 340
420 55
25 49
71 251
195 153
448 214
386 240
422 28
164 338
321 103
450 247
294 116
220 83
273 416
342 114
420 298
31 415
376 329
346 223
219 251
357 103
434 40
405 139
41 402
345 436
28 26
388 406
367 280
195 238
448 58
231 300
354 85
224 294
59 410
1 380
162 81
148 151
352 31
198 238
378 309
294 10
208 157
415 395
337 147
6 208
124 411
351 348
186 338
75 272
255 223
137 68
326 114
440 2
226 283
280 70
290 255
287 111
278 362
91 299
240 265
346 448
390 387
131 72
265 287
186 60
108 348
109 173
383 306
297 53
120 293
365 204
79 242
446 44
109 345
321 111
57 449
334 160
418 368
248 130
187 145
277 7
390 114
439 175
417 251
364 253
336 18
106 169
134 441
366 450
169 166
80 85
285 64
136 224
432 362
314 150
212 288
360 20
144 54
380 44
353 292
123 145
96 147
110 381
315 408
72 182
426 410
149 191
360 420
142 358
417 199
401 378
107 364
293 362
2 161
79 173
305 231
262 37
266 353
9 404
282 416
344 423
280 283
135 235
290 287
404 379
437 354
82 448
338 353
104 173
246 356
157 306
383 144
113 433
69 34
378 14
95 151
446 387
436 265
86 150
62 424
252 204
135 59
310 106
262 184
406 23
301 68
273 63
80 58
200 263
2 364
45 128
224 127
91 168
340 130
318 395
152 116
39 70
20 45
3 336
69 336
192 82
22 99
177 214
405 370
247 186
84 443
142 276
107 6
108 15
287 194
285 103
396 315
309 69
313 420
315 356
303 375
407 240
130 96
36 8
329 236
148 266
157 365
251 357
158 337
128 134
65 94
128 328
62 178
92 305
330 117
264 80
384 61
371 262
362 169
382 83
113 259
142 389
389 119
11 244
74 177
221 272
141 366
232 72
10 134
193 228
127 286
123 138
60 34
297 395
78 267
229 56
262 190
355 107
342 46
207 155
299 241
299 442
401 218
426 199
127 230
19 229
45 203
102 427
81 320
379 114
163 6
278 388
402 118
334 136
78 25
53 99
407 438
354 213
140 26
30 268
394 115
199 386
310 145
274 167
105 146
0 294
304 390
416 343
110 14
173 145
170 47
43 37
188 139
261 230
122 291
403 190
11 341
408 342
14 293
344 92
333 290
412 354
102 43
235 397
11 16
166 198
78 342
434 162
63 301
48 227
324 259
180 49
32 225
343 388
42 90
216 174
325 343
67 382
329 295
27 175
301 142
97 327
273 343
404 442
128 168
310 128
110 34
144 48
397 195
383 171
409 116
153 170
87 369
106 243
264 367
396 90
33 16
215 400
59 49
367 379
212 178
20 119
6 28
220 220
344 6
58 386
158 346
9 271
187 226
29 205
374 320
222 217
279 381
289 158
142 404
167 439
119 358
380 55
103 366
50 174
315 441
94 28
288 220
68 218
48 343
58 205
74 433
380 90
78 413
439 219
171 359
265 82
115 83
127 450
153 134
38 197
206 267
194 185
248 23
13 290
209 131
61 144
86 429
93 13
327 313
355 403
15 148
142 171
127 198
417 5
292 329
146 153
361 393
67 180
272 188
335 191
132 73
183 449
424 299
250 370
137 5
151 233
225 266
223 24
396 360
319 246
54 23
190 81
298 30
417 182
347 398
382 346
214 143
166 334
327 234
370 148
28 258
379 252
265 139
409 45
242 274
316 90
376 321
7 253
187 373
111 380
263 317
401 320
136 115
311 170
191 3
94 325
18 126
311 354
291 357
177 56
254 351
193 426
250 377
263 158
30 65
319 169
35 408
388 402
81 449
130 157
227 386
228 82
16 346
69 357
191 28
337 123
185 4
400 351
419 0
16 161
197 181
420 303
436 379
313 87
152 204
108 191
11 388
20 189
286 187
333 197
104 184
256 106
272 365
95 100
244 135
114 195
260 126
107 84
259 34
406 432
215 354
44 442
209 240
26 197
272 172
336 63
96 214
399 310
46 133
120 146
375 238
348 89
442 109
172 62
88 82
118 97
87 3
180 101
295 117
193 217
93 26
246 377
196 45
375 96
450 285
306 132
33 320
318 69
82 130
263 443
255 113
32 181
293 34
129 331
118 238
230 360
126 321
217 148
341 325
219 343
426 326
69 300
275 447
429 420
240 250
124 334
432 199
194 72
88 131
158 158
312 429
160 391
380 247
322 347
12 212
123 436
146 171
105 217
381 74
238 41
339 203
164 18
236 447
158 2
245 334
421 182
105 302
314 174
412 101
101 109
271 340
286 418
138 361
329 444
245 387
269 329
286 316
235 448
116 231
15 100
366 183
219 24
106 400
5 48
294 130
382 335
271 388
176 107
294 336
229 425
66 377
134 136
96 386
301 245
304 174
412 352
252 253
89 284
161 161
393 160
441 106
147 122
381 106
375 343
69 253
334 303
261 317
144 36
245 217
390 409
156 399
266 407
54 345
237 138
107 218
394 146
370 244
411 103
22 217
73 304
437 189
339 185
428 195
178 299
137 288
103 348
168 37
221 238
441 415
355 109
33 88
405 246
369 169
385 102
39 113
277 60
182 173
241 252
252 318
418 192
124 171
412 442
269 162
73 182
407 234
205 372
292 43
288 63
288 233
51 158
379 337
269 159
278 171
75 433
425 75
68 151
194 429
232 365
319 61
279 108
244 18
212 305
115 68
435 303
210 411
363 398
153 173
126 391
215 198
65 308
169 345
379 168
37 377
253 122
281 350
400 344
98 282
428 71
372 369
312 163
346 357
266 295
282 431
43 175
392 140
289 250
314 422
128 69
296 168
390 195
144 16
143 333
85 260
62 10
284 163
443 56
388 56
361 305
295 346
188 194
58 309
33 164
63 329
382 341
10 197
171 314
102 279
419 378
282 128
98 414
178 240
352 163
337 10
168 290
106 294
357 85
21 30
155 356
361 126
255 171
211 414
276 441
191 67
213 170
201 148
16 429
199 77
196 169
385 139
194 181
295 200
197 11
35 450
21 231
216 19
92 412
173 237
313 322
365 246
62 408
220 75
97 320
17 319
290 322
319 210
142 150
349 303
79 432
219 76
43 204
435 241
97 377
142 92
233 140
446 234
174 198
371 81
338 183
94 304
322 177
232 166
256 404
50 378
410 136
193 398
320 213
267 128
361 420
372 417
49 409
66 365
364 415
239 227
79 227
288 390
354 299
441 145
348 54
25 234
38 134
399 368
240 223
372 412
444 130
425 72
100 267
423 177
388 420
114 175
428 258
68 35
291 396
23 196
265 367
61 205
252 206
225 61
161 388
398 46
301 1
27 336
67 0
446 7
419 268
45 150
362 431
77 160
283 173
178 355
325 359
131 85
85 72
406 33
140 240
140 208
395 268
92 25
365 82
53 274
394 160
40 155
230 254
270 365
235 74
40 37
391 449
191 294
41 421
83 137
312 151
418 415
339 278
202 75
30 144
403 151
128 387
55 168
277 350
221 342
361 238
412 335
343 102
93 221
402 52
170 306
381 127
331 127
268 267
67 105
75 87
422 247
306 308
47 134
348 217
354 109
263 67
144 343
275 210
392 272
79 319
357 121
36 269
433 228
122 385
378 364
150 169
422 9
109 374
34 19
350 77
284 316
19 103
277 183
316 2
233 342
120 0
235 398
10 430
39 318
185 399
269 416
102 115
12 408
353 193
44 268
187 376
187 36
47 392
170 273
386 291
392 336
239 275
446 108
83 38
382 280
360 34
226 265
79 241
422 97
37 404
217 147
28 328
283 8
135 179
11 215
188 427
155 314
157 15
127 338
292 26
336 449
356 278
189 182
297 14
139 264
20 253
192 239
449 218
363 311
379 83
69 94
35 198
301 283
126 86
46 44
82 411
392 153
328 78
194 440
101 204
45 34
365 187
172 150
155 239
266 260
16 19
28 150
331 279
175 281
439 127
199 28
154 187
262 32
366 335
76 103
48 167
62 241
292 195
175 74
437 275
117 423
304 293
189 57
56 146
96 199
57 270
308 450
112 63
192 117
318 447
55 84
395 399
289 215
426 146
16 194
218 93
234 393
63 338
282 316
158 380
112 250
402 129
60 19
327 309
444 87
195 88
43 289
291 338
361 8
286 397
130 283
314 355
122 298
233 160
86 360
139 23
10 308
152 266
258 163
204 85
140 276
304 288
134 196
19 81
106 61
368 256
285 50
129 399
216 271
148 80
31 14
417 420
420 63
64 28
218 60
320 34
281 328
320 179
106 236
278 332
43 242
352 300
128 262
273 439
59 316
155 81
326 42
207 303
49 350
62 66
232 90
186 25
192 350
143 449
38 44
172 87
50 310
432 266
383 271
299 319
55 235
337 413
288 395
436 122
82 73
10 118
107 227
49 151
174 212
82 288
196 172
436 202
156 38
2 214
288 215
393 412
164 374
248 191
235 190
340 44
386 247
379 36
219 368
64 407
416 413
211 399
272 67
180 188
137 140
116 142
57 118
294 175
11 186
326 427
260 422
29 243
159 414
374 432
435 367
212 115
242 396
415 101
4 174
56 303
99 185
437 101
214 291
113 66
106 234
286 374
178 110
219 37
170 315
347 120
98 434
395 30
213 210
239 63
247 340
92 370
217 310
48 376
34 64
119 171
179 196
325 53
411 378
282 10
73 121
295 85
198 81
420 133
251 128
66 342
156 166
249 54
58 147
15 16
246 86
383 419
230 73
330 356
308 238
222 357
373 244
345 89
191 48
44 253
304 393
238 36
284 241
91 161
311 367
156 156
380 81
128 52
357 12
185 48
219 204
41 306
354 249
202 94
212 431
304 139
88 86
70 319
314 60
214 400
138 87
246 293
351 363
141 387
218 66
342 362
375 66
31 33
60 196
15 193
8 119
385 408
304 10
261 269
25 107
435 48
74 121
100 253
402 205
429 211
169 447
426 296
116 259
289 194
95 138
263 372
128 34
103 85
25 140
187 257
211 162
395 74
79 277
254 358
214 85
66 194
312 148
171 35
157 95
233 392
398 282
303 360
238 310
382 259
142 243
293 415
301 337
217 286
27 207
446 142
74 437
173 373
91 321
148 423
332 8
414 81
178 14
54 328
148 131
262 219
333 434
362 426
17 107
386 254
122 347
196 225
166 273
91 424
60 164
250 413
352 209
362 282
94 95
401 124
3 255
234 111
321 291
296 7
335 208
363 207
325 244
137 120
393 6
17 88
344 447
108 128
238 32
339 372
201 359
67 323
262 328
336 203
99 286
153 427
161 418
181 23
89 158
168 449
351 229
440 6
296 106
389 440
429 72
369 339
69 15
310 63
403 116
100 242
73 165
311 73
303 135
291 97
425 135
221 91
449 274
337 400
260 40
373 272
29 373
435 74
368 251
82 120
357 288
48 22
93 241
324 299
55 340
239 116
270 306
49 243
408 6
345 169
359 322
387 6
138 221
415 449
34 280
86 47
56 219
302 227
105 448
126 89
117 52
35 163
237 97
427 50
439 245
133 201
0 62
16 206
22 147
6 427
26 425
324 49
444 132
444 333
123 90
72 379
343 371
353 223
276 176
364 412
430 400
395 110
403 102
7 346
52 207
372 41
86 109
5 431
19 340
429 205
137 283
429 294
282 2
325 372
247 322
427 243
391 412
383 447
235 263
304 12
72 390
39 301
438 206
104 169
128 206
101 405
219 120
86 151
347 83
96 365
60 277
165 192
105 80
128 83
149 304
318 241
66 21
97 173
110 231
424 32
330 7
370 253
120 48
184 76
232 36
449 11
383 446
297 441
259 145
364 274
269 14
61 140
445 321
248 372
190 337
66 24
261 284
311 360
105 49
244 352
423 155
339 125
172 58
270 74
234 241
336 289
8 103
18 288
71 248
37 282
257 346
117 180
268 389
93 448
247 67
73 90
247 235
339 74
319 257
423 6
378 369
352 313
146 193
167 440
168 118
39 399
6 348
281 92
123 195
60 351
399 129
99 336
177 44
202 340
364 396
283 328
42 98
168 342
69 132
22 441
168 278
14 106
314 67
73 54
440 444
408 18
417 438
220 366
339 1
174 232
338 55
325 296
410 197
156 327
136 449
93 357
357 276
364 31
204 146
323 438
148 373
348 164
50 78
23 117
323 38
155 364
178 327
442 104
434 150
78 447
117 253
132 193
406 122
329 266
199 8
156 74
326 129
187 308
281 160
241 140
397 290
238 386
436 419
396 272
131 405
25 24
384 128
304 203
320 85
364 68
287 399
420 442
142 228
174 72
398 92
248 253
71 72
371 26
14 370
292 119
324 446
261 141
39 359
312 261
116 352
282 301
324 433
261 413
209 68
250 353
320 196
45 283
232 76
215 35
391 285
393 113
50 353
428 214
3 103
343 266
165 354
240 356
363 112
90 165
63 60
354 314
149 150
324 292
51 57
140 289
302 143
379 196
349 8
175 79
228 177
140 391
354 320
367 449
311 402
91 368
50 12
184 434
69 201
268 246
307 161
80 265
217 50
442 435
181 46
74 230
430 177
155 96
17 337
396 309
57 175
217 270
164 394
287 372
37 116
227 111
441 98
55 384
450 148
152 375
50 137
40 119
348 182
435 330
325 79
284 174
128 425
256 405
80 169
43 86
415 164
289 191
142 38
433 305
123 101
57 312
351 93
66 393
182 421
392 367
439 92
369 81
378 213
148 43
371 172
125 144
70 32
248 188
445 298
382 37
436 184
101 382
149 219
253 423
184 267
421 161
360 409
291 19
273 140
439 205
357 304
100 220
427 359
26 107
10 317
137 62
261 228
215 109
133 447
10 174
245 49
327 286
385 403
359 135
123 434
250 293
178 59
305 266
228 385
149 14
359 350
361 339
403 118
196 209
393 40
266 195
233 44
209 20
52 178
432 380
341 61
263 340
440 127
192 413
192 128
102 235
53 263
408 211
231 449
166 318
147 147
210 83
315 154
230 348
118 207
325 273
263 80
358 383
289 236
139 151
149 265
138 311
220 134
6 166
32 133
240 426
99 116
345 33
95 269
79 84
252 354
209 343
4 113
281 152
175 1
176 56
180 294
221 281
37 123
282 402
285 300
397 252
220 185
7 324
348 372
32 284
450 142
53 117
219 297
281 75
264 139
126 334
223 259
396 264
68 396
277 48
51 165
275 207
85 172
435 154
89 95
290 339
394 162
181 83
154 30
233 180
82 209
267 105
398 98
141 229
123 198
118 32
223 231
102 99
432 449
37 326
346 209
184 439
24 145
367 36
222 413
327 259
271 264
108 165
120 70
18 238
341 162
227 28
59 381
75 205
449 91
260 441
120 170
246 212
15 382
145 147
92 19
308 166
439 192
79 364
284 38
331 240
305 339
51 423
235 292
415 374
77 20
333 128
416 440
271 220
19 424
229 415
130 359
8 169
190 78
365 424
337 138
19 0
311 285
298 257
167 307
68 258
217 58
321 49
128 323
191 338
261 400
414 53
172 418
397 267
308 305
220 17
314 307
7 294
198 212
239 263
201 306
13 189
396 6
238 444
361 140
118 151
434 99
190 19
395 191
87 41
362 312
129 339
294 329
91 58
442 301
76 319
194 33
381 161
253 275
249 277
349 80
270 266
103 195
189 183
29 244
310 269
207 327
11 61
128 141
32 65
307 408
90 148
404 376
33 409
388 280
22 341
320 273
119 74
312 270
435 54
235 390
177 77
167 147
149 312
243 274
76 247
197 246
57 20
268 191
260 410
73 250
50 136
201 215
264 268
349 68
107 206
155 276
371 447
113 296
174 302
58 85
221 122
293 355
433 65
400 148
276 383
263 440
375 247
82 281
111 27
426 344
80 144
29 226
75 55
431 96
170 160
68 171
409 352
293 426
135 145
272 273
334 12
174 400
354 224
309 225
440 79
161 283
383 332
135 366
318 348
449 278
86 233
232 386
207 308
316 384
403 284
284 367
165 212
127 98
82 69
435 114
315 75
405 106
349 425
364 444
133 331
421 104
268 33
200 37
307 177
64 22
426 202
426 267
287 417
406 15
403 249
246 118
272 117
426 76
426 281
283 316
96 188
122 432
264 444
432 415
263 146
243 391
374 139
342 71
445 334
209 358
51 346
316 147
107 230
274 446
249 235
240 309
196 201
21 250
236 294
407 57
108 268
444 24
310 262
208 21
221 138
44 272
274 234
261 295
8 334
360 6
137 323
380 45
244 48
340 296
52 414
49 132
261 87
381 363
366 230
426 130
149 367
202 9
314 340
25 261
82 276
348 255
250 303
288 234
77 167
307 93
411 280
217 445
21 319
76 306
287 157
163 56
301 261
46 334
157 43
246 217
298 418
37 357
450 426
338 365
271 107
429 105
416 1
57 425
243 245
272 92
81 231
385 382
416 379
204 300
358 90
446 59
349 173
163 30
399 51
277 300
414 67
11 346
411 218
290 444
95 7
61 312
340 12
265 260
416 166
195 201
194 6
269 18
136 202
0 80
21 332
268 391
416 407
53 172
403 222
141 115
130 406
332 138
193 222
399 383
398 70
207 143
91 158
415 160
1 370
330 135
211 379
393 288
182 151
301 77
390 125
216 329
75 260
427 203
440 354
20 173
247 217
142 307
16 139
352 267
446 110
315 150
371 201
4 369
384 168
246 302
39 378
274 340
156 57
102 299
87 267
127 420
288 151
213 256
100 88
78 370
208 100
171 32
106 229
231 395
58 103
100 204
49 275
434 124
282 173
379 75
161 268
328 334
50 225
226 194
173 184
145 102
298 351
40 393
315 444
428 308
299 446
165 68
169 4
193 340
450 229
428 192
216 137
429 146
369 198
236 108
295 211
341 436
411 262
171 127
14 406
162 325
361 363
67 29
245 238
411 129
449 87
208 3
18 237
376 155
412 227
275 192
303 401
162 62
354 360
298 164
8 187
279 80
248 113
130 108
398 251
377 248
139 236
370 415
443 106
216 441
101 376
314 213
49 149
366 274
392 67
232 296
253 389
372 318
368 94
228 14
419 76
93 330
0 285
120 136
416 384
243 278
0 166
105 283
134 83
400 118
365 357
14 349
133 115
404 330
416 147
43 258
318 107
374 376
340 61
430 183
21 338
415 127
50 258
61 152
194 4
124 187
59 178
179 152
358 83
281 288
403 261
318 191
339 196
384 95
88 266
259 154
124 251
258 41
188 363
84 319
247 193
247 437
380 165
186 204
288 361
155 66
275 195
331 398
371 155
241 93
144 161
101 230
266 252
111 424
216 22
150 183
263 371
42 87
286 434
117 116
234 304
124 1
431 282
169 449
45 191
221 110
447 320
53 292
430 245
159 146
156 328
343 26
237 222
287 335
400 449
393 262
171 135
368 241
170 334
355 360
342 364
44 145
445 20
250 88
423 269
121 374
14 201
370 104
188 330
376 250
437 131
249 213
315 30
273 211
415 46
256 278
123 316
3 40
188 146
392 363
193 172
402 79
436 234
25 363
388 77
267 433
305 58
282 360
99 375
416 93
306 215
122 159
437 323
337 79
235 96
389 21
342 121
407 386
42 432
289 335
240 210
293 241
32 353
382 176
147 19
419 301
419 78
441 64
194 45
17 222
358 7
158 299
351 375
85 228
370 327
4 347
214 162
239 257
79 39
400 330
288 169
204 262
269 215
350 146
392 35
204 138
22 206
227 243
83 232
242 87
245 269
1 48
350 200
114 296
314 27
276 335
338 424
351 33
358 181
290 102
115 411
117 263
267 437
30 76
154 261
193 74
195 261
94 423
435 311
232 222
90 215
292 31
284 85
103 384
130 91
356 82
32 83
168 206
222 29
271 237
234 105
37 287
68 353
111 278
71 276
16 431
267 69
97 367
432 183
303 275
82 67
414 325
19 420
20 314
183 256
242 387
173 385
324 165
260 257
195 111
234 145
207 326
423 31
122 162
384 23
301 278
387 289
20 302
240 369
8 333
278 378
449 195
328 340
332 325
117 398
362 30
47 432
417 139
264 446
105 18
65 396
211 433
249 37
411 166
378 130
196 380
438 157
9 415
292 230
342 372
268 437
22 446
1 73
366 326
384 287
113 180
114 219
298 81
339 439
179 85
77 320
400 11
318 99
29 311
139 56
108 419
194 203
148 245
68 37
46 353
219 386
384 301
223 344
287 187
253 36
273 325
307 55
228 100
361 306
290 301
159 149
300 419
340 228
287 411
177 252
162 154
231 155
104 123
257 202
383 299
332 268
29 89
389 174
211 361
331 110
95 93
428 244
386 339
78 244
93 170
77 78
123 58
163 405
424 120
312 245
194 450
166 427
256 310
153 30
15 424
324 80
404 14
310 131
145 3
30 80
246 406
204 366
252 60
342 90
295 90
413 52
181 26
344 75
210 377
213 308
447 444
27 450
411 402
415 390
322 32
361 17
216 102
136 354
171 80
397 158
190 157
167 214
205 305
256 314
16 447
138 139
91 207
166 35
236 384
409 147
359 429
445 131
201 301
160 132
241 55
12 188
197 196
58 221
132 203
264 393
229 2
177 174
300 306
314 304
187 249
71 92
222 86
136 15
107 137
167 289
256 285
23 53
209 181
222 67
366 311
427 140
46 135
270 179
67 327
351 1
338 60
41 365
192 264
126 54
439 238
133 76
234 418
366 210
365 324
323 125
63 154
417 291
257 335
192 201
411 233
364 315
154 334
28 281
61 149
229 26
171 84
127 353
370 125
243 419
269 156
313 112
294 339
285 333
162 380
299 157
266 74
387 387
147 6
201 273
271 379
52 168
66 157
166 282
437 207
230 327
360 222
175 400
18 410
357 375
219 182
410 283
112 377
40 271
148 385
143 154
66 300
410 31
191 37
50 81
258 10
309 372
333 291
134 37
401 98
431 186
320 185
317 39
303 271
268 336
167 71
114 182
290 386
246 427
61 356
152 247
260 256
419 287
378 179
262 199
130 89
187 60
166 328
430 12
238 438
311 437
86 193
308 81
383 333
304 278
12 151
239 72
386 156
435 179
285 330
266 64
135 389
221 253
208 152
137 290
203 174
304 295
420 387
372 14
374 214
64 221
91 390
185 256
343 439
87 163
323 303
122 138
79 155
337 6
408 215
58 407
434 66
107 101
152 95
353 198
135 109
183 418
176 137
279 27
232 145
80 28
84 59
222 256
156 389
149 360
279 189
166 90
192 44
377 413
73 361
149 408
159 179
234 222
126 106
404 260
186 311
182 123
5 30
23 213
141 367
13 404
64 304
126 208
55 61
350 210
250 270
20 169
178 114
26 83
35 164
129 419
265 387
65 64
447 3
325 228
305 207
398 434
308 122
80 20
268 61
224 325
55 171
202 201
198 391
219 148
93 296
50 437
57 330
211 401
85 261
81 428
373 449
169 163
302 212
344 114
171 125
31 111
110 400
61 60
113 217
284 431
184 23
95 17
129 218
300 431
337 101
66 118
329 428
370 207
350 325
53 136
349 261
42 260
316 420
288 336
2 403
374 143
50 40
72 326
2 59
237 429
448 105
280 111
182 31
210 373
183 184
23 248
437 268
297 413
112 427
155 150
120 243
161 177
444 186
45 389
146 275
64 79
127 313
347 299
245 443
48 251
87 345
396 285
405 249
297 193
96 19
244 88
232 256
293 48
311 172
389 399
168 60
312 290
98 247
276 177
332 151
146 319
199 60
253 197
116 307
84 211
214 348
448 291
309 317
227 183
14 122
280 150
205 431
1 419
45 124
75 67
404 209
28 138
405 433
106 307
389 214
427 185
280 443
65 67
146 125
409 271
233 292
190 183
182 435
256 107
359 156
9 389
415 118
16 298
245 117
261 372
368 329
18 304
78 435
423 152
300 212
154 198
119 409
416 98
200 260
218 397
46 252
419 448
346 191
352 342
0 47
30 110
176 197
165 93
122 414
15 339
14 379
120 256
344 272
168 324
266 238
145 96
239 105
407 133
283 246
327 211
167 35
39 121
24 85
182 358
54 25
161 344
329 24
21 117
112 147
417 450
416 353
89 134
427 288
74 310
150 348
222 435
173 297
355 428
402 395
309 156
186 127
189 208
225 213
13 366
342 235
270 174
300 335
403 341
327 319
13 413
165 344
122 287
372 56
16 444
3 10
194 138
53 182
97 24
332 29
260 117
349 273
173 11
24 356
53 103
204 426
95 243
291 347
113 245
138 322
415 444
142 368
142 71
308 267
242 179
49 317
60 406
235 206
436 126
303 209
362 245
281 55
381 114
269 304
418 28
206 239
228 284
256 168
174 58
119 436
197 16
313 398
217 224
368 91
401 268
220 301
133 160
412 402
359 17
229 13
151 449
202 233
82 124
251 137
357 220
310 87
341 378
150 11
398 331
308 416
11 223
29 230
187 57
263 192
378 241
177 293
414 300
291 286
276 79
414 352
148 428
103 197
444 234
16 52
371 127
316 277
209 348
109 401
119 212
141 162
117 235
172 42
393 377
136 350
164 67
173 28
173 123
16 207
104 404
146 206
97 421
278 277
274 202
231 21
41 291
164 294
210 445
366 380
123 338
393 305
200 439
72 19
279 140
184 190
295 172
172 225
254 360
75 77
50 388
139 67
320 95
400 361
237 434
151 4
230 139
175 341
2 196
131 84
443 382
232 130
436 242
61 184
256 180
229 7
211 334
288 130
260 434
249 22
90 218
443 433
401 264
203 5
269 62
447 255
33 263
52 43
336 117
361 208
149 439
336 182
242 29
256 11
346 353
103 370
161 235
443 358
71 221
230 37
408 289
209 430
304 121
116 414
140 295
431 286
436 79
332 43
268 220
99 82
317 427
57 100
99 322
253 4
227 46
64 431
417 201
150 222
331 35
444 10
312 367
29 441
445 254
366 107
244 373
349 49
278 413
160 339
173 180
78 119
40 187
214 76
256 179
252 438
303 151
369 103
374 235
356 318
146 81
213 159
305 23
278 26
194 80
352 188
369 280
375 422
70 44
190 100
48 76
19 391
134 388
129 338
95 176
354 375
187 378
434 303
165 230
215 290
64 401
307 236
222 97
219 234
342 279
27 249
383 390
236 138
124 127
263 447
255 158
426 327
50 281
383 369
133 6
426 218
69 320
422 86
212 13
236 164
306 87
67 303
114 241
1 105
76 300
48 98
93 210
66 248
55 23
114 176
279 304
111 314
438 361
344 408
423 147
98 347
119 182
85 433
419 290
293 244
44 369
400 257
429 275
282 262
7 101
322 129
110 115
394 119
389 202
32 115
55 109
443 30
249 446
99 21
303 65
185 356
237 125
448 227
168 12
199 109
175 144
107 107
87 118
73 422
236 430
81 221
215 100
245 90
266 27
77 313
112 266
55 105
226 296
143 258
47 301
254 426
265 160
337 412
239 327
87 70
338 61
26 28
342 230
214 56
336 56
332 395
380 418
210 395
134 205
321 425
18 393
172 246
179 354
246 373
438 207
174 40
380 27
119 279
266 25
234 37
59 132
45 248
293 53
198 443
398 329
79 307
229 307
417 15
109 400
23 242
92 158
327 107
125 153
386 201
179 388
277 366
38 207
413 167
420 309
358 44
356 27
142 247
372 48
111 427
327 373
247 38
366 156
121 118
102 369
169 0
57 219
86 79
372 5
405 309
232 64
219 447
44 121
188 273
43 8
128 414
277 54
276 30
24 264
286 70
304 377
278 253
332 315
409 77
439 335
303 399
400 300
238 86
95 388
147 353
342 418
354 116
397 36
13 149
154 402
225 267
120 127
194 306
280 317
101 42
55 71
106 209
177 302
229 368
330 231
253 198
443 412
345 379
170 237
389 364
30 129
217 220
118 220
437 104
395 395
440 191
326 48
358 436
179 78
141 136
168 175
219 142
251 368
235 333
392 340
46 399
367 250
353 161
84 119
45 398
353 300
432 67
148 401
19 252
80 357
336 450
284 158
410 409
15 61
234 291
47 390
145 26
399 259
402 401
205 133
244 169
201 63
279 55
409 213
142 84
441 211
101 331
167 395
234 280
257 167
45 207
80 432
309 107
362 390
231 63
221 39
259 54
157 32
269 412
283 256
114 387
189 135
371 205
140 385
444 41
164 432
208 62
278 195
355 243
130 76
206 166
151 397
439 160
177 413
314 96
9 48
46 386
31 190
97 420
287 273
137 28
237 448
359 345
303 241
109 181
139 163
72 174
13 382
426 79
320 11
267 237
166 77
88 130
29 309
60 149
340 39
348 167
107 406
209 10
414 1
76 345
190 108
50 244
309 103
135 120
323 17
105 166
190 393
431 235
366 51
336 394
269 85
250 314
272 197
126 410
426 346
350 221
421 130
119 237
9 247
66 331
21 325
167 59
403 126
381 230
16 307
145 237
223 224
447 324
183 193
373 222
181 248
129 65
307 255
119 199
439 123
85 140
115 239
94 396
116 170
403 430
22 285
51 113
60 317
282 280
395 179
133 12
30 108
128 424
138 1
115 89
258 443
231 46
427 198
360 351
220 247
131 251
75 239
62 149
268 154
449 118
363 310
315 411
34 377
36 264
230 331
137 173
291 98
247 106
110 125
100 172
159 263
232 345
320 117
445 409
268 149
248 158
178 267
300 14
149 110
116 203
236 47
257 297
33 53
114 338
21 162
148 70
128 160
285 25
381 148
65 151
417 53
222 12
288 359
140 213
357 63
308 103
322 51
399 365
347 107
297 61
196 247
219 61
15 27
267 125
193 447
283 2
213 10
296 241
354 195
305 127
409 55
231 444
123 132
330 52
43 349
368 362
341 397
256 88
88 287
97 224
436 99
415 100
354 26
113 202
450 412
11 292
296 416
3 374
66 294
97 82
139 88
185 326
346 86
234 313
107 291
79 165
216 302
179 414
407 143
358 1
359 82
68 322
445 354
358 233
55 206
302 264
284 52
406 102
123 447
128 316
97 393
167 26
80 332
39 422
307 158
90 140
24 43
79 81
199 80
21 93
346 411
269 29
166 3
174 8
13 421
196 423
285 291
338 340
215 371
30 306
208 60
114 407
382 303
365 16
298 353
396 354
4 215
205 310
346 431
174 268
175 311
46 414
243 21
390 145
378 113
185 333
206 399
110 389
146 233
306 396
22 412
132 7
194 284
342 40
298 314
70 76
52 264
39 278
116 124
23 398
290 39
6 63
279 125
139 122
295 374
397 312
133 423
125 441
279 338
109 397
137 449
141 27
226 388
319 400
322 395
350 383
263 439
107 229
355 145
266 318
306 131
170 230
157 172
138 303
340 125
228 332
201 403
404 272
90 333
280 168
166 247
369 383
268 317
211 350
390 331
430 74
45 432
178 166
217 225
72 40
319 39
350 258
160 186
306 328
329 26
63 120
313 122
308 248
381 166
56 99
101 254
409 428
208 270
106 163
146 281
277 75
134 128
147 336
213 53
386 423
220 192
280 291
8 372
284 248
435 62
443 215
158 97
333 447
222 299
395 166
444 50
45 437
104 428
428 143
115 284
447 280
10 77
183 176
283 186
233 312
287 308
205 409
55 188
311 79
290 305
2 156
407 136
359 254
291 53
121 175
41 33
392 172
9 287
306 388
287 67
321 245
272 398
252 260
300 121
183 131
346 189
299 47
317 54
237 363
226 360
400 321
124 371
145 369
157 324
225 144
345 174
327 304
308 269
205 150
75 174
159 444
352 175
391 391
403 15
86 106
211 201
67 343
89 359
155 94
67 132
170 224
9 312
378 285
60 144
22 377
96 185
394 278
358 450
15 18
233 231
170 55
52 419
189 222
138 48
227 266
104 274
407 88
449 66
6 188
41 336
118 42
37 29
249 268
184 48
247 268
240 326
37 35
146 58
142 226
435 200
0 195
161 34
77 196
31 44
269 87
103 335
329 443
235 400
90 75
97 329
357 441
289 310
28 446
43 263
203 404
372 141
30 435
271 287
37 69
22 121
234 12
327 219
143 0
391 441
101 17
440 434
385 23
77 122
300 405
55 182
3 223
413 27
204 217
193 173
184 420
121 255
301 394
82 188
335 17
283 145
9 298
111 79
437 243
175 376
397 85
432 111
294 348
89 68
23 188
71 385
30 34
116 24
400 115
44 199
252 119
165 117
176 235
236 196
274 363
220 259
212 129
178 344
105 332
268 169
42 376
4 324
172 220
238 50
408 359
255 276
97 175
10 417
55 52
384 442
222 383
193 41
249 435
255 385
160 435
159 90
364 91
157 55
348 192
374 253
296 170
30 214
244 114
271 389
19 8
2 170
449 232
269 413
88 195
15 324
93 329
113 82
355 450
84 359
148 311
148 137
15 336
449 23
199 182
253 308
248 405
364 383
8 45
319 42
118 31
306 273
317 243
426 87
214 342
112 362
213 185
394 345
411 201
326 98
42 434
40 369
386 448
209 220
432 83
24 321
65 13
409 440
345 221
430 362
85 181
134 119
121 296
377 367
362 229
311 133
82 366
387 181
152 279
66 304
178 345
147 189
62 255
199 379
40 154
203 241
205 13
42 49
233 236
127 223
300 192
420 113
444 138
436 345
135 297
105 378
305 74
213 352
117 305
227 436
367 298
216 189
295 38
218 193
98 264
33 185
239 98
31 96
328 364
90 146
96 20
113 170
297 101
450 246
234 165
148 183
284 326
253 65
218 192
232 322
63 98
70 63
89 29
447 138
51 294
280 75
155 363
12 18
3 394
131 434
49 247
375 311
149 354
219 75
218 147
319 437
394 50
260 196
287 315
372 301
163 202
141 41
230 227
64 7
449 175
329 107
94 195
429 98
449 21
355 342
4 195
81 131
409 104
74 268
48 436
63 425
413 177
278 203
326 118
65 363
378 337
298 284
25 177
422 1
449 2
57 72
273 189
28 56
447 250
132 34
71 443
282 285
212 183
262 304
307 434
327 425
83 356
56 192
227 194
161 295
387 220
88 257
129 384
223 449
448 65
315 185
387 44
370 302
188 359
75 360
254 314
283 111
179 129
358 270
16 244
219 417
324 430
300 410
342 260
375 171
150 341
314 371
218 343
419 199
369 354
381 66
8 23
82 205
110 65
16 443
207 137
328 74
410 233
308 164
337 337
441 359
450 194
318 303
435 100
177 320
365 336
225 37
326 401
25 95
84 161
61 288
294 19
416 447
330 146
169 169
342 18
289 384
259 273
360 42
114 267
262 104
61 449
279 399
441 244
63 418
93 280
102 400
295 395
269 254
327 253
141 54
321 197
283 133
248 262
81 47
376 108
422 148
137 301
66 386
308 389
223 63
347 307
446 231
34 290
172 350
195 425
258 262
439 10
160 290
441 288
261 127
74 266
153 436
101 229
209 110
317 78
411 153
235 223
163 75
77 247
133 132
195 428
343 107
440 328
334 227
313 392
413 327
43 402
310 230
306 359
409 362
100 296
10 8
410 300
321 299
262 134
434 2
154 176
78 428
176 249
315 391
36 365
166 443
383 22
82 413
97 180
259 32
236 284
307 22
329 19
289 162
165 33
149 97
416 403
9 108
440 245
23 9
304 74
187 203
67 161
348 367
176 241
24 49
314 450
232 264
395 369
439 360
346 95
398 365
339 399
27 171
124 429
321 312
364 212
385 410
240 200
95 403
318 24
268 161
279 268
315 58
302 190
264 62
354 412
144 22
58 112
414 108
195 446
396 385
79 274
359 130
156 326
66 83
247 200
173 378
247 231
41 39
349 332
321 218
369 24
266 214
250 328
335 303
194 401
231 397
95 228
249 149
381 177
273 223
169 6
360 5
328 405
442 212
48 165
395 386
423 69
158 103
150 12
21 386
48 341
237 208
141 307
83 73
148 305
56 65
152 326
244 36
230 110
29 113
55 63
66 436
288 163
247 253
35 427
232 286
234 163
188 42
207 405
23 203
339 201
174 47
284 275
432 373
378 173
353 105
263 411
427 202
279 404
114 315
9 151
182 289
335 65
90 407
23 438
75 427
224 371
291 275
149 348
177 233
81 127
117 302
375 130
323 166
112 18
259 116
129 227
145 375
62 126
105 64
292 222
429 203
385 241
264 195
450 184
35 345
436 282
65 228
211 349
382 124
88 323
384 436
382 240
323 29
134 140
111 436
175 148
270 212
131 337
359 44
58 343
12 55
358 232
271 209
186 2
386 20
62 245
108 4
371 93
322 97
434 220
123 305
90 98
38 320
62 297
314 25
370 324
360 18
109 112
408 90
134 106
297 20
191 113
286 391
33 2
363 387
331 449
409 429
76 326
323 15
429 407
186 374
278 355
156 35
285 15
257 414
330 161
342 433
240 99
378 26
359 10
351 43
114 127
405 143
340 371
30 211
109 177
446 161
449 223
147 410
91 389
114 183
203 309
156 314
399 286
71 230
275 252
352 316
27 59
245 346
323 203
12 193
16 180
405 77
192 78
77 42
186 294
30 9
445 342
429 50
97 252
172 151
34 329
444 68
71 196
221 444
120 264
345 198
372 357
371 130
438 251
358 229
197 115
168 329
58 307
188 94
112 199
90 310
107 53
416 210
199 433
369 221
423 331
108 256
351 446
94 386
39 425
300 370
428 218
116 127
426 108
125 2
295 62
31 78
132 299
413 76
99 54
279 280
147 449
149 355
280 155
254 436
355 84
105 252
92 265
365 52
85 383
195 363
22 199
69 399
236 110
241 193
417 63
383 249
231 363
431 160
399 300
429 1
391 368
201 60
78 157
239 241
259 206
253 242
256 215
327 311
2 356
395 24
360 1
368 71
352 417
209 262
429 339
10 46
204 134
109 203
222 434
154 370
120 18
387 357
399 443
171 263
295 164
143 284
174 9
223 255
435 447
180 248
396 151
43 396
323 172
358 406
220 14
326 282
270 200
396 443
8 319
183 151
299 55
207 131
272 23
85 316
204 194
362 138
250 96
416 123
242 335
155 285
277 313
237 186
19 296
164 155
44 386
240 61
203 60
444 319
223 257
16 40
416 431
10 22
17 442
329 288
351 232
111 88
446 60
275 289
40 12
293 449
55 383
428 446
385 49
256 204
417 303
191 222
41 203
331 162
178 16
227 254
270 329
146 60
448 54
343 331
446 313
335 206
95 380
160 67
296 343
407 74
109 123
422 186
92 245
351 63
438 358
166 199
97 298
236 385
389 376
194 119
364 288
52 399
57 273
165 406
252 99
5 267
260 54
193 148
94 358
424 145
97 412
396 7
302 376
283 311
150 436
296 420
174 45
143 103
38 306
241 317
51 373
5 390
108 45
324 398
240 54
351 431
363 140
113 119
88 276
177 401
71 392
84 122
297 107
40 74
214 256
180 152
195 2
190 343
204 282
391 414
29 170
196 339
123 75
435 192
333 126
165 426
437 165
221 11
242 405
16 337
252 364
442 56
214 96
209 268
332 355
209 173
343 376
327 131
100 161
158 176
142 250
443 371
71 22
38 373
64 190
335 121
104 267
163 397
0 217
318 106
397 427
199 325
233 50
248 300
83 184
132 59
1 350
340 351
400 104
397 104
265 310
186 298
445 115
242 75
321 25
68 233
2 331
141 19
346 332
155 440
57 168
157 170
99 28
8 408
307 354
9 180
205 269
179 308
322 11
286 141
333 97
444 53
286 215
404 77
433 318
262 377
288 150
105 343
200 132
188 12
10 305
297 60
195 121
157 10
202 188
74 253
393 375
236 40
316 234
241 361
196 231
132 147
257 425
433 339
30 11
260 240
416 2
37 92
198 41
379 303
414 26
103 90
429 42
83 272
308 371
191 417
411 1
412 83
280 434
393 345
63 434
83 249
117 304
24 46
399 42
98 429
29 110
101 35
412 306
291 57
4 275
162 95
427 412
142 213
217 149
50 84
266 431
103 61
182 390
182 315
173 336
173 27
415 312
349 184
27 331
40 232
365 306
188 24
318 281
55 282
141 75
7 180
261 44
335 365
134 239
162 52
272 96
68 220
165 102
373 78
409 198
253 68
356 404
238 162
339 236
5 338
88 246
34 23
14 71
429 138
196 331
338 250
128 98
137 259
21 315
57 314
377 221
385 425
378 19
152 249
392 30
177 404
352 279
63 29
147 264
177 69
52 6
320 81
262 327
447 104
316 446
67 318
45 133
79 135
269 211
103 35
292 424
364 159
331 315
449 4
371 192
151 46
3 320
238 389
118 380
107 409
269 6
281 262
40 206
128 377
33 256
20 42
386 74
0 241
362 12
48 149
188 357
371 429
302 247
276 173
391 291
184 292
47 347
9 59
109 179
109 194
215 75
322 78
357 173
112 139
439 425
242 205
362 252
228 127
205 184
301 203
20 210
31 53
278 449
100 383
84 150
258 401
262 231
285 318
440 197
148 105
195 175
256 191
0 402
24 150
346 78
71 367
266 394
218 267
8 347
163 135
404 397
360 87
205 330
146 146
304 435
99 413
114 170
68 80
398 71
9 433
237 303
104 44
262 38
215 361
85 143
379 273
242 267
164 254
332 450
442 64
172 222
351 196
47 158
400 333
327 347
295 302
266 291
10 448
165 191
124 40
159 331
339 370
437 200
130 158
117 105
127 144
371 36
277 365
263 97
51 401
253 74
13 115
201 427
305 155
240 248
96 114
427 341
384 256
247 10
278 119
201 203
64 167
398 441
214 154
58 80
350 74
375 114
292 372
22 312
77 314
243 413
12 198
19 76
186 76
106 441
303 440
405 342
339 178
414 214
342 299
37 252
98 389
20 428
237 437
163 183
306 405
329 333
65 145
120 274
150 171
302 163
374 144
301 312
172 404
11 344
229 128
335 18
401 336
150 157
277 17
199 348
137 302
37 331
34 393
35 222
17 281
108 322
422 319
412 219
434 307
55 131
310 274
293 293
164 152
219 72
418 416
324 137
285 201
450 238
293 225
80 410
241 184
356 137
239 423
370 333
247 161
87 331
189 387
191 139
133 149
166 323
18 229
21 228
47 411
253 149
420 356
129 371
232 116
199 374
235 216
245 30
162 125
300 425
343 121
58 313
291 129
337 387
221 54
321 310
182 67
316 305
249 239
277 352
233 25
281 167
9 89
32 108
245 176
427 210
107 346
58 189
187 315
246 90
61 38
356 420
270 24
25 124
134 390
147 138
12 285
40 257
21 324
253 69
290 399
319 427
94 196
7 256
387 259
313 240
146 340
363 217
242 186
145 397
143 266
383 276
326 72
125 12
156 304
442 131
112 77
306 114
64 51
238 344
15 105
95 167
241 105
50 123
178 447
393 15
226 32
434 369
409 278
427 330
138 299
358 31
250 184
445 377
154 42
417 184
35 434
231 16
372 229
210 432
402 208
422 219
423 389
388 371
179 222
50 416
351 259
170 205
427 337
438 144
169 298
384 346
202 179
1 396
357 251
165 177
95 328
268 232
162 9
175 410
12 441
241 429
16 302
233 200
133 333
133 438
113 163
292 415
118 371
262 420
308 121
108 147
135 4
311 152
212 165
222 208
345 343
151 265
154 139
134 442
128 343
153 338
337 367
387 71
367 217
229 399
348 44
209 246
75 379
450 373
362 273
291 303
148 248
75 61
63 48
353 107
107 126
246 399
123 25
331 64
257 131
132 253
275 408
439 432
75 181
256 225
373 33
277 235
246 158
379 59
75 228
211 445
247 17
364 408
9 214
277 368
315 385
209 367
359 253
75 41
403 128
31 211
360 95
198 334
221 142
76 358
215 390
375 400
153 335
254 271
102 298
155 406
346 44
40 60
217 142
134 137
68 41
102 150
79 283
302 372
13 286
101 98
206 319
325 12
291 191
332 279
89 173
50 338
20 412
262 434
10 109
55 352
410 313
230 84
301 406
70 106
393 433
191 114
173 114
137 247
256 30
24 2
21 139
352 416
180 427
16 290
48 153
428 162
207 318
95 86
272 36
448 40
445 431
433 338
22 153
190 142
233 189
318 47
430 376
407 306
153 114
112 271
346 318
37 268
445 13
200 315
49 166
326 293
136 402
106 115
267 355
235 53
145 420
135 97
366 22
52 377
369 276
299 187
18 129
241 146
162 323
237 323
167 285
329 57
35 333
443 154
438 158
157 390
76 79
270 96
293 115
234 425
393 163
85 37
75 309
46 201
268 268
442 361
125 128
116 434
89 285
109 340
237 288
23 294
10 25
413 107
354 43
29 412
5 345
79 194
312 284
303 232
146 132
266 128
13 275
43 76
171 83
380 378
169 408
310 359
310 445
215 6
213 120
446 323
231 267
257 87
203 79
118 211
259 223
359 424
345 196
396 236
78 312
259 105
24 227
328 194
156 277
119 420
375 191
352 420
96 349
354 306
154 369
304 109
83 392
305 12
109 441
153 20
252 12
38 46
74 87
291 155
245 15
32 92
300 33
113 258
364 375
11 191
272 59
446 233
96 237
235 256
282 106
408 193
176 26
152 61
199 398
312 180
112 267
140 83
244 348
125 285
120 249
374 351
363 10
258 253
13 168
261 238
249 260
317 72
35 111
53 79
249 80
212 170
332 19
254 447
322 357
432 231
72 209
401 297
73 398
194 276
56 305
38 409
339 120
440 436
271 448
173 160
286 367
4 213
334 232
140 191
79 294
244 429
430 72
320 422
395 251
268 85
186 189
56 2
184 407
234 77
178 75
231 153
393 353
280 187
195 39
62 232
369 219
323 235
447 90
222 137
343 361
311 312
400 191
6 329
46 194
143 280
244 180
51 236
222 161
416 94
310 193
36 314
228 93
443 315
135 56
36 41
53 402
383 167
350 15
426 278
199 112
369 309
252 138
55 163
277 438
247 446
245 160
419 314
181 185
31 218
221 305
359 426
96 295
222 212
295 381
147 412
406 268
75 193
188 238
358 413
297 199
443 307
40 49
390 405
74 303
291 78
58 66
381 125
65 295
259 33
236 327
423 348
368 109
250 85
158 251
249 290
433 55
409 246
343 147
307 384
327 178
324 30
271 159
442 446
81 427
296 24
106 305
68 260
401 68
347 111
37 141
120 19
94 241
358 258
416 424
341 264
276 246
322 117
116 44
447 36
78 278
307 277
110 239
360 98
216 139
327 389
193 136
319 4
145 400
126 310
396 35
373 139
50 45
136 60
10 75
305 332
132 331
154 241
106 67
333 372
70 178
274 356
256 342
432 206
68 132
366 395
444 398
75 19
373 206
369 343
146 166
198 395
126 415
22 393
249 32
306 7
443 187
66 275
239 306
434 97
14 320
39 257
320 256
439 391
268 215
252 7
421 197
15 121
42 405
72 4
96 379
413 365
285 395
274 39
32 320
226 210
84 289
188 233
331 116
29 108
389 79
142 185
412 246
349 39
16 142
136 97
94 253
161 209
150 273
125 408
437 375
107 330
335 16
323 227
311 388
294 260
86 424
247 115
105 319
6 431
173 375
290 211
232 344
206 378
187 262
341 90
132 210
58 9
82 167
320 111
380 149
163 13
24 86
247 172
153 313
179 246
404 205
328 363
436 97
443 4
419 333
445 242
51 251
290 143
38 432
45 135
294 428
206 97
305 299
187 81
154 2
448 313
211 415
133 269
363 234
295 320
153 237
222 25
441 63
276 142
261 13
80 376
16 198
12 357
405 258
71 121
98 249
375 83
237 45
45 164
153 420
409 159
166 112
433 260
62 286
62 182
5 72
165 52
339 351
61 440
91 33
336 93
59 62
202 99
18 93
76 420
181 428
422 258
116 69
255 409
145 272
41 340
413 131
367 164
102 433
336 307
27 144
390 353
432 300
450 257
6 294
52 228
406 162
121 325
290 230
84 0
412 45
278 439
13 130
209 134
360 331
10 83
64 353
35 280
199 281
99 219
153 99
58 89
390 284
210 8
399 280
294 153
150 395
362 104
160 180
60 265
57 275
402 24
34 80
261 181
333 34
171 202
248 96
41 362
371 365
436 161
297 231
232 162
347 261
259 218
339 60
225 274
445 440
200 148
382 187
247 400
389 335
445 341
4 204
141 257
185 45
316 170
431 417
87 358
344 117
192 35
426 393
357 83
361 230
354 92
378 347
262 30
110 233
379 14
77 387
403 259
274 45
224 156
348 387
324 68
316 365
32 5
324 35
139 200
106 108
415 393
364 446
395 384
435 276
267 32
35 418
53 392
46 426
129 29
368 115
385 16
91 340
418 62
424 446
132 35
367 115
172 49
132 99
170 325
244 441
139 223
6 169
256 148
428 78
390 6
314 144
365 151
437 12
197 43
36 402
401 295
85 409
57 54
438 152
448 425
191 172
129 187
316 259
226 66
425 213
374 224
326 76
261 41
89 280
431 349
328 299
206 132
331 299
98 218
412 59
432 349
441 33
282 449
383 261
413 244
348 302
45 375
264 132
222 356
318 440
66 217
139 153
78 201
74 145
435 280
350 388
25 1
281 336
214 156
379 257
447 23
35 417
255 350
212 21
147 163
168 283
382 284
51 362
447 119
408 100
257 98
159 310
281 419
398 152
430 14
247 116
75 333
321 105
237 214
373 58
437 193
103 303
346 249
279 12
63 47
260 428
53 93
247 124
302 191
166 183
231 72
394 403
53 346
80 268
292 401
60 71
58 97
412 433
100 316
249 279
80 299
184 280
315 394
80 38
368 165
107 92
390 104
63 427
113 348
7 143
170 283
407 384
427 78
222 375
417 445
277 44
193 437
341 14
235 246
297 449
435 377
168 145
384 200
321 443
84 450
151 302
90 233
32 53
34 218
440 215
62 291
352 379
363 367
443 191
324 300
38 266
271 0
219 267
340 92
326 448
300 172
408 385
160 275
85 314
132 379
319 355
334 410
174 190
46 359
349 75
248 29
236 228
434 227
264 35
27 341
391 202
129 277
199 128
173 12
395 340
352 99
422 227
283 364
310 197
119 265
103 305
370 410
126 243
121 334
174 102
112 350
208 108
184 114
177 34
42 397
46 366
62 258
378 409
212 366
41 376
347 356
287 383
322 147
245 385
404 36
183 375
404 49
310 85
283 362
370 232
242 326
292 237
369 287
291 131
0 231
76 301
111 297
363 144
145 99
19 208
60 336
190 311
383 47
17 377
130 1
360 258
26 423
131 209
227 48
143 275
53 73
113 169
292 293
156 282
84 446
390 330
417 174
352 122
123 391
300 76
152 402
387 0
242 309
442 20
96 225
140 407
19 22
264 283
376 282
180 148
447 341
129 43
140 9
211 25
175 132
103 11
22 56
211 222
272 226
312 298
142 298
140 196
387 400
440 402
76 282
158 108
228 43
412 347
149 390
168 186
4 11
115 24
376 112
286 143
387 138
266 71
195 227
340 217
287 234
248 135
158 87
410 435
59 104
342 28
121 137
4 89
75 212
168 71
425 104
436 39
99 71
350 7
21 26
443 240
270 205
179 281
184 149
79 148
77 77
258 354
142 308
448 336
60 250
240 292
373 280
99 393
173 225
136 233
18 279
361 131
86 189
382 123
299 15
183 334
191 263
19 82
372 438
54 189
267 205
196 262
59 243
305 209
302 8
20 306
355 89
79 9
428 114
344 320
194 367
24 110
388 136
18 167
34 63
361 414
359 190
40 45
173 224
155 429
111 245
15 175
238 70
33 23
382 202
367 113
358 299
18 63
223 313
202 161
176 27
283 439
234 174
170 349
443 405
400 34
441 252
150 152
306 447
54 203
306 221
81 353
371 120
185 251
185 406
369 396
9 29
2 24
266 403
198 387
250 118
370 185
249 258
229 102
349 353
360 122
300 438
364 268
20 215
300 183
402 48
338 364
142 237
162 11
156 278
72 431
432 91
208 59
391 448
5 360
353 441
4 18
260 183
70 171
163 269
304 46
122 187
278 326
420 65
115 381
60 247
182 6
400 214
47 444
402 180
426 334
371 415
137 75
272 131
377 395
332 15
367 425
330 213
110 58
397 86
395 373
170 264
179 180
195 255
61 435
172 417
281 283
99 264
110 54
60 23
169 93
444 424
122 425
408 388
354 4
130 379
293 189
313 151
403 401
250 115
257 386
335 223
371 299
297 270
417 299
225 134
27 290
2 267
3 170
218 387
365 334
100 294
334 103
119 443
145 143
59 12
96 135
410 22
113 355
103 32
446 149
7 141
189 18
370 103
418 172
357 209
75 157
338 122
163 335
254 106
392 177
332 391
212 6
121 72
218 262
18 303
207 396
259 143
105 59
73 125
200 307
252 47
208 354
81 243
219 374
314 316
363 381
186 69
143 247
400 435
224 299
270 190
16 234
27 334
222 158
212 370
253 23
215 346
21 232
101 319
114 98
134 110
196 187
269 183
387 90
193 207
406 89
194 81
375 350
260 62
191 53
415 13
116 43
32 176
160 69
42 309
43 168
164 46
257 443
141 138
424 411
350 248
119 230
242 322
78 324
275 431
438 439
57 68
53 233
351 231
421 226
24 59
158 379
293 17
443 379
33 238
263 237
449 248
368 391
188 444
350 12
157 258
152 206
393 22
352 153
180 282
213 408
140 167
270 116
357 107
44 364
410 401
291 43
352 432
201 114
214 326
361 57
272 248
426 43
280 442
136 47
191 27
126 162
189 59
315 402
418 45
432 277
94 240
384 26
67 439
242 426
103 290
222 259
62 134
211 98
443 199
356 133
74 146
390 52
417 409
148 380
334 399
321 125
267 119
154 11
178 387
420 57
225 170
235 108
44 126
16 313
206 274
322 215
173 410
304 398
164 207
366 329
269 298
90 212
417 335
202 301
239 46
62 164
91 309
90 332
250 135
167 163
41 74
96 205
133 40
34 296
404 87
443 88
272 315
170 131
169 428
435 392
149 82
306 313
168 43
338 246
123 50
447 240
261 125
148 236
355 322
434 95
423 395
228 407
130 341
243 107
204 305
85 204
37 150
2 157
448 135
323 58
381 316
121 136
347 376
61 116
265 195
295 332
9 340
51 1
291 103
134 247
137 405
168 149
120 212
146 286
419 329
345 392
321 40
236 78
144 189
46 142
120 430
247 386
319 212
275 29
40 114
161 211
313 199
50 279
199 138
48 238
213 391
425 180
340 268
46 221
430 239
13 267
393 232
164 217
74 242
337 344
261 204
445 320
425 166
126 385
390 59
442 287
353 123
378 121
349 449
250 48
263 209
100 11
258 206
432 434
369 305
126 209
274 387
287 244
57 351
125 403
221 208
136 134
215 172
15 240
314 350
327 301
437 182
399 53
260 225
62 88
10 10
349 418
213 45
396 215
97 226
379 107
323 347
224 125
36 110
250 175
356 248
410 149
23 88
136 113
137 215
246 229
277 185
65 401
311 304
278 334
161 104
36 31
68 127
56 350
206 208
203 183
334 106
127 157
444 84
175 391
71 97
142 39
441 250
396 12
153 242
284 424
13 172
151 300
238 406
328 21
196 318
364 204
365 73
37 302
168 428
29 9
287 347
398 371
202 71
136 358
337 70
178 367
386 426
401 286
424 67
230 113
272 260
428 22
71 308
118 65
102 139
33 359
156 352
227 64
225 261
390 134
353 276
333 81
444 268
412 113
146 425
410 370
370 430
202 78
297 450
169 31
348 315
417 90
294 108
246 223
16 77
327 279
71 62
359 163
1 191
338 416
197 48
358 176
134 166
243 17
256 403
366 104
95 318
376 175
170 293
418 347
30 120
92 141
334 128
56 19
383 427
443 237
409 158
171 171
118 44
420 67
256 412
123 224
59 406
342 271
136 31
230 63
357 144
247 269
59 373
132 32
305 234
286 225
385 105
340 300
209 168
135 88
448 429
240 269
185 382
172 370
393 115
419 72
305 369
325 333
54 253
279 96
284 133
193 107
85 24
84 105
26 247
380 232
377 374
264 56
340 339
298 69
136 10
38 39
375 199
150 198
335 27
5 286
230 38
120 406
152 87
302 5
239 112
196 319
366 100
31 390
112 359
291 427
62 249
39 449
247 69
388 28
137 61
82 176
329 62
384 187
247 278
147 106
79 267
68 93
312 412
58 416
128 89
153 67
407 292
139 307
414 288
163 262
335 386
344 432
138 67
333 95
49 117
184 442
255 333
326 369
283 345
249 36
384 53
274 374
403 274
378 99
150 112
109 270
355 222
136 257
209 63
424 10
381 24
423 205
411 219
174 236
66 321
325 441
175 265
215 104
395 38
448 447
380 381
137 176
274 398
224 196
144 11
302 171
332 61
312 84
407 161
423 420
286 426
108 270
111 355
186 256
230 378
392 75
272 232
277 252
157 136
219 424
121 23
251 175
158 65
203 379
323 134
291 278
120 321
97 184
323 176
275 7
381 369
383 280
373 183
275 178
176 67
314 438
243 344
395 181
159 394
436 106
326 92
191 201
444 365
223 207
185 72
75 36
421 162
151 154
390 413
37 416
283 308
44 12
60 203
405 264
358 339
272 391
294 277
257 241
14 372
132 408
44 179
93 243
105 23
370 83
145 320
58 434
180 441
103 446
106 429
3 229
50 14
269 405
315 298
298 352
257 231
158 171
47 225
369 25
161 158
144 348
211 313
101 191
271 77
362 42
48 214
441 311
444 202
312 154
195 110
276 374
415 314
399 200
206 65
438 145
388 212
59 356
119 330
403 446
441 179
263 213
190 425
48 232
232 28
444 35
306 225
68 300
387 164
93 415
428 301
119 29
388 124
20 447
139 333
74 134
281 159
385 369
17 52
239 268
107 387
164 228
226 415
130 428
444 262
89 279
143 76
165 291
309 114
346 158
62 32
306 276
45 31
367 337
84 431
257 383
135 258
283 320
176 341
397 363
147 52
328 286
347 184
120 50
358 342
180 229
237 15
448 398
78 438
139 218
301 386
358 174
123 66
315 122
4 423
168 82
394 213
363 58
403 263
85 435
376 336
103 391
86 137
78 172
143 227
346 227
206 288
389 45
428 374
364 232
110 345
13 347
351 107
218 5
284 387
443 178
164 227
60 344
316 173
290 162
144 18
216 265
295 98
227 328
212 312
328 237
160 340
195 113
99 311
284 111
65 184
331 200
144 15
150 372
432 213
430 428
41 118
427 373
257 179
358 227
375 283
137 65
227 428
40 443
33 306
302 366
53 168
87 392
106 11
414 328
259 98
326 382
66 15
410 1
263 77
189 110
97 284
106 282
190 75
192 292
173 319
319 247
305 419
242 305
52 152
201 16
449 375
105 254
406 256
181 368
145 436
335 412
214 152
185 354
33 362
262 270
442 378
238 273
289 386
233 263
4 285
303 217
38 287
383 176
395 33
414 158
420 153
97 256
175 29
362 218
87 232
226 29
10 428
138 261
129 42
364 373
316 162
264 6
10 291
400 223
116 273
136 80
286 255
352 23
226 15
438 64
406 110
128 386
425 210
139 167
60 350
270 331
230 25
332 227
98 170
298 111
101 48
281 48
49 25
93 440
412 137
112 182
186 99
376 378
16 299
121 309
106 65
34 364
118 37
182 156
103 380
247 59
230 44
406 378
68 7
214 165
391 191
34 66
189 63
7 307
1 351
397 446
242 406
77 184
360 346
268 384
151 131
200 57
341 269
291 182
112 367
148 260
66 151
421 102
431 75
252 430
341 229
101 33
329 86
15 369
195 160
396 265
205 205
154 160
280 61
396 413
388 206
236 37
262 409
367 152
41 418
262 179
37 40
121 63
367 96
110 218
383 335
131 97
132 405
70 398
409 50
77 225
19 185
389 94
148 296
382 443
297 29
180 244
256 128
356 444
54 174
321 44
200 294
427 111
35 267
392 337
72 223
324 213
197 316
335 347
131 82
204 298
335 158
237 114
298 27
370 208
199 210
250 203
289 5
294 68
7 137
47 188
409 309
240 199
114 400
305 214
208 177
326 74
53 354
282 317
380 128
330 61
285 350
44 2
418 92
33 413
53 283
31 109
389 362
91 377
63 24
320 293
80 11
409 43
323 276
93 104
20 227
197 315
113 25
46 84
31 58
126 73
414 304
345 444
166 191
14 416
174 130
447 281
386 166
9 7
75 257
380 263
192 434
8 245
17 86
305 394
346 374
38 214
389 411
42 287
143 82
113 325
444 149
350 338
184 380
264 300
307 391
173 331
422 101
112 0
203 350
3 440
397 249
398 27
168 30
54 191
446 63
216 146
361 53
433 434
346 149
335 378
379 280
139 278
363 264
176 403
367 126
110 50
248 92
51 237
221 400
388 369
411 126
321 126
218 50
112 273
59 130
233 176
84 233
378 287
191 22
364 340
436 297
119 173
166 271
324 192
292 114
96 111
425 100
197 217
137 287
303 38
196 306
409 392
250 62
303 396
388 368
78 217
181 253
424 377
390 449
93 192
368 270
14 151
170 82
16 24
66 26
392 286
114 358
340 357
441 306
313 169
83 233
427 137
294 105
422 439
336 299
183 295
418 88
227 365
206 231
305 292
259 419
178 395
123 127
184 390
268 413
139 422
303 365
355 154
35 436
252 40
449 39
315 101
251 318
83 296
426 185
110 142
132 423
241 206
172 112
367 233
63 171
254 109
238 200
127 306
257 21
416 189
188 396
431 94
365 252
384 444
223 219
243 196
195 438
295 370
120 64
181 96
162 400
12 104
111 344
97 254
394 415
3 47
400 315
57 213
387 136
105 117
177 55
292 194
275 234
200 291
105 141
431 149
302 317
446 13
168 195
370 303
272 46
319 190
116 315
424 117
280 24
231 157
324 104
279 366
410 269
319 369
180 421
71 3
332 103
184 27
444 172
123 375
85 65
422 268
393 342
406 337
288 170
346 229
365 182
153 319
197 191
218 277
68 359
0 91
254 404
45 275
262 427
357 154
422 444
381 77
154 298
244 417
129 260
146 296
170 439
333 258
229 416
0 128
388 160
443 91
406 108
113 399
146 84
368 432
60 313
341 251
13 156
141 49
114 152
225 391
226 400
347 280
406 325
280 110
347 263
184 301
260 268
77 69
428 18
66 197
314 163
154 248
206 273
144 398
384 229
233 360
400 99
98 361
237 127
276 341
198 165
42 183
115 275
170 215
183 389
283 97
143 15
384 160
366 265
56 140
238 40
300 352
36 299
231 106
242 360
131 24
419 60
180 81
226 117
347 82
152 9
282 376
251 359
137 214
224 140
94 118
288 382
153 160
177 357
366 93
244 211
247 26
229 118
231 392
68 355
154 336
116 284
311 206
424 399
180 289
55 333
0 159
268 285
87 403
359 351
378 275
258 212
13 386
34 295
402 442
173 339
236 73
296 450
123 428
71 428
43 205
435 71
326 5
281 347
183 61
257 412
284 137
281 403
110 158
395 183
265 158
364 259
235 36
338 135
294 118
363 43
374 101
255 354
445 288
450 394
183 101
316 206
5 435
276 264
433 401
222 442
169 180
418 274
254 167
250 380
114 447
244 282
347 17
181 344
333 236
91 407
92 201
375 14
278 319
205 344
387 83
151 0
397 92
216 40
435 19
51 283
290 363
148 347
411 326
417 402
343 319
228 175
149 269
358 197
139 366
131 323
90 173
299 151
234 307
247 286
361 2
347 37
66 139
284 373
166 205
177 76
178 214
383 59
245 40
172 199
183 188
417 439
353 128
246 30
135 164
401 375
98 31
102 137
322 37
449 45
97 12
101 44
266 187
22 437
378 220
333 326
274 89
128 6
80 217
27 275
263 0
75 219
438 270
434 42
114 406
275 215
93 306
392 287
199 23
112 105
46 387
81 246
185 240
48 360
356 343
430 256
385 257
0 251
179 327
367 44
292 130
337 394
209 119
240 343
1 65
189 244
213 379
216 236
298 179
11 241
351 129
448 114
174 308
301 54
163 439
269 377
361 117
414 265
217 439
304 6
190 80
415 256
157 35
387 348
319 354
353 6
431 223
39 50
341 159
126 261
18 416
428 175
338 130
186 255
157 230
259 68
5 318
228 260
231 10
366 171
69 48
79 350
438 156
23 19
256 368
84 140
361 446
315 427
419 339
393 274
188 328
143 257
306 237
335 130
53 247
161 412
27 323
360 82
425 417
127 375
170 258
314 189
364 138
265 337
10 61
356 72
340 156
118 244
135 333
334 15
148 325
327 148
366 272
166 203
356 169
403 334
228 214
100 86
87 268
198 280
72 342
111 439
393 267
207 371
12 106
367 6
178 226
318 212
29 217
256 253
327 31
229 182
59 21
313 443
239 232
25 429
87 319
272 374
342 258
258 144
346 285
40 5
326 307
16 225
190 47
3 214
210 294
104 302
289 240
179 387
69 25
142 66
445 56
363 64
131 317
277 281
313 216
295 243
286 135
148 6
328 357
420 282
349 172
22 318
439 353
120 93
172 223
391 263
39 48
399 41
271 354
9 444
309 132
245 392
54 185
139 79
216 180
413 36
191 297
97 193
147 328
289 295
419 160
429 301
32 429
23 157
379 123
66 195
407 365
32 25
327 45
58 30
36 353
6 422
108 124
182 331
157 336
121 164
145 354
260 210
28 126
296 260
135 219
135 0
150 405
288 101
206 11
115 265
411 436
169 16
159 371
302 432
292 82
390 188
149 383
391 58
251 266
181 429
447 29
179 58
70 19
407 277
228 382
350 155
22 202
46 86
76 302
198 184
162 170
273 263
63 144
294 154
197 449
336 89
120 348
375 224
378 365
387 316
325 5
373 60
12 310
70 415
24 13
305 45
399 32
183 147
204 132
264 383
93 409
204 340
411 136
44 347
324 347
256 124
150 180
294 399
394 95
386 305
321 361
307 216
341 282
32 134
230 53
245 130
55 14
4 78
326 298
358 324
292 1
37 321
281 442
337 433
342 190
200 273
380 110
138 173
299 250
134 173
351 265
89 248
70 276
104 42
392 204
135 376
68 139
391 127
416 383
383 205
128 139
445 187
149 208
341 340
255 131
266 78
407 149
326 391
219 286
129 356
364 71
449 302
97 395
159 364
191 227
43 104
368 356
368 294
303 10
62 84
374 316
234 102
127 323
132 148
336 283
113 152
145 19
258 322
81 99
343 180
330 10
420 35
154 105
3 168
137 110
324 343
389 413
174 78
439 282
16 318
163 289
37 350
428 292
431 48
311 182
164 213
210 384
289 413
427 214
312 256
146 69
231 357
279 118
13 288
288 70
124 282
272 173
258 95
20 375
345 40
361 404
145 211
115 412
144 399
299 338
228 150
219 329
304 192
192 11
102 195
316 300
31 175
354 355
203 332
421 120
313 225
351 297
362 255
141 351
290 309
286 74
37 396
364 215
51 376
379 305
414 331
202 242
172 371
14 209
286 229
429 368
61 280
376 4
288 428
47 32
90 422
403 423
433 382
17 404
279 295
73 122
357 230
396 250
404 54
45 214
398 323
422 240
348 60
53 291
355 128
396 158
427 377
46 94
74 372
232 405
238 433
209 26
12 92
215 17
176 345
22 422
79 406
243 330
130 10
105 282
95 125
445 347
391 17
87 273
179 23
328 287
269 271
411 238
19 50
337 182
435 34
117 2
316 54
325 344
30 394
219 127
432 169
368 222
247 401
433 137
264 199
44 286
358 382
375 225
379 320
125 18
309 340
260 104
394 365
354 150
269 101
447 9
51 324
338 347
233 14
287 200
439 324
246 77
161 20
395 210
107 181
69 10
450 211
284 120
428 226
169 177
171 103
264 37
163 300
377 82
255 47
134 148
332 168
307 176
83 263
433 252
66 60
261 55
152 448
11 70
294 121
335 391
241 425
102 444
141 197
243 215
326 279
265 168
361 5
311 438
134 127
68 61
6 59
284 198
281 241
121 13
246 400
190 145
28 127
15 283
383 214
306 284
442 5
138 58
237 149
84 11
370 94
132 218
251 288
147 301
140 162
171 322
348 426
175 98
80 327
156 385
416 77
141 200
408 311
362 5
49 183
124 179
55 351
430 345
23 87
66 75
77 29
378 57
109 315
180 304
97 338
121 237
336 7
205 38
364 178
351 25
395 411
239 29
63 397
405 317
100 272
143 207
286 299
321 120
369 429
230 270
128 302
426 154
309 266
355 227
123 137
342 310
129 101
59 264
84 254
42 340
141 18
63 394
160 307
311 353
54 19
149 297
34 330
398 231
77 385
85 298
231 429
152 92
149 149
34 283
76 364
414 334
393 30
96 217
165 35
291 121
14 12
158 44
266 26
323 10
21 267
220 304
257 102
165 368
445 381
246 321
389 107
3 13
222 235
165 434
261 91
340 78
316 387
146 301
148 152
362 177
38 449
425 23
17 117
6 178
149 401
92 388
399 254
93 5
71 242
398 292
3 413
123 440
297 235
338 271
141 407
365 255
201 218
223 30
121 114
399 144
420 445
143 438
193 353
361 20
299 25
295 177
189 340
444 442
284 221
64 50
249 306
23 310
121 364
62 279
162 176
285 394
255 18
104 218
141 119
15 401
139 398
148 89
284 346
154 126
290 226
154 5
220 118
254 375
193 348
74 438
366 48
41 14
281 314
404 265
421 99
415 152
195 173
0 44
2 407
220 147
196 243
385 413
252 323
181 59
89 13
38 209
32 332
425 40
150 163
326 231
417 234
358 230
181 293
314 380
27 74
334 58
235 278
316 439
259 276
71 222
385 308
326 408
324 389
360 64
67 125
105 83
450 124
128 35
78 403
358 201
444 418
18 241
63 187
39 311
147 16
79 156
339 286
53 339
139 388
220 388
240 134
450 180
38 406
432 21
34 200
174 260
233 335
0 239
389 251
342 278
449 299
251 189
228 145
74 100
310 226
136 282
57 107
65 152
263 152
378 39
434 388
27 280
156 201
189 134
160 445
280 393
130 198
221 395
244 11
214 354
76 45
145 411
215 401
226 98
367 197
83 96
346 397
233 419
353 158
62 36
42 249
271 104
178 446
175 274
177 379
40 153
231 224
311 18
297 286
17 409
104 43
411 343
13 278
248 265
111 303
259 331
415 158
202 360
254 63
17 49
211 346
7 100
356 433
285 83
118 142
384 302
239 312
37 108
200 442
74 248
198 91
398 11
269 278
396 217
394 143
354 334
71 54
72 44
289 111
235 169
12 16
372 32
347 155
127 369
409 27
397 173
112 318
298 74
249 428
86 178
335 110
133 367
64 305
87 443
335 328
9 55
299 368
68 437
136 428
258 64
342 29
90 305
335 62
33 278
68 374
194 348
192 198
19 437
219 18
83 270
63 69
329 84
289 122
275 349
325 76
231 204
12 293
211 295
435 441
159 401
63 403
325 193
232 152
168 274
203 7
11 297
297 447
205 328
308 274
129 104
38 156
75 74
76 365
284 341
277 98
364 199
363 196
6 267
96 307
135 77
405 266
331 248
168 158
338 392
444 242
398 185
309 208
431 265
281 145
51 334
285 176
75 255
152 373
361 42
392 322
235 262
449 264
255 270
250 422
282 72
89 91
421 245
187 219
285 45
372 291
444 20
55 386
313 439
94 43
75 82
248 363
353 121
206 381
53 394
422 336
430 290
428 286
17 22
405 64
99 37
46 136
189 31
236 259
386 341
100 15
316 339
244 199
318 61
166 382
2 435
309 43
39 420
339 382
328 98
323 91
344 243
275 337
189 70
270 396
54 272
354 134
117 245
24 63
328 69
126 422
308 320
262 366
347 323
286 202
309 171
166 343
366 12
324 86
90 180
135 323
332 47
70 130
180 57
0 164
361 413
281 426
246 66
105 412
333 201
136 38
315 238
382 182
152 410
381 272
84 45
307 79
316 197
277 321
76 308
34 413
41 379
141 77
269 78
448 440
100 59
432 272
449 368
286 314
140 384
352 92
190 63
49 252
32 308
227 204
152 181
126 68
114 17
177 253
361 398
22 368
211 335
133 203
295 4
399 194
279 443
214 129
347 202
253 206
135 291
2 0
339 28
262 114
163 73
139 164
449 169
336 34
443 105
110 103
428 242
17 449
444 190
39 409
319 28
368 122
134 4
411 50
348 207
49 441
198 406
334 402
160 426
354 440
372 46
341 321
96 128
426 91
196 383
310 214
114 101
226 112
410 15
76 404
261 381
10 204
301 369
17 59
169 311
310 1
22 344
286 231
323 323
418 332
234 292
88 245
423 409
153 303
416 255
131 118
338 407
131 153
425 286
247 71
58 449
172 275
290 66
314 74
363 271
291 10
67 413
167 6
51 139
43 4
419 44
234 210
121 200
106 383
295 383
423 9
377 447
367 438
109 335
382 261
104 313
169 270
266 207
15 319
65 90
200 359
385 274
131 435
98 192
192 131
396 44
292 8
291 87
297 211
171 360
218 244
16 332
437 22
418 398
100 431
41 236
348 66
371 140
279 221
59 310
148 26
106 220
426 376
191 330
414 412
346 273
408 383
319 344
395 178
225 106
128 289
416 251
135 113
106 224
212 300
425 256
10 419
179 83
257 247
381 131
93 124
310 136
312 353
431 164
416 395
153 73
288 57
368 427
274 88
53 260
52 374
397 354
41 333
437 187
17 353
378 326
53 270
182 11
435 22
271 45
153 190
438 153
369 282
118 195
133 357
108 195
46 138
410 366
156 273
163 67
169 135
325 83
380 109
352 349
342 37
315 337
383 94
390 137
95 248
9 445
334 350
9 201
64 138
330 86
100 205
328 171
373 346
180 305
58 295
120 82
36 340
0 48
35 24
39 126
321 56
294 101
251 284
89 443
14 171
218 164
38 268
55 240
337 199
320 184
358 392
383 68
286 260
116 421
412 381
201 99
59 81
123 173
96 76
426 431
396 323
33 441
8 301
82 428
390 83
164 245
286 4
84 12
2 391
214 160
433 35
64 261
396 170
266 16
252 63
382 271
250 140
98 73
40 93
127 129
276 447
335 333
23 414
214 18
344 240
293 162
4 385
150 261
242 55
178 248
207 265
57 88
329 281
283 287
381 326
129 415
244 13
141 314
96 366
433 290
182 111
328 214
143 261
177 32
53 448
411 84
159 152
397 170
338 126
82 85
221 240
342 144
38 357
430 361
264 85
391 257
233 382
404 434
100 105
181 149
295 385
184 448
416 217
306 140
222 75
282 382
113 316
367 170
375 212
433 262
37 209
227 259
37 447
399 422
124 406
70 5
326 314
290 297
188 204
164 166
417 194
103 236
202 116
228 377
384 86
431 361
424 210
240 78
265 420
206 178
140 341
131 76
295 71
302 383
367 49
53 289
302 169
40 432
259 322
9 157
399 367
412 72
141 207
146 378
346 257
89 286
341 432
293 240
390 16
315 138
160 317
259 252
399 82
377 336
21 23
128 267
80 194
373 203
214 420
197 193
74 380
218 98
87 401
229 260
163 401
271 162
401 269
131 384
416 314
264 18
203 53
420 201
34 400
172 40
299 317
145 210
426 165
312 280
17 387
302 183
120 30
6 120
292 243
97 280
341 332
137 189
352 322
22 291
319 388
241 35
154 81
271 247
145 203
25 61
160 122
238 440
1 138
393 201
78 155
324 256
323 273
362 384
283 163
279 348
79 93
20 449
216 84
364 40
44 291
165 244
219 124
307 449
217 6
284 389
14 374
68 72
159 107
51 265
7 187
318 231
173 191
277 220
347 48
441 313
78 205
69 234
355 204
271 301
156 127
103 265
253 332
202 154
17 70
186 433
416 126
60 207
419 193
234 257
19 285
340 376
223 128
356 302
319 93
25 249
370 109
227 209
42 325
214 413
217 55
257 52
24 91
353 318
231 64
214 385
138 426
261 300
368 353
161 188
46 32
335 182
36 329
250 209
197 152
434 444
119 234
403 150
335 151
2 443
35 437
311 270
423 157
165 263
15 241
428 450
405 321
266 101
415 34
137 190
383 141
188 110
3 152
285 71
86 341
191 426
371 373
87 294
333 305
73 259
340 391
159 437
92 273
159 286
214 84
204 258
37 309
319 214
192 327
301 359
257 66
164 102
154 142
341 393
351 13
324 56
48 223
413 230
169 250
434 272
178 152
288 270
340 422
252 415
22 214
40 224
126 374
268 420
5 395
159 281
135 114
363 232
248 122
274 258
321 191
139 80
217 242
343 296
16 21
5 341
412 73
185 349
418 214
128 379
344 352
260 406
312 223
273 213
363 190
140 248
394 388
183 56
114 82
22 79
130 374
180 18
90 52
221 269
423 299
445 190
323 243
394 281
395 225
216 199
244 4
133 425
35 268
191 111
177 356
240 256
181 210
130 253
131 81
199 212
77 140
207 2
3 132
316 194
344 4
257 156
404 368
159 428
145 64
67 422
290 27
343 2
43 318
207 372
414 140
169 131
249 15
102 340
287 96
415 441
242 390
391 37
296 246
174 284
423 357
399 118
426 262
203 73
82 330
190 367
388 418
281 85
167 404
158 113
65 162
389 317
96 268
75 24
24 33
324 417
38 181
269 189
87 335
342 146
37 401
434 359
252 389
417 120
304 361
105 76
226 355
83 286
253 0
36 283
374 186
286 327
48 249
51 40
293 439
75 322
279 35
118 136
297 351
39 125
274 304
51 166
28 90
131 73
195 250
423 393
153 382
328 413
173 132
418 335
194 260
46 446
67 304
418 324
57 284
217 36
325 126
219 57
8 296
255 410
78 218
350 177
376 228
315 318
3 217
267 56
3 224
405 384
307 328
172 43
410 167
26 235
312 2
442 310
109 110
411 338
88 190
276 175
309 324
10 388
84 103
240 22
239 398
342 47
162 237
200 59
343 215
71 198
173 258
211 196
166 211
98 220
82 416
89 15
414 76
117 43
323 100
414 68
16 51
392 32
366 38
370 119
188 430
433 347
310 130
145 155
138 295
332 143
401 202
156 69
46 74
285 66
435 172
339 343
241 299
304 291
391 395
66 140
17 395
114 350
233 253
417 190
295 158
410 236
337 203
172 111
303 298
291 149
90 210
264 113
210 137
44 34
15 237
140 254
303 67
287 448
313 194
140 78
20 387
133 388
95 440
21 412
125 13
101 424
48 431
34 418
435 207
339 79
159 117
345 94
75 60
329 246
384 214
387 403
287 278
182 24
311 166
26 196
324 331
339 303
346 15
427 238
99 389
205 210
354 444
76 246
13 147
171 172
57 266
95 448
342 207
78 258
410 428
92 318
177 147
307 224
441 231
184 429
25 306
233 330
126 187
87 98
291 106
10 311
363 394
235 303
159 283
159 400
33 77
336 224
222 115
424 298
66 341
402 107
108 211
274 372
280 261
170 379
157 331
421 2
178 151
106 444
437 215
152 7
404 251
54 132
58 404
117 441
345 396
353 53
107 253
443 339
310 231
20 58
395 206
184 253
103 78
280 401
417 354
40 440
113 140
301 81
414 311
342 318
161 92
394 291
63 126
372 410
400 302
145 84
54 417
394 186
272 118
98 210
134 49
195 253
351 383
33 386
326 226
202 385
197 392
276 17
383 67
63 18
428 167
349 343
397 208
263 408
114 389
15 293
242 133
85 352
289 20
302 316
300 28
197 143
179 6
113 320
214 190
327 151
40 85
152 106
15 104
7 300
276 105
343 430
12 103
44 208
57 59
258 126
367 426
92 308
169 104
314 196
221 427
167 39
447 334
371 371
340 208
312 365
195 159
400 245
394 347
338 428
62 310
210 98
25 307
210 136
432 432
184 379
371 168
215 27
346 210
265 203
170 269
227 253
387 142
439 345
123 135
195 316
30 420
243 292
431 351
166 370
418 286
254 204
183 274
342 275
11 79
206 332
109 402
157 411
330 81
51 419
38 124
72 244
9 240
112 220
311 104
113 411
298 308
229 448
310 72
127 139
368 405
179 33
11 72
274 72
282 228
196 267
438 398
386 370
16 333
19 283
266 154
120 366
437 314
331 238
241 161
73 396
442 40
329 150
434 115
49 221
66 241
214 261
213 184
20 276
338 12
293 306
186 275
144 197
31 22
205 356
316 88
208 238
319 362
139 228
446 322
255 136
342 161
446 319
370 213
342 296
424 124
114 57
333 328
299 221
199 115
16 199
115 248
202 7
437 66
325 238
420 369
5 342
79 205
357 134
50 341
291 334
301 434
26 110
26 80
285 290
171 403
214 13
416 380
183 248
405 237
394 372
317 51
72 439
404 224
272 446
378 247
398 67
26 18
230 224
375 189
437 197
35 412
245 21
380 377
299 137
169 367
396 99
434 435
72 317
274 10
257 129
7 252
407 342
51 269
24 12
288 312
42 278
24 64
418 90
379 301
321 254
58 363
340 359
419 444
253 262
350 126
14 338
424 95
349 45
352 334
157 221
439 294
450 200
286 437
92 77
81 32
118 15
368 232
143 293
400 142
33 127
86 75
204 151
310 148
292 77
213 197
135 112
337 425
302 308
329 251
276 395
207 46
333 57
132 27
349 377
251 68
141 391
127 196
425 24
62 365
46 349
344 385
411 70
114 415
175 364
416 206
4 351
269 220
25 174
99 33
241 156
154 47
244 115
325 183
182 328
379 445
86 436
213 101
283 423
281 163
64 258
163 46
104 32
86 60
7 146
245 57
261 189
357 126
93 173
55 130
400 13
54 47
289 192
239 84
161 122
0 148
175 147
62 160
340 232
322 360
352 321
135 372
403 149
221 21
298 412
259 320
275 213
246 187
414 147
8 170
132 44
96 65
430 170
116 291
53 74
306 355
42 307
99 347
319 103
103 44
392 235
238 62
153 405
177 301
136 172
226 327
331 97
353 228
263 86
102 167
148 74
2 209
314 180
335 354
52 438
417 296
354 178
386 382
187 8
270 358
383 62
386 209
86 156
11 77
220 35
57 340
369 133
324 119
43 133
283 314
333 48
253 176
124 237
78 96
226 314
378 442
259 228
1 433
9 152
366 85
112 305
144 82
121 59
113 390
247 27
82 87
180 212
147 190
299 422
299 201
127 354
380 239
351 270
168 73
76 211
280 417
16 105
79 315
320 448
396 114
0 33
119 22
358 111
140 245
275 378
390 198
359 54
352 150
148 195
116 411
377 251
391 306
230 6
3 38
137 123
309 446
210 213
355 394
421 174
140 143
104 219
184 227
37 41
260 243
55 307
427 431
126 339
39 100
4 355
160 212
364 448
319 119
397 111
229 5
174 328
0 430
89 24
398 169
117 7
425 62
350 355
369 162
86 425
110 20
113 107
163 124
343 48
437 42
107 236
330 138
83 99
374 364
9 352
308 66
175 50
124 41
90 29
441 68
327 172
337 99
286 156
54 202
424 80
340 9
212 0
286 222
319 320
198 367
32 255
303 146
5 141
416 194
198 411
218 349
161 400
41 396
311 343
202 274
303 350
59 57
31 126
14 237
243 184
103 292
180 24
9 34
446 175
168 252
199 50
99 294
315 393
418 41
386 345
159 227
225 264
260 32
124 180
104 409
164 380
283 32
121 132
11 345
160 2
406 340
123 344
175 324
257 402
20 364
167 86
268 80
149 241
48 231
233 347
270 129
93 449
341 437
227 360
439 283
277 186
388 248
168 207
89 84
261 377
257 175
176 192
309 61
218 97
207 367
348 118
100 341
353 316
250 391
71 15
224 285
64 359
272 328
175 60
323 318
44 258
50 351
138 265
76 277
404 410
306 197
114 208
316 215
309 93
225 114
202 111
348 259
393 403
13 327
399 128
243 81
63 14
314 428
164 140
93 91
430 181
97 182
14 249
437 112
435 405
185 290
336 14
288 330
199 361
111 450
439 254
309 382
105 213
225 229
165 37
84 265
81 48
259 195
311 53
26 298
291 174
87 314
333 237
197 68
349 118
98 313
42 281
24 399
16 63
412 261
232 434
53 449
443 399
370 241
33 171
185 156
138 64
130 222
285 36
399 426
385 162
304 243
163 352
173 356
342 111
264 369
400 196
33 356
210 100
133 401
267 367
59 271
115 371
39 181
162 49
338 414
88 304
224 172
289 228
158 148
381 366
269 174
171 258
96 172
27 57
163 207
96 200
85 98
211 273
445 147
70 346
197 219
52 159
372 145
53 171
221 82
416 201
348 400
0 255
261 287
35 114
275 211
351 328
353 126
112 381
437 285
30 59
7 243
342 99
215 344
154 161
99 29
210 9
354 179
371 326
441 8
325 3
321 86
99 120
397 74
33 178
248 54
102 176
93 155
420 259
173 394
226 234
346 146
293 365
371 55
51 389
241 136
234 135
300 242
200 184
196 145
326 130
424 233
165 301
115 258
157 339
440 20
264 75
113 445
379 270
449 416
388 26
185 415
93 112
99 344
160 225
322 19
4 120
236 58
448 79
429 396
224 423
191 311
39 6
328 58
97 299
409 233
162 228
69 99
15 331
299 86
231 291
94 395
313 170
373 63
235 413
164 307
197 126
328 126
294 342
418 115
429 261
76 214
173 60
34 397
26 119
29 171
126 63
10 146
198 186
109 22
442 331
151 391
287 215
127 209
113 196
317 336
11 74
231 212
174 380
198 126
94 251
409 408
96 161
382 307
370 337
282 345
385 288
193 151
211 220
265 28
155 98
82 234
48 68
121 375
376 145
27 372
241 300
245 368
294 28
109 221
304 170
52 158
302 419
399 76
111 127
266 333
322 316
177 312
133 361
429 356
42 237
319 372
271 313
255 347
384 74
391 434
449 44
342 27
316 441
223 98
397 105
3 312
224 234
274 324
136 450
182 204
105 185
58 375
12 79
62 423
257 136
273 388
27 39
38 32
312 22
55 373
103 267
352 307
107 10
240 436
142 282
126 229
328 244
449 31
169 28
394 229
338 284
227 139
36 337
353 46
434 131
235 31
320 17
283 302
424 76
364 352
4 306
164 156
132 60
396 288
282 289
332 225
11 137
113 272
321 354
124 188
250 168
352 160
25 134
83 288
27 167
67 129
130 206
236 60
436 430
120 353
13 111
364 234
175 432
392 343
74 15
125 273
139 394
61 374
5 147
432 187
208 213
393 441
212 371
5 70
338 187
329 308
117 273
354 120
331 257
221 385
14 69
190 258
296 69
261 137
89 362
206 192
428 268
235 389
207 362
157 153
362 262
169 105
387 1
105 320
390 444
434 183
272 116
7 431
71 128
238 350
297 343
64 332
22 107
386 168
18 23
448 161
348 59
126 237
418 285
50 383
44 343
191 368
138 378
131 291
143 262
265 238
192 267
89 169
194 379
26 176
414 143
367 81
116 336
214 439
437 116
388 85
63 71
338 113
56 424
428 358
316 41
124 17
157 77
32 193
80 188
214 17
100 124
148 199
352 146
312 8
94 441
364 351
307 231
52 282
181 180
371 235
350 413
105 330
131 422
147 216
343 249
25 162
9 358
71 49
49 398
132 106
392 391
395 6
228 60
134 88
100 236
244 42
18 443
8 121
286 176
150 118
250 355
111 412
245 401
278 305
79 196
271 170
206 348
60 220
340 279
186 286
404 212
377 91
286 133
416 425
132 312
76 258
327 30
152 107
280 192
127 21
432 49
306 343
30 401
217 273
275 37
255 212
166 253
174 291
361 399
276 365
121 52
306 344
246 382
172 351
294 100
19 59
87 6
343 384
421 353
163 367
395 359
426 211
312 327
444 216
320 92
361 164
407 202
44 161
137 434
284 381
36 391
329 249
391 278
106 293
222 201
208 93
238 318
227 341
163 86
189 404
375 410
135 173
44 361
252 237
0 117
92 109
144 433
181 396
142 132
442 19
172 109
105 388
321 127
101 421
414 414
24 314
215 110
225 29
406 143
23 143
151 84
429 192
339 426
255 282
299 98
111 5
294 276
429 415
320 390
168 360
250 5
179 309
36 193
24 31
355 273
84 363
234 40
392 136
235 348
17 216
365 218
180 82
439 303
25 392
281 219
284 80
5 322
232 240
413 151
418 315
162 352
111 199
385 217
388 233
5 310
332 232
205 302
101 165
230 292
424 283
240 296
177 67
137 409
61 281
144 185
350 278
320 171
395 419
356 269
425 224
227 407
29 193
257 314
169 266
59 32
58 252
170 262
49 234
247 214
136 72
155 257
192 8
222 431
437 206
205 146
55 392
120 159
269 432
417 196
146 90
436 243
322 81
189 386
211 138
401 376
52 219
317 324
144 117
208 307
312 168
276 229
240 187
93 287
186 57
75 17
26 367
194 98
83 166
334 145
405 191
112 425
280 208
289 351
197 144
330 328
284 329
166 353
16 163
387 281
12 228
402 406
343 53
24 176
39 353
325 105
82 82
149 47
421 18
7 326
39 372
97 129
239 325
103 140
323 450
262 56
406 138
398 325
304 342
384 399
308 76
270 273
18 284
86 388
68 354
248 187
409 435
166 224
304 314
408 355
320 300
409 272
194 427
130 150
219 429
273 228
292 313
321 326
95 304
382 310
193 78
327 54
267 364
272 84
380 436
121 256
199 174
291 366
362 201
368 12
97 148
88 95
209 311
118 28
251 159
409 421
420 228
163 303
26 257
225 239
178 401
90 356
25 28
435 46
252 228
44 372
150 446
24 184
79 297
25 259
313 397
383 21
328 207
158 314
118 53
425 219
10 315
350 20
322 273
99 107
97 297
155 163
42 263
2 388
418 419
445 81
400 392
285 221
371 243
337 37
184 54
205 353
57 295
197 393
146 35
221 196
85 51
426 145
401 232
333 238
87 367
286 276
128 280
405 174
9 125
308 251
431 196
36 152
434 344
162 449
292 143
359 327
211 74
198 410
146 219
249 373
398 388
230 80
217 47
338 48
74 68
397 46
161 166
233 68
207 238
31 59
156 286
14 297
318 172
193 438
312 58
15 97
426 342
75 116
27 213
313 130
231 430
123 168
85 115
192 423
435 257
146 376
240 441
195 8
87 261
178 335
93 260
404 244
448 387
12 149
93 58
121 221
148 407
229 190
109 251
33 126
253 165
398 385
401 393
411 88
148 440
153 378
49 371
32 368
196 308
92 263
226 253
411 366
125 415
165 30
224 425
74 271
255 428
136 122
368 144
313 210
240 17
319 109
384 143
375 159
17 96
63 157
302 121
97 144
346 94
112 386
118 425
407 262
384 83
183 300
47 287
77 19
190 207
361 284
256 186
9 196
95 214
190 129
17 171
232 169
374 321
265 442
310 265
122 47
307 419
263 6
386 238
14 303
132 390
103 117
341 410
144 71
285 424
141 297
35 296
238 401
412 190
18 374
206 359
85 13
382 68
133 185
128 416
70 311
231 28
139 450
199 393
121 40
80 216
13 411
443 32
14 336
239 155
447 25
433 3
414 447
277 378
72 443
104 50
150 330
390 56
216 428
230 59
351 135
173 391
307 342
162 212
234 182
388 72
62 399
60 437
26 262
218 111
286 428
1 402
203 36
297 296
435 229
389 304
346 239
386 98
166 355
396 253
338 219
36 301
59 257
59 16
95 334
51 63
393 359
135 285
221 299
46 92
26 60
18 290
186 108
129 429
125 420
68 176
134 433
182 253
199 366
83 77
113 207
309 90
212 141
417 126
276 274
164 174
272 434
248 398
143 430
159 121
239 142
63 86
295 245
446 352
146 209
77 352
413 306
417 383
153 337
302 238
121 105
432 134
96 343
273 158
103 54
38 24
42 350
439 307
148 427
378 108
8 243
369 124
377 267
180 252
62 413
359 366
86 387
272 142
340 95
221 273
256 52
449 100
205 311
305 22
123 239
344 395
103 33
72 361
130 92
234 31
7 274
421 190
440 310
218 247
334 64
343 141
439 143
44 427
24 54
352 389
15 114
156 71
298 123
217 154
312 337
13 356
95 310
261 263
23 214
181 47
45 266
48 311
152 372
201 61
166 275
278 281
236 412
362 286
326 126
272 326
198 397
398 430
119 401
448 218
235 11
112 444
350 38
56 294
227 157
430 35
371 166
278 199
228 402
44 255
243 441
151 442
151 22
436 133
257 57
72 421
93 143
242 330
399 420
0 424
326 365
247 421
309 130
249 177
397 157
217 428
2 30
302 397
81 142
408 427
223 374
166 69
429 283
58 249
32 287
183 195
252 386
5 410
144 297
449 54
141 112
141 46
39 331
49 65
32 203
320 289
145 216
238 60
28 386
338 357
424 440
234 224
43 97
317 46
294 97
11 307
175 351
162 35
74 25
286 309
425 43
45 280
417 144
387 113
303 26
357 343
133 39
232 258
174 441
212 88
288 174
371 111
333 431
207 54
99 2
141 225
271 113
314 283
449 436
438 390
13 75
216 52
406 166
135 434
221 314
89 156
45 261
430 411
450 352
195 320
6 308
182 228
167 44
144 210
3 377
107 22
105 55
292 366
368 390
379 25
83 128
398 351
337 396
194 412
427 66
313 127
422 245
178 115
441 181
0 268
190 196
40 23
24 225
61 229
389 354
283 365
263 314
235 100
228 432
61 206
214 423
377 11
225 87
296 193
221 322
267 60
71 177
156 283
130 234
65 335
258 351
311 275
145 217
88 107
83 320
441 314
58 170
225 327
104 90
56 327
255 444
27 416
55 355
130 258
404 445
236 180
8 94
344 237
374 338
186 370
24 284
262 147
141 405
271 291
392 12
42 407
280 237
314 167
265 311
121 44
253 391
325 280
113 30
324 393
199 135
43 64
401 46
151 405
36 216
386 4
173 77
200 177
60 273
8 394
72 300
7 333
98 334
418 381
284 268
383 349
384 333
260 147
346 367
417 119
120 44
370 7
254 316
355 155
232 137
191 435
279 238
129 374
35 422
242 117
103 319
122 359
23 328
77 94
111 389
424 247
367 210
414 353
346 254
219 236
120 200
117 39
392 60
196 227
433 138
298 429
122 20
305 40
299 394
137 182
247 157
70 352
364 128
373 298
201 202
399 91
60 39
239 353
279 161
149 251
23 105
114 247
420 276
86 229
265 218
241 114
424 26
286 378
108 171
210 90
180 59
417 186
131 260
415 334
401 173
101 385
174 353
247 387
244 191
325 266
220 323
23 80
429 61
318 211
17 114
147 7
406 236
186 397
330 263
449 448
323 349
169 218
371 315
219 214
87 120
183 97
407 213
34 313
57 214
377 1
410 268
394 252
280 14
166 278
63 28
51 121
56 214
415 180
278 443
150 146
405 294
118 110
88 291
413 410
251 349
379 0
340 410
176 181
80 174
327 390
260 153
309 248
177 409
163 110
1 221
386 87
219 409
145 371
60 69
283 262
195 143
94 227
293 192
202 328
65 101
440 58
129 335
243 181
386 358
295 99
46 71
149 449
442 49
271 59
335 2
250 25
388 398
278 280
5 283
447 125
3 308
41 383
141 267
228 374
255 362
275 326
426 328
423 240
16 149
424 344
134 245
416 392
83 354
150 120
225 268
220 104
273 172
191 350
81 71
377 120
110 335
258 52
378 142
326 57
326 181
123 435
226 135
387 14
269 155
128 58
418 277
160 6
371 280
231 196
202 120
4 243
5 271
183 305
356 304
185 73
124 332
43 423
256 391
210 421
263 132
13 185
256 394
4 79
148 176
104 104
378 322
133 198
266 332
127 408
25 199
277 246
223 62
249 5
10 202
285 172
415 363
316 370
85 183
406 300
210 128
134 342
377 188
377 4
86 265
273 24
5 445
30 261
356 412
54 309
414 320
29 17
317 30
191 126
76 46
416 418
22 108
429 284
215 351
192 66
46 6
398 404
23 0
190 46
11 234
50 169
239 359
202 176
137 425
259 43
89 144
308 403
442 119
372 312
321 1
114 134
314 295
328 29
391 336
94 48
222 288
396 343
155 272
152 52
342 184
127 91
273 105
241 4
311 88
195 202
239 273
441 215
286 14
38 18
347 279
84 300
51 98
294 269
129 129
17 184
179 443
428 158
239 10
336 85
237 326
194 220
14 54
358 139
136 321
143 221
352 377
195 293
213 348
338 17
418 282
147 282
297 397
137 150
188 188
140 37
29 77
236 410
280 318
197 324
94 409
96 224
308 94
237 131
120 400
250 192
411 22
124 162
162 36
305 38
411 426
328 151
337 349
18 153
56 66
272 399
43 252
420 87
95 437
372 178
25 367
369 153
74 261
343 45
187 311
314 128
314 201
298 188
99 361
61 37
363 417
237 66
398 416
163 248
146 150
218 342
410 26
425 196
251 264
319 265
305 149
133 338
106 164
56 138
16 409
191 251
35 428
235 136
373 274
135 267
392 203
256 416
158 234
24 376
26 129
106 310
408 40
98 174
272 413
311 311
128 402
354 175
331 407
433 230
422 243
56 174
194 151
35 357
401 342
12 215
276 345
240 145
200 103
446 362
226 334
76 334
11 247
375 44
448 45
312 237
119 326
183 324
159 13
182 288
398 405
258 203
425 373
96 254
76 62
361 282
228 205
430 180
420 212
306 4
135 53
275 55
370 153
78 338
396 211
342 443
152 177
407 2
69 77
209 354
94 294
301 234
248 153
399 180
111 382
186 103
216 414
27 51
227 363
418 305
184 313
195 426
76 19
410 78
374 0
45 344
109 299
181 127
97 142
208 330
110 241
430 176
306 409
236 193
117 382
430 311
357 6
320 25
206 34
390 223
438 114
433 126
48 280
279 34
137 315
291 99
174 50
347 212
386 324
176 22
202 85
47 386
310 203
146 310
437 421
413 335
263 362
202 316
324 362
199 4
367 380
155 318
40 334
429 129
280 414
32 267
367 122
131 366
315 68
363 332
153 212
336 78
329 173
25 245
338 426
189 379
276 337
388 358
142 20
444 128
330 438
281 132
176 36
227 95
433 436
390 180
125 287
257 273
351 77
280 8
312 172
367 334
273 332
272 378
275 239
196 149
43 74
376 119
357 273
198 257
6 249
175 71
400 423
201 29
388 433
150 355
166 200
27 333
4 138
17 118
154 291
354 374
76 278
320 143
312 254
85 402
233 317
444 137
149 252
193 227
334 329
155 405
372 435
17 95
5 90
201 348
397 127
92 163
93 101
348 190
437 304
223 346
175 67
350 211
440 353
64 356
183 67
303 400
6 260
206 93
47 185
213 160
69 418
350 141
160 156
45 27
142 134
177 138
114 81
342 324
55 393
337 323
447 214
20 281
188 46
378 267
245 440
349 198
387 279
204 203
392 334
373 3
418 218
280 0
70 323
158 438
175 164
66 131
27 186
391 413
155 378
144 214
309 387
292 276
210 138
55 309
22 325
136 17
91 432
341 267
397 59
260 80
184 62
272 295
99 363
283 144
443 410
295 247
325 194
105 176
60 398
231 94
76 412
89 102
249 354
329 326
173 95
435 263
340 21
119 274
33 344
2 187
250 297
309 146
219 176
399 424
135 377
277 341
390 30
56 111
41 287
392 22
230 283
433 381
149 277
315 37
436 253
166 8
279 351
411 183
8 388
284 379
303 419
18 301
263 113
58 403
435 226
248 227
216 160
268 360
83 389
120 419
241 164
425 310
448 57
318 51
181 143
169 70
448 199
91 400
235 232
147 18
141 294
366 180
169 245
78 313
124 195
278 274
45 365
145 165
393 407
181 335
335 358
309 236
86 393
437 436
208 141
39 345
94 286
187 268
156 292
36 155
403 59
235 153
84 223
443 101
90 170
380 345
256 246
393 55
318 306
229 402
437 303
73 61
426 164
126 167
207 114
265 76
135 407
381 278
339 321
55 77
242 74
5 197
272 218
171 390
204 351
332 323
244 74
302 204
234 125
10 9
345 29
55 332
154 98
166 171
255 180
207 160
78 390
26 433
412 167
149 434
254 223
230 197
386 314
158 413
113 432
404 382
365 303
407 215
294 346
66 111
393 94
104 320
200 377
266 255
267 219
320 236
119 354
58 332
286 362
158 155
318 152
428 30
62 78
352 106
344 149
76 336
348 339
435 58
437 196
281 64
337 77
115 267
448 240
286 435
5 61
431 208
319 447
204 108
8 39
19 207
9 236
52 362
143 84
116 310
134 375
220 276
156 223
38 426
212 311
410 270
162 383
378 288
187 10
58 384
143 210
206 3
354 406
197 64
450 0
19 267
199 347
269 280
189 441
30 275
11 213
252 241
394 282
307 322
33 415
182 73
21 345
68 210
93 128
285 298
255 429
196 41
271 191
92 434
91 156
397 225
369 6
48 256
353 330
91 238
155 67
201 407
56 266
238 383
364 385
56 115
64 155
240 431
276 129
29 287
207 117
316 302
361 266
270 241
334 96
32 130
155 197
435 169
120 285
143 294
429 46
349 193
56 157
198 115
393 29
417 177
9 365
266 51
340 336
322 415
24 195
325 225
99 114
295 334
312 160
407 130
193 50
145 430
317 378
200 89
15 207
226 207
371 153
401 25
389 243
153 339
264 203
362 422
345 55
424 406
161 47
187 293
168 181
104 366
109 322
289 346
313 178
14 99
228 91
276 228
285 334
356 196
429 388
115 242
27 78
199 107
423 388
340 302
141 106
252 154
124 28
204 219
126 297
271 172
267 277
126 104
272 433
120 63
334 98
329 372
208 419
148 162
143 318
18 250
52 16
435 331
393 363
202 53
359 116
434 291
295 216
363 280
273 276
241 36
186 207
316 403
346 10
251 381
331 176
352 171
171 293
404 155
233 371
151 307
93 9
200 333
198 237
20 392
398 74
219 398
345 415
154 224
62 367
293 143
283 207
84 75
18 199
78 348
143 23
93 44
312 69
404 112
309 342
190 264
204 346
3 53
93 388
328 314
287 80
364 136
149 347
147 228
17 270
178 182
301 200
223 142
28 166
433 160
285 46
65 448
417 416
303 131
390 142
407 87
331 115
46 400
208 41
407 380
361 434
84 304
428 127
56 67
22 192
239 44
273 404
91 177
46 88
239 249
38 22
179 151
18 14
118 378
428 281
212 319
27 413
337 256
186 115
75 128
270 285
359 100
435 194
83 299
388 357
257 197
97 36
41 16
267 347
119 99
403 241
372 311
133 259
442 338
340 372
421 237
385 389
18 180
413 381
122 263
26 62
402 102
102 158
136 254
428 448
10 227
150 141
12 359
51 307
114 194
74 450
317 103
360 216
419 6
225 53
119 176
260 385
53 353
355 0
58 126
117 291
145 62
70 107
384 201
27 258
283 225
40 233
80 82
417 185
385 1
291 408
77 169
406 405
416 148
325 416
138 391
86 347
120 56
219 337
39 222
218 306
36 72
154 12
175 128
195 230
273 127
430 276
148 181
392 296
66 51
251 26
74 286
187 62
270 242
286 266
50 306
37 415
417 52
137 231
378 255
170 300
297 176
111 293
404 125
29 408
119 160
445 201
107 304
158 364
295 241
298 262
165 82
21 150
251 291
115 418
371 34
338 102
402 306
193 385
108 275
106 1
213 195
85 281
19 369
113 336
228 392
442 25
326 193
268 193
439 337
294 227
242 64
330 144
160 209
393 280
142 70
63 59
203 117
105 239
34 241
169 349
97 399
93 4
359 394
383 305
274 204
211 257
175 150
73 339
345 52
91 358
332 346
440 61
46 356
78 105
196 277
274 66
415 302
232 263
362 265
250 253
292 181
93 116
340 256
8 81
159 358
49 307
242 260
129 72
278 438
394 363
384 9
307 110
166 410
182 307
296 342
326 421
167 120
81 201
122 303
344 349
279 414
98 416
229 263
114 423
311 85
207 325
336 260
28 344
58 287
168 284
276 310
348 107
198 242
306 0
311 427
212 374
281 126
418 317
29 46
129 82
170 333
129 408
6 340
236 283
19 388
302 395
440 190
310 186
2 57
202 271
358 94
65 399
128 129
421 381
443 43
218 243
285 171
439 404
118 406
162 372
33 450
429 326
408 422
158 192
440 290
436 87
35 70
340 322
63 448
361 376
55 346
145 255
151 201
369 65
60 387
270 321
194 436
342 327
346 315
356 73
406 115
273 433
447 108
355 268
122 234
389 353
24 273
389 23
346 150
421 327
137 221
213 359
443 213
218 427
10 186
301 280
213 283
213 336
141 123
370 378
163 66
202 286
244 292
14 27
20 277
391 63
113 310
430 17
351 324
98 49
135 369
55 256
125 278
23 209
348 72
283 267
84 294
450 425
91 52
408 440
401 198
39 383
360 377
295 220
147 27
257 25
347 166
256 428
177 444
255 190
172 284
91 39
112 371
346 387
141 26
318 360
351 158
331 274
358 231
282 281
377 2
64 343
215 203
79 250
374 339
291 259
392 434
383 314
304 141
245 95
446 67
67 226
434 355
307 120
391 315
349 205
115 127
384 178
72 412
385 260
138 269
106 211
93 115
175 320
442 94
128 264
323 282
277 337
247 109
383 302
11 127
425 290
440 283
214 270
383 88
149 316
330 27
346 83
259 177
417 207
98 263
306 258
436 101
120 4
407 34
57 13
90 437
195 198
385 5
293 288
401 66
71 207
2 418
384 267
250 146
204 356
325 402
82 236
38 109
193 229
203 4
177 386
109 34
410 275
41 368
157 362
103 421
88 85
413 112
202 86
153 417
277 211
326 384
374 69
359 416
308 167
170 121
211 431
188 442
82 248
253 354
89 181
303 413
222 103
170 19
414 323
141 427
3 410
225 124
362 375
69 408
121 402
117 182
31 387
264 102
432 200
81 66
206 314
188 409
96 238
83 406
217 367
25 236
13 307
346 340
250 157
183 430
4 271
197 18
53 406
209 384
413 251
289 84
163 31
161 96
390 163
66 302
6 183
131 279
228 307
358 194
342 196
369 70
66 284
95 205
149 295
112 71
222 332
338 164
436 383
41 34
180 283
328 290
242 33
161 331
48 448
119 296
316 379
166 75
375 401
152 315
306 172
371 154
255 271
295 318
105 212
281 216
428 440
436 420
192 47
333 275
186 137
374 5
63 437
288 272
228 115
176 109
196 346
13 64
394 126
107 327
114 317
351 52
211 77
322 6
53 364
337 150
297 249
433 191
55 424
210 68
34 358
280 102
260 355
392 206
82 450
354 161
16 80
47 408
409 270
255 303
295 126
279 400
261 183
135 260
286 177
52 137
163 320
183 145
1 279
247 238
348 394
93 39
111 134
269 334
182 313
243 20
80 8
386 221
227 318
221 337
60 315
413 15
81 432
83 333
330 219
277 80
443 286
322 266
436 28
324 95
349 240
137 156
229 122
214 430
248 94
319 364
194 118
356 361
401 362
6 430
417 140
392 316
287 255
118 410
227 285
193 305
261 126
153 209
154 15
436 333
238 316
370 87
449 25
429 32
34 113
79 149
391 54
339 68
162 188
10 437
76 174
91 436
431 40
46 8
114 352
43 245
174 428
129 351
305 72
380 250
152 102
360 93
269 410
301 315
311 280
189 274
35 430
307 70
39 424
227 255
381 264
69 212
347 144
31 123
79 243
111 356
91 139
341 292
355 256
362 109
377 436
30 256
143 380
260 369
59 87
45 117
369 132
323 173
215 372
182 0
39 217
41 345
86 225
397 7
93 196
364 152
348 39
24 193
405 94
63 268
366 120
139 48
288 211
8 338
415 370
39 289
287 19
29 159
365 211
121 90
347 362
341 198
382 61
253 410
239 195
42 80
278 243
448 136
322 226
121 34
267 147
33 100
443 161
358 32
349 113
380 172
387 64
55 356
278 151
429 60
436 260
38 15
28 114
201 257
448 261
239 113
337 57
20 355
404 374
283 381
318 58
30 366
316 230
210 210
239 438
450 59
422 317
238 302
426 434
28 182
438 263
371 23
102 88
134 99
64 298
328 289
207 272
302 279
101 266
33 160
200 159
176 232
318 194
121 32
211 15
306 127
361 437
95 405
60 108
209 24
172 130
342 257
384 413
314 285
38 399
186 155
254 381
279 217
0 298
4 208
445 396
385 400
370 136
106 158
125 72
319 72
448 209
38 189
342 62
82 173
63 287
368 292
381 437
73 337
123 301
324 440
125 412
326 191
295 415
336 403
185 81
98 83
335 416
342 101
160 295
101 436
107 232
350 124
253 248
312 362
68 103
448 298
88 69
148 156
96 284
253 82
225 348
313 310
371 56
417 105
358 320
368 299
346 8
375 184
34 210
200 150
411 319
306 228
64 406
328 49
224 54
135 411
137 348
111 182
301 391
194 270
117 214
231 104
344 190
160 260
321 398
191 45
305 157
289 258
2 101
45 406
228 106
94 214
24 329
220 437
17 438
204 357
345 205
417 110
103 261
367 105
116 210
226 233
67 412
399 164
96 298
295 82
288 205
46 233
93 125
128 446
22 282
117 173
410 143
229 403
336 263
190 51
79 409
73 27
389 125
446 66
324 211
197 441
125 85
306 196
111 200
395 244
425 98
238 376
304 181
161 280
345 397
349 95
10 132
65 49
204 139
20 230
90 191
268 84
155 31
131 283
404 332
390 306
150 371
267 138
307 437
243 98
312 321
128 95
429 26
357 307
249 117
228 130
237 397
340 449
228 322
294 311
27 65
372 342
316 326
432 322
166 21
33 275
331 273
202 225
120 189
22 375
429 333
301 316
435 127
387 304
121 168
426 323
263 85
396 450
214 264
2 28
359 339
75 349
127 436
378 68
155 160
25 416
369 171
211 246
26 446
144 37
106 149
136 294
113 319
274 329
417 57
248 356
421 82
23 118
405 75
385 356
247 306
35 369
317 404
233 142
133 263
213 41
243 268
83 342
94 433
443 36
277 348
189 390
283 265
274 339
295 55
118 143
240 340
206 217
418 194
382 413
25 447
165 72
56 447
219 198
432 144
254 237
150 0
127 276
153 404
415 319
405 17
55 83
230 351
145 283
356 183
141 320
290 295
386 409
27 365
328 446
450 117
21 39
42 103
284 15
394 105
298 399
134 384
294 415
105 399
279 291
443 150
79 109
70 180
103 269
137 321
235 254
105 70
141 163
60 73
271 105
348 109
427 256
253 382
373 239
282 148
23 298
271 87
135 402
372 378
418 84
220 88
221 318
35 266
130 342
217 374
225 25
58 161
207 25
289 127
311 25
113 127
13 316
138 118
237 74
73 405
321 60
114 280
363 287
364 355
157 305
232 94
164 286
446 354
9 120
158 69
442 356
40 410
12 341
222 289
359 145
141 359
356 194
130 252
218 424
125 61
2 52
105 157
6 156
442 96
100 368
33 262
307 87
230 142
249 123
53 379
419 7
431 224
61 345
217 191
66 178
64 274
334 434
201 302
109 134
389 263
234 434
129 322
288 435
388 290
29 268
315 208
255 425
279 358
85 180
183 340
208 190
86 310
113 35
168 343
129 214
423 304
54 269
113 372
251 16
437 106
325 158
363 337
248 286
306 105
9 74
5 303
378 206
99 317
398 225
63 31
198 316
398 183
172 250
334 236
209 65
380 267
44 270
49 51
30 0
239 50
110 331
184 148
43 195
292 355
316 169
307 42
441 241
155 209
219 313
51 344
90 384
239 120
27 288
402 105
10 303
57 23
58 72
377 67
314 277
331 149
17 303
261 414
281 107
179 25
180 143
74 319
203 198
401 400
425 118
97 195
204 436
322 217
20 325
379 108
158 416
331 339
49 235
285 443
382 224
222 271
430 356
394 179
442 187
131 295
360 238
57 418
360 186
205 168
225 49
297 99
300 218
392 320
198 2
365 3
135 354
428 228
99 259
261 337
35 382
300 281
369 116
379 430
94 146
198 130
26 143
230 272
244 406
110 267
22 0
27 7
111 208
101 12
317 63
71 441
20 22
439 438
149 445
448 41
338 413
418 418
171 254
169 175
103 448
97 90
274 2
233 337
120 210
79 62
370 201
107 71
42 229
44 353
236 107
75 57
316 114
303 42
297 128
269 138
259 23
432 0
324 43
141 33
54 65
366 353
256 427
118 304
288 292
175 0
343 226
329 181
39 254
431 167
307 378
340 316
173 201
232 79
247 239
109 422
37 264
52 121
316 337
235 329
281 45
423 171
324 404
261 370
365 30
121 448
119 300
32 76
131 7
68 272
391 92
291 388
196 363
158 339
229 290
14 371
94 269
86 41
177 16
42 65
34 116
78 319
368 114
150 414
0 52
232 151
409 402
405 421
377 49
298 368
172 215
61 15
244 289
155 278
103 168
116 390
108 401
173 399
385 35
327 16
252 397
338 234
44 330
337 288
450 297
256 147
371 72
94 74
51 167
137 216
248 264
216 400
29 448
332 293
433 73
63 355
64 328
187 245
312 246
151 203
442 84
380 29
187 421
143 155
147 108
44 450
432 76
208 174
26 125
351 241
99 97
181 398
1 32
317 385
205 156
359 88
289 138
97 396
168 97
119 360
61 137
262 88
64 265
290 134
386 285
237 148
240 259
283 174
98 319
280 115
427 271
190 122
190 338
212 331
365 392
97 287
243 47
326 82
374 427
222 255
56 381
374 149
274 36
303 12
269 421
322 41
164 290
255 121
413 333
91 138
184 127
273 395
321 399
301 296
134 256
356 211
338 266
220 150
379 369
401 208
154 201
157 194
70 384
325 251
135 431
341 434
62 188
219 22
228 344
333 395
101 380
93 211
434 6
288 295
121 181
115 227
69 436
44 14
318 10
282 252
175 366
352 151
83 13
356 29
271 86
388 345
53 332
200 348
197 390
8 278
141 79
371 176
428 172
140 151
112 45
246 235
265 333
162 113
110 391
244 436
387 143
296 280
216 391
150 33
169 305
262 198
74 322
205 182
223 264
418 255
172 341
393 190
103 349
30 196
321 115
20 172
403 29
322 320
449 180
252 216
46 130
36 373
142 425
346 50
42 445
60 46
215 356
107 370
334 99
308 332
390 318
178 311
393 335
397 391
52 149
143 182
417 229
88 27
120 96
99 168
439 39
281 187
48 296
360 218
134 102
351 49
215 257
275 101
439 444
373 361
240 410
178 9
135 54
72 433
382 107
387 98
448 319
274 283
112 411
274 380
163 434
281 237
333 292
449 24
243 370
319 393
245 283
83 244
110 236
407 294
450 356
258 387
58 201
153 92
36 142
233 379
394 92
384 368
171 51
243 111
440 232
402 259
89 0
8 234
145 185
361 192
333 9
170 407
131 138
117 59
63 219
22 265
430 156
433 67
201 5
172 441
15 216
301 288
386 321
345 273
434 12
249 293
162 381
165 331
151 250
61 304
216 116
36 442
286 285
83 246
430 77
45 112
50 132
234 414
44 142
313 231
449 316
312 178
102 221
88 293
227 430
299 23
279 109
420 347
189 301
442 349
122 421
72 416
398 58
1 291
302 307
243 426
248 289
216 154
209 212
55 230
126 157
126 29
339 167
412 192
291 445
272 161
388 189
87 275
277 173
45 387
327 278
271 446
69 1
193 115
195 350
408 251
432 10
128 213
298 370
352 56
220 248
188 281
29 79
364 341
245 222
117 120
360 242
75 132
274 280
427 25
81 426
61 4
248 374
268 111
151 24
264 205
340 405
43 32
142 352
190 33
414 260
356 131
289 66
298 354
290 238
59 280
189 238
60 188
47 1
210 181
69 429
7 263
393 176
398 167
42 31
402 44
376 39
426 289
162 313
424 269
420 34
361 41
277 24
346 181
135 350
320 366
360 353
142 64
304 62
143 144
210 284
367 184
364 348
178 35
224 429
192 352
434 400
255 330
60 311
321 190
430 228
436 372
212 127
142 413
165 336
443 175
148 139
255 298
75 191
124 20
312 354
66 90
57 377
348 133
260 417
428 122
398 22
41 426
237 402
231 15
419 3
23 376
125 359
58 232
425 1
104 136
445 148
322 449
29 188
287 406
50 187
407 295
69 423
47 391
436 441
189 344
436 190
313 106
266 444
157 69
199 408
213 427
395 261
186 82
432 143
342 36
131 205
68 443
442 180
66 175
144 394
1 85
365 81
185 317
130 172
368 68
224 24
15 315
271 413
167 272
383 49
46 23
91 261
233 179
151 410
218 309
83 239
353 8
285 314
220 357
344 180
171 300
182 77
75 413
227 92
205 358
220 349
31 238
64 364
274 122
307 12
389 178
244 285
241 359
269 372
304 90
347 265
18 4
213 426
418 377
437 294
112 155
23 321
299 51
350 397
209 83
142 22
114 156
240 427
338 335
192 97
153 343
400 338
371 411
58 106
72 54
442 335
44 382
112 21
157 67
395 156
286 57
234 42
260 142
263 407
129 293
103 263
217 296
281 72
39 357
401 101
63 3
182 87
347 160
420 134
407 126
206 86
232 377
118 366
273 133
321 58
331 142
143 93
118 160
63 314
34 50
116 337
119 63
73 180
152 355
378 172
138 396
148 368
248 9
361 285
166 375
195 389
383 122
448 305
54 112
439 281
342 435
289 131
187 362
299 115
448 221
360 12
299 287
306 208
101 166
229 131
358 340
44 77
100 76
229 19
258 407
229 164
1 58
229 28
221 293
13 90
195 387
356 415
349 18
13 430
265 298
155 353
322 39
180 182
450 312
285 404
191 345
289 29
74 18
184 360
202 356
306 104
315 448
16 260
37 426
153 163
403 181
252 427
176 17
416 360
301 86
124 23
312 25
370 147
34 363
121 79
117 209
168 151
172 57
249 73
148 219
362 326
341 169
179 360
135 368
113 247
268 63
73 355
352 123
39 193
299 24
19 441
411 139
298 194
96 22
280 58
414 435
307 341
396 193
316 119
149 53
168 76
201 443
406 134
445 257
411 18
311 265
269 28
77 189
260 397
173 36
251 122
145 183
373 19
62 35
307 194
429 391
268 27
60 384
327 250
84 147
211 326
32 42
158 111
173 424
318 157
312 61
340 215
390 210
283 13
279 308
349 56
302 263
340 429
159 409
70 210
184 367
25 407
173 382
436 351
26 295
49 3
64 206
449 348
432 123
311 307
379 119
318 53
410 247
104 118
363 253
415 396
319 198
154 70
358 84
424 276
359 53
117 415
367 171
402 282
18 43
184 281
297 328
295 17
309 189
450 217
394 98
183 194
373 444
424 169
345 363
267 187
440 342
366 302
427 370
273 319
95 222
180 374
111 283
436 152
296 178
170 86
255 413
110 358
91 355
213 449
433 222
39 55
66 148
421 4
30 370
82 399
23 291
272 214
326 179
406 324
406 8
440 432
437 270
428 278
34 25
4 395
232 403
29 44
213 422
262 229
412 313
317 234
220 355
5 160
160 100
354 260
354 35
234 157
313 101
120 173
11 148
202 400
12 246
353 421
133 330
377 246
412 304
74 293
29 232
347 264
77 232
193 397
142 379
69 61
271 171
163 49
440 198
190 384
232 251
191 33
56 186
295 391
3 76
416 311
47 440
396 208
134 348
189 234
171 287
248 49
449 35
278 198
69 97
270 426
2 287
194 40
32 200
193 324
148 390
121 349
415 442
279 368
65 89
74 429
403 355
371 430
127 237
337 90
263 406
407 383
395 135
227 22
199 239
390 82
428 108
200 311
210 349
223 389
366 384
448 408
274 291
56 271
343 52
359 41
106 118
228 221
31 222
245 135
35 130
55 304
93 370
111 332
155 23
303 32
97 6
102 286
25 277
428 180
428 267
431 388
218 59
140 238
148 217
408 135
102 138
384 122
14 77
356 309
343 273
423 289
200 179
185 204
24 364
317 125
240 118
243 408
317 446
121 414
382 117
202 104
109 439
380 61
94 372
262 445
18 428
77 33
268 398
301 420
145 352
43 170
333 244
47 325
71 40
78 108
240 280
390 178
389 112
62 377
5 4
337 162
387 140
246 80
143 265
202 171
334 76
399 4
351 240
203 250
266 10
142 157
251 191
225 339
146 145
270 343
227 40
246 84
140 359
242 397
443 180
382 370
346 278
197 379
223 31
119 71
338 419
221 312
135 203
205 434
182 91
337 309
44 299
259 242
140 441
126 421
68 185
274 361
100 298
111 106
14 312
376 102
66 326
109 44
262 224
447 180
385 10
439 368
412 197
354 3
2 250
330 147
6 238
388 37
139 112
28 187
200 322
0 319
115 35
47 227
391 5
243 429
440 280
43 131
425 160
133 202
210 189
281 389
183 282
290 111
94 180
273 224
322 94
97 408
151 268
403 397
120 148
117 448
310 77
413 193
198 358
55 104
440 1
432 370
314 21
95 181
178 143
233 310
240 334
168 328
148 307
405 24
169 304
133 430
294 50
302 93
261 88
309 275
7 119
214 107
299 340
179 42
225 399
214 255
409 123
37 397
201 286
73 335
38 202
279 442
247 169
439 409
51 179
358 301
122 294
53 382
36 78
283 324
94 236
363 420
72 280
287 297
26 324
377 360
294 242
204 35
202 168
440 303
380 67
55 98
178 390
59 367
42 109
89 66
8 425
133 88
405 347
48 408
10 149
270 67
0 73
11 245
134 120
196 375
376 6
41 68
405 403
262 300
24 255
139 436
253 414
331 446
358 185
217 272
277 77
180 60
89 115
91 38
415 209
64 110
421 92
26 386
128 49
107 315
228 157
147 438
323 198
300 114
428 149
322 46
180 3
407 279
299 147
361 431
125 76
4 100
139 121
310 44
127 385
58 437
404 83
109 60
178 150
195 324
377 365
263 268
396 97
363 230
335 92
396 276
376 14
354 212
287 56
307 172
36 70
76 311
409 182
196 216
345 443
66 367
357 191
347 308
84 235
23 180
12 353
296 126
385 97
347 18
433 12
406 262
16 265
402 445
18 248
91 306
150 403
419 362
398 205
39 273
359 415
375 336
370 396
400 262
109 392
312 373
339 21
252 428
407 44
360 175
199 368
301 121
266 75
144 151
66 107
423 312
128 155
60 341
83 153
62 237
438 375
431 408
161 258
386 218
199 321
7 356
173 115
240 377
240 183
162 165
125 342
184 1
150 23
175 292
168 243
193 290
17 335
434 61
43 172
107 154
147 84
120 198
123 304
152 412
333 295
252 14
30 300
441 182
108 83
412 415
220 212
42 121
10 182
102 37
52 352
314 154
158 448
374 283
402 94
27 253
340 147
9 396
111 334
247 317
32 139
405 338
316 109
134 70
129 377
276 108
0 362
195 197
6 139
144 326
371 37
311 293
201 414
436 159
269 74
251 330
320 254
57 144
137 206
425 412
235 80
408 308
360 254
296 194
339 95
247 310
86 237
37 434
144 240
61 71
374 215
403 109
337 81
100 211
35 75
89 155
133 434
334 179
149 46
406 421
239 299
422 262
246 23
104 347
96 41
151 269
115 43
383 16
195 207
213 174
48 349
436 26
308 170
247 188
243 115
332 278
61 390
207 246
14 261
366 182
30 378
369 418
273 33
208 315
8 393
234 153
134 71
226 337
388 270
369 431
204 289
397 219
22 11
166 444
50 209
308 233
37 72
252 273
110 325
90 280
311 100
11 132
406 375
285 107
8 162
298 232
426 423
327 342
382 196
406 246
140 27
393 306
264 11
68 27
422 411
440 76
317 260
21 406
178 23
180 299
276 231
79 278
378 430
292 393
408 409
327 213
441 429
10 441
416 328
211 16
175 360
40 268
51 185
175 207
34 38
40 83
176 86
57 225
426 419
282 367
119 294
125 237
385 361
283 71
15 332
42 81
176 173
447 351
412 144
156 117
330 39
288 106
191 161
256 259
162 67
430 118
218 28
160 102
180 419
381 424
137 191
395 46
105 348
118 72
93 367
118 14
331 10
256 185
290 52
104 154
141 400
160 422
120 61
47 178
438 104
173 289
38 138
70 182
416 130
400 35
260 186
409 371
187 190
300 331
402 368
255 174
345 233
350 144
337 430
83 87
220 442
230 132
56 135
413 305
448 245
236 132
427 127
366 207
394 335
354 52
137 418
179 27
158 327
360 407
98 370
366 89
450 210
305 51
325 403
360 289
119 100
257 50
240 105
9 374
121 233
392 37
376 81
431 342
284 162
309 58
174 349
317 362
107 283
127 181
186 131
23 286
251 252
224 419
54 226
27 317
309 299
146 197
17 274
268 54
203 228
74 58
5 35
76 183
445 348
280 400
26 254
330 98
29 348
73 194
153 306
342 112
276 168
119 341
328 246
243 198
448 406
322 92
1 121
172 156
378 116
324 81
153 181
115 370
413 149
124 95
107 284
393 299
173 0
381 435
302 434
42 277
358 150
367 60
345 433
283 396
212 429
111 428
144 315
338 1
257 11
142 245
201 335
140 421
306 274
127 216
223 133
94 314
42 132
41 222
241 17
327 330
442 220
403 439
371 41
318 213
429 450
334 110
242 155
339 279
331 123
250 216
334 7
176 212
39 75
256 3
181 78
164 303
444 266
209 285
316 68
118 365
228 301
363 350
65 82
10 67
151 81
283 158
337 405
90 405
381 156
366 330
209 333
245 270
13 447
77 197
398 295
261 28
79 344
119 186
165 143
136 304
367 416
390 132
224 8
287 15
19 253
317 151
231 161
328 249
157 406
301 183
388 237
291 139
50 58
291 298
379 41
336 96
247 449
199 192
445 141
374 445
396 131
442 223
198 421
107 120
449 194
205 341
309 191
197 83
207 234
402 318
273 17
226 262
62 15
439 172
444 327
194 445
207 154
136 127
176 63
283 134
407 157
173 266
280 274
29 63
69 281
300 366
56 118
34 65
388 80
243 340
192 101
372 374
201 66
4 81
416 23
356 316
243 266
32 306
403 198
184 269
167 172
407 30
431 92
332 421
112 60
446 398
125 388
368 302
391 375
152 10
46 170
349 84
204 145
337 22
299 217
36 181
299 379
172 262
408 45
40 325
15 338
384 313
88 370
229 152
191 321
153 349
35 298
26 414
61 157
340 225
115 66
151 430
216 322
29 149
312 449
229 173
276 393
173 332
27 3
72 274
9 70
358 350
286 368
187 321
397 58
226 425
243 159
270 10
405 397
343 168
344 107
247 374
92 9
229 69
210 76
325 366
249 221
331 204
75 297
166 295
288 84
74 131
399 93
101 237
27 380
171 107
123 303
262 301
235 215
51 255
284 309
359 107
189 61
7 319
215 117
368 375
386 411
39 184
173 107
341 439
176 139
286 0
42 392
214 417
449 443
111 192
352 366
422 419
355 293
174 427
342 252
222 167
129 66
424 109
268 66
119 290
197 429
154 208
227 84
148 218
115 244
104 194
80 115
231 99
110 365
275 50
16 177
314 358
126 254
313 184
443 440
443 401
200 356
345 320
164 136
135 24
0 54
165 332
86 191
218 206
120 203
149 376
345 439
60 286
447 247
332 99
223 249
292 344
418 47
18 414
211 35
224 408
240 346
290 196
249 421
240 379
212 306
381 157
35 31
420 0
227 18
280 34
167 97
276 13
99 59
423 428
125 232
291 212
35 284
303 204
59 266
318 103
26 88
30 4
362 61
295 248
397 76
45 379
48 409
398 233
173 216
233 181
64 67
249 285
360 333
303 93
12 251
375 157
2 15
404 370
139 178
203 148
343 25
269 300
133 290
412 47
243 22
222 386
374 261
95 137
26 74
248 212
449 10
101 443
215 376
145 90
120 407
10 362
28 301
174 90
437 49
391 174
334 262
97 312
52 132
422 429
258 285
275 9
299 369
189 147
395 262
94 329
82 88
144 215
382 198
410 157
411 61
149 433
234 271
162 32
260 390
275 30
235 151
306 202
221 413
21 144
429 429
226 49
394 378
268 375
20 175
257 244
248 402
271 367
124 318
385 215
388 50
375 290
45 277
235 290
415 384
374 387
309 353
389 1
146 389
317 187
14 311
331 152
136 420
50 156
288 267
276 323
131 378
196 190
135 426
436 399
368 29
244 132
144 109
66 356
52 345
64 184
200 1
435 175
142 319
390 88
213 362
447 21
246 428
308 242
297 74
446 131
424 274
416 61
229 132
115 137
139 420
401 333
143 199
51 53
101 118
313 287
384 185
236 267
189 310
311 188
119 77
422 112
252 370
349 302
141 249
373 428
432 43
195 243
46 179
256 267
248 219
415 281
283 93
333 209
415 438
349 322
25 166
82 96
93 239
85 408
119 134
220 161
201 363
229 117
94 380
351 45
3 370
118 418
369 48
445 293
239 16
80 259
38 130
251 392
320 188
319 180
73 160
405 91
223 29
356 51
9 424
350 93
161 27
390 270
66 156
212 160
370 74
99 398
240 240
79 392
87 150
152 365
378 361
420 257
254 282
30 73
368 313
353 91
279 59
421 266
340 342
18 70
390 221
163 234
345 417
179 61
46 57
59 326
88 88
449 14
387 409
57 102
408 69
258 345
147 398
89 119
403 286
76 108
330 400
291 189
17 176
33 70
309 123
135 278
49 184
35 67
339 186
131 155
140 204
65 2
345 54
51 256
379 31
31 261
180 366
23 182
23 66
374 415
350 229
323 62
118 133
259 400
79 31
391 234
317 90
162 278
429 133
385 256
296 432
239 409
44 160
218 313
103 399
342 422
189 47
201 208
157 271
372 62
272 346
7 405
375 354
37 218
389 203
291 384
52 408
435 156
95 97
193 272
411 442
265 399
49 284
396 100
231 418
236 38
77 195
102 60
449 259
330 87
70 172
143 37
278 10
42 85
207 23
362 271
133 95
70 374
156 267
198 278
419 52
449 113
358 349
37 250
58 317
338 257
438 409
383 103
172 401
356 252
331 366
119 399
217 81
75 301
249 270
244 419
118 67
412 23
324 209
438 175
209 172
106 179
105 437
15 374
63 168
368 411
60 199
27 446
437 141
268 99
299 12
342 304
371 164
129 278
393 132
264 150
236 368
330 85
374 269
445 212
161 186
74 213
226 243
51 309
341 449
424 290
6 82
24 246
255 50
60 45
33 167
177 264
415 69
229 337
78 401
234 270
156 400
220 157
60 135
309 141
192 157
105 114
53 33
44 381
288 25
204 26
142 5
68 232
169 395
12 444
4 96
4 185
165 405
414 305
327 119
97 220
186 153
163 64
241 325
175 315
412 284
224 118
258 248
21 303
153 256
59 274
320 60
151 177
369 242
262 282
348 62
135 162
343 174
223 354
330 36
49 87
218 86
33 318
352 21
165 140
175 297
162 347
167 232
128 276
65 208
104 293
87 161
11 431
358 275
337 276
78 97
423 115
398 56
410 392
178 303
235 440
446 381
446 45
420 69
383 227
199 225
177 445
33 235
4 165
215 450
443 139
201 96
403 438
185 339
252 244
406 299
221 234
143 411
94 217
275 411
310 43
79 422
185 281
443 367
323 394
308 64
381 304
157 353
149 442
150 70
166 133
221 151
305 385
443 436
167 103
256 142
448 383
425 247
87 321
191 209
152 31
184 162
222 242
150 122
39 350
213 119
171 44
450 314
441 16
346 51
127 390
321 41
104 275
233 315
220 260
102 394
424 143
337 106
115 186
285 378
235 211
333 227
449 291
290 290
348 159
402 363
95 35
61 368
317 344
418 110
28 140
88 92
403 125
404 88
66 38
232 337
341 331
40 290
31 75
300 235
15 91
389 402
435 162
413 401
355 76
109 185
263 293
84 247
94 212
236 207
6 173
20 201
127 372
91 144
441 70
211 87
320 439
105 314
242 38
420 415
226 126
82 264
205 117
155 361
421 373
38 274
421 90
55 183
167 339
336 290
96 360
348 438
153 154
436 82
351 101
413 337
43 111
22 12
5 138
139 138
399 278
347 346
52 220
298 389
448 448
78 407
264 441
332 386
195 216
313 376
400 117
267 27
3 119
250 145
235 48
249 231
9 359
359 62
124 153
252 155
103 250
406 285
164 265
65 62
335 290
41 438
290 385
38 133
197 211
389 18
405 238
355 282
345 359
366 72
278 211
130 441
178 123
6 398
320 36
56 399
216 386
167 130
283 46
86 7
87 213
408 105
276 107
295 298
90 235
252 229
278 411
368 255
361 196
328 102
340 197
72 39
26 242
103 412
210 435
130 129
200 47
230 234
72 122
306 65
119 315
145 304
177 220
433 127
299 61
35 108
128 298
114 342
425 381
35 77
168 254
77 413
427 312
287 24
261 4
145 108
162 401
42 264
424 215
411 68
22 105
309 39
216 359
401 271
104 189
225 378
162 200
297 379
322 260
264 72
265 418
26 401
188 306
450 186
46 219
192 363
159 322
368 289
86 44
200 105
444 195
119 127
399 143
255 173
393 67
289 311
396 141
345 1
190 261
178 372
421 379
23 73
13 383
0 257
274 110
244 284
389 313
447 274
63 205
282 292
362 233
442 41
231 175
71 381
340 266
152 143
296 277
402 270
8 97
372 270
222 47
251 196
242 415
92 99
168 56
62 354
58 186
300 139
198 16
299 172
277 162
164 28
281 88
341 241
86 11
396 94
219 171
80 220
298 437
104 271
70 290
420 118
97 110
440 368
104 5
37 13
351 108
447 254
170 289
137 126
130 289
200 446
345 111
238 251
296 18
204 14
214 214
104 245
231 391
184 446
342 61
262 246
234 340
393 198
353 279
330 9
378 111
407 260
244 62
331 17
373 48
21 46
331 91
140 209
405 213
354 102
449 188
395 106
49 53
399 333
291 353
434 229
345 121
4 200
410 29
276 110
304 436
304 404
335 142
418 439
272 231
306 259
356 182
418 179
28 355
395 400
218 23
153 192
274 268
317 101
236 275
71 371
389 20
111 335
68 82
223 189
307 114
187 375
199 16
202 370
293 207
52 418
322 88
48 90
234 254
56 101
433 227
125 27
328 4
312 361
148 65
241 279
105 347
392 256
387 264
173 88
40 210
443 326
105 109
256 300
404 218
230 125
316 30
280 219
270 95
12 38
379 61
132 202
280 299
44 10
214 334
16 428
116 439
256 25
261 180
439 243
129 307
166 226
316 252
440 189
326 435
329 307
80 156
360 316
150 450
363 163
27 139
232 449
250 1
102 312
367 381
364 407
303 27
409 94
275 12
358 256
94 52
306 147
427 160
33 321
256 137
374 113
283 416
385 269
394 259
351 359
145 201
411 223
296 131
301 154
13 79
128 150
95 365
426 425
217 141
287 34
304 444
368 167
423 430
65 6
261 172
338 294
176 94
99 119
389 69
60 254
264 22
52 350
116 185
335 3
246 21
394 69
317 226
73 84
432 212
279 13
338 144
308 46
425 212
185 311
275 371
98 37
167 301
33 179
106 408
174 237
286 95
19 286
201 369
89 110
200 42
344 137
18 363
429 217
242 382
181 32
422 207
47 243
367 190
434 57
419 318
63 186
358 303
150 439
40 81
93 356
259 65
438 74
380 89
427 145
399 153
88 327
314 153
168 92
374 280
120 25
44 94
315 153
161 261
345 434
187 439
132 243
278 136
240 310
415 143
317 295
308 430
1 414
129 395
207 116
96 426
222 444
445 202
290 127
333 416
74 175
369 277
55 42
105 66
15 217
122 42
340 284
256 347
446 192
445 217
78 310
200 170
393 373
268 177
223 102
157 113
265 353
160 438
116 21
345 16
371 144
92 225
399 125
391 156
287 99
404 68
22 423
46 347
332 359
274 438
284 188
364 298
307 39
302 174
184 413
257 1
415 381
140 211
322 157
358 156
352 4
395 39
176 91
11 355
176 113
303 187
387 129
340 436
396 205
327 72
186 53
221 235
105 170
370 445
449 294
404 152
175 57
152 449
256 396
254 290
177 260
363 371
122 377
210 442
255 123
385 76
147 98
273 340
93 184
41 62
169 210
344 254
123 63
229 213
280 278
114 344
50 205
312 91
47 226
119 347
415 103
300 215
365 361
45 294
66 128
443 121
54 81
310 303
192 202
429 18
245 369
207 244
250 6
384 438
438 88
443 73
366 415
237 329
392 247
290 12
449 42
320 102
186 218
79 77
317 262
276 73
168 415
276 44
140 386
153 275
221 92
273 184
285 128
319 226
165 438
223 295
193 381
287 343
352 337
156 204
325 319
308 16
151 429
337 151
216 183
311 195
289 200
361 47
139 370
55 18
198 277
107 95
61 65
382 51
164 205
52 198
159 329
106 398
52 83
124 381
310 181
374 190
421 157
202 204
274 180
390 73
64 297
301 381
122 206
154 68
186 288
115 394
357 135
47 44
324 426
118 316
246 418
94 359
47 34
164 57
104 211
23 108
384 331
276 90
203 336
292 37
108 131
376 443
279 70
423 273
299 346
413 351
363 54
79 226
311 86
169 79
191 151
197 325
435 64
429 214
363 110
175 120
46 450
406 153
288 210
24 429
87 377
415 10
91 312
270 13
77 288
257 154
77 242
105 364
230 278
190 392
377 136
23 226
250 358
24 390
448 389
444 147
376 406
386 83
440 173
272 43
78 189
152 341
70 65
415 41
274 437
362 68
429 362
31 307
208 257
330 108
216 344
116 328
336 39
5 53
405 161
329 340
161 387
247 274
447 37
226 171
303 111
439 280
445 447
109 284
0 320
382 438
201 374
240 244
41 66
443 31
118 105
340 362
50 320
92 282
265 19
19 344
139 116
196 205
236 142
120 262
414 30
385 316
309 420
224 400
179 450
332 28
414 198
199 20
222 282
106 378
437 277
30 371
249 326
357 15
223 399
29 316
10 7
379 426
324 315
6 176
310 378
151 395
370 258
133 384
241 346
392 114
336 132
60 284
1 438
90 262
136 190
310 370
440 352
432 339
170 173
191 10
14 272
176 71
403 68
70 85
343 253
41 244
437 95
232 213
77 117
144 167
341 324
204 212
366 176
435 249
308 337
17 182
162 419
301 437
256 114
100 405
431 382
216 442
405 214
192 236
215 218
101 132
25 346
377 158
222 371
107 416
133 184
311 92
270 422
117 233
188 116
52 118
337 47
333 2
0 417
394 375
169 318
396 396
210 386
181 392
180 64
413 423
101 409
34 321
7 297
245 169
298 87
414 383
174 139
97 56
372 424
33 244
33 252
182 392
405 364
121 359
152 230
279 371
128 156
69 407
138 406
179 176
74 83
97 213
192 301
10 270
273 310
366 374
351 213
352 16
283 444
121 241
88 345
431 20
290 367
55 280
400 114
367 165
7 348
418 155
222 284
4 239
224 17
131 407
250 402
281 56
416 362
323 367
111 395
425 389
318 261
304 285
27 244
299 289
37 31
265 90
427 415
279 255
319 425
42 198
167 19
417 279
448 359
202 91
323 129
267 366
51 58
383 182
357 380
392 262
373 57
293 46
97 68
367 338
22 1
448 365
62 390
58 100
255 310
243 23
17 129
205 74
65 78
185 152
288 74
350 193
28 116
233 54
61 88
114 432
74 88
328 427
73 269
95 152
308 98
206 219
437 410
306 383
442 45
156 56
12 75
40 293
68 243
229 410
270 72
171 174
106 260
232 167
245 183
279 300
141 309
147 291
82 226
415 212
432 193
233 306
382 305
184 445
419 162
123 159
140 242
206 111
106 349
215 96
324 57
271 210
137 187
35 384
380 195
231 55
24 302
448 25
186 133
439 23
361 412
36 435
63 161
89 244
68 91
429 345
338 351
346 81
101 372
158 185
4 441
410 318
74 74
294 73
181 48
183 126
178 397
359 283
108 202
208 376
41 406
213 323
148 386
65 215
154 299
231 411
160 130
327 427
47 257
299 261
243 302
38 34
87 50
392 444
121 187
276 379
97 247
277 355
339 316
365 244
443 425
249 243
257 177
162 239
141 91
392 210
278 184
320 251
316 101
382 30
382 372
202 247
345 382
27 87
448 35
406 131
152 356
233 343
273 341
166 57
385 346
95 16
249 205
311 98
5 407
157 121
308 345
109 227
31 56
181 129
289 288
381 323
71 345
411 121
227 79
446 228
187 150
212 393
384 388
238 382
319 164
311 385
272 190
57 206
250 78
31 344
356 26
421 291
94 3
333 223
6 144
63 238
292 328
266 408
200 279
278 92
229 277
47 404
161 53
215 163
248 190
423 47
143 152
212 318
326 262
224 157
373 417
94 104
5 153
84 260
253 264
421 188
59 25
106 289
129 290
63 202
198 87
216 230
279 60
334 342
179 289
12 152
272 339
286 399
361 51
322 409
141 364
178 256
11 359
272 132
4 295
343 268
113 354
347 227
132 216
149 346
236 121
145 57
429 434
82 304
173 71
222 250
197 414
73 14
218 308
302 10
159 12
354 285
105 436
15 228
228 347
52 280
151 280
13 60
250 437
99 340
326 178
188 390
313 157
117 50
51 287
242 100
202 23
74 333
40 438
321 433
158 179
121 162
431 13
323 369
75 7
92 180
376 161
106 97
65 408
109 291
115 274
448 69
90 22
216 242
401 71
243 100
96 318
130 203
286 322
112 120
96 89
152 227
434 27
106 204
148 146
389 341
392 152
285 2
369 270
152 260
341 380
261 66
293 186
169 237
47 352
43 25
331 84
301 64
26 39
225 365
62 141
426 273
337 92
42 61
273 113
13 81
422 321
235 304
447 430
172 327
53 269
189 417
36 81
370 146
415 350
102 120
353 231
425 39
12 414
287 71
222 399
123 100
63 423
374 180
41 387
120 443
51 318
394 416
74 284
373 435
409 343
403 287
356 424
189 358
81 220
426 449
145 445
332 14
195 12
100 118
404 27
327 377
341 49
66 426
182 51
440 285
155 132
145 170
218 228
313 6
224 330
187 88
379 269
71 382
140 13
443 55
254 4
307 300
102 171
127 254
119 39
31 442
57 243
314 49
38 136
361 417
417 228
149 227
291 262
54 127
88 154
375 445
318 20
273 31
332 221
233 76
255 312
358 288
131 339
240 382
343 303
404 240
420 106
283 165
288 77
357 28
353 367
84 158
336 374
25 128
277 125
378 60
50 33
420 18
219 101
382 388
321 329
424 209
170 346
71 338
214 355
171 432
193 319
176 356
109 49
260 152
32 106
426 189
229 417
180 142
374 37
17 343
113 167
120 450
155 161
152 62
233 439
215 88
0 5
358 38
162 422
209 394
256 431
53 7
174 340
178 251
148 229
355 215
107 187
150 234
148 106
248 246
194 301
376 444
88 391
195 377
274 314
103 414
110 71
285 448
147 406
261 134
440 195
5 282
263 204
221 366
413 311
42 45
300 233
65 40
43 226
178 156
85 446
272 141
125 103
20 73
270 125
158 222
306 249
311 363
21 102
78 294
83 93
122 193
313 378
311 405
399 126
379 339
115 202
241 181
117 346
27 445
45 323
424 40
67 294
276 205
197 14
358 80
448 144
346 356
303 381
421 295
262 265
315 397
313 430
29 280
313 302
223 272
278 233
156 422
72 31
130 185
314 347
1 389
247 297
55 156
323 404
168 84
250 384
355 362
223 439
257 37
233 97
267 171
425 326
50 60
68 420
442 283
340 442
237 370
174 34
13 256
291 336
291 430
363 121
430 296
135 234
268 190
106 58
150 289
445 389
41 109
124 367
436 397
344 325
96 83
441 21
326 25
191 76
235 90
421 409
26 174
359 150
130 41
134 361
291 314
392 270
114 215
95 291
391 165
275 154
193 51
168 422
276 315
186 263
286 438
106 269
204 61
415 227
92 261
294 445
127 247
426 427
105 7
0 301
131 184
60 141
260 372
360 355
427 192
235 287
151 318
146 421
344 247
374 329
293 98
180 272
356 53
373 325
438 448
386 427
116 419
241 51
263 7
48 159
393 205
212 310
441 222
201 345
265 315
112 351
3 215
15 178
170 171
23 361
339 342
379 218
360 429
109 314
432 14
227 121
285 373
377 311
85 413
270 250
434 65
146 262
435 383
432 31
81 162
440 423
106 33
262 117
4 429
82 70
229 144
61 421
345 402
57 311
357 202
159 188
296 236
205 234
122 8
96 202
360 127
152 162
122 85
210 56
389 271
263 164
243 362
161 318
121 404
361 241
107 86
29 213
246 271
419 328
16 316
83 119
393 171
185 217
318 420
388 33
213 202
279 113
40 272
344 184
68 376
346 359
72 273
158 215
131 133
48 4
49 73
194 336
347 14
178 126
179 277
444 284
117 387
81 191
436 413
276 424
122 260
289 16
42 196
439 371
87 415
283 14
18 81
73 432
101 324
197 323
36 320
152 186
27 392
218 140
59 118
445 44
356 303
422 70
364 116
185 17
394 285
319 360
425 419
145 35
160 437
20 282
20 25
193 364
438 75
305 303
370 206
205 335
405 224
347 352
64 421
346 371
388 383
213 257
133 163
364 365
267 428
380 208
30 357
11 450
172 402
359 140
202 379
67 122
12 313
192 286
276 125
133 278
421 333
244 112
268 340
233 235
265 9
310 154
176 224
321 34
286 351
299 414
49 264
148 362
397 419
165 15
387 34
301 318
331 114
17 370
395 291
108 189
54 95
260 222
67 336
136 180
262 50
221 88
360 85
111 211
63 87
82 46
268 427
2 132
360 275
169 164
31 249
44 115
430 240
253 395
285 403
413 341
373 7
162 258
165 157
307 117
296 219
92 337
375 113
176 165
193 283
242 188
442 16
188 388
295 121
266 165
301 149
129 349
112 140
378 25
216 114
232 426
83 89
226 291
146 349
143 143
364 75
438 151
27 161
73 190
251 160
296 312
108 367
395 154
226 324
97 345
67 290
165 335
229 311
131 150
153 51
446 122
127 448
414 297
383 401
126 302
87 25
69 353
276 197
422 225
211 242
14 58
279 227
126 445
366 342
177 43
147 209
288 187
78 408
231 231
22 78
424 226
233 356
428 241
352 237
90 336
306 358
185 293
390 408
266 199
339 281
284 177
117 274
251 305
45 111
147 292
72 441
18 287
231 308
98 60
143 20
396 313
278 359
23 260
6 115
131 198
332 127
5 38
417 12
130 31
111 188
382 152
381 130
221 448
263 416
70 315
193 166
429 102
414 87
426 317
137 277
357 437
242 167
133 209
37 332
65 250
324 309
183 310
90 115
275 68
168 116
428 285
370 174
415 277
276 99
440 334
169 22
110 172
210 360
115 94
301 431
131 415
417 14
389 329
315 282
239 276
216 263
326 38
131 215
428 439
137 95
418 186
19 359
261 114
369 129
206 426
378 38
443 321
196 39
288 317
257 72
418 444
1 179
19 418
348 326
11 121
344 239
9 161
152 350
372 90
268 385
325 72
371 295
41 86
398 131
129 11
170 433
39 67
356 32
370 151
67 332
297 390
346 432
171 65
236 242
144 114
412 233
385 57
408 192
57 111
230 190
209 259
47 153
332 448
416 46
31 130
274 294
23 207
144 345
316 57
234 229
196 406
450 420
322 218
94 351
301 324
239 189
127 258
149 377
148 35
71 264
234 433
334 113
308 100
230 106
438 21
172 332
44 251
36 197
109 265
233 135
80 320
312 306
4 354
304 335
68 159
222 63
390 89
218 22
432 45
411 413
247 218
163 383
324 161
143 240
218 419
156 47
217 401
373 223
54 217
329 253
205 425
16 401
416 112
10 265
212 284
334 198
32 19
436 15
95 69
272 134
293 23
139 183
71 208
267 97
388 265
82 427
360 313
265 152
117 207
416 167
35 439
280 198
10 348
238 82
72 334
317 306
381 332
15 421
241 376
178 12
350 37
314 116
354 251
212 230
374 276
289 418
45 101
145 384
295 225
0 127
414 318
43 65
364 188
63 430
119 162
401 302
314 280
418 143
404 31
406 293
107 108
172 169
200 285
398 90
142 428
208 199
72 35
190 212
308 205
348 257
254 49
317 259
176 277
293 155
171 426
153 158
421 438
326 123
62 23
435 95
167 219
74 418
412 20
36 93
346 157
234 118
377 275
334 188
250 285
32 402
235 242
157 146
121 203
425 350
102 17
216 388
2 300
439 65
406 373
307 303
31 418
267 435
350 375
161 267
36 50
216 394
111 107
372 396
84 269
302 379
139 38
23 404
295 66
265 7
128 91
429 257
447 244
323 199
101 245
330 185
430 422
359 103
335 22
292 134
63 446
439 244
448 120
223 321
102 121
259 363
371 51
28 115
67 389
115 104
235 259
374 328
337 432
252 385
433 294
278 74
149 201
231 264
256 89
270 438
346 338
426 188
284 88
332 26
263 46
187 430
41 179
84 139
172 400
45 407
387 92
428 414
238 325
190 205
104 355
173 262
99 396
9 193
122 18
395 49
391 256
317 340
395 152
182 418
426 250
173 147
23 99
336 313
15 439
252 196
111 125
120 372
80 54
174 335
198 404
240 390
301 355
194 357
386 343
417 205
376 174
110 250
185 309
172 21
357 404
93 16
448 393
126 380
196 449
119 7
229 96
379 6
48 216
386 316
163 201
232 201
160 105
331 194
394 257
4 160
406 435
108 196
81 244
308 11
21 256
203 252
226 242
285 223
251 382
233 304
272 384
276 130
244 279
374 183
248 361
430 294
410 120
97 376
101 327
370 3
326 348
143 299
450 410
100 340
212 48
205 231
135 378
436 90
403 76
160 239
332 3
73 379
201 279
388 349
191 144
13 200
127 44
103 244
420 343
399 340
44 426
130 267
138 201
436 342
347 187
226 441
12 13
96 212
210 362
169 123
257 115
34 327
279 387
117 188
211 106
180 114
350 172
314 185
328 418
16 308
341 70
149 429
164 190
364 309
45 20
256 421
66 263
321 142
181 17
123 449
243 202
223 370
223 110
303 20
393 371
314 408
270 135
126 218
442 150
100 32
80 264
266 194
209 133
189 446
278 309
396 37
115 279
174 147
6 413
263 319
36 251
313 135
437 102
210 227
209 167
152 386
80 331
73 434
126 178
305 356
330 72
208 342
134 81
168 224
401 245
267 10
361 409
236 234
361 21
405 155
280 166
164 183
385 267
158 284
111 328
119 425
224 421
63 257
316 13
412 95
221 374
136 53
56 280
397 24
294 245
54 69
201 55
14 176
149 228
41 82
101 174
378 273
149 373
51 111
148 364
300 80
224 406
167 432
226 127
358 429
312 102
287 327
308 62
89 209
440 211
179 302
231 199
442 224
403 376
412 149
311 378
321 440
393 110
76 153
301 267
223 58
187 48
321 82
211 2
245 70
353 51
347 440
132 337
303 219
255 259
432 207
278 282
394 258
216 26
29 157
89 174
165 84
325 178
263 26
81 200
101 361
391 288
308 224
150 148
347 357
82 179
320 355
76 253
52 359
392 442
145 340
94 103
66 66
325 203
275 58
95 68
95 111
192 172
24 301
314 372
244 31
253 184
280 435
408 281
264 148
65 391
311 370
209 197
28 367
141 188
335 421
170 101
170 296
243 218
24 247
3 272
69 66
2 264
332 196
22 314
213 287
114 378
319 67
123 267
445 93
58 219
245 302
290 239
110 146
82 43
115 230
290 44
5 8
339 261
76 161
431 424
129 153
241 384
294 201
264 51
191 205
82 436
160 267
446 201
203 344
289 406
335 46
255 162
11 6
259 99
282 191
333 70
289 141
212 146
151 338
446 31
125 373
138 122
239 362
141 258
244 224
155 131
175 123
215 330
194 111
118 243
298 19
130 135
1 206
278 225
266 96
264 422
449 148
275 327
217 43
175 346
203 282
364 57
200 36
171 31
58 187
104 263
269 357
429 180
69 126
192 257
225 152
410 400
15 107
367 324
445 413
142 51
58 283
295 256
272 194
136 182
161 379
102 24
51 411
28 169
163 403
248 343
431 446
300 9
4 142
249 45
109 130
430 122
0 41
432 155
317 5
274 350
360 417
369 57
332 1
2 84
266 429
197 109
263 296
203 106
209 326
315 365
0 351
211 394
240 116
210 297
51 383
179 273
25 185
345 9
108 434
444 175
51 219
271 296
1 269
413 9
393 111
334 383
35 203
275 109
448 141
162 269
164 117
110 178
65 237
83 191
115 225
359 188
146 31
127 325
350 361
437 231
108 68
448 282
425 342
85 18
14 105
356 87
417 51
104 193
421 205
298 363
345 447
252 84
215 114
47 210
406 94
384 408
364 38
216 224
132 208
113 450
416 134
110 447
304 388
396 282
63 124
86 154
114 0
384 205
29 392
32 447
106 134
128 411
303 418
170 425
234 308
415 410
286 167
393 219
0 396
354 449
418 160
118 341
305 317
175 293
56 220
257 55
77 87
56 442
343 96
337 191
417 268
338 148
202 449
130 223
318 123
125 248
233 340
282 121
104 394
276 227
28 256
297 136
167 355
425 390
313 50
303 48
372 326
73 354
197 58
352 361
259 312
273 270
160 247
8 293
238 134
187 411
396 142
55 166
440 150
344 176
17 351
401 370
56 195
71 240
347 291
194 245
183 69
407 247
94 179
323 264
420 429
356 336
28 197
437 443
7 430
118 389
172 285
83 42
189 337
269 400
185 442
353 23
344 220
233 276
253 10
124 369
255 246
53 75
295 136
169 220
14 337
243 63
1 261
349 249
240 394
55 234
264 385
143 366
76 191
283 269
4 90
307 106
424 312
391 99
53 30
308 93
141 278
204 373
63 405
129 53
63 23
354 17
123 37
25 305
440 229
410 121
31 90
154 133
133 440
96 12
228 348
141 313
347 302
29 261
369 195
5 337
392 264
219 415
138 0
412 239
96 27
189 392
66 103
221 283
444 226
270 182
202 337
383 293
195 442
251 365
246 50
418 283
385 147
250 330
137 239
84 287
83 35
322 68
32 234
380 425
140 174
73 381
358 394
298 426
399 48
107 208
383 391
443 112
130 173
388 12
301 408
433 292
234 136
377 185
200 41
211 73
168 244
254 75
223 172
68 270
53 102
310 427
102 73
87 385
420 232
112 440
31 100
342 402
343 137
160 138
233 429
307 89
158 128
23 358
302 369
205 345
275 437
339 389
75 275
261 72
359 174
377 292
156 404
107 209
8 360
379 133
362 436
343 37
189 414
16 187
239 397
333 167
231 437
144 338
149 0
100 149
91 328
447 304
150 91
63 442
330 51
142 256
310 119
307 16
109 308
446 405
185 122
327 25
414 242
303 102
134 286
233 28
147 225
87 198
320 347
327 291
120 6
196 416
46 249
313 62
262 449
262 292
235 251
137 161
370 43
126 364
167 161
162 70
193 357
368 119
428 282
216 111
349 216
24 257
422 399
390 355
259 96
272 336
244 231
347 15
51 27
177 436
152 231
90 353
183 23
101 448
271 276
171 389
415 231
32 74
284 281
386 352
320 435
348 324
412 86
346 217
309 192
171 245
157 360
368 140
53 63
39 13
174 432
227 52
39 402
349 180
133 403
4 175
314 349
429 117
331 417
167 270
147 281
320 158
284 127
250 153
162 348
423 237
411 195
141 40
417 332
117 438
388 144
397 338
203 141
131 341
139 272
144 275
215 156
373 45
354 399
424 231
114 43
348 96
228 120
338 260
278 178
187 209
298 15
10 416
419 119
78 7
190 307
328 419
100 324
9 449
27 308
269 390
327 165
100 39
266 319
364 181
110 92
295 294
105 102
105 39
105 288
213 315
67 127
406 251
142 443
49 288
173 143
419 124
79 369
229 11
115 406
112 406
348 298
388 240
206 293
293 294
382 235
441 358
224 11
76 115
293 366
267 327
399 366
197 167
15 299
378 359
354 385
45 108
45 426
377 58
262 158
196 28
370 218
25 400
264 394
220 428
136 187
438 272
281 210
20 341
29 393
32 220
43 404
56 143
355 49
227 350
328 27
241 411
141 414
427 272
287 126
97 86
98 356
193 71
344 157
86 143
412 331
123 171
78 124
261 275
205 334
396 54
7 290
325 242
336 356
175 252
98 165
90 350
24 409
229 255
280 94
252 419
49 368
385 315
443 423
353 19
37 100
0 142
290 140
385 85
397 334
3 125
288 33
172 372
184 83
410 40
270 415
172 204
102 418
133 245
253 442
136 84
228 404
167 418
296 434
99 30
156 85
321 436
448 302
383 212
410 182
194 176
327 310
432 61
395 410
397 402
56 160
303 385
132 225
268 419
347 130
38 45
66 56
32 367
392 231
150 322
257 269
144 94
55 38
287 133
357 208
57 279
386 77
127 116
240 69
320 429
389 126
355 4
100 48
49 224
279 395
214 280
156 62
98 252
221 116
264 448
3 387
15 410
334 62
132 97
135 381
49 249
175 409
186 12
400 199
422 93
393 47
380 51
88 238
3 120
211 85
12 168
250 94
337 220
326 414
171 17
397 310
280 146
207 35
160 183
138 199
279 206
200 191
382 3
124 328
362 183
19 403
221 291
339 153
337 206
365 340
193 145
357 58
290 251
342 369
172 16
295 317
183 276
373 46
46 300
382 49
287 150
310 249
3 445
220 424
263 300
130 360
397 65
305 138
372 199
391 18
16 82
195 450
198 154
156 215
118 234
71 295
0 31
431 184
131 243
304 4
213 376
395 212
291 284
64 331
441 302
433 406
155 84
131 19
76 432
334 435
146 344
209 2
9 126
53 109
447 297
110 78
9 344
183 425
196 22
267 235
300 220
201 25
310 337
31 416
104 134
101 355
1 294
199 323
191 198
316 180
153 261
177 239
241 145
373 32
235 111
355 294
209 157
438 185
370 361
49 238
269 380
43 389
186 309
75 308
230 70
14 157
47 154
401 326
157 432
283 94
160 79
82 175
40 350
24 248
49 294
266 364
448 407
442 423
188 393
197 62
199 293
65 388
232 315
186 228
310 34
271 387
358 149
285 180
333 172
440 142
330 264
5 64
306 84
370 46
172 383
164 47
121 195
438 314
343 34
330 449
199 356
4 397
286 404
362 287
373 373
440 312
80 373
403 449
318 88
220 291
379 243
307 77
276 272
171 375
34 190
218 159
356 191
214 375
162 38
446 239
107 96
181 441
317 50
148 116
425 106
442 347
257 90
85 84
416 86
316 363
366 209
156 290
170 42
121 289
334 191
44 216
227 43
222 44
35 257
139 361
213 410
352 167
169 401
322 304
284 1
221 42
163 175
2 202
246 285
210 335
34 206
166 358
264 137
220 404
401 52
274 326
72 127
1 285
44 302
433 383
397 101
213 285
199 31
415 247
386 344
65 11
14 51
66 162
119 75
100 25
88 87
418 3
442 58
426 82
164 343
109 40
354 167
10 38
47 54
160 137
235 356
208 251
391 243
291 136
111 341
81 314
223 47
152 182
152 131
165 41
170 18
58 420
448 299
221 41
408 267
338 345
56 114
201 278
41 111
262 253
347 173
109 431
35 319
99 218
16 86
142 60
58 55
294 33
330 253
279 122
119 167
244 396
363 100
147 358
425 145
412 369
248 88
194 431
372 306
314 323
422 49
226 378
144 97
206 391
229 197
115 281
159 392
224 405
272 364
217 433
444 417
374 327
303 107
125 308
403 206
147 244
104 228
83 203
377 88
228 59
97 347
192 280
348 311
84 307
159 211
381 322
199 316
194 244
375 180
127 155
428 295
201 245
280 404
75 289
169 197
325 430
171 392
115 190
1 313
241 225
213 375
316 137
355 118
264 179
157 46
284 107
191 133
371 372
264 143
211 149
237 235
446 250
378 343
9 279
247 210
76 346
31 204
373 124
299 264
66 430
240 261
277 425
272 351
382 445
120 324
96 30
237 30
425 73
247 396
56 69
105 244
384 152
100 295
180 327
433 30
37 119
170 17
401 20
290 139
7 194
304 182
206 287
304 425
417 318
145 82
289 284
157 236
57 444
162 249
201 405
0 284
123 229
343 150
218 356
152 262
320 381
315 191
361 34
28 410
368 3
21 174
21 120
266 122
297 357
234 183
302 194
93 139
155 447
22 322
330 177
430 205
251 71
91 183
148 275
193 100
89 137
380 301
256 118
192 365
221 354
444 248
27 201
213 418
304 289
256 292
200 73
123 93
391 207
133 91
162 416
386 396
375 346
126 257
188 14
394 164
236 418
314 28
81 114
193 261
363 269
131 144
67 33
449 329
375 435
257 6
98 438
192 194
393 392
182 303
236 320
142 197
349 307
4 114
300 349
190 167
241 294
242 304
11 120
275 146
230 358
40 382
57 369
144 431
399 9
139 371
406 254
245 56
417 85
266 438
147 113
300 254
300 207
401 349
322 418
301 443
375 319
168 156
163 176
175 66
271 348
45 222
271 449
270 48
400 93
181 346
171 185
59 185
444 353
437 219
49 323
52 111
281 16
238 336
384 215
216 348
194 385
359 183
174 450
6 339
57 420
423 33
100 77
348 277
233 325
97 32
182 175
114 224
310 108
367 144
318 435
398 332
115 50
313 267
116 380
242 245
390 8
391 15
331 437
97 278
96 150
397 303
69 284
355 106
175 141
151 232
330 442
255 216
61 215
289 60
24 173
79 429
37 284
286 175
165 21
286 341
327 216
88 24
82 11
72 157
152 432
252 445
284 418
326 440
386 398
190 128
86 32
338 212
101 122
430 443
96 321
126 379
294 296
354 71
273 35
94 160
205 72
256 305
243 417
32 258
290 20
123 363
425 122
144 269
88 175
69 362
345 155
360 446
266 85
184 330
331 256
273 320
245 333
410 28
301 220
286 180
120 116
229 278
229 422
432 259
424 208
201 65
54 338
198 61
184 400
447 289
396 106
29 161
13 169
62 359
113 1
255 49
64 61
204 242
252 348
416 326
163 327
320 406
280 384
445 370
73 74
434 295
407 304
277 270
242 356
10 56
281 398
196 68
59 181
416 372
211 112
66 238
157 363
133 53
300 223
149 285
131 142
236 94
157 6
420 167
132 168
157 311
339 190
444 146
335 265
52 335
102 267
113 444
370 181
402 374
439 96
344 200
377 364
386 204
183 200
325 415
42 257
305 312
198 353
101 147
215 45
406 57
87 14
362 238
206 450
44 408
198 109
5 52
379 317
376 93
127 69
86 6
240 120
386 422
72 132
213 179
387 193
304 63
99 374
256 170
5 196
46 197
338 182
165 101
142 139
115 232
192 179
376 432
287 83
398 300
313 205
160 83
55 440
287 294
171 162
166 233
391 298
28 324
202 362
274 75
339 282
263 425
83 170
393 85
291 431
332 75
433 50
59 9
220 52
66 410
234 109
0 22
304 263
239 104
209 183
164 315
39 127
390 122
191 255
413 81
328 211
334 385
73 338
416 247
349 121
146 242
79 180
372 405
115 361
36 58
367 301
24 439
178 217
345 315
246 334
150 22
202 263
382 378
116 314
347 394
230 41
439 316
0 419
93 439
377 76
274 400
154 357
121 116
410 235
35 272
267 263
328 243
148 313
366 416
346 208
194 107
209 96
154 140
219 412
93 264
294 3
295 435
307 24
296 272
346 379
195 226
422 403
194 236
439 185
183 419
236 201
202 70
197 259
215 235
411 67
427 413
336 255
213 171
414 232
356 399
197 320
404 228
40 302
61 39
321 284
369 327
224 184
235 107
91 325
442 396
8 390
115 130
276 294
63 279
114 155
302 411
113 50
378 21
94 16
242 438
113 95
55 323
99 165
440 148
196 111
14 235
266 32
147 64
366 122
351 405
407 147
53 210
357 419
317 119
203 159
267 172
422 360
248 90
392 186
205 346
178 310
262 130
29 163
402 140
395 158
103 364
132 129
386 146
57 132
45 412
174 256
341 296
410 70
347 41
90 93
26 227
22 36
106 70
324 272
125 142
157 132
141 289
368 404
79 411
273 124
260 315
269 420
125 437
202 32
213 178
418 11
298 166
124 370
221 6
21 43
219 102
331 67
307 273
312 146
87 110
322 433
36 184
144 204
194 252
438 209
6 81
413 191
368 150
416 196
300 116
247 305
280 212
63 269
203 37
34 259
135 38
91 2
304 149
43 447
322 378
83 100
29 155
379 172
36 204
330 220
7 339
330 226
203 277
201 422
66 119
430 108
58 288
262 254
128 347
101 250
398 117
307 169
346 204
162 74
248 274
150 376
99 115
16 174
354 278
331 253
19 128
243 355
430 272
110 17
77 427
269 342
290 145
69 393
415 260
45 278
206 169
223 0
349 217
118 122
189 10
91 163
153 255
415 261
291 373
319 78
212 131
137 299
123 418
265 96
187 312
41 320
384 311
9 98
107 18
430 244
248 28
295 364
219 291
306 207
357 158
257 36
32 421
403 404
267 123
56 134
398 210
70 426
230 202
368 395
305 294
15 115
107 72
262 397
116 5
414 381
397 324
294 136
201 230
439 287
81 405
306 442
79 433
24 253
93 338
44 310
219 199
325 104
54 45
198 204
232 339
235 226
414 10
416 283
173 67
269 72
184 324
417 430
280 159
76 344
371 245
214 59
237 162
29 156
430 285
183 348
434 242
159 60
421 349
376 427
200 163
176 167
357 44
99 392
289 279
368 45
293 379
201 225
238 430
296 422
410 228
202 203
149 32
227 86
450 182
11 327
4 263
75 404
384 340
125 391
287 61
442 55
179 124
24 206
278 264
351 220
418 216
223 150
120 423
342 426
164 410
199 367
137 432
114 394
230 248
413 408
395 119
84 143
254 60
106 41
435 251
299 225
37 430
62 11
115 5
74 243
392 126
316 107
186 174
298 420
5 127
385 358
341 113
392 29
121 186
79 22
400 307
232 374
15 192
178 246
328 5
436 196
24 386
198 349
348 9
222 80
255 152
226 147
161 153
170 240
435 144
194 334
227 302
13 140
59 418
103 213
320 198
119 15
325 118
66 439
48 43
285 14
356 57
35 306
26 0
226 222
424 36
261 398
306 250
417 32
302 24
169 238
81 182
428 323
196 337
157 68
17 104
149 8
280 199
366 203
433 368
1 61
245 101
314 129
92 226
267 315
344 16
281 281
28 302
425 265
306 68
434 58
410 73
52 413
407 15
435 375
371 390
354 389
378 351
106 233
122 444
79 101
202 435
206 58
369 150
35 340
28 189
280 309
430 111
95 378
359 348
106 55
148 47
171 388
255 1
86 208
381 7
85 136
140 246
102 2
157 242
275 84
315 415
19 91
329 312
416 404
429 55
143 217
287 254
385 56
130 122
113 109
351 382
301 262
218 180
353 247
338 44
231 168
333 96
299 285
414 46
425 387
325 136
262 338
311 33
394 444
5 5
386 329
74 93
416 419
177 210
368 430
144 247
412 315
10 445
360 199
442 164
442 318
48 118
398 343
188 172
99 426
5 119
305 265
34 384
417 148
206 134
447 366
323 107
410 359
213 116
41 126
303 371
336 197
130 196
12 220
441 375
382 164
161 228
216 425
375 351
32 222
292 217
203 256
131 342
405 84
239 175
335 353
393 178
46 380
130 414
123 275
27 385
116 130
406 357
225 0
49 352
311 107
267 411
184 51
322 31
255 107
176 245
61 326
146 92
345 101
252 64
333 248
39 10
82 241
41 435
338 196
154 406
357 264
169 385
102 59
184 80
227 369
188 387
174 373
329 306
189 133
289 112
152 184
376 136
56 379
393 296
311 352
43 127
316 168
149 352
207 222
137 222
41 329
161 227
205 327
367 411
44 130
22 270
38 93
256 444
244 145
397 131
192 386
199 298
34 59
352 357
290 426
317 24
142 175
71 187
228 366
176 273
348 125
377 192
169 162
249 6
319 434
377 337
316 36
200 418
329 344
217 102
127 49
301 129
393 331
1 268
8 311
380 145
177 19
113 201
345 118
284 229
359 189
354 391
240 449
342 291
70 406
271 187
232 412
324 54
37 140
445 316
422 138
40 355
246 291
324 258
75 0
213 231
116 183
155 221
92 105
361 386
220 375
326 374
197 233
244 338
356 108
432 151
324 1
332 208
38 76
40 307
105 404
296 223
353 187
332 288
442 261
254 179
300 176
332 438
142 390
393 161
98 412
89 185
51 366
374 281
386 104
329 141
145 174
126 274
85 137
371 2
207 419
342 408
8 46
68 33
438 30
99 52
274 215
435 341
106 32
33 69
148 377
205 207
205 300
417 128
127 315
230 29
335 42
349 149
255 191
357 407
242 40
68 280
151 263
404 369
174 192
445 31
74 210
439 315
428 186
413 93
215 55
52 167
6 326
375 278
37 163
198 21
54 41
119 339
26 219
13 377
235 138
336 427
384 66
125 334
0 223
137 273
403 221
274 288
214 98
310 341
101 391
326 424
152 388
449 124
146 315
132 96
299 312
413 421
360 237
141 308
204 350
322 330
72 391
443 38
364 73
150 418
432 219
101 114
374 223
343 324
287 181
118 324
261 345
248 365
259 356
99 266
363 410
296 287
362 447
273 178
129 173
277 175
405 79
109 87
371 191
139 185
169 102
391 398
186 387
317 277
211 378
323 417
163 68
200 34
260 174
360 130
127 143
16 249
278 273
155 112
298 10
357 29
134 439
14 426
267 427
195 440
287 252
263 114
40 101
88 57
403 210
294 249
199 362
98 99
212 72
111 235
284 340
21 72
123 76
196 56
409 155
442 158
13 123
2 125
405 363
64 111
441 212
109 152
349 291
116 349
227 226
428 287
243 440
7 195
419 83
215 7
220 85
268 188
329 394
330 173
173 161
235 4
108 254
388 405
316 86
157 120
273 336
318 17
440 52
359 86
252 359
115 211
192 373
230 349
250 26
284 245
61 201
442 441
213 86
18 258
304 364
221 411
276 380
18 114
297 102
22 279
147 44
35 44
350 123
13 193
393 285
367 300
95 277
353 168
244 196
305 410
104 180
94 361
298 260
292 314
272 296
168 369
278 84
191 203
183 91
343 178
151 165
302 353
25 445
170 5
225 344
258 438
182 311
85 319
24 300
290 347
375 146
237 99
257 313
139 187
308 3
171 372
163 302
334 74
439 449
395 280
129 211
140 396
231 284
186 7
359 22
122 406
246 260
422 125
329 250
86 294
46 111
23 20
139 413
15 145
153 196
138 272
185 401
17 151
149 133
380 255
293 42
382 296
164 448
311 205
441 189
170 361
273 408
106 386
110 49
336 258
445 63
429 97
428 17
43 208
331 259
395 331
128 435
96 174
310 299
84 14
252 416
139 192
441 78
350 321
34 21
183 54
309 366
424 347
5 276
295 222
396 17
426 392
121 365
275 422
290 244
300 53
378 199
242 341
372 127
255 283
426 351
423 390
27 267
121 245
119 386
305 444
390 266
166 345
286 93
153 140
173 414
206 408
227 172
252 120
420 23
219 437
384 381
198 348
341 84
327 372
38 444
8 276
375 325
327 440
74 447
197 400
315 312
296 301
59 138
109 142
41 243
326 233
11 380
249 314
67 333
343 118
442 243
167 135
302 144
337 297
306 15
49 171
208 202
245 396
41 83
8 175
229 334
346 368
357 8
397 183
273 45
378 355
408 306
62 132
7 115
413 388
181 445
259 200
366 391
23 169
293 126
405 4
146 24
408 324
376 449
34 372
361 120
89 220
245 93
121 183
17 140
293 92
393 24
269 262
286 382
411 7
253 416
3 409
331 406
319 440
404 279
355 136
3 193
379 50
310 418
25 251
264 104
187 131
417 364
241 364
331 26
367 17
11 433
367 200
187 42
175 348
110 402
357 384
65 296
98 236
289 433
87 38
309 27
288 137
155 360
210 13
237 231
144 166
324 21
146 101
108 205
197 319
248 97
415 186
57 122
361 423
127 132
268 292
96 158
127 409
88 63
119 223
58 79
17 254
36 105
194 421
60 82
71 112
199 84
305 273
242 446
35 13
253 388
286 230
276 208
336 80
11 442
190 421
307 30
282 54
354 63
86 394
388 246
365 60
355 380
362 7
427 97
334 131
65 23
234 305
132 64
423 180
310 198
168 441
85 366
434 166
321 303
282 63
305 91
203 206
162 42
36 336
349 260
450 227
55 359
64 99
276 332
275 232
60 104
61 101
87 128
100 246
31 192
280 337
242 98
172 334
49 209
137 307
126 75
54 333
432 138
450 101
308 447
283 10
407 46
157 321
357 305
448 13
87 424
6 353
402 353
329 79
48 206
363 81
387 252
246 287
7 378
435 164
320 415
302 301
167 136
268 57
67 268
101 171
253 373
374 91
355 368
90 365
84 400
37 312
226 40
354 403
237 221
322 416
14 141
221 368
207 440
104 388
97 236
411 25
56 142
212 321
19 55
389 406
379 74
261 133
33 290
330 398
59 353
69 378
105 156
205 323
30 372
103 285
265 39
322 366
334 67
4 61
382 12
322 124
242 362
148 90
197 321
296 227
85 325
252 83
351 357
310 75
284 130
195 182
291 252
383 449
418 54
123 5
173 2
195 193
268 15
293 213
230 12
174 345
181 354
247 149
279 375
378 306
157 310
170 247
353 364
435 18
337 280
275 317
360 192
280 239
268 329
28 57
23 340
38 225
215 78
82 221
146 305
240 247
0 332
251 314
424 57
339 105
395 355
312 70
41 373
325 32
142 273
190 74
387 399
43 269
400 84
297 62
31 422
432 254
33 158
318 334
137 137
106 107
272 318
54 7
117 264
325 113
47 234
11 116
11 280
411 372
245 121
233 30
267 386
251 415
159 363
63 89
256 230
237 57
22 157
250 99
83 251
403 3
132 221
441 381
416 307
220 70
425 36
202 198
55 442
219 361
130 125
203 142
413 326
199 405
439 189
128 190
408 177
252 321
396 120
298 247
314 251
447 419
396 273
287 337
428 142
64 410
163 172
283 404
340 415
382 394
278 22
92 70
300 294
345 314
86 119
98 161
419 30
25 320
318 92
258 436
411 69
434 64
343 267
159 199
194 339
370 372
434 306
315 262
7 152
313 256
92 160
249 332
347 58
217 151
230 49
274 184
313 227
8 422
243 118
143 205
302 234
362 144
134 262
357 260
319 317
27 106
414 145
250 310
442 11
347 31
146 413
231 85
304 272
429 199
389 57
43 181
89 219
401 175
375 340
383 259
369 90
145 0
358 393
306 173
288 263
161 300
144 293
326 393
223 232
199 428
400 258
440 128
306 260
341 190
4 196
188 64
65 227
296 160
133 316
27 316
217 431
351 278
50 366
50 431
203 112
103 401
207 133
79 273
109 391
134 330
278 45
317 388
398 162
225 10
425 325
139 301
295 329
279 210
343 428
220 344
118 158
202 226
301 32
367 58
64 130
64 201
183 66
68 177
62 409
74 442
438 97
253 144
195 203
143 234
342 420
171 221
323 357
163 107
373 392
91 419
293 420
140 216
138 331
147 198
113 306
15 98
440 371
190 228
135 206
292 229
151 319
188 40
429 8
302 193
62 59
329 241
95 350
367 201
106 95
219 194
109 233
332 228
70 439
147 447
163 35
156 365
70 349
394 432
126 360
340 4
429 76
238 410
271 42
4 406
145 44
229 225
218 27
439 225
168 50
436 252
347 171
433 348
167 95
321 424
172 450
250 107
217 171
368 361
33 299
262 95
200 319
2 444
103 183
117 117
115 3
100 200
287 62
183 441
332 349
391 348
178 382
419 394
369 261
105 316
394 168
244 315
75 142
157 41
222 162
31 393
219 8
360 444
257 168
446 167
233 301
226 17
323 418
243 372
248 14
261 176
88 216
397 343
189 72
282 1
327 194
257 286
435 354
427 22
20 23
442 309
367 255
417 230
7 44
26 179
9 321
400 409
183 440
136 102
387 21
378 133
200 241
318 409
204 187
114 367
154 78
436 325
237 107
8 153
413 443
423 73
340 29
205 324
254 64
273 136
88 450
83 443
172 143
56 437
419 145
139 381
281 284
203 71
389 431
388 230
349 62
379 153
295 174
323 378
288 81
81 268
367 387
233 129
275 159
7 102
202 315
3 225
189 181
137 201
110 157
201 379
127 443
35 142
235 374
399 27
312 186
163 329
53 389
382 67
226 239
375 153
442 113
36 316
447 70
418 301
227 15
80 106
117 350
278 208
314 119
409 327
0 248
224 284
99 267
274 338
107 336
208 366
246 209
283 80
353 404
185 381
340 174
243 334
393 265
371 198
253 26
295 171
415 104
78 416
379 260
270 51
214 300
178 342
166 315
184 154
230 257
215 443
441 136
79 64
396 73
193 300
377 277
312 352
187 422
132 141
211 309
260 79
320 314
430 125
84 344
337 3
199 397
407 271
133 426
267 225
344 123
326 165
60 13
30 111
417 80
18 18
282 186
104 317
252 299
346 246
198 342
86 417
34 203
336 445
66 235
250 81
144 261
207 378
381 139
169 146
261 109
437 121
386 60
405 34
97 276
268 113
424 435
396 226
146 243
118 266
107 338
357 123
169 7
410 32
85 86
288 430
344 234
67 287
239 326
265 205
177 397
140 397
171 355
158 436
403 117
383 75
419 102
406 196
393 347
425 406
43 363
0 446
311 43
436 323
259 18
233 375
286 52
371 161
168 6
282 349
382 186
143 197
84 273
254 169
259 202
405 380
167 399
227 9
314 359
34 93
422 282
182 254
291 86
120 371
16 312
297 117
315 375
409 314
398 327
448 367
447 183
226 376
133 38
255 318
33 168
327 244
116 11
154 99
301 367
406 274
283 306
81 348
107 287
72 126
389 432
158 166
85 229
129 367
440 241
24 348
266 58
15 267
185 265
62 172
34 405
450 258
355 86
25 268
78 229
340 37
441 365
41 361
202 183
119 320
348 280
99 0
104 304
45 90
321 241
39 78
292 324
173 93
43 95
358 30
205 20
166 422
18 418
297 332
315 352
269 166
324 283
172 268
424 383
32 186
107 388
408 183
101 277
356 55
1 78
423 17
183 292
11 385
447 130
27 368
223 360
291 146
441 158
73 370
261 117
251 246
221 425
186 202
277 377
450 379
422 46
162 399
132 197
123 250
157 45
404 70
111 362
436 262
72 350
421 393
319 151
71 178
267 234
125 41
97 104
207 177
120 295
361 227
248 432
23 326
434 123
294 379
190 48
102 175
446 306
156 355
227 316
101 423
68 444
283 384
378 118
233 205
167 23
332 271
254 197
194 60
353 172
76 69
149 410
217 215
189 373
356 16
248 329
339 448
89 6
401 104
233 261
319 330
345 183
266 258
316 232
297 48
171 434
317 217
290 384
16 319
72 83
0 64
437 174
249 72
445 362
414 436
283 341
315 1
368 117
14 170
353 150
297 374
254 224
92 90
137 50
112 251
183 169
269 348
434 256
217 409
312 131
149 173
372 162
438 105
269 168
173 194
96 424
210 41
253 147
405 255
193 375
236 53
185 36
247 277
226 70
345 115
294 188
40 180
221 393
137 390
145 261
200 222
407 251
284 70
40 434
97 357
104 365
237 255
269 7
374 140
76 444
432 15
281 450
435 348
232 227
154 338
136 320
247 3
235 411
237 4
374 26
17 220
379 325
128 230
223 32
287 436
366 441
301 414
399 279
233 171
435 81
318 362
407 398
448 111
420 319
209 438
171 119
237 251
396 403
121 196
156 268
199 223
398 86
227 215
111 35
207 348
359 204
355 5
439 350
110 27
316 388
418 59
57 138
299 143
229 204
254 205
386 242
74 255
109 430
54 102
420 290
347 61
112 201
209 282
226 186
335 390
38 419
450 311
26 92
406 95
330 286
111 381
34 240
139 321
180 368
242 386
22 304
264 13
201 434
186 4
405 206
448 68
53 31
18 297
290 306
115 45
170 120
201 206
110 13
50 373
33 8
303 197
154 327
27 277
355 391
108 204
228 129
417 221
425 317
43 327
353 260
8 366
232 359
247 221
170 223
99 229
43 177
290 73
318 5
354 268
340 47
438 140
63 151
72 427
148 196
296 40
309 434
214 402
435 91
424 310
347 363
125 101
270 65
352 0
247 131
274 126
284 243
417 267
344 172
203 81
367 406
9 121
93 7
223 331
273 334
366 375
75 229
83 404
366 165
321 377
297 68
366 197
3 425
280 260
177 255
351 368
258 400
43 237
49 255
322 15
294 8
0 377
352 64
138 410
179 230
113 321
107 143
2 413
405 267
75 380
243 52
196 184
3 139
395 76
395 202
112 94
426 27
0 310
8 156
223 216
319 203
384 29
362 219
35 168
405 295
50 434
40 105
2 305
290 160
448 128
373 436
140 244
426 48
415 376
294 402
397 71
5 287
445 153
176 267
338 57
363 93
74 154
173 207
65 182
45 61
395 265
115 134
274 433
155 60
164 52
297 110
192 118
74 331
386 387
62 180
204 157
387 202
345 309
204 147
3 332
32 64
403 110
97 411
120 117
248 376
151 112
366 152
55 208
418 150
447 126
65 118
46 157
340 261
28 285
376 204
410 253
290 34
203 269
247 28
403 155
401 42
28 264
281 411
33 353
133 128
226 75
23 13
264 76
274 238
300 221
303 168
222 213
199 377
219 19
316 408
278 106
104 367
94 393
70 43
48 139
320 324
365 321
348 333
151 361
140 437
300 167
438 359
21 141
94 440
313 332
271 74
118 150
290 337
126 16
353 109
382 267
411 255
147 350
33 99
278 216
71 322
0 36
376 217
373 384
325 394
348 201
217 347
127 434
46 36
185 39
301 360
317 28
294 151
142 324
329 341
438 211
56 100
185 246
84 408
80 52
179 288
178 409
65 232
207 16
75 1
111 262
183 77
71 203
128 200
234 140
190 54
12 47
254 247
201 143
380 281
271 350
142 113
270 80
259 61
362 268
297 6
121 219
445 306
372 381
360 135
302 303
142 207
39 367
292 22
30 7
397 126
71 35
366 21
412 409
97 272
366 339
310 98
61 349
109 168
203 72
191 258
218 365
239 403
51 421
173 361
70 95
108 140
309 104
414 169
230 194
311 208
336 130
417 423
59 110
141 256
97 283
24 205
150 232
55 345
161 41
414 161
173 42
208 369
106 427
105 417
267 175
144 291
186 11
81 273
93 19
14 110
164 419
3 144
78 68
186 175
275 11
281 423
2 380
355 338
315 179
237 381
146 185
215 118
167 262
403 441
351 184
4 411
382 46
437 440
305 330
315 201
294 209
248 229
159 160
17 362
142 43
369 72
373 234
338 224
356 312
276 65
264 449
98 204
418 69
113 251
139 284
336 8
129 132
158 72
387 69
107 445
378 421
145 105
87 88
321 305
41 188
404 363
61 232
430 278
187 227
66 434
276 267
295 350
361 389
418 65
301 211
9 261
176 133
187 77
67 22
345 346
213 415
258 175
405 341
71 91
111 21
16 30
8 12
436 31
66 229
403 134
226 37
404 233
289 314
111 343
222 301
433 208
160 121
318 249
241 186
208 405
26 285
439 419
108 288
424 334
83 377
102 432
85 243
404 184
169 427
394 203
4 389
414 444
443 376
354 118
40 194
124 246
178 430
191 243
95 85
353 204
129 215
53 153
27 311
56 389
340 431
412 0
430 59
302 86
366 103
301 350
106 327
94 107
208 110
50 67
159 346
253 137
17 375
76 393
278 124
307 57
99 136
223 75
302 259
383 290
238 299
348 266
13 388
272 137
265 281
137 81
404 238
333 336
159 274
136 191
287 233
370 249
327 220
37 340
124 363
243 217
142 23
224 168
170 182
345 383
402 114
126 22
433 66
40 162
52 184
428 375
86 348
3 182
26 383
127 151
142 29
184 388
218 346
105 57
288 260
427 335
18 61
315 279
201 392
222 361
119 51
310 90
24 309
294 55
379 7
334 318
213 9
389 279
168 164
337 434
438 129
206 295
357 319
420 40
387 13
20 218
92 222
282 276
219 91
23 71
417 308
296 259
403 354
258 89
366 362
315 132
221 258
229 165
85 290
246 172
410 375
415 412
150 295
7 172
355 228
284 90
295 119
68 315
424 331
287 59
36 180
391 345
399 33
86 353
31 304
387 422
283 417
265 4
208 137
83 40
267 253
30 322
80 112
123 390
82 440
429 153
225 287
375 220
108 297
166 41
117 228
430 229
73 228
382 329
31 68
309 120
162 3
161 25
255 168
422 285
424 45
1 8
369 76
325 326
288 271
329 152
336 168
217 351
169 360
11 194
159 105
93 258
284 222
68 1
75 66
208 431
447 184
303 318
295 206
140 3
332 50
298 236
271 299
25 364
190 276
426 127
136 267
218 392
310 12
412 273
406 201
392 333
374 349
392 171
435 328
358 79
216 231
424 426
313 52
245 173
23 276
291 442
237 0
175 20
69 258
431 161
327 55
297 25
414 395
107 43
356 94
119 72
200 122
442 179
325 36
199 82
251 265
174 86
186 21
271 352
295 416
361 422
118 132
146 46
30 66
438 328
116 217
199 45
384 176
25 192
184 177
364 166
81 297
405 212
80 430
17 124
170 190
312 397
83 199
448 272
257 49
57 336
436 305
354 11
116 139
110 182
269 234
38 5
140 116
120 71
271 71
426 442
15 307
290 403
416 332
228 20
442 46
236 91
152 172
6 4
70 312
104 339
367 71
336 169
377 43
170 152
163 152
367 347
422 226
286 421
408 205
398 442
279 0
59 80
156 52
80 291
58 340
263 12
303 311
25 138
215 184
132 430
221 398
360 370
220 351
446 160
60 211
294 287
205 342
44 156
161 155
59 102
189 169
232 293
162 159
200 125
300 202
402 346
238 76
434 186
227 178
322 408
231 254
361 173
196 122
313 284
83 92
241 224
264 95
53 11
315 294
255 411
243 255
394 108
99 337
381 73
394 29
79 132
174 301
117 46
385 432
290 371
396 134
2 354
62 136
150 158
121 135
135 338
129 436
212 354
378 448
268 132
345 421
282 371
15 284
200 2
62 391
41 29
208 63
24 194
82 50
297 122
48 289
333 407
270 265
56 361
65 324
57 426
410 316
119 222
144 159
71 337
152 42
3 128
104 438
357 369
288 354
267 236
173 213
438 238
176 72
401 168
185 59
339 155
157 52
263 4
206 268
123 296
161 77
442 24
121 189
367 275
305 90
28 70
161 176
197 185
178 415
132 51
381 444
135 57
183 80
413 106
322 119
44 91
438 243
416 52
107 398
418 205
277 27
233 237
356 215
330 153
288 132
100 293
48 135
79 215
248 84
151 76
66 0
307 436
38 430
419 192
155 36
95 406
380 15
85 130
184 212
105 124
314 111
210 240
268 28
114 75
207 289
41 429
372 161
251 336
26 217
65 221
26 79
224 75
206 375
230 54
135 13
290 247
219 305
334 193
119 215
65 123
344 398
353 326
54 339
369 447
433 93
196 147
284 370
175 355
333 385
374 211
219 59
291 296
241 131
420 397
298 348
396 429
153 182
262 280
67 157
277 142
59 276
293 2
217 369
367 208
209 303
279 197
304 94
29 111
20 168
75 335
20 360
168 382
249 250
37 81
344 185
119 275
261 393
64 268
393 118
408 382
18 82
380 101
32 354
123 327
301 313
77 244
82 161
288 437
97 223
382 140
177 352
200 172
167 244
54 241
154 329
330 129
116 97
416 174
150 442
337 164
30 81
313 409
10 433
255 71
329 0
339 369
426 58
191 433
387 332
370 432
378 129
412 5
150 326
112 87
144 93
420 314
7 250
240 140
310 227
44 340
268 344
198 361
413 202
247 293
116 213
360 442
213 199
338 315
440 47
408 128
379 444
188 369
417 232
272 86
367 53
334 231
384 329
342 150
351 194
121 130
12 3
34 408
82 79
56 297
259 199
261 136
419 391
3 385
316 156
199 442
98 62
234 226
142 431
412 79
367 193
374 345
425 343
291 170
158 386
203 204
95 18
309 207
2 426
360 449
180 238
124 133
29 381
99 7
199 145
72 285
149 351
328 361
327 9
156 382
324 373
109 151
29 29
286 220
410 257
321 163
439 269
159 29
237 75
248 134
170 191
272 292
93 360
289 45
233 327
379 28
215 313
303 406
335 73
76 129
239 405
268 123
282 6
140 223
233 259
63 4
75 418
314 70
19 87
167 151
280 183
450 157
85 12
76 117
208 188
100 179
64 136
405 351
383 254
311 102
67 119
291 154
91 233
378 362
249 20
294 161
409 36
187 280
413 217
356 54
360 356
251 216
116 157
167 207
370 175
202 309
213 417
142 142
77 299
74 143
380 284
436 86
132 376
399 386
330 82
9 304
44 245
380 318
112 264
102 159
155 41
253 289
110 136
299 102
221 439
274 257
379 264
272 20
326 136
364 330
249 9
348 258
395 219
2 378
249 286
365 408
241 111
210 152
60 375
169 432
93 307
68 76
445 185
150 82
389 419
6 246
421 201
212 16
273 30
95 150
23 281
448 331
426 106
2 78
202 296
257 329
437 88
299 333
32 138
237 106
309 334
34 267
391 14
34 442
168 219
203 144
37 70
234 54
430 330
247 343
418 39
349 228
45 72
376 306
185 28
1 328
233 324
438 443
355 292
104 390
46 117
387 430
304 297
297 302
291 22
192 360
327 215
136 447
264 265
74 19
42 9
238 168
275 247
16 190
417 223
75 249
406 314
37 126
61 377
230 408
295 366
422 134
216 124
57 434
405 92
265 433
37 238
145 208
91 208
176 199
412 82
201 386
123 199
105 214
276 215
380 289
305 300
63 347
309 315
285 59
226 270
357 40
237 273
47 438
306 123
422 177
110 75
158 270
275 396
3 207
202 195
37 335
364 97
27 269
237 190
211 408
224 208
377 389
171 38
63 103
100 115
47 76
224 193
44 153
267 371
427 37
339 350
112 70
276 50
58 108
135 223
268 120
224 265
355 259
27 176
0 110
274 4
33 302
188 414
29 71
234 11
327 70
79 445
256 411
78 86
305 242
40 46
421 308
300 272
407 29
355 144
228 441
428 157
66 237
124 446
348 420
399 415
94 119
226 424
70 324
96 256
333 45
61 369
304 412
431 165
418 445
38 216
67 350
396 162
1 189
128 8
261 182
255 226
367 132
48 435
439 53
34 389
4 63
225 20
233 104
113 126
73 360
443 424
206 254
365 183
421 394
173 298
419 142
222 278
64 46
74 26
97 151
360 149
98 267
224 307
92 60
31 189
50 227
297 28
130 225
236 313
250 188
127 365
160 27
218 237
102 249
221 194
388 171
296 319
410 266
331 353
424 428
184 39
278 261
144 400
149 278
48 136
121 231
409 227
182 260
2 123
191 289
47 442
115 54
168 355
321 28
77 55
249 96
140 48
104 224
293 142
400 66
374 298
418 31
268 333
274 205
77 441
249 174
212 435
306 425
3 146
163 29
277 227
21 314
252 432
143 88
302 80
315 349
408 412
79 114
366 101
431 307
271 250
32 223
271 35
399 182
263 352
376 31
433 75
370 408
235 339
37 281
51 225
447 268
6 321
16 323
320 167
413 440
191 239
55 91
211 166
431 27
187 37
186 357
163 348
1 295
437 93
100 148
31 98
121 25
92 321
446 350
444 58
65 111
393 343
377 325
157 358
275 264
365 277
93 256
101 157
159 351
443 95
207 9
146 128
169 241
174 101
286 430
312 319
72 117
303 167
440 226
416 339
92 298
171 99
423 156
46 53
416 0
366 71
142 269
385 82
435 204
450 15
37 6
171 108
414 397
225 212
119 273
89 113
38 84
300 252
270 385
113 28
52 126
268 51
111 194
76 67
365 260
393 12
214 88
120 269
336 102
77 356
221 71
427 215
261 311
252 161
241 22
367 192
321 134
297 191
287 191
409 360
384 52
189 269
447 242
134 142
125 306
1 347
411 258
89 408
252 218
146 361
282 318
365 284
92 257
42 404
417 83
366 204
61 29
164 173
414 215
31 185
8 375
344 165
90 418
27 197
103 177
10 16
212 378
119 84
185 405
220 169
423 306
354 115
396 213
296 100
114 120
380 150
376 317
86 362
99 400
340 192
414 391
83 198
29 107
1 173
187 413
84 413
201 91
12 122
11 60
337 348
88 264
416 356
430 63
140 147
421 51
423 50
277 202
409 322
158 154
271 54
265 118
111 312
319 428
317 209
201 141
102 384
277 226
419 134
111 197
318 195
335 102
374 429
260 226
11 285
315 73
385 70
5 229
391 344
391 376
331 185
112 149
310 435
168 201
126 174
146 228
352 40
195 156
411 380
117 386
177 291
31 29
53 208
427 225
353 35
6 164
378 93
47 249
253 338
300 150
369 254
179 382
379 211
432 170
242 232
137 442
31 149
221 388
416 199
312 406
311 340
287 264
60 50
187 39
74 431
135 79
282 437
64 6
388 245
419 240
72 328
373 283
241 332
398 52
66 196
363 444
341 154
360 396
297 80
437 161
157 322
37 399
87 283
364 318
244 375
280 154
181 290
31 372
338 303
178 315
286 44
8 199
425 14
21 431
284 236
110 137
181 440
368 108
53 436
256 108
142 131
171 214
360 245
217 333
8 223
299 59
329 203
243 161
374 311
174 294
445 206
78 70
313 293
86 259
310 411
103 3
407 275
360 270
198 239
428 416
81 42
288 436
44 93
335 80
130 191
350 349
381 101
267 87
136 327
193 363
422 229
429 213
212 202
219 191
219 185
199 137
256 365
328 440
159 178
195 373
5 311
314 83
165 132
32 103
96 120
320 20
350 151
411 435
220 51
5 422
47 267
393 202
205 145
0 303
116 382
128 192
426 357
191 305
101 160
167 442
269 344
36 104
79 437
133 169
395 123
437 261
123 77
213 326
207 245
442 208
13 427
62 433
304 103
4 440
394 228
407 0
362 429
365 14
51 298
171 133
176 19
129 140
449 360
414 165
242 234
27 419
209 143
252 301
224 370
153 43
128 44
156 258
82 340
449 125
242 336
177 83
23 51
417 319
410 442
136 278
2 349
18 10
174 327
320 63
166 371
11 401
287 354
73 301
284 291
264 250
251 17
199 421
249 47
48 248
326 58
96 342
116 220
430 312
197 338
245 229
279 132
273 437
114 161
154 379
271 278
224 220
407 49
441 370
25 366
70 118
133 379
448 14
326 216
273 128
119 430
444 179
236 432
234 184
109 258
388 306
109 263
263 393
446 344
284 192
404 175
376 338
284 146
252 441
123 179
428 39
54 12
223 83
1 41
326 1
155 265
392 184
122 248
217 429
63 299
351 332
348 177
220 4
342 120
303 397
314 276
64 348
180 386
387 402
116 216
130 236
330 119
16 202
318 234
246 188
448 439
100 348
317 405
405 87
232 408
237 413
179 168
73 101
169 201
296 185
282 53
294 422
296 230
415 26
354 430
204 441
175 398
209 406
349 179
32 135
258 416
267 25
219 397
414 440
318 204
355 318
355 406
118 6
444 292
398 407
155 71
374 210
13 92
406 155
182 89
70 410
46 101
445 247
176 440
287 81
48 395
98 182
9 189
384 409
383 160
399 419
440 159
230 405
325 109
341 101
40 385
45 247
108 212
368 120
105 281
395 95
358 145
90 217
292 345
16 406
186 219
139 349
133 224
141 117
48 1
81 74
149 145
143 286
320 146
88 144
295 199
276 207
151 14
352 323
98 100
283 169
390 345
371 175
202 403
420 299
373 322
204 127
441 277
29 58
206 263
432 376
260 99
449 141
95 303
319 391
168 420
238 286
268 274
280 2
137 13
52 203
400 375
375 315
249 379
164 118
424 166
100 198
208 335
65 365
263 174
41 84
319 268
214 281
211 160
363 289
364 108
395 140
349 110
445 406
258 402
407 56
29 189
150 407
234 353
336 54
20 92
88 68
242 441
315 118
292 189
257 239
75 304
400 252
236 21
325 197
78 207
384 132
134 343
43 251
402 332
84 6
94 345
243 84
393 424
15 323
428 138
409 39
212 62
121 12
14 240
183 73
151 437
321 338
323 171
165 96
86 38
388 31
388 118
187 305
259 406
330 59
250 327
62 447
284 150
248 182
209 270
299 349
48 433
247 48
149 255
289 126
176 6
368 81
103 347
170 25
333 92
251 1
132 229
376 28
343 387
365 119
97 423
5 418
427 261
334 259
31 394
74 106
357 306
365 124
125 42
205 442
406 282
139 21
406 154
333 130
340 418
105 28
247 419
29 198
91 17
393 57
238 158
395 66
339 13
36 436
233 139
207 151
336 4
124 201
14 152
432 442
425 271
128 196
152 3
125 418
401 427
185 289
146 201
127 92
291 429
41 227
268 298
359 232
82 312
367 336
397 70
326 170
300 356
206 203
445 145
117 90
375 338
262 207
26 421
92 326
305 376
217 306
430 303
236 444
28 163
319 23
284 247
277 282
1 107
377 57
215 227
46 247
126 186
89 79
137 275
270 393
176 205
287 213
443 209
221 124
260 208
370 411
195 16
443 131
151 246
155 121
251 174
67 264
349 81
365 92
366 378
51 364
74 165
321 311
254 309
208 293
65 19
248 404
37 8
18 204
144 96
206 326
115 14
30 126
104 344
444 227
165 34
191 246
61 444
157 352
422 0
62 264
343 312
180 296
260 303
289 87
75 363
147 273
418 159
247 318
409 42
392 58
399 110
223 181
1 149
299 329
342 336
387 243
130 33
181 407
403 202
122 382
346 159
74 406
171 4
237 233
244 344
273 236
18 160
8 442
35 425
265 400
276 183
361 116
315 388
91 105
378 286
58 231
437 175
291 323
413 238
184 56
234 336
188 181
397 444
14 148
218 146
178 161
180 69
39 230
265 334
5 432
272 151
86 69
277 238
132 335
315 345
374 322
268 4
195 139
125 122
81 36
357 337
137 9
54 167
17 276
60 329
135 422
272 56
60 68
447 389
102 205
111 60
292 132
138 312
99 379
299 239
57 413
47 221
104 324
404 428
347 229
107 39
69 414
371 437
315 202
22 67
307 96
233 17
46 171
23 338
392 82
216 65
235 61
383 217
111 213
58 327
383 382
359 31
119 285
37 114
279 170
157 74
296 165
103 58
358 69
314 73
103 192
121 281
74 402
420 33
384 177
141 43
307 316
14 415
118 135
23 183
436 43
25 260
340 152
51 24
208 191
309 321
358 443
283 126
315 199
152 369
258 371
281 184
69 291
446 440
46 303
314 55
157 252
40 418
332 255
449 134
351 210
343 437
118 26
71 417
281 24
224 303
82 407
379 134
185 261
404 349
323 224
81 275
194 129
216 439
234 325
122 395
255 439
0 21
402 74
390 110
10 64
242 157
144 75
98 431
389 54
428 412
422 124
74 118
267 160
341 77
399 231
59 139
117 446
416 296
188 353
185 175
191 178
222 330
245 367
259 326
430 188
345 134
259 90
417 363
16 46
241 135
206 248
83 424
159 118
217 84
294 264
13 293
422 248
261 359
191 47
268 349
366 387
173 285
440 160
289 181
197 170
350 286
57 362
355 206
399 377
386 333
81 323
114 265
140 29
281 324
264 408
56 444
420 403
129 287
219 97
144 32
23 391
190 375
421 277
298 108
445 96
240 65
324 244
292 272
19 77
384 269
420 21
196 403
170 312
136 185
67 359
77 110
234 4
302 242
130 149
201 319
444 407
424 424
247 301
250 311
309 25
198 253
441 337
429 292
251 311
404 214
265 51
115 368
131 314
271 92
445 10
92 139
428 8
73 427
321 402
384 315
390 54
80 118
203 32
281 34
6 80
135 262
85 191
127 94
351 385
302 4
20 67
8 230
222 111
333 10
98 305
342 429
85 175
131 44
2 309
222 359
15 65
261 105
161 78
423 347
211 297
166 157
204 306
178 41
278 410
49 215
137 368
376 120
303 288
163 111
192 6
55 374
375 206
270 269
382 91
180 297
288 66
31 148
347 234
73 243
65 283
232 123
108 429
322 202
161 115
322 446
90 392
45 206
334 91
200 114
80 187
314 407
34 311
185 351
179 316
54 4
349 376
0 55
342 35
430 190
57 227
267 122
307 357
49 187
406 186
204 103
433 64
294 450
396 436
148 359
343 233
45 434
145 234
125 236
115 57
214 87
6 147
427 81
142 190
118 390
318 200
187 364
256 434
75 190
86 141
217 71
157 285
292 145
280 359
81 261
440 295
131 328
437 239
350 161
150 184
321 260
327 339
174 170
427 51
319 188
405 336
19 385
86 198
287 368
173 329
291 399
214 377
203 102
51 311
33 288
30 316
14 274
348 271
199 322
38 166
405 219
381 368
450 14
447 223
289 344
305 262
291 358
168 399
123 167
82 225
399 317
169 111
273 155
129 75
51 47
14 315
200 127
314 171
297 260
7 97
46 354
411 250
232 230
161 341
418 396
382 116
190 297
83 415
32 33
286 3
159 9
370 188
185 93
51 107
143 167
139 423
152 252
423 193
212 424
199 36
53 435
307 418
234 158
100 352
123 284
312 203
162 40
219 184
246 299
291 67
341 322
326 235
67 235
91 222
442 438
298 187
276 174
124 301
167 353
293 44
225 132
109 9
65 410
365 53
356 311
192 174
371 341
215 58
189 242
254 366
445 26
244 93
200 180
363 194
13 157
159 169
47 375
333 318
121 107
242 272
357 140
95 77
126 144
376 149
429 350
300 347
346 398
22 366
446 410
407 298
24 369
316 44
132 52
341 192
42 210
322 118
131 258
314 34
341 36
333 288
297 106
439 101
342 259
245 75
321 381
274 136
377 285
176 185
399 223
387 3
262 290
38 236
152 420
357 64
39 339
354 327
40 387
316 371
429 81
123 103
231 402
28 78
363 211
369 62
415 300
327 412
74 80
366 144
89 80
394 352
402 72
369 136
449 145
273 393
77 246
73 345
187 427
355 363
233 424
449 403
400 150
161 215
58 274
422 315
188 177
395 54
324 142
281 331
58 284
226 60
98 248
392 386
93 391
352 350
38 50
440 174
432 319
306 367
101 309
243 28
336 215
178 220
301 132
362 336
369 203
351 91
165 178
449 353
3 400
21 410
52 108
159 125
350 438
260 111
57 357
147 265
444 12
255 31
179 421
260 139
154 230
171 47
311 187
94 289
386 162
216 103
340 136
83 165
178 60
230 164
405 99
352 427
281 166
123 427
93 433
89 396
272 400
161 203
300 71
151 174
444 25
379 373
391 196
83 403
357 90
311 247
78 448
411 93
196 418
69 432
189 266
246 316
134 185
411 265
316 364
120 299
115 372
394 165
206 50
90 236
55 101
344 8
58 396
228 134
254 444
219 319
127 416
15 14
170 74
20 370
134 135
393 362
400 299
413 359
395 195
177 20
356 238
202 358
364 201
228 338
80 1
229 60
89 390
267 202
95 265
387 116
36 174
365 42
101 359
8 80
224 166
131 37
161 156
215 197
171 55
332 216
150 417
363 268
379 384
81 149
192 235
183 211
287 40
69 176
120 119
149 256
321 448
203 190
112 97
24 9
341 400
86 386
166 438
447 287
283 242
210 291
266 120
306 438
96 404
101 55
203 119
359 336
147 102
239 17
302 66
72 242
122 405
140 299
16 48
187 259
168 279
92 393
405 442
80 447
224 155
81 16
32 334
384 276
278 427
230 390
53 43
19 212
247 354
362 449
136 59
110 209
182 57
118 4
352 422
9 266
86 333
412 33
50 85
348 415
157 114
185 171
193 19
243 116
368 187
1 36
361 428
328 283
35 411
317 383
53 175
228 152
243 321
240 84
314 326
347 251
33 364
301 126
304 173
319 181
202 376
196 32
88 46
143 172
365 145
321 75
369 257
255 250
90 96
335 234
212 26
231 328
312 189
15 162
353 255
347 407
397 434
178 76
297 320
141 415
215 322
226 426
7 168
59 217
442 253
236 445
212 292
97 176
309 368
311 24
45 450
435 78
282 392
93 291
241 407
322 319
254 253
442 153
230 103
322 125
375 6
264 218
214 141
96 407
360 263
188 28
415 266
7 225
382 210
26 357
159 176
358 384
191 296
156 250
323 131
397 23
73 118
65 48
25 230
324 250
4 32
342 125
263 68
17 90
242 202
195 211
421 55
297 371
198 196
238 7
405 218
259 160
148 400
108 32
216 352
36 171
101 411
381 55
359 372
167 34
306 340
397 375
389 146
393 96
156 12
95 421
314 443
312 45
403 394
344 394
320 48
216 200
335 399
214 60
309 64
305 397
404 213
389 407
169 291
52 284
117 311
414 151
184 295
300 191
309 54
44 205
397 205
15 399
10 47
107 176
349 66
292 423
175 38
307 104
31 292
326 151
100 225
50 106
57 48
112 245
405 8
89 20
384 191
120 1
73 277
214 33
271 236
317 252
140 327
148 148
86 0
294 132
424 369
149 293
225 66
311 155
5 324
205 99
185 332
384 58
216 315
304 205
267 362
415 394
278 161
288 136
204 256
124 66
191 358
319 56
398 421
352 96
83 222
33 242
222 293
238 73
306 414
83 175
244 26
400 328
292 412
40 231
356 272
25 25
76 381
47 328
131 397
9 276
418 257
121 303
450 239
256 121
56 376
312 43
357 200
341 170
340 235
254 55
98 320
66 167
397 148
324 17
293 161
28 206
87 197
303 345
238 329
357 393
239 340
199 130
83 306
122 114
270 339
423 342
125 325
448 59
90 421
1 371
236 239
22 378
393 196
78 380
87 379
269 116
315 205
22 17
410 387
56 21
427 28
249 272
442 97
381 1
317 447
262 26
98 301
180 340
135 81
291 47
93 233
382 270
234 407
42 181
174 318
195 348
110 374
427 136
47 302
380 32
298 150
448 162
126 295
172 13
385 8
296 149
435 191
179 337
198 313
132 411
390 126
388 52
188 58
254 259
292 203
56 42
87 235
405 124
427 364
234 422
320 44
181 374
323 99
271 434
61 298
90 355
376 252
104 230
365 391
356 58
347 89
384 371
159 5
309 304
319 275
42 353
110 0
439 299
74 54
293 184
384 241
420 250
131 93
227 213
123 307
382 183
69 187
89 257
421 448
245 154
153 198
233 131
365 97
275 256
1 0
302 15
306 141
9 248
345 413
261 190
358 243
445 14
379 450
363 192
437 257
255 341
278 294
426 93
346 391
136 199
426 28
407 14
363 172
253 102
97 448
37 215
410 314
106 277
337 111
401 121
365 416
433 400
354 19
238 342
412 431
400 212
209 16
209 44
142 414
381 231
97 243
315 116
283 30
337 95
196 259
183 344
239 442
355 271
292 215
118 43
433 366
233 398
220 63
324 139
58 235
263 124
99 236
224 178
146 12
55 251
110 204
371 0
375 221
159 124
33 156
419 138
162 204
319 224
154 27
130 45
372 75
393 128
58 134
172 153
428 306
47 417
57 236
271 51
240 324
247 25
334 263
380 71
167 65
269 107
300 115
76 424
449 298
238 183
31 143
98 155
6 412
337 63
99 313
177 347
359 368
384 360
432 369
208 40
52 449
288 373
200 385
289 196
308 436
146 225
359 28
56 310
435 352
150 443
93 342
287 374
269 450
53 201
107 408
273 308
118 34
153 412
415 72
43 256
318 401
42 336
296 71
401 420
21 310
327 298
92 204
13 285
117 19
442 198
332 390
313 185
207 70
448 267
68 327
347 203
142 121
101 394
101 0
324 435
25 114
278 89
278 270
120 330
309 219
127 439
339 229
103 167
291 223
22 343
351 387
427 362
350 178
295 376
229 396
183 342
206 144
357 411
252 22
269 369
296 77
93 284
323 64
265 120
313 383
394 11
414 286
57 217
363 151
150 99
76 367
242 255
108 185
48 16
318 312
228 22
86 227
37 76
373 107
329 36
200 261
62 101
135 288
335 310
257 419
110 367
96 266
61 196
276 156
428 317
384 119
166 72
358 313
173 404
8 368
2 336
296 424
23 377
46 55
317 120
406 124
136 322
161 43
432 48
127 156
267 349
61 358
242 131
156 260
114 351
331 135
123 315
402 369
169 351
322 374
263 159
96 0
93 142
81 392
394 356
244 51
210 393
170 362
299 122
258 152
311 419
438 119
137 198
45 119
414 421
274 26
280 263
50 345
265 447
196 446
349 360
180 14
89 354
223 155
134 345
133 324
140 250
70 297
155 450
418 177
447 325
91 327
311 429
363 160
209 106
327 444
381 180
313 298
112 158
78 263
351 150
387 275
212 253
236 185
349 354
196 219
199 351
357 114
395 41
38 217
46 4
370 261
144 104
342 355
280 144
350 22
241 72
171 351
428 243
306 163
387 211
266 181
38 347
316 283
307 309
181 383
318 393
341 255
220 168
26 450
128 447
421 405
396 390
193 388
62 67
442 411
265 150
63 88
105 226
445 355
159 205
252 114
267 430
175 272
249 282
295 170
155 204
276 33
331 66
433 278
447 416
205 224
135 66
436 354
190 417
102 424
215 98
441 124
293 0
377 323
210 248
446 112
388 299
7 268
349 138
297 151
3 197
180 286
18 9
431 295
73 10
95 434
11 444
87 141
318 78
355 6
117 137
134 321
157 303
3 339
38 289
146 397
224 36
312 336
35 57
130 28
408 224
40 192
262 195
93 36
388 209
308 391
203 298
77 236
178 65
290 373
205 408
31 295
294 99
337 383
287 246
251 298
319 295
258 389
50 413
331 79
375 182
409 299
312 20
350 326
21 121
265 173
98 116
54 105
419 4
208 445
44 282
129 7
25 68
320 83
186 331
367 331
28 292
12 291
123 107
288 200
153 283
145 257
275 303
271 214
125 349
318 329
123 51
227 240
366 53
91 5
441 31
426 133
428 107
291 113
167 317
5 133
264 438
384 179
75 332
20 49
242 263
430 160
50 253
286 36
415 323
115 193
253 326
121 167
14 362
60 218
261 261
252 406
417 289
300 140
70 433
404 321
156 96
215 418
393 297
26 157
284 176
320 223
4 412
266 138
220 181
84 346
46 352
186 319
269 175
2 9
409 247
204 271
372 300
312 375
358 129
58 257
65 199
171 449
50 0
205 169
225 341
403 246
77 97
223 202
46 107
58 427
304 259
59 146
292 277
390 357
8 249
71 412
70 386
208 226
166 24
47 147
23 4
412 25
33 61
209 381
353 262
0 228
107 376
149 171
72 108
405 308
291 125
187 272
69 358
242 48
11 365
223 368
161 76
243 316
195 91
67 148
36 64
316 151
324 204
361 144
124 100
290 86
384 445
193 263
85 139
82 239
280 88
2 54
157 197
59 321
91 103
432 129
10 449
71 353
17 20
264 323
6 386
440 28
122 317
141 127
89 157
212 104
8 92
292 212
357 368
404 447
367 320
271 80
47 65
174 286
62 345
186 187
315 170
334 347
140 52
336 380
1 309
338 401
438 304
93 60
0 253
442 26
105 12
179 372
189 11
386 311
48 56
373 375
135 298
432 69
201 166
320 199
142 224
47 21
232 277
115 216
67 244
177 159
57 143
22 166
432 285
439 157
3 141
107 189
178 268
425 121
293 25
446 119
317 235
408 127
169 403
252 231
239 66
18 213
33 136
146 445
239 245
406 163
236 80
255 371
308 424
335 215
131 437
322 350
306 350
449 247
3 323
223 38
174 208
187 350
406 382
314 386
46 376
362 442
248 76
351 364
65 16
374 114
411 322
42 51
402 427
30 116
7 391
81 304
264 327
313 299
344 42
408 43
112 106
119 121
242 381
103 360
157 97
404 275
91 243
59 273
33 443
199 264
353 219
379 397
406 411
321 364
189 445
258 317
53 202
203 224
238 368
300 432
292 45
160 41
208 166
337 238
6 252
387 49
437 188
343 381
434 234
378 73
170 132
234 223
257 199
395 299
227 174
245 84
450 330
360 298
125 64
113 171
269 407
125 345
435 418
249 91
417 64
343 223
30 123
154 303
82 445
417 11
395 423
394 307
390 232
447 97
153 438
279 287
259 366
174 43
227 61
172 421
291 381
446 303
438 424
143 316
110 408
307 186
331 294
188 92
24 261
233 143
243 345
158 149
337 34
166 395
243 139
234 362
143 218
244 57
296 220
286 38
319 357
341 53
154 59
140 422
177 80
52 65
258 127
90 107
334 424
394 250
137 406
280 267
344 253
226 62
147 351
359 96
300 350
138 411
97 95
381 418
10 86
87 156
250 144
27 218
166 317
394 55
261 131
113 317
226 53
279 428
40 207
107 282
133 68
356 382
211 388
147 251
226 237
255 346
40 61
98 372
56 402
313 139
449 311
158 375
188 280
414 343
430 109
388 146
377 162
205 352
45 303
323 200
158 29
281 83
335 443
78 240
241 447
339 388
335 232
4 270
116 248
227 106
395 111
12 290
53 301
281 386
20 436
397 83
194 198
95 433
268 297
434 50
62 112
5 161
378 368
108 391
429 223
6 334
72 103
111 77
204 76
187 407
353 174
435 223
35 255
37 142
186 59
91 50
87 338
229 27
113 353
87 325
357 418
294 281
78 248
211 410
157 122
313 329
221 387
87 420
445 85
176 202
261 145
73 16
422 13
110 94
446 202
295 156
230 392
202 217
77 114
298 93
286 46
418 117
138 26
176 397
175 208
247 142
164 68
269 94
222 72
378 396
51 74
107 354
180 164
82 24
269 204
283 292
59 223
215 39
166 248
154 443
403 223
357 274
272 88
254 337
52 379
2 417
410 346
440 363
328 373
419 364
291 202
281 313
420 249
141 143
152 444
396 9
101 111
296 12
179 131
350 239
257 271
303 100
189 366
248 369
321 318
84 23
381 3
367 335
394 23
364 229
189 383
105 401
302 225
159 61
243 324
3 148
18 32
95 66
445 204
422 98
401 317
120 365
212 123
438 396
96 23
68 115
203 6
373 209
317 204
432 189
21 264
281 111
129 233
413 420
389 5
394 220
341 81
27 281
26 155
381 412
396 377
82 170
359 179
321 315
0 344
13 112
294 90
42 43
363 288
118 81
57 368
124 327
248 147
298 159
233 350
124 199
436 61
247 135
66 311
73 386
295 79
2 163
368 170
59 97
63 213
83 135
395 375
266 361
13 321
16 167
415 167
430 324
147 126
226 381
12 66
329 21
67 135
337 52
73 102
382 209
106 142
90 346
358 116
34 34
5 411
35 383
313 9
376 245
376 82
14 447
1 57
1 4
328 107
0 209
358 167
135 246
428 437
4 365
347 383
136 94
360 108
121 403
86 216
9 347
283 84
394 170
22 24
154 60
69 181
217 159
113 75
139 109
318 248
48 358
73 351
350 363
141 377
121 97
244 304
129 50
275 369
351 215
1 102
165 450
303 315
305 106
428 126
192 259
49 257
242 239
158 106
116 275
311 46
303 272
96 47
107 115
135 289
256 323
65 88
363 349
358 134
56 248
387 187
448 289
134 0
48 218
182 369
405 202
295 260
251 139
357 149
351 222
448 86
215 149
401 184
4 322
258 134
132 142
366 291
70 67
295 195
379 287
19 1
386 306
244 65
347 181
435 326
418 48
212 44
312 1
354 37
162 429
135 332
1 392
353 103
344 22
258 421
360 187
402 419
264 245
29 74
83 440
428 200
86 431
84 367
129 105
155 91
323 254
410 23
14 32
288 251
96 163
98 8
51 259
118 99
210 116
285 363
398 398
242 162
230 424
215 307
429 318
310 171
165 333
155 396
145 279
127 204
250 250
221 60
332 371
182 322
26 100
308 131
167 88
418 131
189 294
67 370
321 189
350 233
287 382
285 429
255 86
180 68
66 41
240 51
373 418
388 287
156 72
125 383
280 411
327 446
36 404
18 64
437 184
420 448
177 204
187 116
152 94
317 104
69 82
109 318
135 84
88 53
207 182
341 88
177 314
139 87
38 281
83 260
78 425
17 433
245 233
92 103
13 441
271 270
161 222
191 62
101 343
332 104
228 310
273 129
426 332
280 210
230 269
343 114
301 308
424 4
17 180
126 119
448 260
310 3
322 55
312 216
351 422
214 45
288 29
79 352
440 315
50 428
47 362
338 29
7 193
235 86
52 283
405 247
314 444
259 289
224 289
407 341
226 405
167 30
62 200
281 212
190 267
207 448
46 368
285 423
69 114
271 139
318 144
321 186
269 433
128 283
334 152
259 339
363 84
230 137
299 410
215 438
136 325
221 160
394 106
45 180
35 122
156 118
320 104
220 211
402 433
229 146
216 347
401 449
374 424
101 258
405 37
303 377
275 373
117 126
408 248
148 62
341 352
130 3
186 257
372 24
308 87
221 1
22 183
385 418
339 296
366 5
431 365
31 414
80 92
307 369
70 187
352 297
42 347
239 118
94 19
417 361
374 266
254 346
6 30
412 12
325 349
247 276
237 391
15 34
203 442
441 121
47 399
301 169
259 253
63 94
364 76
310 36
89 414
240 374
315 264
289 118
218 400
274 232
395 221
125 310
169 379
280 161
234 81
286 246
339 428
90 167
200 242
187 103
159 79
415 198
169 117
88 213
375 223
85 123
192 141
143 19
124 35
64 437
263 248
175 322
376 55
357 256
314 10
283 260
250 295
358 226
171 273
51 143
111 409
384 89
88 147
347 256
67 77
314 222
205 303
427 234
444 287
171 374
151 359
11 196
216 354
65 397
448 251
105 227
331 6
369 449
291 164
118 447
107 418
124 231
167 193
350 312
337 307
128 4
36 281
255 201
183 22
349 334
344 207
48 27
432 156
319 112
80 290
329 151
208 26
305 88
337 294
267 35
48 7
88 431
275 379
20 444
388 82
21 353
81 279
4 264
6 22
98 208
135 104
2 268
204 216
295 97
130 67
174 394
417 225
90 242
70 390
290 194
398 79
143 348
345 424
86 212
297 173
364 37
45 293
160 256
265 247
358 141
349 258
394 233
170 384
288 1
230 127
397 141
432 256
419 357
107 342
146 414
251 261
71 286
258 409
80 44
263 436
379 206
449 140
173 75
420 293
55 406
331 383
66 425
221 159
380 323
420 148
245 306
334 362
331 237
168 143
112 249
433 374
437 297
292 291
309 286
354 100
446 332
23 50
280 55
292 398
228 302
317 431
29 23
189 13
46 340
437 89
273 220
289 121
80 207
353 442
214 65
408 413
336 135
424 317
414 45
432 215
106 440
313 276
201 76
437 41
213 29
251 419
46 126
446 295
311 19
47 323
226 277
163 265
248 47
328 380
130 182
309 200
273 245
362 35
274 275
4 250
323 414
154 262
320 329
264 450
377 353
324 160
83 264
205 56
243 167
143 128
179 98
402 190
210 378
359 47
30 380
6 33
301 56
229 273
281 176
147 41
308 13
300 228
66 216
2 392
198 438
137 56
48 330
103 111
72 393
82 92
118 209
416 351
51 416
312 108
373 323
385 48
115 343
266 118
100 287
205 292
242 297
413 270
197 227
359 205
158 11
362 392
55 312
356 249
289 37
155 86
59 393
283 248
30 95
29 121
63 305
276 435
249 197
6 290
265 402
108 115
334 213
143 307
369 79
71 132
287 216
382 281
90 320
29 255
382 41
181 366
378 183
376 319
117 251
17 2
450 44
76 309
5 68
393 279
185 129
325 285
160 151
392 183
11 76
20 71
124 88
407 259
68 244
369 400
126 411
234 8
30 47
225 201
49 443
337 21
203 402
47 223
327 46
144 287
150 266
343 427
31 106
358 8
214 292
305 164
406 379
5 128
15 143
367 311
351 72
129 142
261 84
351 303
395 117
173 104
298 160
31 329
218 127
219 331
114 90
322 72
214 198
95 332
147 197
83 155
0 145
340 275
386 332
185 159
363 70
48 131
50 215
52 147
80 98
228 341
352 270
432 448
83 388
239 259
37 219
387 447
405 325
158 254
285 360
97 4
298 21
160 400
271 21
317 290
362 327
25 216
297 278
167 220
357 267
241 115
317 285
256 273
92 164
437 118
44 43
9 191
312 341
137 356
108 18
414 197
335 402
217 140
129 234
53 317
90 398
339 188
404 448
235 98
147 421
231 81
327 420
164 22
406 275
396 381
205 278
280 430
240 197
266 6
350 69
103 390
140 172
64 129
443 118
436 330
380 420
42 326
203 372
272 158
379 378
396 408
115 324
439 3
249 113
251 207
155 401
150 211
142 211
245 137
125 272
13 402
61 247
48 32
116 356
89 76
419 229
74 196
368 17
189 194
222 385
449 158
138 31
376 390
155 48
267 15
412 88
428 194
155 308
33 4
21 300
254 291
416 300
372 1
364 61
235 416
27 307
95 30
256 319
294 1
268 86
320 309
96 414
193 421
182 116
306 441
160 376
193 361
299 58
330 3
340 116
80 178
147 394
101 255
195 214
330 35
81 179
223 442
182 240
358 282
304 309
37 20
296 145
425 305
360 70
233 153
247 384
134 101
430 140
93 394
61 6
42 413
7 277
93 27
417 266
198 298
41 121
92 7
169 423
285 16
179 112
241 258
105 121
389 30
173 144
179 270
335 448
210 317
447 93
265 79
259 69
171 120
32 27
420 112
367 85
360 89
225 330
353 29
254 384
395 51
9 27
92 132
75 409
145 299
287 222
399 170
64 246
337 247
89 186
200 281
196 7
432 307
157 19
27 69
304 407
211 62
201 242
238 179
357 225
405 228
32 163
0 365
112 290
272 211
93 166
184 78
225 65
13 68
195 263
372 415
24 80
64 23
218 116
430 1
114 244
292 374
271 358
81 152
248 312
379 197
117 246
133 359
106 176
340 304
18 175
58 275
326 21
19 447
312 233
276 83
376 7
333 277
222 346
290 133
165 365
27 211
153 363
207 388
24 22
429 78
17 285
291 270
161 411
27 356
412 439
247 337
29 334
77 11
222 65
370 287
433 255
187 412
297 65
352 340
426 411
239 272
73 266
260 19
357 183
56 275
259 178
171 187
29 165
188 389
65 55
308 223
294 178
297 120
85 80
212 166
239 100
198 197
282 390
259 108
403 19
212 136
361 82
394 272
87 317
314 353
450 110
407 405
189 86
19 426
161 15
433 296
284 382
271 403
81 335
346 410
334 278
387 223
8 74
432 403
218 17
50 238
18 337
312 444
44 284
432 416
130 221
397 151
3 91
278 165
321 441
26 293
19 37
73 76
172 149
224 52
352 57
59 43
354 380
344 175
186 184
286 179
8 185
191 122
189 114
204 10
249 245
152 44
222 22
255 89
59 306
51 233
28 97
229 405
285 260
318 147
296 414
331 207
331 422
243 373
367 408
81 125
38 57
400 64
296 89
449 396
126 449
10 282
84 1
401 16
351 417
418 188
447 106
65 312
193 64
271 444
272 390
125 191
361 176
425 283
112 439
101 145
120 268
416 21
245 159
170 70
144 227
13 175
446 96
75 310
143 63
366 94
65 282
321 39
284 84
406 35
32 436
308 42
367 294
439 47
2 239
36 312
307 251
305 224
379 263
229 259
438 193
151 140
3 231
350 306
185 108
339 84
152 294
437 444
243 85
68 213
160 211
232 61
120 8
356 167
189 317
405 373
320 97
342 388
326 318
370 222
59 145
80 284
173 421
139 92
11 135
77 123
446 139
200 393
352 130
95 192
260 274
418 154
387 303
385 266
442 395
162 98
267 385
37 244
153 12
121 311
12 242
229 202
92 24
411 122
446 194
18 73
98 362
166 366
23 194
190 31
154 292
267 432
378 412
112 124
158 98
210 208
108 406
169 147
322 312
410 89
246 345
150 42
124 44
103 413
51 35
47 125
342 2
385 94
414 219
416 237
274 97
231 299
189 209
136 116
330 79
10 193
2 352
224 74
5 201
56 77
384 366
130 51
177 310
430 68
129 178
403 113
301 401
435 30
149 399
331 402
448 159
265 229
219 431
208 403
99 12
161 33
389 102
374 385
85 205
270 317
234 0
390 338
440 17
91 403
394 161
260 83
363 438
392 41
335 280
244 313
250 349
19 6
401 311
442 336
138 50
218 398
185 221
436 95
169 91
316 145
87 103
79 236
410 218
307 321
428 411
173 100
109 88
12 339
277 113
111 86
381 96
134 208
87 418
142 447
329 1
21 251
408 111
386 450
333 76
251 134
358 316
137 72
434 75
414 309
57 128
420 340
384 190
338 168
135 247
83 314
322 200
226 272
116 0
198 368
180 211
177 221
402 217
373 210
88 438
220 266
284 233
255 248
215 368
411 428
112 95
145 348
4 276
27 120
22 126
19 280
390 362
406 148
259 45
240 44
181 297
91 154
325 119
159 330
389 50
213 91
190 433
355 56
1 59
3 137
25 42
128 286
430 139
26 329
172 137
260 29
241 97
37 157
95 39
265 254
277 192
7 245
257 336
361 390
129 368
329 278
430 419
36 113
354 197
274 244
138 116
199 46
212 184
144 370
405 138
205 436
42 245
45 45
201 133
361 315
427 387
282 286
330 103
70 251
442 114
325 305
107 402
137 64
166 402
130 104
446 203
21 347
359 380
182 416
348 82
192 87
235 381
253 447
244 243
180 333
191 124
116 363
420 72
282 27
367 138
56 331
400 27
41 145
295 76
33 384
401 307
361 232
373 216
117 185
27 404
260 143
140 267
299 10
424 140
292 238
391 184
361 113
94 120
184 332
400 310
150 38
250 347
139 282
19 238
22 179
341 71
62 293
235 267
4 287
419 122
275 23
16 394
250 449
394 254
16 172
425 234
257 319
167 184
8 307
181 144
422 181
154 235
97 388
308 356
138 154
406 343
254 195
381 345
311 94
239 20
300 127
201 406
155 6
274 285
175 380
314 227
152 301
111 372
281 119
445 220
312 119
272 144
445 284
349 158
10 63
23 6
146 295
61 380
354 235
41 215
193 91
285 250
166 206
125 332
317 141
6 26
292 176
184 217
380 416
193 436
427 351
400 283
395 128
147 233
231 207
241 191
82 162
217 447
171 50
103 371
88 141
30 393
450 344
252 185
8 225
392 209
169 402
94 385
375 257
409 174
127 379
250 47
416 173
314 199
59 372
234 318
368 148
18 436
142 147
342 12
246 416
102 203
372 398
340 392
150 97
261 22
173 129
421 44
443 413
186 429
18 244
135 299
215 132
164 370
21 12
201 193
421 114
349 73
249 201
346 12
200 423
372 152
426 10
0 93
375 440
69 361
83 134
107 99
241 291
328 204
1 289
220 431
147 422
2 17
429 87
64 81
110 10
63 282
181 376
302 187
401 31
244 130
38 27
373 377
127 68
169 193
344 194
183 16
192 444
440 3
435 246
434 338
216 162
431 438
27 238
151 245
215 353
216 310
243 259
412 225
128 419
235 380
426 52
385 409
282 70
390 226
357 224
116 100
218 186
181 95
354 407
29 25
374 401
359 191
21 89
276 430
165 14
64 443
343 173
69 263
392 200
84 393
309 170
8 85
100 147
30 429
104 266
341 76
165 60
130 361
328 17
122 228
201 157
23 55
144 302
125 157
116 425
378 87
442 47
52 367
433 443
264 359
373 403
377 351
147 338
172 200
306 201
110 285
268 143
388 352
103 143
438 232
283 77
152 258
225 441
64 37
374 194
236 100
131 185
125 401
96 274
96 351
85 333
265 127
418 82
30 105
300 320
203 287
46 5
187 319
70 272
201 168
120 183
277 387
331 212
197 436
250 247
420 358
88 425
111 143
185 148
428 390
186 171
415 375
441 128
389 135
51 425
378 54
230 207
202 84
172 210
180 335
87 411
215 102
446 276
174 42
325 322
347 243
279 141
426 305
77 1
432 110
85 11
387 324
206 304
67 430
318 177
19 449
313 0
109 135
9 348
385 303
1 369
379 309
258 359
87 312
46 200
241 278
206 264
66 168
347 33
157 207
399 21
401 150
9 203
166 237
173 150
62 333
274 84
216 367
373 24
281 172
106 128
317 224
157 376
171 450
274 444
107 299
202 227
164 218
69 238
302 267
401 110
188 137
187 398
379 333
361 250
250 33
237 379
126 23
53 244
136 425
218 367
196 221
310 298
336 411
137 59
383 428
88 296
315 377
38 140
209 186
124 198
179 44
230 47
300 416
298 447
49 228
282 42
297 145
7 122
306 192
393 147
222 248
115 112
2 233
54 320
353 379
94 63
416 127
118 17
114 253
73 225
265 359
120 17
34 85
164 257
301 28
310 417
117 78
107 7
82 210
82 292
68 135
447 243
419 332
143 184
397 194
111 276
268 171
7 218
366 133
360 368
382 179
84 202
251 157
365 304
238 227
185 18
143 125
207 34
328 269
17 257
382 407
416 406
430 10
223 228
71 260
72 406
60 165
5 6
223 64
412 186
148 241
282 310
317 15
129 273
330 44
63 33
217 157
321 177
26 181
332 411
449 343
88 343
348 70
31 446
224 333
422 351
338 239
262 70
48 322
393 310
20 108
214 179
352 433
437 376
27 23
293 194
132 20
169 35
57 325
300 247
283 303
318 63
12 8
77 443
62 289
231 125
326 39
386 300
231 365
78 305
351 98
225 445
302 350
244 2
261 278
259 280
361 430
139 237
167 346
300 130
282 415
446 448
440 88
147 250
245 186
383 330
350 346
133 138
48 33
330 223
302 81
85 45
402 82
356 143
418 57
143 87
119 102
439 183
296 307
379 281
123 357
401 296
58 52
377 30
226 375
12 14
78 368
380 173
153 64
11 204
152 70
167 294
137 146
104 360
424 434
117 369
403 47
391 73
103 46
26 63
335 346
419 163
438 310
19 309
302 232
148 393
401 215
419 238
135 254
398 122
378 336
312 199
195 345
37 11
319 89
205 142
134 141
38 228
186 34
231 149
253 114
213 386
396 426
239 140
284 242
233 58
231 258
342 148
355 169
335 368
46 51
159 417
253 311
175 188
345 425
388 7
228 419
308 410
384 355
221 352
203 77
436 116
171 442
285 359
349 185
197 253
125 222
30 295
131 28
58 227
347 283
116 48
51 280
240 157
81 365
97 201
268 401
266 81
29 219
374 40
284 69
344 309
56 401
184 8
87 155
429 231
270 430
269 222
235 391
278 108
99 324
352 83
54 92
275 196
438 165
323 18
333 122
340 138
414 220
74 124
20 118
228 55
213 261
284 165
9 19
135 107
239 379
268 60
216 385
326 327
28 194
113 106
437 167
273 284
240 430
179 352
216 261
63 106
296 235
175 228
307 167
6 411
207 229
103 239
89 251
298 181
263 141
221 336
325 50
249 50
159 449
229 250
57 177
273 156
24 62
305 33
266 116
345 143
411 281
25 183
174 419
95 272
136 274
89 245
373 86
29 314
282 145
77 336
23 171
338 386
314 357
19 107
235 176
424 419
260 77
62 31
26 30
122 104
123 33
324 171
60 120
210 166
263 39
134 277
177 292
383 82
382 275
379 294
216 135
106 4
414 168
254 90
179 122
389 13
415 174
62 275
168 275
388 127
56 279
12 259
348 19
395 392
21 167
85 246
405 26
366 234
94 82
248 294
332 4
14 383
10 39
161 52
156 344
409 22
87 133
142 381
38 37
110 417
85 264
450 223
399 315
386 52
290 405
116 401
322 394
347 277
413 385
93 28
71 29
123 80
43 62
280 25
421 45
306 320
368 259
323 33
308 195
150 421
68 105
313 201
226 5
186 114
281 204
59 72
356 163
392 415
361 380
331 440
69 439
218 316
294 337
373 51
117 176
171 316
389 318
372 124
279 18
273 369
365 113
382 343
359 443
385 135
116 396
309 215
71 57
72 333
258 431
318 263
178 94
175 142
330 194
49 74
368 64
315 259
369 355
153 244
184 235
159 83
216 37
371 31
237 421
304 232
85 428
220 293
147 169
21 191
429 212
97 166
441 183
204 251
169 254
425 316
342 22
90 77
213 138
195 349
337 301
272 97
121 242
311 262
96 410
353 352
377 420
306 234
298 430
442 288
61 51
264 243
399 375
183 398
386 366
294 274
181 227
195 273
6 40
436 320
438 22
247 345
400 189
307 332
32 273
366 74
245 384
62 412
287 198
435 75
196 304
265 164
21 211
63 155
192 445
215 97
274 172
220 262
85 26
168 297
379 380
410 389
360 37
194 323
50 218
103 188
93 53
82 25
324 107
223 129
323 344
422 156
48 50
289 52
85 431
398 140
59 134
20 95
181 426
153 425
287 407
260 295
280 172
206 333
63 414
370 176
99 435
322 288
180 436
199 392
171 235
39 185
340 356
403 154
249 392
424 335
107 5
62 114
278 258
89 348
161 255
180 404
316 450
160 89
301 89
322 138
394 71
23 165
82 32
180 380
416 11
35 254
357 116
27 5
434 329
255 206
421 225
159 163
178 160
169 239
40 437
66 169
258 417
378 153
139 115
240 156
61 165
323 192
31 122
6 320
446 237
45 47
408 117
366 63
251 35
78 214
25 14
283 62
134 419
248 240
20 30
95 183
228 208
71 1
144 175
414 426
230 204
31 280
193 216
449 421
253 438
379 97
219 115
156 318
421 278
213 413
344 343
149 411
41 194
225 386
432 39
207 443
415 338
61 361
144 327
345 27
38 73
141 52
102 230
321 88
153 263
316 314
63 278
46 305
399 227
65 281
307 47
244 162
59 420
399 96
317 412
20 28
386 197
46 68
121 437
283 154
397 417
297 411
339 215
119 94
412 171
356 297
270 41
94 203
144 6
181 211
406 327
103 389
197 368
27 183
184 345
129 343
431 423
24 220
202 230
323 294
4 82
139 447
230 206
319 66
337 136
92 268
194 328
244 219
318 82
229 348
374 222
137 363
447 186
180 13
443 366
273 291
85 291
425 336
423 86
421 290
113 151
172 412
219 323
103 427
31 288
216 361
325 52
172 234
220 295
429 83
221 129
140 323
347 147
378 37
383 354
202 404
365 419
371 1
450 315
423 279
129 357
358 34
337 108
177 295
238 33
269 312
392 157
116 134
246 79
258 118
420 8
84 284
179 240
361 48
266 13
198 393
227 260
322 73
111 2
435 323
389 124
418 141
93 72
110 55
340 337
106 36
241 178
445 308
32 11
178 216
218 83
425 270
215 245
70 113
350 446
74 67
401 442
96 273
113 133
165 8
269 30
29 340
89 202
161 289
88 101
355 63
77 296
104 273
279 380
439 266
413 192
193 18
284 301
373 144
398 9
54 284
410 398
320 50
428 349
408 431
335 133
191 11
188 438
293 96
251 141
243 87
335 429
71 273
389 422
429 68
229 149
136 142
185 319
282 43
333 439
168 344
15 243
265 44
414 336
304 171
392 290
79 426
343 136
245 96
372 88
99 263
292 126
430 159
381 90
28 413
446 120
105 375
389 66
344 421
366 232
434 426
442 316
45 10
368 172
282 257
204 137
37 448
197 112
146 73
164 131
177 439
243 223
236 130
342 173
219 235
333 78
107 390
223 215
346 433
145 58
216 291
274 109
252 35
242 277
306 291
95 15
36 96
332 51
389 276
343 198
424 161
385 383
254 303
190 25
229 294
5 136
234 404
335 276
424 14
418 97
205 83
252 387
159 48
12 240
308 25
109 162
304 409
324 36
269 76
112 280
175 225
271 280
371 330
358 212
433 344
42 381
311 7
160 220
413 135
180 131
165 366
127 31
367 116
321 57
444 95
422 30
364 425
82 375
187 168
375 316
439 375
66 190
382 277
393 435
295 142
228 16
184 299
447 63
255 219
292 354
170 51
185 38
58 68
79 116
247 227
399 293
51 277
405 54
118 54
186 316
335 9
63 36
209 222
256 361
97 415
274 435
107 111
127 360
386 391
93 61
62 389
212 297
362 411
292 332
3 243
199 267
429 404
399 15
122 415
101 383
382 411
225 333
13 188
239 185
224 362
174 347
438 215
401 47
44 303
17 414
382 384
68 203
132 242
92 169
300 137
105 392
114 199
410 116
179 92
364 30
142 58
431 128
346 270
122 166
375 85
2 243
255 232
327 62
39 365
28 198
265 215
23 290
298 47
14 259
54 60
306 404
33 89
149 382
149 183
177 270
77 401
427 11
204 275
120 270
329 261
438 159
72 24
307 187
315 180
438 380
122 65
366 298
430 192
70 258
375 378
92 176
404 51
252 333
263 386
216 71
39 196
165 39
66 310
130 299
77 30
389 321
438 83
364 339
380 77
257 411
51 154
112 390
85 376
34 345
107 430
116 13
355 15
309 408
232 93
290 442
392 263
427 35
93 71
251 259
27 239
165 402
268 224
355 245
449 29
69 9
257 403
211 301
303 285
395 316
134 402
334 26
428 131
322 298
288 141
36 123
277 130
276 238
325 327
85 257
151 377
192 189
413 155
46 422
407 229
156 320
123 136
78 412
162 314
168 179
137 104
419 191
153 429
1 337
428 361
53 306
37 410
265 220
2 168
426 374
233 272
231 394
398 220
429 427
300 214
320 150
381 61
64 378
344 233
56 202
149 243
415 243
148 242
336 358
198 136
19 367
190 242
349 380
216 272
232 262
112 283
205 405
49 439
30 192
160 314
338 279
323 341
305 368
205 313
223 315
434 310
355 199
415 246
150 172
330 240
310 188
279 219
270 52
112 117
311 117
156 212
111 220
116 329
347 97
214 412
295 188
383 238
343 229
34 362
364 275
419 26
376 288
126 440
331 382
175 28
283 349
86 305
230 263
8 228
203 421
96 324
92 382
1 201
439 131
279 73
65 204
105 183
140 140
211 137
297 140
313 146
257 28
256 153
362 368
126 417
108 243
412 292
188 313
2 447
62 246
103 121
323 446
378 324
439 312
32 415
341 344
347 205
359 228
76 245
348 110
159 307
116 348
246 96
160 30
343 423
448 66
407 104
81 67
20 425
209 113
439 267
113 284
260 325
302 410
76 185
186 356
374 206
336 249
102 194
12 165
153 119
406 297
223 367
22 176
47 447
426 446
338 285
160 367
272 425
232 99
277 95
309 450
40 67
410 38
383 99
333 196
449 239
102 390
336 90
129 230
146 130
241 158
28 384
315 373
240 384
102 23
418 361
192 211
57 119
396 171
195 410
105 194
168 220
423 286
4 307
165 257
374 10
382 104
439 111
111 368
366 413
89 116
415 150
206 315
339 344
183 206
177 203
236 238
236 69
445 273
300 411
220 119
47 0
414 105
106 219
295 52
164 415
329 115
317 87
208 392
406 87
273 422
450 166
81 354
291 419
26 274
280 46
298 252
124 148
296 38
160 326
396 307
159 229
58 352
304 306
177 353
187 337
115 18
394 214
6 79
428 229
342 113
109 189
406 440
449 283
233 305
379 189
297 189
186 37
325 414
342 263
312 262
374 141
270 305
207 328
106 291
394 241
13 348
281 408
174 253
288 9
54 160
372 183
167 300
44 90
450 231
283 252
311 414
313 242
65 207
390 78
149 214
287 197
319 414
227 126
21 166
138 120
313 230
103 131
326 4
348 225
330 415
406 84
37 166
67 5
425 114
326 167
247 12
172 265
60 28
425 7
231 71
290 181
111 118
354 321
70 283
205 246
364 164
89 292
450 178
180 192
207 49
243 423
231 278
409 113
175 115
104 229
388 117
440 200
139 315
243 335
181 154
273 88
328 146
139 171
55 375
108 263
402 387
360 217
318 269
53 26
172 126
99 331
267 212
7 295
223 247
124 101
206 413
94 339
64 293
401 181
272 367
299 235
420 401
182 427
365 343
197 132
445 256
62 393
132 415
86 21
196 245
44 159
97 372
258 138
123 108
67 138
374 370
373 394
366 237
184 334
254 403
171 338
198 240
303 110
168 188
370 23
254 230
386 255
319 264
109 156
258 156
432 68
89 268
345 116
236 436
425 384
0 19
359 376
354 176
154 342
273 55
114 85
139 444
75 53
392 163
376 196
259 370
250 231
200 228
221 15
421 300
271 16
77 17
44 298
35 324
12 169
115 383
120 145
209 391
165 352
234 385
333 164
20 83
57 261
273 237
106 268
48 89
172 447
363 13
443 84
245 303
311 295
113 130
257 155
386 179
186 111
68 412
153 186
257 160
261 53
33 157
230 163
305 329
186 125
17 169
73 302
386 404
138 253
122 249
151 153
195 415
285 388
389 152
352 319
184 319
160 93
403 385
343 62
391 212
239 183
45 404
161 449
404 145
366 361
98 294
399 100
398 310
98 43
135 166
276 344
399 10
48 207
330 53
331 278
76 351
64 226
158 131
333 86
253 213
304 433
125 438
301 148
341 278
369 135
98 391
312 99
393 70
379 101
41 307
270 15
32 154
352 291
167 319
305 116
171 94
308 40
47 396
357 259
211 293
441 112
205 160
379 126
294 364
376 45
411 315
444 290
378 283
407 171
78 284
243 273
293 9
340 387
344 288
244 248
7 200
224 235
385 18
186 349
16 235
17 310
235 359
120 271
203 363
412 393
121 129
379 117
329 104
212 315
53 358
223 261
348 418
148 232
108 62
144 325
381 207
275 286
180 364
245 260
270 390
169 382
169 165
196 193
423 210
279 342
160 370
74 40
448 438
14 394
181 179
124 76
82 55
225 343
10 236
201 281
295 140
357 1
120 401
95 87
335 291
389 227
296 154
382 166
270 342
30 137
191 327
193 150
55 411
238 442
445 114
311 93
256 9
289 44
112 357
191 170
415 78
275 136
199 214
405 316
62 327
64 1
356 156
170 80
112 366
209 351
114 321
42 426
228 320
26 98
354 376
304 368
185 172
323 142
343 139
349 387
51 87
214 212
68 234
435 365
360 221
9 177
102 382
313 29
64 296
231 7
338 218
205 329
76 355
372 240
396 376
3 187
155 233
278 85
195 44
115 254
335 218
334 216
402 254
223 78
192 297
350 273
435 339
403 32
370 219
24 81
321 349
352 147
38 401
305 83
234 79
282 320
299 354
265 363
59 20
445 150
193 97
42 267
16 230
227 50
393 112
185 203
321 136
402 19
288 288
401 78
332 87
256 311
394 210
54 82
37 421
272 193
450 332
213 230
262 381
21 194
100 188
269 146
140 112
170 37
207 251
201 339
267 22
31 264
30 382
357 170
264 92
280 194
55 305
152 79
318 164
116 268
107 446
48 166
140 252
91 298
129 221
60 125
29 39
307 350
286 332
180 208
11 30
305 89
309 352
222 337
123 444
186 448
237 165
157 307
63 35
104 231
63 353
213 248
331 281
321 406
443 303
219 285
233 6
96 11
292 417
72 357
159 436
76 438
197 232
40 102
72 305
42 3
19 314
24 134
10 167
103 129
382 192
186 376
361 280
263 61
442 362
152 317
294 443
137 445
331 122
351 104
135 7
152 41
433 300
411 237
56 30
29 115
216 424
338 75
43 344
243 434
258 153
282 188
213 121
327 117
146 203
26 153
105 411
177 337
291 0
187 428
144 258
424 6
202 397
287 231
311 424
378 135
50 298
215 49
73 133
26 355
326 104
296 399
341 69
253 431
212 367
350 53
325 198
2 225
239 214
153 273
235 214
256 178
269 60
320 328
194 159
325 106
415 111
67 360
366 449
207 256
314 127
284 125
97 434
4 187
243 246
171 36
174 97
57 181
288 118
316 117
18 225
189 143
344 444
327 332
148 415
335 315
1 432
293 245
121 280
239 253
421 208
329 264
130 220
399 330
404 217
412 346
165 154
436 104
383 63
138 47
415 364
287 373
140 416
271 339
317 414
158 250
313 233
397 80
341 79
405 302
127 185
424 304
204 6
45 209
305 259
221 237
146 407
176 301
116 296
332 162
423 426
30 439
172 439
326 442
251 312
61 290
119 260
283 386
224 404
207 85
103 211
231 5
249 315
392 191
111 441
90 155
149 193
141 203
449 318
155 338
314 71
269 173
333 337
36 277
250 229
69 438
433 267
9 431
254 445
55 308
76 208
239 297
307 325
392 289
425 99
204 409
399 287
230 361
285 382
264 53
313 93
355 48
53 122
164 61
165 271
79 211
317 315
230 442
370 100
200 77
184 182
240 414
94 323
98 132
13 338
417 269
145 219
121 360
143 331
8 66
149 240
88 173
222 40
96 182
448 228
261 364
265 123
212 270
284 252
159 44
272 30
318 65
257 158
374 444
170 245
398 177
217 446
86 210
16 351
143 157
124 413
9 450
308 219
196 27
11 271
380 200
2 37
31 18
31 4
297 386
29 365
324 255
50 438
393 256
91 36
337 385
137 353
374 441
23 357
250 208
367 163
203 290
84 30
86 68
185 202
68 377
382 6
64 267
423 217
305 348
117 81
209 135
184 85
254 411
62 335
299 449
217 211
287 384
91 269
439 277
443 103
314 80
368 412
271 46
445 277
73 99
343 133
262 356
181 355
170 366
145 376
246 236
134 305
62 302
263 139
189 314
220 154
267 193
117 249
357 424
350 430
30 106
275 404
83 67
43 202
70 11
56 284
394 68
315 83
360 354
190 14
358 425
383 165
323 321
390 105
340 318
297 243
402 428
344 105
70 4
163 149
188 241
395 186
300 39
151 355
266 57
419 87
34 275
307 245
53 316
390 175
179 394
193 147
4 277
25 332
120 272
257 180
78 266
402 372
357 303
298 396
127 257
396 350
202 353
391 309
280 41
267 318
285 449
194 133
377 296
119 306
43 160
286 149
9 320
448 361
325 29
103 260
289 77
291 446
187 105
232 283
123 104
431 5
301 185
17 229
75 33
272 235
386 349
226 374
261 156
311 74
208 402
293 83
397 44
323 333
393 73
255 445
93 165
351 35
5 89
82 17
415 327
79 42
343 126
374 2
294 318
251 32
383 233
11 406
158 257
373 409
140 419
391 276
189 253
356 178
392 205
7 349
407 421
215 37
246 248
185 347
263 270
387 31
336 441
60 33
382 231
439 198
213 271
83 340
267 308
80 182
291 127
228 212
377 301
119 148
251 43
247 319
96 155
68 298
401 11
310 5
271 150
286 377
198 364
251 79
323 104
32 389
419 188
378 300
317 233
412 214
211 426
406 160
360 198
78 149
237 258
233 358
391 359
44 68
332 45
193 292
338 311
118 198
242 88
352 221
5 54
438 369
423 11
162 61
293 397
403 1
344 305
120 296
1 239
166 308
331 77
367 221
64 256
393 221
163 232
82 238
367 19
254 189
378 76
433 36
349 48
272 298
170 426
231 412
90 62
329 94
245 241
1 358
24 11
407 410
109 150
263 109
109 75
269 435
161 45
147 69
245 355
17 314
361 411
70 239
318 135
21 45
291 21
225 376
49 342
93 227
439 210
143 242
384 38
365 94
191 387
404 380
413 118
98 261
223 49
7 406
355 130
134 195
332 329
349 286
445 404
440 225
229 59
378 271
16 71
193 111
288 80
148 186
195 385
123 278
209 32
88 443
325 152
218 336
170 56
392 192
160 431
82 384
217 126
288 127
52 407
340 305
152 36
281 131
61 96
427 339
449 72
201 291
418 156
312 122
385 60
295 48
182 285
32 357
55 160
147 17
384 25
317 82
88 8
283 54
62 125
171 353
233 318
373 354
237 227
134 318
410 174
346 85
441 174
416 235
224 263
187 391
153 19
7 49
202 169
187 31
248 396
296 313
427 147
438 132
265 431
141 100
43 150
301 323
394 67
293 201
390 248
195 27
320 0
434 226
61 221
25 313
131 22
76 4
323 257
36 194
342 345
386 347
19 239
344 410
2 301
266 422
28 243
409 130
11 198
59 242
185 23
74 399
159 225
92 363
175 439
186 72
40 386
162 443
203 283
446 268
5 263
276 211
369 410
410 139
128 211
159 183
61 2
429 7
214 67
392 306
79 4
238 188
346 286
362 377
193 142
194 250
396 233
273 15
266 339
124 323
273 297
59 69
73 146
391 240
243 162
21 408
45 125
321 132
42 403
80 29
424 108
53 238
290 13
240 411
172 81
14 137
80 51
165 267
284 279
31 374
447 406
198 328
201 12
221 302
161 109
309 349
192 379
247 23
175 268
192 124
409 444
294 208
355 31
91 445
101 311
394 32
318 175
370 52
288 427
330 292
325 229
403 417
407 53
257 337
393 95
236 66
126 87
140 345
254 199
408 140
225 247
358 250
382 163
109 361
223 6
134 265
397 330
94 53
379 442
330 389
424 9
357 148
278 245
214 159
147 302
116 150
275 287
209 202
268 272
111 26
181 372
416 324
172 172
60 102
286 346
430 446
251 313
323 222
152 248
28 341
16 241
66 123
264 279
15 429
99 232
313 175
22 244
294 396
271 63
247 173
225 171
242 109
197 447
285 389
368 293
400 400
12 143
307 28
32 0
384 181
334 430
282 406
90 179
273 167
252 59
276 429
40 17
440 391
444 51
247 431
201 90
247 282
362 339
233 332
61 378
100 342
445 271
433 199
182 15
158 167
325 233
206 75
393 92
445 437
8 52
370 42
446 263
197 249
100 87
436 382
111 325
96 92
166 266
385 224
441 430
387 108
126 450
4 203
333 262
72 303
445 224
236 321
106 170
274 416
38 54
150 235
41 6
222 30
109 119
168 347
369 15
213 25
109 309
362 216
426 306
437 247
220 420
310 114
282 389
373 168
339 416
376 434
343 440
90 64
26 321
35 440
1 126
107 412
65 128
254 264
2 313
214 234
350 206
85 309
420 89
316 245
416 417
292 290
273 34
383 237
71 275
298 380
363 341
277 383
330 281
432 122
3 77
148 209
316 306
298 170
311 209
252 337
385 363
226 299
14 167
371 286
273 299
108 90
128 13
236 163
34 30
372 252
387 156
162 334
142 382
176 136
206 164
294 181
295 75
254 182
383 172
369 272
142 151
157 442
381 69
170 209
167 265
8 331
266 432
368 163
186 351
111 3
230 10
420 135
38 229
69 302
75 10
270 401
339 442
346 385
431 1
448 88
8 342
320 265
253 283
248 306
352 415
326 215
135 45
420 243
389 74
164 73
82 318
418 363
68 391
429 94
81 31
41 268
159 343
430 275
31 358
395 431
258 293
188 83
182 131
384 208
262 25
222 101
211 425
346 446
338 358
20 99
308 342
323 74
46 140
84 398
353 239
99 105
428 251
397 335
270 18
84 187
8 341
128 433
385 290
162 284
267 227
57 442
146 114
436 174
442 450
134 169
221 26
305 335
103 302
299 325
432 292
219 240
17 450
7 145
122 308
379 365
275 193
267 323
311 11
438 403
340 365
150 311
395 126
343 64
121 64
315 184
346 92
302 16
10 92
125 106
272 406
229 42
334 51
274 221
417 413
188 1
383 266
19 149
94 244
410 165
222 76
20 26
52 393
10 136
257 190
393 148
112 13
234 446
185 338
157 286
126 76
60 93
325 246
378 394
286 288
245 294
447 407
40 123
209 312
292 28
145 88
141 0
386 392
98 309
271 410
270 110
192 72
108 354
210 300
292 159
163 120
448 306
255 75
163 223
14 131
395 380
107 68
347 289
276 285
129 167
81 299
137 232
157 189
313 446
183 258
50 420
273 364
287 405
2 13
214 171
440 139
319 244
228 49
137 177
324 345
196 312
144 101
197 71
22 110
239 170
217 152
289 408
253 167
36 221
109 365
75 233
29 64
172 432
439 421
441 353
32 63
444 182
32 449
58 224
368 86
394 287
411 79
21 52
381 260
178 45
120 420
347 10
100 83
103 215
387 441
77 166
449 358
87 406
167 243
71 358
229 256
12 449
370 317
148 436
117 408
278 93
220 319
152 83
358 328
282 163
277 407
174 395
81 381
326 35
65 386
409 256
440 418
383 230
53 173
308 330
60 9
97 196
73 440
326 356
222 394
341 276
75 373
393 399
355 178
111 353
285 119
353 60
445 129
115 270
239 52
280 230
199 443
162 211
75 121
411 231
250 150
59 447
22 390
208 149
48 209
80 120
212 402
216 64
45 409
26 326
188 283
404 444
276 0
5 148
364 392
380 358
412 355
113 351
109 65
423 122
193 293
434 211
176 320
281 429
76 284
428 91
41 242
337 183
105 303
91 75
381 294
50 39
385 165
229 84
67 118
7 417
327 214
277 268
69 11
25 389
211 400
334 414
77 373
406 364
205 31
287 186
167 17
112 78
186 119
405 85
295 28
423 146
107 404
440 414
434 85
84 395
8 378
365 256
227 408
51 266
39 122
364 290
316 218
428 372
450 195
297 338
444 230
448 155
173 141
94 259
327 159
440 30
12 56
272 379
164 334
280 128
121 430
339 6
52 383
168 312
444 421
124 138
241 336
22 88
222 202
414 239
406 322
315 190
38 318
426 301
109 97
142 216
81 28
115 181
207 264
266 125
132 18
261 350
141 448
198 279
347 87
274 309
101 57
103 273
23 396
217 411
427 235
19 228
289 25
362 323
16 257
75 110
409 223
68 245
199 364
307 5
161 67
93 301
137 107
114 347
341 17
150 337
146 30
128 408
103 127
86 390
291 316
41 136
368 399
369 190
164 187
84 299
147 414
388 249
355 313
409 13
23 365
303 332
218 434
319 34
266 283
269 84
200 152
23 45
108 36
210 38
334 400
34 1
90 316
412 109
405 15
185 368
39 385
165 410
207 90
62 4
228 383
22 190
371 137
224 158
315 158
177 355
116 16
190 217
292 35
313 416
28 105
321 286
87 231
375 1
340 380
28 427
92 262
36 200
5 348
81 15
442 59
203 24
36 23
286 78
0 432
270 168
322 135
87 278
21 334
440 8
238 38
131 151
422 265
255 395
355 164
41 28
115 108
256 120
149 244
313 215
80 425
296 357
387 66
338 423
96 392
80 234
386 217
67 14
279 315
378 298
85 125
349 154
41 9
297 373
216 307
178 301
383 32
188 297
417 170
142 107
346 46
365 181
165 262
380 223
350 376
291 85
358 2
233 372
397 284
283 200
22 25
22 359
163 249
430 441
192 380
248 149
298 355
167 200
419 325
437 238
135 138
1 430
128 208
272 110
7 204
384 224
435 361
421 382
413 293
448 166
50 128
168 204
245 397
63 185
446 34
312 320
147 257
312 253
360 35
133 73
199 301
391 177
355 266
149 364
226 46
312 47
343 230
183 399
116 344
72 423
248 98
52 311
440 149
386 94
383 301
306 279
223 173
218 447
301 244
239 115
24 66
442 299
100 194
150 85
57 226
282 167
426 402
42 0
357 130
18 242
61 437
152 290
13 439
56 254
293 447
364 153
165 446
124 242
70 193
443 0
240 138
136 162
46 132
23 418
68 450
69 244
104 440
290 272
224 424
259 416
310 0
6 43
330 331
302 97
124 85
248 266
129 242
219 151
81 64
89 298
338 273
105 17
239 393
189 45
413 280
365 138
382 80
301 37
228 410
225 351
237 93
450 30
255 53
139 360
82 446
195 65
185 2
280 373
326 207
442 1
10 276
72 295
274 300
398 248
395 86
65 121
427 193
15 379
218 345
84 402
446 353
377 343
77 341
409 221
206 125
357 336
232 443
140 38
238 447
388 60
280 4
345 42
0
