98643
104 79
106 395
158 338
188 79
246 326
64 408
295 36
281 108
179 239
1 330
372 429
210 35
238 27
62 66
392 210
448 6
171 278
18 33
96 131
443 179
0 195
25 147
29 312
1 318
267 364
421 348
206 333
238 280
438 274
12 272
135 224
328 262
225 20
296 13
376 104
99 129
427 123
288 380
270 428
75 6
66 321
385 371
450 26
181 169
5 179
285 69
124 374
164 354
32 215
77 427
165 197
16 27
43 372
369 342
104 233
400 386
413 114
139 270
248 370
246 57
82 195
95 56
288 48
222 177
141 44
431 132
215 43
380 202
104 125
40 318
125 64
13 253
176 263
151 444
46 86
429 143
244 406
213 38
280 158
38 376
386 91
236 337
312 49
139 356
6 227
41 163
399 295
278 438
67 167
122 103
158 232
153 225
98 353
189 9
81 73
78 388
72 387
333 345
336 187
54 244
414 171
52 245
426 3
292 81
448 193
262 329
95 273
259 174
146 64
249 366
369 219
111 268
70 105
182 334
148 324
137 76
220 420
299 208
409 35
54 155
434 121
107 323
286 76
298 343
431 251
387 367
401 222
252 162
89 82
86 160
341 290
398 173
269 309
430 218
393 249
273 40
119 167
16 233
3 315
144 94
396 303
128 319
257 159
208 91
401 177
393 357
406 91
2 137
345 365
157 357
262 387
154 373
232 110
299 33
148 446
411 4
258 3
377 427
308 32
302 439
402 87
324 317
119 63
55 5
99 296
432 373
248 394
13 392
84 40
109 78
32 44
198 393
236 224
228 196
296 322
287 57
446 386
193 160
283 240
209 90
40 42
33 63
106 392
303 107
1 341
396 437
323 117
168 356
354 128
396 273
89 184
322 315
388 207
11 73
336 204
355 0
195 46
413 324
71 320
156 115
247 132
390 58
123 172
246 119
311 112
13 354
309 309
26 272
415 1
138 182
224 440
68 16
438 110
377 366
266 404
172 11
422 134
102 255
174 310
142 430
185 131
30 375
140 198
437 139
151 300
133 119
317 96
80 314
185 192
386 46
418 114
306 410
203 156
165 195
189 409
293 35
356 284
194 64
270 390
18 346
278 208
284 297
338 212
103 354
435 403
61 268
313 201
212 52
257 52
54 138
293 60
148 7
196 321
16 163
239 191
236 18
254 260
19 30
313 353
78 153
282 62
98 113
233 213
57 44
448 119
362 325
18 135
130 402
189 443
117 92
176 131
58 180
29 280
119 255
216 124
130 61
29 59
186 246
1 394
402 373
369 15
210 285
30 355
320 182
143 156
276 312
428 310
184 83
200 85
378 432
17 440
1 184
408 446
328 18
171 443
391 123
390 222
295 402
233 438
365 428
280 436
63 122
432 0
237 319
252 221
427 246
127 253
280 378
5 330
232 345
391 175
40 143
147 264
142 259
65 216
292 17
0 108
56 36
424 428
397 68
338 266
5 255
103 153
63 38
109 15
102 217
333 145
99 67
85 450
327 62
40 84
92 69
90 263
228 348
203 102
29 174
209 73
129 255
262 266
282 100
191 425
390 338
370 204
180 250
15 198
110 89
108 168
258 293
143 191
57 237
396 208
436 83
383 163
285 218
7 409
309 441
22 280
357 240
202 381
442 198
282 380
338 207
65 120
222 85
249 257
22 385
190 202
225 2
219 302
73 391
217 440
298 204
345 201
228 57
158 53
118 320
376 260
432 371
118 84
201 136
78 167
113 25
361 117
145 282
157 444
80 380
374 391
130 134
261 104
225 23
55 137
349 274
341 147
128 136
184 25
84 100
338 125
78 266
290 306
311 331
20 146
73 145
413 1
96 437
35 37
386 38
330 197
257 352
20 236
297 256
21 242
85 82
108 144
67 429
394 245
169 422
377 40
26 432
273 437
328 165
435 226
90 188
39 271
72 236
412 46
269 215
368 38
156 125
286 142
371 223
419 163
161 83
11 205
220 122
200 310
116 206
83 35
120 187
402 67
122 28
270 364
165 440
197 6
148 359
443 338
305 163
316 155
179 218
257 343
92 221
238 132
176 250
153 299
299 264
173 335
295 9
274 129
176 202
62 235
210 319
44 61
122 261
194 271
375 171
129 58
276 137
373 288
245 93
297 141
91 154
63 400
84 376
111 311
188 112
107 377
95 104
126 290
41 134
134 438
97 9
159 5
256 206
443 319
36 181
187 71
386 420
286 134
207 41
163 138
285 122
363 179
198 430
102 334
91 164
365 427
153 33
259 220
206 110
297 149
83 54
152 419
225 249
226 141
146 264
185 34
21 259
196 85
306 163
279 439
82 186
141 12
272 176
297 214
218 325
433 7
318 332
359 403
426 128
370 288
224 180
392 227
127 185
381 30
383 86
355 429
242 331
162 141
439 222
146 347
63 6
195 64
249 122
54 442
165 66
345 377
279 301
263 116
350 418
115 396
393 156
215 194
418 233
320 420
419 256
109 236
145 166
200 281
334 144
146 311
124 296
93 382
21 79
119 369
19 123
331 247
109 98
67 442
267 27
46 82
428 366
9 445
157 22
314 336
163 112
61 271
369 32
80 288
112 384
165 318
344 112
5 433
265 146
213 73
173 410
31 301
136 144
375 298
49 140
140 216
26 276
38 269
216 378
289 217
393 9
434 348
87 70
251 47
155 396
318 400
340 295
258 146
278 374
208 203
386 302
82 416
80 146
245 165
27 355
240 268
359 393
225 50
290 396
314 349
127 79
108 433
198 14
313 63
215 148
265 288
119 404
62 0
442 145
348 63
125 385
210 354
293 91
200 152
80 64
232 277
36 26
62 291
292 353
446 164
247 261
161 7
321 95
22 315
256 198
237 246
331 276
224 202
4 386
69 283
236 248
51 319
149 83
408 413
298 270
408 419
391 384
378 71
144 73
447 418
165 100
416 40
253 299
162 126
66 236
141 223
412 262
416 31
18 47
42 2
17 176
126 219
146 373
13 245
228 215
346 425
143 94
425 396
428 446
32 290
29 54
423 273
193 438
72 76
19 361
152 71
366 399
234 153
213 70
414 312
218 313
111 154
94 283
340 122
36 80
127 266
215 50
152 87
51 117
358 363
113 399
163 29
196 305
239 253
338 35
371 315
361 214
19 95
3 60
252 308
301 112
336 54
293 39
101 319
112 389
370 225
304 414
154 444
438 292
266 223
346 398
337 120
140 41
162 44
196 92
379 209
184 300
430 388
433 12
380 149
33 321
301 9
250 395
265 307
420 224
145 171
353 214
31 123
360 161
264 22
49 168
148 408
432 416
226 340
321 286
326 370
288 287
288 265
186 361
297 328
279 54
353 81
424 384
189 122
119 293
51 413
424 229
369 420
191 423
411 449
414 58
90 309
397 80
392 266
432 422
150 28
2 152
274 81
342 423
153 11
143 112
307 269
196 357
62 251
417 120
239 241
27 399
354 258
93 383
17 240
153 178
10 48
157 209
350 289
311 380
221 213
397 448
198 363
202 240
284 15
351 59
26 337
277 240
396 13
139 341
304 383
306 195
231 155
71 97
234 295
391 446
438 213
261 337
373 435
433 41
237 421
201 117
85 321
214 125
368 222
67 319
286 374
443 28
249 53
127 5
362 153
309 222
260 310
416 139
310 370
66 289
237 248
2 312
35 440
420 324
195 401
316 12
204 127
126 420
331 236
272 162
329 438
308 331
219 146
283 63
216 289
424 132
391 137
399 188
389 271
368 409
284 395
212 8
397 229
155 112
280 235
205 84
232 100
103 235
377 394
274 380
36 317
108 116
418 221
58 175
388 427
12 181
308 398
65 379
222 396
134 147
170 7
322 248
83 403
415 184
238 436
11 41
375 379
445 325
112 42
385 397
355 324
154 184
15 126
245 126
221 5
345 77
340 359
261 40
330 75
308 338
337 72
428 136
109 318
63 3
402 105
422 338
393 413
413 53
1 169
203 159
117 328
150 406
368 430
209 138
448 255
161 259
394 15
100 208
56 423
122 418
100 242
10 344
188 448
269 59
192 200
27 124
304 19
338 436
191 263
318 427
18 69
309 434
371 50
326 312
321 86
175 273
115 380
378 390
194 187
275 214
427 346
219 343
296 298
99 190
238 450
9 410
158 192
4 359
401 89
41 232
263 312
194 23
342 200
278 122
278 182
268 276
366 116
57 124
227 248
192 162
355 278
367 46
312 6
412 151
382 426
224 391
268 39
358 16
218 391
395 167
324 300
317 312
402 354
160 28
138 162
216 38
189 241
256 406
153 248
294 146
226 59
367 165
211 18
54 86
138 431
417 45
2 209
274 163
88 266
188 28
384 346
286 9
233 377
201 90
205 374
238 142
206 112
241 397
411 270
321 249
35 334
61 417
278 222
61 109
227 164
293 374
265 342
405 383
119 11
268 44
107 306
263 157
48 398
118 281
278 406
13 360
148 326
50 195
134 420
249 245
173 46
424 390
436 272
390 163
15 108
2 115
183 383
98 12
353 4
44 424
198 128
272 223
133 283
36 370
297 387
73 164
429 165
288 416
7 281
164 48
353 388
296 211
131 174
124 45
192 376
12 203
77 345
110 275
414 95
241 115
4 140
401 220
84 375
337 37
286 262
155 82
145 298
158 266
320 428
223 21
149 287
229 154
88 104
344 351
10 237
312 88
205 284
53 282
186 214
106 364
139 404
217 161
416 97
105 376
37 122
59 121
34 394
127 332
243 366
228 313
310 219
403 138
8 292
166 178
222 373
374 119
418 228
144 33
295 82
222 336
210 192
189 284
259 151
395 424
430 248
423 329
436 425
388 258
190 396
201 349
299 150
240 86
230 31
226 102
234 12
442 409
212 48
178 76
76 407
339 226
337 142
67 152
147 381
89 158
125 267
386 130
168 369
247 381
361 86
136 71
264 19
22 215
20 341
305 295
204 295
313 217
328 425
102 411
348 408
104 420
355 374
189 181
240 79
326 401
168 228
54 166
227 251
241 267
121 444
196 399
363 437
111 296
33 33
185 318
21 92
74 221
366 139
26 296
288 183
262 442
197 101
352 398
359 426
287 185
429 304
101 130
267 105
390 270
392 368
39 166
36 286
32 301
22 95
163 214
445 97
7 370
326 83
337 101
91 86
273 238
162 89
80 368
121 224
310 420
340 316
270 6
307 36
200 355
29 278
106 259
108 370
40 294
215 403
429 216
420 23
78 365
249 318
430 107
104 304
128 170
21 133
424 199
358 405
228 319
444 82
279 25
110 65
189 298
18 67
128 393
310 328
256 118
367 66
313 277
328 298
37 279
253 53
279 384
64 264
229 313
364 435
84 417
153 109
7 372
294 338
422 365
258 404
202 213
137 403
4 88
43 164
344 57
348 306
407 393
195 190
53 277
386 246
200 217
268 199
161 140
224 333
176 431
316 96
10 134
187 177
385 96
258 397
276 315
70 196
165 302
211 228
246 321
7 291
197 351
260 375
215 243
403 378
134 190
367 7
56 35
375 366
177 239
171 240
152 79
360 6
110 111
245 115
328 356
63 21
243 158
55 10
73 154
259 259
170 1
349 332
145 383
225 146
93 235
263 305
247 297
190 38
258 269
300 66
193 214
303 407
246 74
350 139
331 162
318 95
187 246
180 32
39 350
158 350
63 88
314 80
9 437
107 282
59 220
331 40
444 333
10 121
149 449
19 273
299 25
185 161
26 261
290 223
24 127
128 110
438 145
169 21
261 426
274 304
161 366
117 269
450 351
116 106
216 27
42 90
303 402
367 221
162 200
227 181
355 353
382 157
274 157
315 311
64 423
159 10
357 438
254 170
390 100
253 308
356 288
334 136
141 326
53 155
320 221
436 307
267 33
114 274
42 75
438 424
394 259
241 191
155 350
293 149
85 162
147 17
360 280
148 439
362 447
6 156
239 258
265 407
412 168
423 191
134 384
403 4
315 37
37 220
414 289
375 131
345 448
303 12
225 47
49 332
170 223
439 409
359 110
29 117
51 301
147 438
77 10
319 280
21 358
392 184
113 294
359 385
341 179
316 393
55 37
100 259
71 366
284 380
50 64
378 254
66 296
380 209
209 191
360 159
316 24
432 216
269 441
428 325
366 439
430 124
269 35
267 314
49 194
32 392
373 1
351 222
417 334
27 55
180 42
374 351
120 371
68 341
29 302
4 308
398 141
124 103
448 415
168 61
294 216
21 218
240 383
96 211
427 277
49 305
447 83
360 307
162 135
268 240
82 352
304 325
78 411
203 131
244 270
182 300
204 160
22 92
352 449
441 18
433 4
255 79
10 402
388 347
43 23
123 235
308 371
201 140
406 156
230 41
242 333
129 197
59 218
231 140
387 57
389 42
281 107
304 136
208 293
311 144
40 217
269 52
103 122
407 279
449 335
194 80
109 417
30 218
301 154
367 303
247 49
249 161
38 54
287 308
447 386
407 271
275 305
191 306
402 63
247 15
360 364
67 238
349 379
261 273
293 120
334 89
322 23
438 58
200 92
387 222
245 373
240 163
187 281
35 298
163 52
126 353
156 204
113 296
43 443
292 319
262 406
26 193
272 331
250 286
144 245
48 123
416 129
188 73
220 92
205 389
106 123
251 131
188 288
107 179
204 320
170 198
338 213
62 75
92 340
283 180
317 391
332 157
12 333
288 25
188 120
123 42
185 170
103 328
302 30
66 438
273 342
338 143
328 12
277 2
278 300
93 249
0 7
446 10
105 226
236 312
394 227
227 272
241 84
275 83
183 162
335 70
119 427
399 298
213 309
347 8
152 243
392 152
350 246
378 239
341 180
157 333
110 441
396 134
73 416
179 69
115 238
82 144
113 423
100 37
129 272
254 405
441 2
327 32
212 3
306 100
197 289
245 448
28 178
78 72
219 11
3 396
88 198
294 358
172 255
444 316
164 101
42 36
62 327
247 181
258 54
7 219
242 425
428 190
328 160
431 228
194 440
379 276
140 339
203 214
95 364
130 392
109 34
143 193
95 51
215 196
11 216
116 395
388 72
49 301
109 278
94 264
158 379
444 255
74 379
62 244
104 322
230 245
381 437
30 359
168 442
288 78
2 433
432 220
313 16
270 97
112 260
129 363
175 29
118 25
252 126
401 432
238 317
450 227
158 340
310 346
347 129
269 351
11 445
251 248
290 163
241 426
49 148
445 180
138 150
361 239
241 362
216 383
72 440
316 387
338 321
230 354
402 440
141 286
371 284
226 198
246 19
170 207
125 442
285 106
401 160
377 261
416 238
388 251
24 389
297 327
310 429
173 73
424 33
221 341
31 42
305 51
343 390
182 170
65 355
285 378
396 91
424 124
112 0
85 290
345 287
108 415
21 425
394 270
132 316
139 217
101 294
426 242
386 293
24 103
319 255
259 288
181 13
10 75
244 63
258 426
87 33
303 412
324 116
362 438
231 360
10 417
424 419
336 300
8 297
97 397
178 120
199 72
49 297
406 377
90 244
75 436
241 251
196 388
281 324
44 182
445 336
211 216
33 313
357 86
259 16
331 212
9 80
63 401
329 417
415 111
245 197
213 370
80 307
413 396
102 366
98 165
67 424
21 201
43 131
266 259
147 297
345 233
338 250
117 130
411 244
65 157
270 168
426 296
412 137
199 161
253 248
6 81
75 245
260 130
308 166
433 36
429 376
156 304
3 413
233 68
245 0
341 93
153 311
41 14
312 290
204 247
161 229
165 260
234 370
406 371
161 231
259 115
286 60
343 397
288 331
384 281
96 8
421 441
147 71
72 336
183 373
88 329
209 447
373 40
141 294
197 139
435 430
212 54
380 34
397 72
413 148
65 227
104 159
262 434
305 409
348 312
161 341
216 9
43 119
427 422
420 136
95 394
48 41
287 234
30 300
250 370
296 412
126 142
107 187
171 137
362 332
412 278
129 228
444 399
331 343
440 440
68 164
113 367
101 237
101 413
177 370
37 37
181 441
105 173
7 305
168 447
422 265
130 306
336 107
189 220
49 177
112 345
107 268
123 14
415 227
60 413
256 346
83 340
192 363
270 414
209 234
155 450
190 278
264 135
144 64
20 174
448 247
50 148
3 110
163 442
8 233
179 236
113 388
417 56
125 24
207 134
212 319
404 304
145 65
226 181
344 36
117 155
373 244
358 158
398 278
187 381
80 162
30 59
222 399
359 108
148 299
325 323
294 154
198 36
302 450
288 431
194 83
197 322
356 281
113 368
26 271
36 244
191 166
108 224
47 48
437 160
416 83
325 191
250 274
313 289
310 337
137 392
368 363
376 307
24 388
265 44
85 76
45 73
261 53
195 41
5 406
399 63
322 305
358 392
225 91
411 126
40 80
17 221
213 333
46 428
1 402
126 27
319 390
23 360
108 219
419 32
238 112
342 82
60 8
61 411
368 369
389 319
319 355
140 327
5 140
34 50
20 132
343 122
63 288
408 450
108 314
372 354
130 328
291 49
434 205
316 371
148 276
441 84
305 372
20 201
141 163
295 247
232 124
124 33
110 387
413 296
102 117
392 237
379 59
34 423
283 75
145 377
44 236
323 36
46 424
202 426
448 270
390 13
450 85
12 223
103 447
420 370
195 7
62 23
211 184
0 247
380 217
274 210
439 304
168 303
290 41
358 282
374 361
386 304
82 212
201 365
419 40
235 121
37 259
134 278
228 126
159 297
125 351
220 157
440 379
319 172
131 207
84 230
236 44
79 78
321 22
17 3
240 55
228 236
122 12
101 16
428 321
297 87
264 214
53 442
40 271
134 411
225 398
26 190
381 138
254 287
27 184
178 238
384 129
157 51
18 356
154 163
157 336
127 221
396 182
100 38
373 215
30 188
298 80
179 420
255 209
59 398
362 395
442 415
400 72
321 279
397 296
432 445
164 33
336 71
356 361
445 419
322 383
392 159
283 434
97 215
415 204
278 233
19 74
343 246
105 123
292 264
409 139
300 77
433 57
218 358
190 187
334 162
323 42
446 411
197 207
131 320
280 241
438 273
405 129
46 27
141 240
347 94
383 119
368 325
270 74
318 436
185 293
321 44
193 242
99 198
31 193
449 381
179 405
422 329
154 26
260 316
118 125
408 146
358 309
255 391
192 339
212 23
148 306
37 246
86 128
125 311
340 241
42 22
173 78
298 226
273 219
94 204
370 100
366 295
372 186
445 331
420 252
114 67
422 38
177 289
335 50
150 270
271 393
319 264
291 332
136 330
223 289
307 337
207 161
100 387
178 174
275 105
235 83
352 11
435 92
163 313
160 338
207 19
104 57
181 349
383 141
388 141
5 181
184 93
291 278
447 244
317 416
402 447
317 154
115 330
318 396
62 5
149 48
376 413
31 43
304 358
47 369
352 274
435 235
20 101
58 399
260 192
1 414
126 259
124 241
261 57
270 28
110 430
276 379
41 23
44 23
432 72
203 119
162 205
368 169
447 421
365 119
448 361
168 398
283 111
156 326
249 207
107 82
258 247
1 206
223 415
98 277
165 117
169 228
250 321
343 253
115 372
64 363
312 421
441 404
180 65
347 143
75 304
304 393
328 105
264 28
201 381
236 88
196 306
114 297
142 175
368 423
243 175
373 39
303 444
166 11
3 212
428 22
212 261
186 40
435 57
53 102
245 238
352 193
285 419
119 315
164 388
425 351
92 302
170 248
286 334
211 371
406 185
329 186
418 412
265 440
361 365
269 395
13 401
281 161
73 30
220 175
179 331
327 392
188 7
240 425
7 340
226 300
80 197
447 70
172 370
278 210
95 320
75 69
282 128
188 11
228 12
274 275
247 373
307 248
97 389
204 437
38 59
421 201
297 227
140 278
29 118
320 86
18 149
34 141
135 243
156 183
381 110
156 287
414 349
243 236
404 340
100 100
98 105
439 159
251 23
138 398
309 148
152 60
226 217
51 426
53 7
327 136
76 49
395 283
183 450
81 324
195 302
133 106
349 413
365 49
428 365
305 200
115 241
419 109
290 277
125 59
408 208
190 324
192 55
395 349
402 21
318 181
314 53
122 58
264 207
416 438
37 359
101 186
170 403
427 272
94 444
411 306
94 402
9 129
251 237
193 200
142 323
205 375
36 400
179 292
250 225
50 211
436 68
307 71
273 386
287 26
413 411
107 421
36 277
49 258
408 251
344 127
261 111
380 404
347 229
97 22
345 326
354 262
325 137
277 144
353 352
228 188
418 281
64 113
397 361
194 99
359 66
244 319
275 322
213 390
430 113
306 345
259 354
427 449
294 275
356 439
188 135
146 215
341 317
264 282
127 52
199 15
335 83
374 417
253 51
51 45
392 272
248 49
193 81
315 399
398 166
329 44
343 106
384 365
116 443
50 178
199 212
346 234
250 22
384 29
19 322
186 148
390 97
367 55
341 8
227 361
175 41
403 268
88 395
12 150
427 25
450 238
322 289
51 102
168 152
100 382
316 100
417 382
284 407
435 257
87 202
56 370
298 254
409 199
257 204
301 447
22 146
26 309
275 274
215 105
289 333
241 432
283 296
217 153
306 371
271 33
41 28
114 308
272 376
314 156
283 326
105 368
145 91
135 186
427 51
203 323
365 355
110 12
156 388
325 266
62 35
229 417
191 337
371 339
251 45
142 162
156 118
418 230
437 247
132 355
16 434
317 15
325 406
187 428
0 286
241 354
61 2
132 445
428 86
109 307
25 425
76 353
287 390
351 146
309 161
191 51
249 434
239 66
230 254
153 196
376 189
449 445
266 133
307 73
357 318
120 227
424 169
395 406
232 25
433 297
30 31
323 432
87 323
167 213
267 38
372 294
184 394
383 330
199 134
211 419
247 230
47 310
214 204
148 425
105 307
350 50
313 241
131 202
445 388
387 184
38 331
256 45
77 132
256 342
265 154
387 360
379 441
386 326
140 412
161 19
308 58
123 355
18 339
384 411
241 48
29 68
173 24
79 365
122 74
438 168
378 346
424 401
437 238
363 435
123 170
417 107
268 324
375 312
120 116
202 310
278 336
140 227
253 10
408 99
86 402
64 319
3 269
96 86
448 97
45 86
380 163
90 91
364 102
272 77
224 1
446 294
428 197
160 136
428 304
263 450
409 228
440 227
401 196
297 132
263 445
269 7
440 391
337 168
59 435
261 168
63 403
223 438
339 337
248 248
254 283
372 419
187 128
217 362
32 203
380 64
335 192
76 260
192 21
25 74
410 423
397 367
99 73
293 410
125 406
375 439
243 44
390 373
15 185
215 393
126 232
153 391
336 252
96 97
311 430
130 450
325 110
71 402
342 139
418 86
311 102
124 224
410 194
51 274
406 255
264 68
301 321
425 50
373 50
177 202
142 73
113 128
40 407
92 253
86 348
437 256
120 363
281 208
224 29
40 434
325 29
237 263
96 144
96 396
273 194
113 236
225 162
392 41
335 52
186 222
386 381
403 276
294 95
146 41
410 3
267 209
290 145
393 381
423 300
214 27
423 111
272 58
406 147
87 342
176 401
293 212
351 450
432 424
307 124
320 311
229 49
106 71
402 73
242 339
108 207
74 87
181 249
400 270
120 226
18 424
365 314
92 346
401 164
222 280
323 407
214 427
410 307
362 373
29 268
367 50
85 372
323 397
169 311
343 93
114 307
63 260
287 357
367 358
395 94
180 189
26 427
412 226
246 216
298 333
384 354
188 440
207 327
111 148
191 193
212 20
439 440
27 13
392 369
93 186
76 244
432 70
208 334
72 111
203 175
280 216
136 112
412 414
85 53
259 113
373 428
39 412
107 216
216 4
306 39
221 309
103 431
48 317
5 21
159 406
281 353
360 284
284 236
259 328
250 250
105 419
378 69
132 156
24 198
402 152
73 239
225 413
96 158
401 304
418 62
108 41
30 311
55 51
6 58
369 228
235 319
311 246
215 364
367 436
269 440
53 433
420 294
102 31
359 95
263 60
164 57
68 56
143 51
306 145
89 109
337 51
336 318
261 354
382 337
264 99
188 20
218 345
445 253
58 63
16 253
308 427
359 443
128 171
78 346
423 347
187 118
142 149
311 268
313 17
2 228
234 379
295 17
439 4
346 221
87 158
328 342
301 134
425 438
357 67
3 176
83 222
109 192
12 350
15 45
362 85
323 195
41 356
174 391
70 174
97 257
150 407
162 223
252 426
43 151
405 365
423 218
401 49
440 319
299 378
34 118
13 21
238 139
251 215
44 398
366 163
440 320
36 142
182 126
180 112
410 145
115 341
255 7
119 106
141 45
322 313
415 217
215 241
241 376
420 435
384 217
41 399
213 87
321 41
442 436
359 402
11 31
438 356
92 146
165 116
339 391
237 331
158 245
438 202
341 175
385 75
159 202
212 188
304 396
98 376
160 313
406 213
171 310
288 256
304 49
329 18
57 284
97 277
413 325
59 162
145 267
180 55
283 119
86 315
205 182
174 3
351 116
183 416
0 190
383 303
300 321
226 118
434 51
258 48
185 243
446 289
228 346
143 347
105 377
286 257
191 447
379 144
429 64
395 208
83 288
361 427
424 175
138 118
422 318
63 220
224 94
68 111
262 154
382 51
165 24
399 436
325 411
18 367
250 119
345 101
364 379
315 257
103 303
205 402
224 273
261 278
181 93
288 114
398 358
300 173
4 120
55 21
227 359
35 79
162 419
228 237
133 349
52 102
138 399
158 121
156 63
182 56
6 319
253 180
135 368
130 361
104 98
427 206
222 236
283 376
298 47
391 426
238 96
361 168
204 151
255 205
348 94
410 416
35 296
274 420
156 226
36 104
71 84
274 415
241 1
316 113
210 178
77 139
286 286
349 154
310 89
210 132
1 375
315 442
287 393
86 183
132 241
223 49
23 266
43 132
278 51
166 118
398 390
32 15
348 316
208 399
317 299
25 207
231 444
396 92
351 320
64 237
49 326
86 232
411 393
127 115
204 370
114 278
195 108
38 248
28 158
322 134
302 325
298 103
50 192
259 210
106 3
361 304
99 445
236 114
195 120
75 364
138 172
94 170
213 340
91 205
218 260
345 247
175 67
141 125
285 57
143 449
19 230
396 171
196 129
100 431
87 114
110 180
28 135
159 321
42 316
246 133
80 131
265 355
77 253
413 37
303 115
279 405
183 19
359 270
426 171
339 341
386 269
315 404
378 261
435 9
19 375
390 235
413 94
351 439
420 340
442 407
59 108
244 324
323 338
244 44
37 67
43 82
433 2
256 68
14 169
265 1
235 449
238 97
97 204
436 244
422 194
299 437
110 351
217 341
217 325
174 345
389 292
374 45
445 88
52 168
269 22
333 304
15 160
144 323
69 207
220 339
420 96
343 236
349 139
437 234
66 416
378 222
262 272
274 399
114 106
122 436
192 46
14 62
286 445
320 204
126 178
188 401
214 36
120 446
99 370
245 318
183 85
149 310
299 260
195 375
433 130
97 81
92 75
110 402
366 37
276 382
79 60
373 105
132 43
77 223
235 261
378 109
275 360
27 208
87 399
53 43
45 373
71 392
56 335
334 102
429 141
158 436
23 274
127 11
269 170
96 171
400 14
373 259
450 398
190 441
58 281
66 5
60 427
291 67
418 393
366 58
285 226
247 48
222 107
388 444
208 122
134 191
353 380
155 195
334 391
391 241
56 344
57 353
412 217
354 362
134 108
253 350
222 329
216 130
229 108
19 110
324 406
263 229
446 8
13 72
35 184
68 298
44 216
220 276
34 165
396 376
206 320
11 369
156 50
84 132
275 169
118 152
29 364
223 170
104 330
377 54
83 162
352 422
21 157
330 57
108 140
411 149
334 169
223 248
395 105
15 389
248 314
87 429
325 131
53 219
295 264
58 405
61 172
144 170
208 99
181 345
176 357
213 323
21 318
246 319
242 426
18 123
360 438
12 300
448 71
125 236
33 128
366 315
419 263
179 394
393 219
379 54
97 65
98 324
196 24
193 69
378 142
44 225
216 354
210 9
427 4
2 171
242 168
37 69
292 128
198 171
286 369
395 231
230 103
221 298
393 170
348 314
8 150
35 377
103 169
252 167
25 118
3 12
404 247
42 37
140 206
168 246
393 308
33 207
156 249
134 205
110 207
205 33
357 312
230 257
144 132
367 240
396 72
47 78
416 91
405 232
434 381
273 101
52 428
6 69
44 35
313 106
202 21
411 199
190 251
440 122
348 114
24 236
303 236
143 358
381 374
248 369
180 49
437 280
15 263
121 295
75 184
147 128
68 3
68 104
148 275
261 255
353 417
208 187
164 337
5 259
289 196
371 433
66 146
31 335
230 127
173 397
298 44
296 403
114 412
25 314
166 237
18 326
299 167
31 161
143 74
146 212
190 45
297 72
422 99
249 124
182 293
393 286
190 417
367 392
90 30
407 81
7 210
67 55
114 241
69 128
146 236
34 67
182 165
205 193
276 444
191 407
167 267
227 234
352 177
116 170
136 192
145 296
220 204
39 203
30 38
408 276
441 321
428 308
368 240
179 42
156 93
343 71
133 159
377 191
229 445
39 409
114 450
286 290
279 194
150 437
165 336
367 284
325 299
419 290
297 436
378 311
336 99
173 132
168 157
355 199
371 365
416 199
193 228
402 89
377 397
244 139
265 218
214 416
381 23
326 232
413 200
125 216
289 278
264 315
450 282
374 50
18 449
136 19
67 290
221 144
432 434
108 420
120 413
271 398
287 24
66 148
67 428
305 126
398 229
214 130
87 232
219 204
79 247
56 218
227 83
406 229
333 18
325 215
203 265
93 391
390 159
58 135
202 162
411 11
164 158
174 64
16 406
309 371
360 11
223 268
54 60
216 275
79 321
286 79
88 58
6 442
24 54
146 125
354 321
211 222
294 397
364 402
389 165
371 124
40 195
244 180
295 105
246 248
379 205
371 376
161 370
71 333
328 430
13 371
230 412
63 300
211 405
335 416
361 76
394 131
271 266
52 402
205 308
207 121
179 164
259 360
324 263
401 388
78 6
303 53
62 179
63 136
144 312
48 270
414 177
116 419
270 35
67 440
282 239
359 125
51 235
323 373
23 108
209 264
378 188
288 317
26 41
381 438
374 62
308 247
88 211
427 191
96 443
157 288
186 355
188 309
192 134
324 230
196 35
7 258
309 76
67 199
6 259
177 154
17 333
110 276
402 36
31 417
85 348
166 406
267 202
94 200
234 386
245 449
193 83
278 229
329 23
191 223
274 110
165 177
283 15
210 361
347 431
27 20
350 368
175 303
340 47
324 326
205 277
409 229
432 161
220 16
186 340
444 62
85 402
406 275
217 61
387 304
199 185
321 214
392 352
380 16
393 349
21 66
16 6
105 235
243 317
161 157
204 445
434 75
209 353
427 356
161 15
22 155
281 95
239 48
364 121
228 56
313 110
221 54
92 352
44 267
353 52
188 435
447 268
26 289
76 213
149 239
426 66
446 114
233 60
201 97
49 62
313 386
240 20
314 83
21 421
301 41
263 368
123 258
182 400
206 359
63 221
450 92
320 146
16 211
381 246
394 250
253 383
194 55
60 187
440 216
358 273
175 264
34 201
441 360
400 41
442 121
2 270
21 165
301 110
10 244
416 304
66 335
155 430
105 267
273 397
167 353
314 45
218 433
102 247
318 160
223 148
426 120
339 2
8 70
430 353
297 122
423 275
293 282
349 23
202 221
200 380
126 329
243 428
37 15
370 240
102 346
63 91
239 287
161 424
438 235
406 159
90 70
341 291
234 220
279 124
118 9
399 193
160 387
370 31
30 134
309 271
278 340
230 337
305 386
33 381
6 15
404 130
409 431
371 277
56 273
342 177
167 361
58 448
180 146
138 364
277 224
364 188
142 41
9 14
68 338
32 13
61 330
275 110
300 15
191 170
373 116
25 260
46 233
24 159
289 324
198 102
113 302
146 50
303 290
368 162
120 280
109 303
236 58
209 126
390 47
261 288
379 216
82 174
174 196
279 150
101 183
274 180
36 55
63 382
264 181
323 115
161 389
31 135
380 270
255 389
25 52
256 210
314 232
258 276
277 331
409 223
73 313
192 290
175 78
152 407
156 297
316 148
346 65
165 91
123 422
5 265
97 417
222 148
382 202
146 401
10 298
422 379
316 392
433 226
19 70
450 213
139 205
149 140
404 285
48 3
282 376
194 137
43 233
15 0
207 422
245 61
155 332
301 298
271 39
159 367
188 251
450 295
335 133
123 139
210 117
361 283
157 347
376 269
329 191
414 217
154 425
372 68
56 110
148 13
209 202
437 205
16 150
192 28
135 79
367 123
303 333
310 195
119 259
81 181
200 435
110 24
62 122
202 252
122 85
185 76
181 408
77 201
226 225
448 160
367 382
55 100
107 191
101 27
58 394
26 430
139 78
415 131
215 175
116 249
32 417
3 314
211 418
166 280
375 421
439 198
207 185
157 369
183 438
94 423
66 293
405 210
74 231
255 19
353 384
97 434
57 333
408 436
411 70
18 0
324 93
280 218
163 350
375 434
363 447
166 23
165 392
195 370
22 147
429 388
271 174
240 111
263 343
77 246
149 53
19 222
76 145
274 298
425 375
139 162
262 386
421 179
112 266
309 129
397 96
9 258
376 15
99 286
204 431
293 84
378 46
132 254
211 435
85 203
34 149
223 190
345 246
38 206
362 391
186 119
199 111
209 22
45 347
316 197
77 357
225 288
103 439
47 318
98 181
26 126
257 410
232 433
339 156
173 241
74 435
111 284
428 383
424 95
92 349
182 398
199 46
202 183
402 77
181 24
112 38
284 134
7 371
104 10
115 443
292 27
103 14
284 428
390 38
400 104
295 430
91 158
194 157
128 186
10 450
204 215
257 447
125 359
433 236
212 115
115 407
221 10
328 39
271 8
68 98
290 348
53 114
242 336
370 115
184 45
84 221
61 67
145 139
342 252
62 214
229 244
196 175
252 284
98 416
181 180
366 192
262 98
316 445
79 209
166 303
198 266
192 0
82 227
382 425
447 263
146 306
79 59
445 364
245 125
339 59
97 90
42 289
93 90
438 107
444 367
438 162
312 232
41 237
15 104
26 225
409 65
308 362
80 438
264 71
388 358
239 266
235 244
262 66
20 251
230 147
219 156
87 275
119 86
205 256
220 203
328 295
370 13
293 109
61 115
158 382
0 415
178 178
154 351
198 89
358 128
85 378
365 232
0 322
45 22
416 29
47 128
78 322
149 363
376 136
70 81
352 104
50 161
118 132
356 110
330 111
177 339
56 213
316 408
361 402
105 375
244 269
267 93
215 211
438 280
86 7
300 211
51 86
111 239
282 223
181 311
376 18
198 120
237 437
103 222
149 104
126 81
403 349
234 66
264 412
255 441
438 404
16 256
184 444
378 421
221 307
289 71
149 150
180 290
354 334
22 287
327 2
333 447
315 432
362 29
58 267
62 22
373 29
5 183
229 372
155 160
47 74
289 375
230 255
203 89
128 95
35 141
22 15
262 150
207 386
423 266
172 36
428 332
214 441
147 162
421 260
152 135
58 119
185 435
350 90
66 231
75 243
338 10
131 273
286 304
251 216
294 219
86 287
279 362
442 355
216 429
26 38
294 449
167 306
144 215
350 155
291 110
101 107
209 20
421 388
120 123
361 316
348 244
300 409
346 352
190 216
291 404
21 445
274 37
110 75
133 383
173 174
143 120
193 148
352 37
162 75
22 129
284 263
434 107
121 286
295 29
153 302
188 420
347 209
334 180
360 424
270 373
53 181
241 307
280 129
248 333
179 392
315 194
108 267
32 393
354 65
356 126
286 217
250 184
300 388
24 104
83 128
202 429
278 186
107 89
179 25
15 326
311 68
366 441
60 217
91 375
169 167
181 279
231 100
72 190
68 312
337 377
102 437
290 414
36 38
429 241
73 399
413 83
81 311
309 369
19 108
409 12
72 439
329 245
238 316
197 120
260 198
234 405
382 64
336 170
330 131
114 190
336 273
304 125
355 136
13 357
106 433
208 268
205 303
418 55
26 435
50 112
132 31
127 43
315 216
411 173
75 128
178 60
39 5
148 360
147 252
165 147
374 130
305 286
200 339
146 226
291 157
290 363
194 426
45 30
256 256
409 389
296 87
155 280
19 50
221 392
347 172
227 207
180 24
70 35
90 364
216 171
281 327
255 13
392 240
297 175
225 415
218 216
432 323
123 395
289 430
43 405
217 219
124 128
51 139
264 385
101 81
23 446
298 352
418 8
288 75
438 194
372 303
223 122
121 374
448 185
50 386
115 163
209 262
181 59
204 339
434 115
130 243
317 250
152 17
82 276
260 109
114 408
214 18
319 14
237 408
55 236
122 322
365 275
336 361
114 98
182 207
261 198
277 313
50 381
350 440
183 286
58 384
315 302
273 284
428 217
208 238
254 148
382 356
91 47
237 197
58 52
221 328
234 299
173 242
41 126
75 122
262 137
359 323
432 134
15 392
219 38
200 207
128 35
329 349
169 193
118 440
390 443
84 17
115 151
395 183
360 301
190 449
397 178
255 345
335 4
371 160
150 271
85 31
101 124
42 244
366 236
406 151
336 370
84 317
219 367
336 122
304 343
419 84
214 161
72 242
445 185
119 361
370 62
169 139
140 289
382 162
127 70
373 261
112 4
355 296
90 199
66 176
31 109
270 237
310 174
54 310
291 163
447 388
7 364
209 186
127 302
425 1
218 35
324 45
61 152
272 88
15 303
414 27
448 296
288 389
17 64
391 178
36 8
259 118
130 293
66 413
252 251
3 397
318 177
252 407
47 54
121 214
423 68
39 84
200 11
190 231
297 152
382 124
203 263
138 203
176 73
269 405
233 268
110 71
410 212
141 364
177 223
173 447
391 103
426 238
289 397
159 354
296 320
92 200
353 121
113 245
299 312
94 177
277 411
297 187
331 342
175 203
335 7
120 149
282 404
326 159
319 87
126 271
204 152
69 315
5 132
357 166
442 228
104 344
243 189
225 304
276 325
132 94
315 268
178 272
2 54
103 12
342 407
335 276
174 365
92 101
437 348
341 326
351 21
141 229
322 145
103 243
58 255
151 188
338 73
150 2
260 440
10 147
383 22
437 314
336 294
290 161
227 342
279 332
36 9
119 348
72 238
394 360
427 365
410 104
38 174
190 429
234 137
297 0
394 214
355 31
413 249
139 309
108 283
269 337
113 197
56 17
227 312
268 224
392 141
117 74
270 317
319 317
203 416
420 292
220 27
317 166
310 248
340 239
65 165
215 129
417 381
153 240
114 223
398 321
256 287
48 147
136 249
30 83
226 334
54 192
285 80
166 144
250 2
68 400
113 325
275 273
402 227
405 26
194 220
192 224
78 426
139 89
237 300
404 351
18 429
317 114
47 132
109 446
392 21
75 324
297 81
232 411
231 419
65 166
102 91
64 63
154 386
307 210
266 188
174 171
71 330
18 294
252 124
239 138
9 183
214 242
372 87
255 363
25 442
152 370
339 417
251 422
216 106
318 221
290 60
81 255
29 109
432 100
95 139
211 258
289 404
122 271
366 340
415 271
177 291
336 319
435 187
325 145
197 79
402 292
33 277
286 41
150 304
13 422
425 101
257 316
446 98
154 334
375 30
347 281
167 440
344 72
179 45
402 223
324 106
427 354
393 119
329 101
379 374
422 213
357 157
175 308
246 347
285 95
252 237
121 303
63 195
257 163
185 366
282 192
114 427
341 324
404 118
136 218
39 320
157 399
424 9
384 305
161 199
22 132
29 405
105 103
25 13
440 279
34 42
195 278
160 192
444 121
154 208
41 35
174 282
299 250
126 344
158 175
143 397
395 423
57 409
430 72
308 63
409 230
376 240
270 103
97 293
172 15
292 62
327 426
133 376
442 215
285 309
104 368
252 269
35 389
432 59
135 281
151 421
332 123
331 93
280 310
365 87
275 133
154 232
64 416
34 417
21 308
205 161
165 33
337 360
118 286
334 191
146 69
406 59
5 78
61 46
12 448
419 54
392 216
235 337
36 241
445 78
323 70
23 57
353 196
73 309
312 262
115 412
168 171
216 111
206 294
334 175
303 223
324 343
107 125
75 110
411 291
368 393
17 165
58 374
117 97
140 178
319 331
191 192
323 402
278 85
274 406
59 45
340 25
26 203
227 380
94 171
210 217
52 409
17 97
238 117
219 51
20 35
57 405
280 164
412 379
229 191
137 126
412 403
155 46
212 422
138 421
336 347
379 252
208 296
390 40
140 317
338 183
29 267
50 290
199 158
119 186
71 248
148 230
183 372
380 169
351 32
266 290
96 283
404 403
427 63
382 348
306 393
416 100
9 70
410 204
190 416
444 388
273 8
264 139
29 353
253 405
143 194
349 116
154 394
147 224
190 67
320 222
40 46
153 72
414 220
228 369
218 199
87 320
36 255
35 180
237 374
411 202
175 446
176 419
327 218
389 401
65 229
155 143
343 75
85 157
59 55
354 174
180 242
19 343
202 402
384 298
182 45
357 439
248 391
365 170
119 68
435 170
64 0
313 228
313 94
210 210
400 20
204 316
289 129
202 328
283 387
311 65
343 313
109 200
106 84
177 141
270 30
156 232
349 247
92 282
353 105
64 91
268 292
56 343
209 309
322 281
74 245
355 313
410 72
222 290
57 308
211 238
369 209
377 222
129 321
122 60
384 359
292 19
72 3
201 42
147 105
279 217
123 167
131 21
110 140
261 248
89 420
420 167
197 116
300 188
171 54
190 183
370 85
207 268
72 67
262 182
116 295
15 156
219 294
268 342
137 103
195 431
434 253
140 145
248 234
231 331
359 432
260 235
215 98
261 293
326 374
119 137
374 89
314 430
394 275
425 163
281 189
297 222
176 339
256 194
102 307
143 393
30 249
272 426
5 299
388 174
23 40
218 290
88 132
443 363
437 96
204 121
130 230
323 133
331 77
134 134
169 431
186 170
192 195
22 218
252 100
190 434
5 13
398 318
330 296
150 334
423 242
198 231
265 258
302 449
281 400
419 127
372 393
326 212
11 51
235 398
360 286
423 216
417 196
302 238
230 73
351 263
175 87
165 248
442 369
446 346
424 350
363 0
287 257
119 34
56 88
339 251
45 183
86 433
312 241
392 290
201 244
344 222
205 91
14 101
121 26
425 181
299 133
182 248
251 365
434 194
352 53
23 109
352 174
414 99
282 219
238 88
123 275
328 245
80 50
430 30
206 192
139 19
170 212
229 9
304 195
346 92
426 46
429 145
407 358
288 230
191 362
70 240
349 420
21 286
356 159
114 167
297 275
232 70
64 133
130 186
213 281
361 267
416 273
98 438
388 191
397 239
31 158
377 387
246 0
212 103
151 433
141 379
173 418
314 323
109 218
306 276
169 11
258 291
68 1
21 47
450 251
33 340
56 324
325 35
236 208
179 132
109 447
220 403
309 231
226 435
346 426
51 253
231 72
231 85
12 58
387 444
35 2
101 152
13 81
437 257
90 90
93 76
202 277
375 356
9 441
95 355
249 396
370 339
214 356
221 385
55 345
166 65
87 196
320 96
133 73
444 285
396 325
120 147
358 182
170 448
296 331
299 229
144 199
139 118
339 63
414 449
68 165
214 368
410 253
127 8
148 128
299 294
369 255
22 378
290 283
44 350
286 163
143 234
1 337
424 444
297 305
313 447
16 172
187 77
372 225
189 440
322 343
310 198
157 373
259 411
311 45
18 422
221 381
6 339
428 24
227 44
20 147
240 172
326 411
273 150
148 325
292 375
391 441
60 269
100 302
282 238
374 365
251 328
446 387
256 283
238 410
111 36
296 439
382 405
161 294
91 265
342 166
18 140
51 267
370 164
230 439
323 181
223 275
346 9
308 196
136 43
259 310
52 425
12 242
121 63
74 367
229 314
21 28
107 134
122 238
259 261
91 128
171 139
417 26
92 334
298 188
255 444
165 308
403 199
68 261
440 393
148 420
341 50
437 379
107 146
287 370
67 96
233 397
263 363
96 96
198 188
189 395
389 366
56 413
166 68
259 62
101 297
97 190
326 263
379 357
19 116
442 349
111 287
315 59
108 402
52 232
62 93
401 389
30 36
53 160
17 141
287 323
380 113
328 174
22 342
279 422
445 435
28 236
37 212
389 149
140 179
396 166
339 376
166 367
312 5
419 147
238 190
276 103
54 232
363 358
52 343
346 202
58 210
388 290
386 218
106 99
254 100
377 143
331 296
213 33
90 330
363 353
357 205
122 409
177 369
53 252
424 67
315 165
30 349
83 75
344 181
275 278
359 415
310 264
288 6
271 337
33 426
210 23
236 220
257 308
303 371
414 191
328 32
435 190
186 116
210 109
99 39
179 234
305 181
401 215
416 20
441 369
228 340
131 60
31 235
387 178
129 143
181 38
213 237
414 62
60 82
2 397
172 273
149 294
20 437
409 231
15 90
199 23
181 353
224 207
45 407
261 262
301 254
339 446
244 100
309 316
269 369
419 145
249 436
42 54
81 274
107 284
421 55
7 315
410 156
17 19
419 196
269 127
185 160
372 263
51 240
173 421
314 64
113 392
84 443
28 33
387 203
297 25
94 238
40 365
415 16
58 406
400 313
53 122
331 36
85 220
140 111
30 392
59 6
262 183
366 351
269 120
64 424
215 350
315 438
143 398
11 75
191 432
394 51
5 163
54 9
32 252
52 212
140 222
179 245
145 16
402 134
371 221
51 330
256 166
408 319
421 183
79 173
156 130
32 239
349 105
210 425
39 227
62 289
244 179
400 387
339 287
394 43
369 159
215 157
90 347
17 70
167 189
131 193
119 224
325 174
38 186
245 67
445 63
377 164
125 268
285 44
193 153
172 378
15 5
370 154
306 290
161 9
365 244
198 177
431 218
400 269
412 321
386 141
438 191
43 109
7 132
43 257
438 185
219 320
420 129
225 143
437 229
9 49
1 89
87 14
304 122
222 222
350 143
76 2
144 154
441 380
94 278
258 16
307 79
38 356
211 415
69 123
184 401
36 59
405 276
395 405
143 212
378 8
222 229
381 209
124 308
323 278
23 357
395 95
20 379
420 276
386 109
214 8
208 297
60 285
126 260
72 209
281 261
171 253
278 47
170 434
295 148
180 300
110 108
40 98
10 232
20 248
359 168
102 65
382 214
377 267
229 416
145 195
289 317
437 404
408 63
383 16
325 371
325 154
10 280
165 179
225 318
422 81
207 65
84 67
212 29
11 246
10 306
26 399
390 330
11 221
167 278
229 379
221 268
304 58
430 5
313 104
394 66
348 31
337 244
47 280
168 335
325 9
404 228
120 283
441 406
383 228
322 63
442 449
284 168
115 284
317 162
168 13
321 63
87 341
16 290
59 71
306 331
17 196
449 103
324 206
235 444
35 427
306 206
31 192
449 403
156 445
398 394
215 143
105 129
38 441
186 192
200 234
217 306
203 168
200 14
427 104
367 423
115 435
149 6
321 143
419 403
367 406
423 62
20 78
233 111
226 388
96 262
149 376
389 255
3 442
3 299
269 128
430 101
138 341
268 225
273 121
400 234
201 437
56 330
17 62
337 9
407 33
323 136
69 304
33 382
378 302
330 321
416 374
34 265
66 54
236 209
82 207
260 77
306 87
345 302
310 339
396 394
409 348
91 29
39 157
308 363
230 363
320 174
30 239
136 369
88 246
70 296
364 106
383 432
314 81
403 208
148 36
240 82
362 448
70 57
367 138
249 390
155 108
278 306
327 121
37 170
223 432
388 321
332 370
297 208
77 283
159 268
105 231
326 272
380 76
372 245
112 379
364 12
132 125
262 275
0 143
333 412
94 215
337 364
12 199
357 353
303 92
252 280
5 131
239 92
118 87
210 40
64 104
243 190
282 37
150 230
152 271
250 328
116 432
109 107
10 45
128 326
72 187
407 185
30 45
431 20
147 385
7 319
90 228
316 233
320 396
404 265
113 389
285 435
65 308
442 77
183 417
433 128
142 442
154 240
375 81
416 177
31 327
294 118
213 280
24 109
360 265
365 181
0 81
56 264
429 267
103 66
12 276
275 238
93 138
256 242
411 300
252 68
282 83
368 307
337 56
224 137
337 55
150 267
266 6
252 204
268 157
396 87
409 252
201 338
24 207
450 63
115 381
234 186
378 380
303 178
182 276
357 364
118 27
374 450
249 198
369 89
258 84
431 380
25 34
209 400
419 20
288 280
266 104
164 304
119 110
206 305
411 312
341 208
109 337
333 5
280 150
346 26
232 156
177 444
434 5
12 210
310 121
33 433
111 97
226 130
368 27
319 302
96 238
396 198
378 88
5 166
348 97
178 311
387 160
337 373
334 310
358 161
263 372
190 411
68 30
43 128
101 150
236 315
247 189
21 85
32 376
368 114
158 329
208 109
119 412
348 119
391 38
279 107
16 424
397 109
252 255
184 328
320 430
22 141
423 196
106 18
284 345
319 240
92 204
328 335
89 312
43 67
106 410
224 139
51 239
112 187
162 181
240 353
317 18
174 214
192 300
51 175
152 437
216 183
400 16
437 72
23 140
37 308
218 197
423 24
73 209
140 203
413 213
4 414
433 30
69 255
441 131
354 203
155 357
279 13
354 253
366 262
439 95
241 338
18 53
447 144
234 221
38 198
216 243
236 326
366 319
319 149
282 362
335 423
171 273
192 109
101 352
339 112
199 100
275 188
285 441
181 54
268 114
405 73
28 159
46 416
255 298
377 350
109 204
61 158
100 180
352 219
63 117
436 331
339 148
415 38
327 399
171 274
138 358
354 53
313 53
426 270
163 271
17 374
97 392
40 237
129 387
267 161
268 122
430 117
222 418
376 241
58 432
18 439
190 311
158 383
250 223
317 445
324 27
316 37
346 311
330 241
57 288
355 189
343 162
330 286
443 416
175 298
260 226
140 274
438 81
310 81
324 303
49 269
56 391
422 343
72 232
257 420
353 248
216 411
86 332
376 181
3 217
347 190
195 438
257 329
434 222
5 238
192 2
385 403
140 95
353 30
89 244
70 339
384 388
277 96
58 271
11 217
318 426
180 116
91 246
257 283
366 109
189 330
388 233
55 134
234 55
61 38
314 149
423 340
368 252
265 252
144 222
54 435
363 98
242 124
214 357
219 199
19 332
307 76
137 66
355 74
300 332
367 402
147 280
35 420
177 406
89 382
102 442
407 202
170 53
23 189
359 57
373 346
368 104
140 146
163 341
93 51
184 271
318 180
271 170
44 209
226 189
278 195
241 204
211 99
292 183
398 243
123 403
264 173
261 7
277 4
201 13
160 397
309 446
184 139
290 265
303 411
27 114
437 413
20 103
9 97
78 47
326 361
193 297
423 200
358 428
198 212
400 236
106 397
310 12
214 289
188 8
449 6
88 100
194 358
51 316
299 422
314 48
212 290
139 218
186 155
85 169
16 315
120 204
211 337
6 175
386 247
94 11
386 175
187 450
354 52
359 156
386 354
56 90
37 265
398 13
351 22
223 345
314 224
241 153
228 15
252 408
119 377
439 395
334 99
255 364
119 30
445 30
351 26
72 98
213 229
98 448
18 17
416 121
172 108
81 265
429 380
36 432
372 252
176 378
318 203
175 144
427 383
274 219
447 72
369 276
333 208
341 19
276 324
71 332
361 96
404 240
177 287
277 310
203 350
422 94
207 34
59 437
391 418
423 23
391 162
300 269
108 409
121 29
44 212
428 201
293 5
4 423
227 125
300 184
68 304
63 343
265 116
338 327
370 307
146 291
440 248
438 367
18 62
307 331
94 163
185 209
132 225
32 241
69 224
118 360
436 358
179 217
146 22
128 227
202 199
288 180
360 361
417 445
104 252
387 328
48 134
11 257
131 227
350 110
131 130
99 145
339 328
377 442
1 66
177 80
288 387
437 230
77 21
313 189
317 332
201 67
95 112
62 15
92 91
198 426
234 72
140 346
405 319
192 272
225 24
82 313
375 284
400 379
95 188
283 347
120 264
187 195
435 259
285 85
369 379
339 396
385 16
90 397
44 28
107 291
314 182
224 86
412 86
150 265
122 26
113 434
6 10
15 177
31 367
132 118
161 136
109 381
243 146
196 222
361 177
159 380
403 152
171 345
403 184
104 54
147 306
105 63
393 430
439 337
152 438
172 135
177 98
346 440
41 374
123 445
264 418
392 79
366 371
372 270
55 183
314 290
178 231
164 312
301 301
50 93
359 99
316 436
238 329
302 249
6 173
96 100
196 169
137 246
246 334
116 176
14 414
3 5
280 250
288 233
137 40
336 27
398 194
224 404
103 119
200 420
77 426
121 10
60 40
29 191
435 248
295 336
144 322
38 440
199 0
178 209
222 77
265 405
229 144
104 360
322 375
137 177
99 279
367 27
34 313
60 331
438 72
350 379
231 391
192 177
84 358
4 22
105 142
34 180
43 185
80 247
395 389
372 300
292 142
186 188
58 69
239 400
225 280
272 151
445 314
265 105
178 65
4 2
87 120
316 13
331 347
64 119
35 415
356 213
199 98
225 69
150 107
307 326
73 318
342 419
325 399
350 189
90 268
66 295
228 95
89 212
190 138
168 251
154 203
54 294
429 105
206 94
202 220
372 288
364 155
134 409
138 450
87 76
202 405
260 223
311 350
28 128
268 99
424 63
112 193
104 185
293 154
176 74
104 213
372 406
18 98
356 276
230 396
374 150
26 103
203 249
26 214
237 344
164 118
165 12
121 91
372 247
5 347
255 282
180 182
197 94
433 261
368 234
127 25
263 235
443 193
443 366
222 285
40 95
445 252
243 159
200 430
17 337
246 120
132 197
160 81
191 155
259 442
429 244
229 447
176 375
408 444
124 110
222 83
359 223
236 425
200 87
35 121
375 364
332 228
237 202
117 344
59 312
338 384
177 269
2 277
434 130
368 177
42 323
82 282
291 64
297 158
150 74
229 54
427 381
11 175
252 235
244 404
199 387
22 26
140 220
174 163
12 253
189 224
222 408
394 101
287 32
108 300
348 294
311 312
338 233
127 383
66 141
394 319
102 410
145 94
101 29
314 318
26 47
207 191
7 179
264 299
302 269
242 438
273 153
343 373
346 168
230 54
280 373
237 114
299 24
64 176
194 404
303 355
374 85
211 402
160 291
377 223
339 386
379 107
204 237
5 151
431 112
84 6
448 80
8 411
129 145
78 60
48 290
379 72
179 378
219 111
407 169
397 11
285 107
349 279
392 302
305 63
232 263
112 74
406 252
171 171
294 148
288 110
348 79
169 188
384 77
160 303
46 255
244 68
109 132
330 350
244 151
416 92
379 285
83 172
442 3
292 90
197 38
16 341
17 81
108 440
385 172
203 295
49 235
439 392
102 445
404 358
331 112
169 116
360 209
8 230
340 236
182 396
448 12
258 324
189 271
235 326
298 59
257 76
130 157
313 38
95 250
413 76
397 350
197 326
215 346
87 436
145 336
431 385
389 180
206 163
94 256
392 256
401 1
323 298
102 64
354 70
118 195
434 12
66 167
104 295
195 416
127 331
31 15
202 366
127 172
175 319
14 174
334 58
45 269
104 239
279 35
175 141
33 154
358 356
152 108
303 69
301 232
301 289
387 0
138 220
201 17
59 267
304 148
145 165
339 441
438 313
165 287
106 418
241 415
314 244
112 103
431 434
414 437
202 196
381 175
37 346
34 301
236 60
112 5
151 82
27 287
114 29
408 433
207 436
106 265
385 26
71 11
148 435
273 412
175 346
192 167
429 95
75 222
292 320
168 425
204 258
115 322
440 51
171 246
384 380
344 303
24 415
439 54
66 202
341 433
234 387
177 250
72 406
445 375
213 223
390 241
267 169
385 302
405 76
9 88
185 29
448 343
275 266
60 114
217 293
108 130
90 58
99 115
422 48
435 253
349 110
325 164
78 318
6 317
314 84
443 409
354 124
123 51
250 24
327 161
171 224
190 3
285 436
82 402
268 112
285 272
421 32
360 374
51 314
154 154
228 104
50 335
280 366
373 118
157 25
121 222
281 80
390 134
105 315
305 423
274 408
5 241
142 155
320 77
192 425
158 300
331 74
212 181
114 220
70 439
10 182
368 272
67 119
139 17
411 64
61 280
442 375
135 84
259 305
411 349
361 92
121 130
193 317
414 185
275 221
442 317
179 391
110 98
386 422
364 269
232 293
152 444
309 202
110 440
375 57
428 37
370 133
354 42
13 244
376 220
369 55
436 198
152 435
244 194
253 352
314 201
196 59
418 53
421 297
97 126
94 190
247 4
173 394
123 270
64 254
25 163
169 150
115 262
383 58
75 408
50 84
240 87
59 269
272 370
277 264
185 289
104 189
277 137
385 34
98 322
50 157
57 219
296 340
207 53
343 227
375 415
129 293
319 369
268 266
119 265
385 409
417 271
66 377
102 406
251 7
354 107
350 64
189 88
195 325
165 290
419 56
367 379
345 183
300 273
151 220
74 394
216 438
431 412
301 286
321 287
317 218
225 176
322 321
379 25
434 86
305 42
387 415
164 373
103 409
381 187
225 432
361 317
351 287
370 213
434 450
335 56
349 330
327 385
5 359
64 103
274 135
6 351
139 102
416 255
90 208
158 9
289 108
363 322
10 372
139 289
147 255
150 192
323 252
153 291
419 30
131 360
326 281
348 402
161 152
118 260
235 390
262 261
137 162
201 379
384 240
289 402
366 450
39 41
102 58
187 346
42 104
362 96
313 352
397 125
181 110
183 333
16 249
431 348
274 356
262 208
258 419
248 233
362 269
405 248
42 433
394 156
358 403
98 199
441 265
282 23
318 152
338 253
81 208
367 35
148 304
19 339
368 83
154 337
249 85
34 173
350 414
177 183
151 200
390 116
344 196
237 308
276 63
369 120
183 100
70 341
164 43
69 133
307 327
341 288
387 404
159 148
398 37
359 358
403 428
357 108
122 235
36 443
87 215
373 240
115 201
22 408
3 138
38 113
347 182
399 94
338 93
106 387
96 440
252 13
140 221
426 249
419 229
372 410
324 220
411 129
56 248
223 155
337 100
48 316
112 73
257 192
376 217
215 355
341 16
337 49
284 450
157 259
41 349
326 21
434 221
372 422
195 137
144 439
217 396
414 356
18 139
167 437
410 441
195 52
97 357
61 148
44 230
176 274
198 24
378 30
252 21
60 219
57 276
261 300
275 392
414 324
4 52
137 243
330 424
423 95
341 134
261 256
374 360
196 342
246 178
112 450
215 190
185 244
318 196
218 2
283 416
107 443
247 21
415 164
293 293
69 12
48 211
140 57
112 54
334 188
272 251
404 370
230 114
85 281
95 61
133 29
191 421
222 264
63 199
427 441
430 45
232 259
43 298
426 295
444 341
252 316
440 257
270 53
369 376
172 127
266 193
392 58
260 136
41 424
264 417
108 65
76 389
65 155
220 148
436 301
144 441
425 41
250 66
423 36
211 30
115 223
245 353
63 429
140 107
429 301
28 142
89 121
344 298
245 329
235 396
63 172
333 372
340 377
399 109
427 209
241 424
183 155
277 261
176 425
82 167
138 226
75 44
46 319
428 362
223 309
308 39
78 323
132 206
263 77
256 384
11 366
360 208
378 151
392 286
99 374
26 329
150 320
78 410
182 26
268 290
147 262
330 240
351 162
292 418
155 153
195 165
236 158
213 35
385 193
438 296
147 428
175 69
10 99
379 251
330 95
24 208
412 324
148 201
379 309
330 53
304 251
298 311
155 98
383 282
107 413
268 282
147 185
419 15
102 78
278 79
265 170
238 240
75 30
193 237
207 381
189 153
69 293
416 153
76 225
253 201
342 201
291 276
283 254
140 136
93 162
62 303
60 194
449 282
36 122
288 39
150 50
369 283
363 17
410 443
311 386
27 162
438 350
449 162
315 437
45 214
110 308
243 295
237 405
106 245
362 417
147 19
115 363
258 138
437 401
344 363
253 263
85 135
1 168
386 173
348 36
277 177
332 129
61 145
361 388
194 94
187 354
155 159
419 60
208 103
261 122
142 171
110 17
270 199
243 303
208 74
433 204
103 182
96 213
127 72
410 171
169 323
28 347
63 318
175 123
262 308
324 330
297 115
317 6
185 17
97 24
287 349
39 280
143 49
193 338
145 295
236 118
62 246
444 387
240 126
392 422
93 326
201 27
209 242
303 59
3 20
224 419
201 29
163 99
48 401
121 103
204 336
58 199
407 212
336 142
70 381
122 295
442 250
237 267
209 249
78 12
87 185
444 330
422 385
11 335
426 335
170 203
140 404
206 365
400 141
2 385
84 438
51 214
202 327
216 139
440 96
414 123
425 445
246 369
35 136
249 298
234 396
353 101
230 101
22 310
365 61
325 148
265 386
271 69
46 107
402 262
212 252
77 302
10 124
188 274
361 344
300 303
7 148
56 358
380 129
435 295
349 10
134 160
447 358
135 71
210 304
407 175
39 196
349 35
340 4
125 66
286 343
325 52
411 15
420 423
176 149
316 101
307 105
437 127
409 28
107 186
85 182
269 229
135 199
241 42
381 146
186 266
386 138
247 210
314 431
418 381
384 47
381 13
245 283
423 75
64 210
204 85
51 245
315 300
414 176
230 46
22 38
306 139
59 309
230 390
247 124
4 71
240 432
85 320
69 242
450 380
424 166
396 441
276 414
5 120
306 142
231 314
92 51
138 299
423 252
142 357
346 89
338 51
282 154
141 338
196 368
192 93
357 252
347 277
288 34
254 152
118 322
210 230
22 325
118 207
117 408
440 202
76 100
226 128
142 291
87 135
419 189
402 101
103 94
259 6
280 424
316 196
85 177
168 415
354 412
265 69
358 37
303 334
69 336
252 446
69 17
60 417
384 215
332 24
443 443
282 176
224 39
212 445
308 281
297 253
374 402
193 113
122 313
141 346
250 77
115 177
319 436
21 119
85 341
35 218
227 297
447 217
441 232
86 227
195 67
34 233
207 40
266 206
148 37
350 263
441 97
89 191
218 105
340 290
272 133
13 129
411 13
421 160
313 113
425 238
329 419
202 146
425 336
360 35
117 385
413 337
84 28
444 7
69 365
239 96
353 386
214 80
73 433
223 43
131 247
20 302
138 70
435 311
272 341
270 369
233 40
141 340
77 52
441 148
279 40
405 426
311 90
418 370
341 120
149 19
355 312
110 336
1 263
352 288
298 424
192 41
408 22
256 274
126 400
436 14
17 351
75 125
394 136
231 200
386 260
255 332
87 292
346 380
180 63
49 338
197 383
396 233
380 390
110 246
37 24
227 387
2 199
259 168
134 422
242 444
340 304
438 158
117 342
124 44
157 195
444 174
177 353
151 176
119 359
284 223
248 250
41 147
233 132
293 380
151 281
226 262
354 193
410 250
344 0
98 29
149 345
391 181
3 392
229 71
159 263
205 328
142 200
131 244
399 254
350 219
13 444
69 157
157 160
416 181
7 11
136 289
250 190
123 283
387 284
430 274
343 359
384 148
309 330
424 21
66 119
227 103
191 46
372 249
90 102
61 303
266 367
15 165
33 126
182 65
231 7
136 57
110 190
51 95
14 422
110 318
424 213
167 333
201 307
389 435
33 173
265 257
84 198
394 144
373 385
46 205
399 263
66 299
63 427
218 206
123 43
180 50
202 239
76 384
142 296
9 385
46 118
370 200
183 289
178 405
47 274
140 432
340 434
41 79
72 113
328 266
334 60
6 345
250 203
353 124
210 370
305 353
329 152
390 358
195 215
283 250
385 326
36 402
312 17
341 249
182 312
106 226
10 181
265 133
299 326
46 287
40 284
146 47
184 206
131 306
50 366
224 398
155 337
59 132
434 413
241 81
403 314
92 33
393 190
426 47
143 276
146 383
27 68
83 295
23 414
445 9
154 187
70 166
312 119
200 47
229 35
247 360
35 314
397 104
187 159
291 109
189 235
375 352
435 255
337 102
376 372
375 286
171 65
21 327
86 283
295 403
430 194
282 64
392 305
248 282
13 133
34 15
231 261
93 361
30 56
365 414
335 254
144 370
40 147
60 279
216 177
381 182
136 231
126 182
407 141
252 218
30 308
375 5
131 22
321 14
219 260
183 440
208 96
376 417
117 246
86 40
88 394
144 120
21 347
49 294
139 379
109 415
398 449
382 187
229 395
209 42
202 92
13 232
298 27
126 340
149 146
157 31
230 26
341 362
388 110
90 303
96 107
242 52
173 179
206 249
259 199
199 19
249 309
18 119
437 132
59 260
131 27
330 251
429 227
180 81
17 167
56 187
52 132
413 72
400 238
123 261
191 59
217 424
219 30
290 298
100 47
243 229
162 107
306 259
362 356
46 157
308 171
19 65
58 357
253 88
346 54
155 244
89 23
352 157
262 431
190 379
323 168
362 298
150 393
138 437
327 382
374 4
145 231
384 331
178 103
14 431
401 235
230 223
66 320
351 196
332 263
32 137
299 431
79 325
145 280
190 32
58 440
342 75
411 425
306 193
419 275
284 349
269 385
256 185
176 371
285 255
333 13
56 37
334 343
196 409
239 232
203 308
78 301
129 315
333 323
281 267
281 331
168 178
293 413
171 375
66 97
253 239
87 227
316 40
194 22
363 308
408 138
216 217
290 120
114 204
47 192
422 149
148 396
165 212
275 202
397 417
429 313
320 213
200 77
130 355
278 52
99 5
279 140
301 291
119 132
394 44
86 12
308 75
201 274
29 189
144 187
62 435
5 47
193 18
423 142
289 37
100 401
191 104
243 112
330 354
309 111
6 196
180 176
125 155
112 121
66 45
278 302
27 251
444 195
7 111
76 119
406 150
291 378
427 193
133 290
238 136
256 53
416 262
123 26
418 306
98 23
53 193
398 97
10 433
164 195
140 305
105 139
107 159
4 292
194 269
121 64
101 50
293 321
156 403
230 398
23 70
408 13
42 118
332 237
186 253
376 361
448 13
239 322
109 363
251 25
269 278
185 367
137 62
153 66
133 170
323 445
222 90
350 195
2 300
412 402
446 69
147 245
146 245
409 66
21 449
111 338
144 280
245 91
19 88
208 87
226 277
57 211
52 136
157 53
289 49
262 286
362 106
154 267
418 9
240 120
408 69
340 202
105 53
422 64
129 194
237 47
421 62
143 262
169 343
378 203
154 381
17 364
184 274
241 34
63 123
39 241
368 141
177 247
128 169
95 379
189 382
315 236
344 402
251 377
235 254
50 446
367 226
320 43
424 275
204 276
64 251
2 258
232 231
320 163
289 256
246 377
90 219
399 399
337 4
111 440
432 366
204 367
308 245
204 432
217 78
258 74
347 262
116 85
102 149
316 191
360 222
322 330
37 23
108 19
427 130
218 29
120 296
269 79
205 388
165 41
275 157
246 276
153 176
244 318
422 304
75 420
139 190
390 35
415 351
89 249
419 245
289 291
214 183
7 377
449 406
1 17
276 60
10 253
426 4
400 273
223 65
2 146
321 429
181 223
282 205
446 363
133 208
221 325
268 25
321 244
167 389
328 123
263 303
225 41
241 316
235 67
303 48
325 236
306 367
401 264
384 300
68 430
21 44
7 95
9 423
24 229
303 68
409 9
318 157
350 257
323 319
1 39
184 160
101 255
109 377
57 223
48 297
160 149
63 162
413 238
293 170
142 185
417 404
131 66
28 338
42 224
251 408
433 302
35 259
342 351
396 255
135 137
397 211
331 148
107 52
351 210
216 324
162 330
109 123
198 409
240 276
344 76
175 150
239 32
217 275
280 231
174 222
55 160
392 373
101 68
413 309
88 202
183 406
12 351
431 398
252 177
26 448
287 321
284 363
193 385
215 411
445 360
217 408
319 108
363 95
54 95
42 418
37 148
176 356
147 411
159 220
37 197
431 180
74 448
437 54
127 88
240 313
22 446
181 272
344 191
15 374
375 438
29 7
39 346
289 227
323 202
4 396
99 357
8 37
87 240
30 105
418 265
426 85
280 208
380 188
255 337
303 149
85 115
168 148
202 141
363 339
401 143
419 312
205 444
61 365
213 21
266 257
286 412
301 433
3 411
375 83
101 199
413 187
325 401
363 218
236 293
267 224
246 307
61 26
172 406
363 266
443 69
311 272
186 405
30 20
139 347
160 268
183 217
309 245
109 117
184 397
246 214
431 306
432 143
94 213
445 420
387 300
447 242
15 74
278 146
123 231
312 410
62 323
38 122
441 210
402 396
93 93
121 257
0 135
443 402
154 209
319 197
144 14
55 353
428 3
288 27
291 324
7 275
325 238
322 437
52 96
208 75
96 128
19 109
146 331
248 90
44 153
343 223
403 107
261 283
42 55
146 257
235 212
203 328
301 133
308 149
258 166
112 205
61 446
74 239
293 383
321 365
355 58
362 231
199 286
112 292
222 367
270 45
0 226
172 405
2 235
196 255
15 149
307 199
164 392
24 295
18 176
277 128
341 332
348 142
163 251
223 378
177 263
237 61
188 205
2 0
322 94
1 95
107 374
352 209
397 120
213 274
274 57
44 167
159 347
261 405
341 310
111 220
210 171
404 369
123 255
22 292
370 40
190 297
134 320
40 61
26 168
315 73
363 172
75 72
59 4
125 168
129 365
119 374
240 429
319 395
95 272
250 367
289 218
178 38
196 176
38 402
36 49
310 52
318 306
333 56
22 298
208 319
335 203
16 222
237 403
126 236
390 199
201 73
343 264
52 222
306 338
192 72
130 187
141 38
81 104
366 368
372 255
126 71
177 241
242 179
115 226
110 201
277 104
31 119
17 335
327 164
374 33
330 11
313 142
290 297
443 375
434 166
358 279
134 217
351 448
31 447
297 16
8 396
170 69
235 242
419 76
41 230
97 82
90 380
211 421
113 104
282 114
425 313
178 309
27 42
115 76
329 389
397 300
316 103
80 128
153 289
420 30
233 340
244 383
313 7
223 442
87 173
324 208
254 327
447 398
231 324
113 240
54 363
241 156
140 172
244 255
231 393
252 36
147 164
5 215
272 44
121 38
341 253
224 430
369 322
37 335
422 280
145 10
222 50
337 124
235 277
442 285
412 27
270 413
282 150
192 100
339 333
98 309
69 61
369 93
117 91
306 369
182 366
188 181
270 104
328 340
147 132
144 148
53 248
433 58
146 429
335 350
419 346
408 17
385 374
361 197
109 386
17 86
262 179
104 318
226 175
343 205
180 324
27 360
238 21
154 300
204 318
35 124
121 106
144 95
394 220
381 181
187 301
164 92
271 121
428 300
335 346
150 301
94 125
404 419
281 260
407 64
125 435
165 217
64 115
320 435
336 321
253 428
72 5
211 290
135 218
76 211
217 334
219 293
227 129
167 27
325 261
275 339
225 46
4 222
50 336
223 63
406 102
373 168
88 13
107 304
12 71
250 56
272 168
49 104
410 383
197 450
34 439
142 144
361 188
18 234
171 128
337 27
163 6
235 407
426 92
437 152
186 267
314 314
261 304
286 165
83 353
427 265
288 92
83 309
377 431
383 150
376 422
229 385
85 74
74 397
279 298
176 409
429 372
302 243
209 27
277 176
444 79
101 176
127 361
372 181
333 144
230 143
414 54
390 75
353 217
102 365
183 357
341 374
278 443
278 40
139 11
195 321
24 410
229 91
205 415
74 406
168 306
102 169
334 323
267 205
142 407
207 201
241 44
347 290
426 196
234 237
267 16
129 144
393 275
47 210
434 227
40 115
146 380
194 243
436 64
152 186
382 116
296 442
61 178
88 207
135 282
297 319
113 363
164 340
221 55
4 437
416 283
14 385
362 305
398 144
309 197
56 233
247 330
253 163
300 418
266 340
235 101
51 227
296 169
396 268
162 77
113 92
432 265
230 142
217 290
395 234
198 301
40 227
359 182
403 60
426 118
407 398
267 67
85 369
224 63
74 404
291 249
188 383
422 175
319 26
103 112
398 240
391 305
403 161
310 201
140 226
213 183
191 203
402 256
45 355
99 254
203 358
344 174
330 388
122 311
235 177
26 242
390 3
204 105
55 313
403 386
180 374
139 436
188 63
177 348
186 241
379 282
34 229
172 203
45 167
448 357
342 310
6 14
274 381
442 124
190 246
279 38
288 107
63 126
307 61
214 116
145 374
77 337
174 136
234 164
436 330
36 100
305 186
307 298
67 18
306 190
53 388
209 129
131 428
220 428
422 333
98 373
22 208
248 91
80 172
37 297
216 198
253 334
150 197
77 352
214 148
227 227
60 422
334 239
280 307
184 192
100 338
135 203
25 185
297 376
390 107
206 120
77 117
318 254
227 261
445 19
262 216
25 197
42 327
345 416
325 79
423 65
118 220
261 93
272 207
69 60
345 34
389 262
171 362
406 357
176 256
89 118
59 149
342 136
107 427
444 209
239 106
102 20
83 365
374 74
383 314
95 131
35 227
330 262
319 66
443 263
39 99
307 440
189 238
231 236
87 282
41 110
129 25
128 261
202 18
101 205
143 302
313 182
174 355
111 62
148 66
437 53
156 155
394 32
26 177
398 8
71 401
301 294
386 256
241 433
230 443
59 176
84 115
269 409
96 321
337 103
197 128
380 45
306 153
234 233
183 192
1 266
31 140
265 125
114 54
388 210
302 115
232 441
68 437
400 126
399 422
126 285
192 302
197 340
397 310
260 309
124 295
306 160
315 262
103 28
362 1
67 8
274 49
13 152
435 27
135 162
6 290
16 343
268 317
111 64
34 377
443 381
301 89
447 164
406 4
266 128
6 239
60 77
49 313
443 406
275 334
385 344
289 101
294 334
263 420
177 121
274 48
219 314
447 286
65 106
20 269
331 91
432 101
305 127
432 110
178 335
195 207
180 312
68 229
333 413
75 144
345 17
210 343
178 285
447 162
287 114
195 434
48 283
411 23
94 338
29 84
193 362
177 99
234 288
108 173
356 247
30 33
425 20
13 108
34 177
5 258
200 349
47 335
114 92
195 428
240 238
82 325
65 125
195 295
374 286
72 100
406 419
302 427
364 285
384 243
103 201
329 119
323 311
300 183
123 165
327 305
269 224
312 106
144 160
264 246
274 184
259 193
166 110
214 391
67 324
161 422
300 359
196 386
33 49
326 60
99 224
223 423
78 185
144 400
278 248
231 94
200 191
372 93
193 409
306 444
194 112
424 252
332 369
330 294
176 278
432 269
251 320
262 114
359 8
155 218
412 197
153 428
187 261
432 231
312 406
15 30
292 101
35 220
268 19
134 263
71 19
6 40
115 370
310 263
264 420
379 339
147 425
310 432
184 24
440 59
412 258
32 352
424 393
368 11
60 93
355 204
200 125
83 84
89 316
206 182
358 382
175 232
148 70
232 58
270 352
10 97
35 279
343 331
391 119
188 32
133 162
222 121
259 175
264 253
411 192
118 319
416 406
442 129
26 374
187 28
6 244
119 376
318 326
406 243
322 420
385 158
128 99
393 18
379 219
14 435
336 267
381 318
259 106
423 104
70 378
428 146
69 290
274 42
432 5
370 267
413 27
352 268
135 201
349 222
382 203
145 434
270 212
26 77
147 334
233 240
63 208
158 427
439 331
193 0
294 260
159 214
201 20
438 251
142 210
131 210
368 183
175 257
205 237
52 195
149 268
434 119
217 115
418 217
189 325
344 322
189 237
6 28
71 242
289 410
85 276
381 174
431 328
0 376
313 267
429 178
214 28
176 304
182 299
323 289
135 6
114 182
43 289
216 95
203 98
244 80
275 325
12 358
314 342
396 406
419 134
383 232
139 234
257 89
208 144
103 375
217 320
55 328
397 347
78 262
78 27
323 200
1 116
158 204
353 273
299 207
1 308
362 415
125 393
331 101
383 11
112 415
339 134
172 435
384 362
329 79
48 17
235 358
372 193
20 114
219 83
7 298
204 315
185 297
308 302
10 436
411 357
439 370
339 259
397 365
185 213
413 290
78 75
347 408
20 48
249 422
130 396
145 283
354 398
47 216
236 178
150 308
224 299
120 380
121 164
319 115
150 78
27 33
8 450
81 39
121 90
174 234
103 218
99 386
181 399
308 366
61 380
42 337
106 196
253 72
95 100
88 346
408 408
211 13
354 146
136 60
425 37
31 22
193 432
391 58
432 95
99 57
332 215
238 350
295 290
291 340
415 194
295 432
269 197
386 69
56 271
94 436
222 366
375 113
16 2
439 251
173 289
376 362
302 401
87 433
271 159
385 223
321 330
221 31
428 419
432 178
133 326
293 408
266 355
405 20
357 423
448 191
291 356
112 147
157 328
1 253
98 211
255 96
330 295
131 354
44 255
149 27
396 202
244 440
26 50
334 357
296 409
370 36
185 151
335 239
59 340
278 363
166 0
114 163
374 392
428 418
64 90
245 171
78 341
100 89
309 248
19 423
397 114
20 8
412 209
96 219
441 10
348 377
450 164
20 344
413 13
270 150
284 96
327 207
95 373
12 113
436 191
370 3
282 375
325 157
148 377
165 419
70 242
57 239
351 216
383 118
24 94
358 105
2 1
136 44
98 238
391 431
47 203
369 286
408 102
132 11
317 39
178 1
127 233
264 434
39 170
199 425
328 158
31 165
319 337
411 215
394 444
428 210
111 417
297 100
1 4
212 448
298 440
83 191
438 231
416 303
62 59
236 334
290 57
248 53
135 313
450 428
416 342
3 197
321 46
179 326
130 413
218 144
3 253
149 2
247 336
130 144
16 234
348 397
362 403
392 267
150 349
76 24
333 389
57 350
101 156
101 83
336 203
238 1
17 309
167 424
338 148
375 46
83 394
357 100
116 155
189 448
73 103
379 153
173 226
92 133
125 399
327 429
401 125
127 30
184 22
398 193
71 88
225 48
233 359
357 405
248 71
369 187
79 336
266 84
336 246
9 238
91 427
426 48
61 340
203 25
165 432
190 427
313 168
285 265
256 187
30 280
292 149
422 326
395 438
268 302
397 238
20 293
376 261
241 418
384 447
29 192
75 330
128 255
263 103
276 165
419 226
171 323
390 317
392 411
212 303
324 41
245 99
76 428
137 195
369 340
447 167
134 264
290 425
212 93
97 202
118 147
247 9
226 440
203 282
9 158
383 194
395 180
7 220
189 33
23 149
268 345
24 150
126 220
125 305
35 164
400 148
124 309
0 269
178 123
96 77
130 142
357 141
278 397
278 440
37 397
354 371
243 393
205 19
237 409
328 179
111 295
347 217
207 295
318 240
230 217
150 291
7 245
364 397
65 22
233 14
145 413
448 189
195 133
412 101
407 331
373 276
146 0
99 29
110 268
312 209
180 422
38 90
203 331
414 408
40 90
441 278
184 17
404 257
289 369
242 49
439 323
327 96
69 286
189 422
395 201
305 110
295 412
114 386
302 220
319 217
241 439
40 259
108 259
19 167
215 15
397 152
108 23
3 99
66 394
186 248
25 377
405 334
158 222
97 254
257 48
82 123
111 419
14 299
34 241
92 406
198 433
321 39
74 46
32 122
437 216
368 342
76 227
448 254
84 138
437 202
264 248
19 232
358 69
235 389
368 192
69 414
137 364
340 249
357 236
427 447
230 353
173 8
190 5
16 147
270 389
356 15
161 227
270 227
171 314
441 142
269 64
168 140
212 105
111 362
39 133
354 286
52 24
292 424
187 92
282 27
296 162
448 162
365 34
69 16
268 32
378 209
401 243
77 227
52 194
442 379
93 64
110 179
334 241
326 230
216 155
361 275
401 210
425 246
371 59
364 315
285 320
105 412
129 220
205 321
62 326
139 373
237 285
199 117
41 435
15 324
169 73
129 291
268 301
440 197
135 209
94 76
272 373
172 72
173 99
220 426
259 161
147 295
195 204
142 396
31 174
450 287
442 115
201 177
264 267
177 23
323 15
363 94
66 51
227 146
47 375
164 447
414 18
168 231
41 274
447 0
105 101
73 129
422 68
13 269
11 397
381 90
112 435
155 354
392 53
329 235
26 384
107 274
424 146
230 177
170 39
445 349
227 354
224 165
270 232
53 276
437 287
229 413
191 446
235 306
435 81
56 174
33 322
30 322
28 358
202 158
240 2
99 160
285 167
187 239
258 53
287 80
308 391
356 268
418 110
332 169
377 125
262 12
226 126
155 72
23 142
132 389
80 357
436 108
117 247
278 382
410 93
241 231
425 239
166 165
26 328
158 373
438 229
254 311
62 355
344 399
209 334
433 141
4 187
88 351
162 78
386 297
283 125
82 378
11 336
276 352
322 80
57 256
272 366
430 62
227 368
91 289
158 83
301 200
169 176
72 328
430 440
219 105
283 264
388 307
37 40
369 67
306 426
339 399
323 107
206 317
3 343
190 250
435 402
39 6
359 365
287 358
334 214
296 44
313 392
80 263
50 331
12 423
171 130
186 375
178 41
340 20
318 204
70 232
316 210
134 107
41 350
309 158
320 251
210 237
287 75
360 443
17 378
40 241
412 157
123 247
78 109
144 118
450 302
194 291
28 337
399 62
123 346
108 235
94 407
33 111
261 306
299 270
216 137
400 33
157 8
335 165
95 111
24 289
405 193
202 297
328 21
134 178
196 142
248 42
310 141
404 35
432 57
210 374
147 349
191 272
202 172
113 436
369 210
346 215
288 9
292 368
261 352
246 208
46 167
33 117
173 146
267 8
258 6
55 282
439 367
111 342
43 189
436 187
182 187
11 88
372 13
22 171
79 56
231 99
200 383
430 313
340 343
222 346
173 143
53 60
292 172
243 291
26 164
385 140
373 37
101 184
43 282
411 323
361 264
433 381
188 171
55 408
311 53
23 295
315 320
303 337
172 269
415 420
399 15
222 206
270 340
184 86
364 284
67 419
160 133
79 295
81 233
9 216
385 17
127 98
419 81
285 381
205 282
62 260
333 403
341 87
122 10
312 254
93 410
134 430
75 345
270 371
31 326
223 126
123 202
449 123
320 179
423 318
4 422
92 170
53 194
84 357
439 211
120 416
305 417
249 278
268 335
316 325
152 37
365 287
173 246
340 328
266 396
85 371
36 343
328 34
237 180
183 66
273 266
329 310
234 423
450 48
447 256
385 127
320 62
319 96
314 21
259 382
129 171
176 152
332 302
419 206
345 325
102 389
326 23
338 206
172 196
229 328
193 439
69 240
400 429
131 414
295 267
147 124
330 55
210 212
60 419
277 147
443 384
74 193
82 61
415 373
125 328
103 448
42 239
324 122
335 334
160 189
202 34
381 127
213 114
16 285
319 292
66 32
174 440
81 183
189 292
313 1
405 335
360 60
196 47
424 152
75 234
237 256
325 369
38 152
149 274
200 200
440 70
256 96
36 128
371 201
79 149
243 191
171 225
378 377
274 105
102 265
255 123
422 420
305 113
436 25
140 256
320 444
166 15
407 239
305 226
326 348
357 339
332 429
93 83
225 390
145 379
434 425
6 74
112 274
339 416
124 178
222 81
171 40
82 15
427 187
79 42
414 407
221 35
278 349
61 54
185 199
209 69
404 62
72 223
366 355
295 2
17 227
256 441
362 400
138 93
129 112
267 145
174 375
165 280
267 104
232 157
396 89
398 304
202 281
49 124
265 271
376 354
166 256
168 104
165 375
288 285
320 36
291 224
54 133
328 304
355 256
431 317
173 415
305 298
387 212
335 85
267 123
270 129
380 216
412 312
395 143
151 447
34 64
123 94
281 366
126 437
147 303
445 291
376 185
355 190
407 264
389 314
41 408
47 405
192 94
28 274
47 367
286 62
104 203
366 72
3 289
323 400
166 132
262 225
448 450
157 134
83 68
415 263
110 429
107 432
340 226
139 350
92 344
377 46
160 430
161 221
21 90
107 75
420 213
310 440
284 412
274 10
447 293
125 39
222 26
404 368
109 1
56 300
226 291
202 308
109 229
201 74
349 336
145 121
41 337
97 154
301 391
78 334
60 311
41 115
2 114
339 344
446 15
436 260
171 64
96 47
396 319
19 444
358 258
235 4
444 398
140 288
231 366
271 47
260 248
425 346
124 166
286 433
199 382
177 392
269 303
428 46
291 235
28 46
378 414
277 406
226 366
432 290
349 169
227 5
67 113
130 390
9 175
187 206
366 83
94 372
441 203
291 313
93 309
436 372
392 283
265 208
193 368
49 161
171 421
291 93
302 164
311 285
341 191
417 428
130 336
344 83
145 262
211 112
268 296
245 11
355 377
244 294
383 122
254 89
98 51
18 190
216 251
176 249
416 113
431 95
386 361
24 68
340 84
405 356
301 129
154 66
227 438
132 79
2 335
369 177
192 49
432 20
321 409
104 357
225 431
249 174
107 359
299 76
206 32
219 176
350 339
347 50
17 390
176 15
365 7
437 279
363 137
78 166
43 329
100 434
375 126
209 316
187 389
86 83
358 399
175 118
23 397
238 151
448 423
38 243
243 413
48 58
116 17
183 392
239 121
324 69
302 409
151 431
392 164
79 2
336 384
299 321
369 293
258 150
220 375
348 342
302 7
261 132
446 234
2 216
249 125
234 174
187 295
337 405
331 305
365 38
263 271
11 448
240 152
242 362
2 163
73 379
126 19
405 447
328 222
443 229
222 126
384 319
427 255
218 8
1 351
176 49
74 445
437 13
253 342
187 378
251 87
374 16
282 158
419 299
406 93
356 2
2 110
238 247
22 383
194 81
10 165
106 50
426 150
158 372
286 297
65 337
48 215
138 231
285 393
157 164
365 129
165 92
351 151
388 352
104 229
139 147
219 448
79 221
316 382
390 267
261 185
137 292
220 311
361 136
10 310
415 29
335 49
95 326
310 388
147 241
85 99
61 134
104 243
299 284
77 150
428 216
228 339
103 340
151 359
251 190
425 386
246 117
445 35
299 266
289 306
199 220
80 292
313 112
111 161
244 11
90 240
362 23
130 262
226 264
329 150
143 289
274 359
183 237
239 49
426 293
134 93
417 430
90 218
417 38
346 255
332 261
419 409
427 227
84 9
249 429
311 226
267 141
100 288
260 30
388 118
4 417
73 161
3 210
309 320
103 395
170 17
94 209
132 273
66 229
238 81
6 169
305 229
130 114
292 271
100 212
214 3
74 126
32 35
63 435
140 98
419 313
32 381
139 180
189 429
66 120
236 249
254 257
331 307
432 14
184 242
189 208
385 238
408 296
374 156
20 426
192 297
340 200
345 50
214 378
202 7
110 55
374 259
324 274
346 34
431 47
15 292
98 47
407 181
65 251
345 300
237 376
399 24
98 36
221 114
363 145
314 183
336 244
338 34
101 336
67 268
341 313
418 256
38 395
60 126
42 252
188 237
295 128
17 106
399 191
217 394
155 63
416 22
204 429
202 334
424 323
347 238
159 395
340 402
405 344
193 54
424 312
302 436
405 117
114 219
404 295
221 130
315 167
409 21
240 364
134 372
63 259
138 384
12 256
311 307
30 140
165 71
5 165
157 267
125 41
191 58
165 160
272 375
294 290
449 131
86 307
82 189
401 384
169 313
205 350
45 9
389 328
443 44
419 7
437 382
53 56
60 140
160 56
304 376
52 37
215 349
10 118
148 144
11 55
287 202
188 323
165 168
80 106
356 282
216 400
196 167
390 314
78 18
401 106
246 98
51 193
410 349
223 107
372 373
256 415
264 429
283 175
72 139
48 80
401 250
38 190
41 144
391 43
298 205
290 88
151 168
30 28
69 162
222 1
445 95
15 201
15 174
62 341
449 428
436 88
67 184
84 187
376 332
116 243
213 98
297 247
74 428
413 176
178 332
69 130
12 215
332 425
388 60
107 213
208 287
262 362
288 177
141 370
25 259
127 311
219 69
145 140
119 178
328 314
68 154
330 127
241 2
69 11
44 381
435 172
413 139
59 205
129 405
4 349
343 308
72 363
184 71
87 287
287 244
223 308
312 292
289 237
145 299
41 205
123 230
287 329
35 149
185 363
123 82
214 398
219 266
409 143
282 159
280 1
30 150
32 285
112 49
418 159
8 418
115 43
406 10
85 269
363 429
132 59
322 425
422 337
203 8
141 443
365 253
42 222
135 58
380 262
57 439
68 51
193 277
288 88
349 320
378 253
394 313
360 38
379 347
221 154
438 129
153 364
315 414
181 224
390 189
447 323
68 185
214 297
196 307
267 56
151 390
137 328
89 261
444 191
97 14
188 395
132 144
7 122
374 385
77 304
307 77
421 357
205 105
360 62
409 87
159 409
251 65
222 44
310 82
247 46
342 93
180 1
131 363
329 329
433 404
328 259
60 316
28 11
360 34
234 89
110 264
61 237
123 295
292 125
166 244
342 17
410 399
316 309
428 177
124 306
419 213
118 310
47 145
370 322
54 242
150 165
232 101
191 20
214 21
30 14
306 230
177 261
368 158
35 219
241 104
406 169
7 337
262 25
40 415
9 193
82 54
326 69
378 148
91 116
122 437
285 3
335 154
387 63
187 81
267 17
285 252
385 282
387 73
315 152
24 319
215 146
65 319
373 386
265 8
8 21
319 150
148 370
89 178
335 104
375 233
416 4
374 101
203 152
71 4
251 239
119 22
251 161
139 365
84 344
124 7
178 139
64 4
375 390
137 92
358 292
323 314
122 318
292 275
317 30
384 76
11 289
179 85
246 277
193 8
395 27
208 340
296 123
212 331
20 211
371 341
109 183
354 395
171 315
404 426
418 115
261 160
47 159
132 265
360 239
5 117
171 108
166 78
244 33
441 104
347 158
17 321
165 213
270 354
351 128
443 227
347 17
51 394
142 133
213 420
104 289
43 310
320 255
80 185
70 130
10 20
280 110
126 152
197 416
14 65
244 157
207 225
127 350
32 206
8 325
128 316
9 210
392 244
141 383
267 201
371 203
112 84
438 422
343 319
251 412
261 363
297 145
103 154
342 371
430 409
378 211
271 197
380 225
359 232
426 236
18 334
72 419
187 0
399 261
343 275
61 381
58 325
303 193
160 38
398 40
411 230
345 381
331 359
306 74
273 11
7 192
42 450
421 177
323 207
84 215
25 294
397 425
180 319
269 139
441 302
275 243
33 368
38 280
107 226
208 282
117 153
374 94
278 379
254 336
388 85
354 353
285 315
354 270
122 33
327 308
131 58
271 433
384 440
206 298
250 298
63 161
254 297
71 298
207 449
337 263
198 122
170 322
341 49
403 147
275 119
162 300
50 94
182 6
286 4
443 361
176 306
96 173
26 321
363 366
120 324
406 396
372 374
436 208
337 406
81 239
338 166
53 423
121 290
143 69
166 7
253 304
184 234
115 205
261 207
166 91
155 294
295 192
309 153
58 235
281 441
441 250
351 295
189 116
181 361
432 357
296 23
372 128
257 66
267 337
173 148
403 345
195 265
428 390
331 56
316 218
291 12
402 235
41 398
93 213
177 441
106 90
288 182
159 314
101 169
24 27
290 301
125 53
325 3
212 425
260 219
91 319
317 26
3 448
196 450
439 364
46 48
373 296
441 345
267 85
268 22
36 304
358 17
333 7
446 237
220 371
410 378
85 52
212 183
124 369
9 439
23 64
380 426
280 91
71 349
37 325
91 175
372 246
248 395
223 55
171 342
341 79
407 76
213 316
79 404
227 330
110 8
264 377
279 17
119 235
50 41
312 425
411 41
361 248
186 175
405 100
254 182
415 57
46 313
133 121
140 24
298 354
36 347
242 53
397 258
231 293
230 269
407 225
177 17
145 198
329 268
407 21
98 241
297 435
266 90
326 228
433 413
432 28
294 396
335 147
200 279
373 257
450 28
433 101
97 377
165 437
55 410
47 204
323 97
296 291
246 146
56 18
119 258
193 426
134 243
50 320
82 315
244 165
412 100
27 83
336 115
389 420
258 88
162 303
216 73
152 172
274 265
279 68
123 101
141 172
216 162
321 380
143 116
162 398
273 105
303 184
439 284
210 255
113 4
361 240
419 173
325 252
363 220
182 171
388 370
7 265
56 365
435 417
304 15
277 134
405 299
332 390
168 354
309 263
316 213
353 331
256 6
307 443
349 196
445 406
21 243
203 380
264 358
160 138
389 388
154 65
350 355
143 223
161 369
408 104
366 191
350 318
251 261
331 291
161 394
83 347
271 60
363 422
163 21
35 80
199 348
428 171
422 342
353 107
186 193
36 308
427 236
249 416
375 402
260 432
399 72
432 260
337 219
39 295
387 420
443 136
333 449
233 288
386 132
448 153
1 51
52 437
40 107
411 211
121 259
196 362
109 216
98 134
9 249
63 108
12 429
135 283
215 356
153 321
8 339
349 152
124 294
142 443
18 414
354 407
350 398
274 121
409 207
85 445
119 173
28 285
266 184
286 34
352 314
411 102
62 190
289 405
253 208
143 213
257 450
392 225
289 293
60 350
220 241
435 74
162 384
111 175
239 163
174 216
343 234
197 263
211 266
21 391
324 199
130 275
106 163
48 21
74 316
71 407
69 184
120 434
151 12
150 194
393 65
216 157
125 44
447 156
28 68
333 367
205 385
30 206
445 209
23 87
98 209
0 267
366 435
242 59
347 267
188 314
296 220
294 233
127 439
50 3
110 266
108 296
311 400
110 119
428 239
392 285
20 181
33 74
172 279
86 178
226 10
197 122
238 113
374 111
278 155
27 41
45 253
267 350
411 95
271 82
117 2
212 71
257 18
277 305
348 276
140 272
90 197
87 313
6 362
435 123
48 294
100 144
399 428
302 390
146 326
41 196
122 411
320 73
330 14
51 335
436 97
318 12
128 143
251 8
380 414
267 231
145 392
152 19
433 164
137 196
121 410
139 117
207 299
92 235
356 166
231 146
288 442
109 275
100 124
169 371
426 141
449 296
387 70
419 331
92 317
130 80
305 208
430 246
167 186
57 149
430 80
78 361
344 304
26 447
264 12
322 214
74 98
239 38
319 298
432 343
354 248
98 16
392 245
71 27
6 127
92 407
348 330
53 261
34 339
196 437
69 67
195 332
449 393
132 252
228 70
256 174
169 102
272 276
411 389
421 334
235 128
402 314
296 253
113 356
146 247
237 35
187 422
304 370
445 403
227 323
449 22
447 79
373 278
172 299
169 34
301 292
141 94
187 234
291 69
155 381
379 196
362 10
243 156
426 338
193 154
224 343
59 207
91 325
42 401
192 117
25 235
1 99
67 120
23 310
53 104
328 154
448 445
364 418
207 98
353 364
414 189
197 96
94 411
142 58
429 115
444 215
337 293
270 15
153 71
254 410
342 120
101 168
391 270
272 267
309 194
158 201
346 274
3 227
370 281
7 83
55 256
32 341
353 156
428 1
186 134
212 351
340 163
31 274
308 34
356 366
431 144
1 303
104 76
432 9
150 223
120 93
239 160
149 434
276 16
218 441
235 10
129 61
309 168
439 254
208 128
432 363
446 371
302 267
186 391
21 270
229 86
450 254
148 162
369 444
235 217
161 97
84 243
364 25
268 262
294 370
196 417
65 353
185 49
44 373
392 60
444 128
327 383
354 392
179 129
99 289
238 445
220 37
75 97
311 126
68 144
156 78
347 448
214 301
103 29
414 67
32 205
258 226
7 144
135 191
264 202
263 44
77 334
436 69
223 104
362 317
396 3
71 347
98 250
384 5
170 374
218 194
146 408
276 70
372 221
257 422
13 30
302 186
389 290
293 29
286 82
352 271
43 429
443 276
300 170
117 288
446 321
127 95
23 239
203 41
225 119
64 268
29 164
339 11
220 447
118 224
227 279
238 145
318 29
25 87
128 91
82 50
95 119
422 345
151 67
198 312
315 90
71 194
432 423
368 219
382 66
116 144
340 6
107 235
325 73
83 445
304 59
1 30
323 225
136 226
172 292
355 300
304 344
132 440
405 47
396 244
247 316
444 173
376 99
19 221
239 303
34 419
6 225
318 405
415 398
227 100
144 321
353 296
155 87
364 439
86 281
276 438
97 3
133 112
36 305
389 243
153 262
297 360
50 390
79 249
71 72
173 144
189 147
25 161
279 156
115 362
317 283
244 123
47 426
350 213
309 236
319 323
347 411
203 94
409 149
310 27
370 205
252 119
252 97
36 57
225 52
390 448
162 358
362 172
215 311
272 71
410 101
357 68
254 122
372 83
186 105
295 41
45 280
93 270
55 41
211 442
176 212
174 304
205 395
358 371
87 229
207 391
355 445
127 334
24 427
149 176
375 422
227 20
92 231
229 153
248 197
98 106
13 220
177 292
65 420
110 242
300 104
235 363
414 175
337 362
93 107
432 200
111 396
115 199
281 301
134 173
354 199
37 319
86 130
38 342
132 154
80 276
375 270
362 225
39 155
350 65
326 123
91 15
147 157
98 10
75 314
43 327
224 115
85 50
214 75
307 242
298 137
68 131
444 41
73 153
385 15
327 145
210 389
131 54
99 316
183 29
349 106
231 325
286 138
43 99
4 342
302 284
57 422
232 440
311 411
113 231
283 226
18 120
165 368
226 346
139 354
431 294
100 11
17 323
399 44
83 227
436 29
412 48
413 50
205 132
111 405
292 380
252 400
21 315
247 428
202 50
130 405
75 148
43 432
407 410
449 260
273 414
279 8
74 181
397 128
232 153
69 371
130 300
275 365
20 207
248 111
392 77
92 81
198 320
331 417
276 91
319 272
102 296
207 394
66 128
162 22
319 30
104 158
116 109
311 271
210 185
358 304
264 188
398 5
298 165
155 257
167 274
258 41
352 429
177 294
112 395
280 99
175 71
360 138
17 304
188 218
258 96
101 291
397 251
297 358
321 267
294 357
260 229
10 281
129 199
233 445
249 3
397 416
399 59
389 80
314 186
402 169
126 146
60 64
22 22
382 194
22 199
208 131
252 136
416 272
146 442
203 61
416 119
301 437
20 29
310 352
127 273
132 44
27 402
420 325
186 126
161 193
13 97
127 441
264 405
45 151
423 301
200 311
236 42
256 31
250 301
35 60
424 89
39 56
102 338
124 3
14 421
172 390
294 246
186 385
437 432
62 141
133 81
137 207
408 44
107 316
447 264
171 211
122 285
232 24
215 155
68 273
13 65
208 196
181 262
17 231
55 74
378 270
368 313
304 229
53 448
147 163
266 226
303 244
344 141
25 371
175 293
325 187
258 92
403 219
287 245
344 88
431 410
194 286
402 345
146 213
439 40
119 183
14 20
359 338
329 37
161 395
295 417
240 441
239 185
39 209
139 60
8 356
236 181
143 188
325 171
192 16
147 86
41 225
396 100
393 390
328 363
150 38
350 386
204 126
83 43
23 401
346 321
438 25
335 361
314 13
23 319
185 223
379 241
33 54
14 308
92 57
421 408
247 43
439 382
311 410
316 81
278 436
124 362
313 180
348 87
26 267
116 163
54 89
18 323
413 236
118 43
308 334
199 62
364 364
11 183
398 36
282 130
320 3
331 58
130 265
213 355
334 190
227 71
176 50
82 185
138 83
120 16
267 428
49 372
282 230
107 392
22 428
128 376
389 55
298 446
420 241
352 184
437 231
91 120
31 345
90 413
50 392
214 171
301 58
99 220
123 280
70 283
105 404
0 290
43 116
112 285
425 431
50 396
18 249
144 383
186 444
235 71
123 363
128 221
286 439
449 417
425 416
101 217
397 318
314 308
385 296
204 19
186 398
450 30
122 404
208 313
400 299
384 102
173 80
403 332
278 219
296 280
142 398
297 380
49 331
419 59
104 149
11 384
219 307
288 97
337 314
228 11
386 54
210 291
182 369
254 135
86 54
365 106
40 270
420 412
159 79
5 353
195 446
414 208
412 444
320 410
389 275
342 348
431 76
95 115
208 328
369 45
196 413
272 380
397 408
45 240
193 143
71 33
313 333
381 1
335 241
412 17
102 13
426 54
130 291
132 58
11 128
200 261
158 48
312 375
67 362
367 390
295 164
140 238
252 192
64 417
348 383
172 145
376 76
5 257
216 42
325 254
68 321
381 219
426 246
222 179
252 246
299 190
145 289
207 388
134 291
315 296
224 374
305 107
225 0
446 56
296 64
318 187
250 25
212 144
360 101
278 279
324 327
200 126
136 436
272 261
294 270
235 312
207 329
427 172
52 442
105 204
308 98
234 353
130 270
167 342
322 83
20 116
103 377
320 143
167 327
155 270
422 358
223 237
269 45
429 255
116 12
18 412
412 56
68 343
231 27
222 238
308 114
280 93
393 110
345 361
401 60
372 125
259 13
398 1
260 22
281 155
296 5
388 213
34 76
266 204
165 64
102 37
296 350
95 152
104 59
318 33
86 110
287 231
418 7
74 319
231 104
57 197
103 337
412 179
448 241
404 54
64 107
264 208
68 38
99 137
270 366
176 188
326 90
89 153
37 124
137 236
368 358
312 21
136 166
153 207
335 373
174 346
295 400
442 353
442 66
220 379
256 34
169 416
0 142
416 416
208 135
209 13
39 233
104 81
206 368
417 23
250 257
236 296
85 75
315 35
168 57
92 163
435 102
49 68
332 202
242 19
113 158
11 390
242 200
350 169
421 273
283 203
63 174
35 17
27 225
57 248
361 59
323 354
28 349
367 312
297 111
172 162
37 333
359 161
246 217
69 417
70 447
165 176
138 369
109 365
446 199
122 428
380 303
322 98
74 38
362 67
448 31
393 440
30 173
214 1
212 249
41 381
141 178
165 182
90 15
49 408
33 279
170 157
291 17
213 273
8 38
200 76
242 24
146 175
103 392
4 320
116 191
301 221
143 337
205 202
87 64
113 237
425 87
292 317
166 6
3 174
58 78
224 91
136 301
72 130
182 129
49 132
120 0
394 285
446 124
45 309
307 352
431 197
156 298
26 128
261 379
431 4
35 244
16 120
421 118
314 438
4 92
126 247
97 418
328 65
248 164
192 324
373 314
301 28
279 365
338 405
25 152
230 291
299 439
95 203
346 396
278 284
329 122
392 443
257 5
264 345
21 143
251 361
178 433
297 106
146 126
78 239
383 399
233 157
5 44
313 298
88 209
64 229
353 159
430 104
315 334
191 400
414 418
170 152
192 384
443 63
392 356
393 277
213 72
280 330
174 181
190 146
34 286
203 296
182 52
265 303
171 386
311 120
159 186
373 86
427 215
59 329
27 164
123 321
278 196
43 48
44 292
80 5
219 49
60 138
358 294
19 315
386 272
57 294
220 306
341 256
20 274
77 430
314 292
81 132
96 427
226 256
70 94
228 228
177 123
83 104
448 355
49 166
0 394
63 336
220 413
391 325
94 355
78 211
410 337
383 273
406 160
278 314
178 49
78 358
348 367
336 287
335 418
296 155
432 218
55 403
38 267
5 48
245 226
87 181
396 133
205 296
236 364
397 332
300 295
88 38
33 314
35 413
197 286
354 364
79 281
349 61
219 58
175 325
320 84
214 89
156 236
420 207
106 209
403 170
246 410
198 116
257 62
202 123
106 359
29 63
405 416
420 258
78 179
83 95
236 172
333 106
295 401
297 174
184 144
67 320
143 446
167 106
313 438
116 182
80 271
181 132
343 45
82 361
297 386
346 113
371 345
288 184
200 176
148 342
140 148
93 43
142 432
368 143
277 41
242 47
320 120
190 298
120 268
285 449
267 413
275 137
244 298
241 447
159 207
366 272
418 200
58 380
216 345
316 410
194 266
26 221
316 409
274 389
38 246
136 304
429 44
261 125
393 127
359 12
49 2
142 96
8 316
276 53
437 140
7 332
172 309
33 443
410 310
345 227
349 188
268 90
21 197
142 208
61 65
278 217
222 331
128 79
420 158
445 410
88 95
385 82
64 166
35 82
120 113
142 119
367 368
296 92
423 370
421 358
126 151
91 388
158 432
227 160
13 295
143 200
164 357
442 163
210 256
292 84
128 446
421 41
95 221
288 227
61 312
132 362
327 106
436 361
149 380
143 440
285 1
38 76
382 48
361 207
42 136
197 311
369 117
174 302
333 94
348 106
227 337
193 294
267 83
1 156
21 29
244 164
33 349
447 80
1 91
77 300
287 423
348 123
315 144
142 35
55 194
284 372
215 394
238 198
263 139
71 397
41 421
310 69
11 438
95 226
352 137
28 94
314 411
279 189
221 188
65 381
58 328
361 121
377 383
1 58
281 259
6 24
148 277
64 203
60 106
183 360
16 238
70 424
402 331
447 205
242 325
346 171
416 140
302 151
425 288
160 358
156 142
115 171
359 52
314 155
12 323
200 169
297 241
419 75
230 324
375 178
433 414
197 81
141 212
196 319
411 231
234 440
290 10
317 124
158 106
68 92
424 299
68 220
258 391
218 427
398 367
212 269
417 338
145 148
139 277
83 264
302 369
100 30
126 179
444 382
189 42
252 329
257 47
391 60
357 175
435 90
325 446
15 176
249 214
240 309
411 421
305 363
330 248
274 237
247 437
72 269
85 29
250 311
230 9
39 93
190 171
404 27
150 383
172 286
381 164
314 230
45 207
417 286
366 332
439 167
223 267
316 140
276 99
8 261
186 399
52 23
207 378
1 50
81 186
371 429
394 148
118 128
257 143
49 106
343 142
369 287
66 77
304 313
297 340
149 30
444 56
312 227
418 80
43 87
179 52
180 355
410 116
55 186
203 236
348 235
171 268
400 197
68 403
49 27
179 29
248 66
364 408
270 8
389 188
46 223
58 144
107 18
232 442
77 258
3 104
368 58
135 51
344 6
145 118
56 81
161 364
161 342
115 287
166 41
126 153
35 287
347 146
227 243
25 303
162 309
207 375
183 324
111 170
339 173
333 210
187 417
331 255
57 4
4 181
79 171
304 309
137 262
247 254
305 17
360 395
379 65
28 204
128 142
70 51
197 124
373 358
12 406
9 118
357 151
282 65
312 24
94 154
251 2
427 377
81 391
75 325
236 282
359 67
259 209
112 419
450 32
151 218
410 264
88 365
164 245
139 156
135 184
25 32
73 19
60 179
352 97
189 251
239 85
415 269
235 21
447 24
278 273
229 380
68 316
51 447
425 223
220 190
69 195
274 326
96 319
393 379
369 22
153 421
345 134
44 85
262 357
243 185
225 81
399 219
25 244
149 450
145 384
390 32
183 113
1 424
417 0
126 308
73 410
371 1
58 426
259 282
308 163
351 201
366 120
235 413
263 132
143 185
356 315
23 258
17 428
273 239
337 132
60 450
99 47
413 171
397 434
172 92
178 376
68 311
205 222
289 94
163 153
360 106
384 294
270 306
353 84
29 413
268 84
242 410
17 361
346 98
99 327
15 125
280 448
235 204
217 261
350 73
306 352
282 75
268 372
351 400
260 185
9 421
338 244
216 108
316 199
104 50
449 33
295 237
45 411
29 355
195 244
197 176
430 297
423 201
130 345
170 81
65 263
202 248
201 417
17 101
25 122
307 228
40 4
317 172
176 307
38 432
324 412
170 35
37 172
46 265
55 441
371 257
421 370
141 389
166 160
276 223
112 11
327 314
447 399
29 209
39 59
301 307
367 229
400 6
407 362
182 306
51 157
365 269
15 79
246 434
25 134
195 96
47 265
407 8
109 411
295 130
291 40
184 289
390 315
307 0
449 368
263 79
182 408
212 315
418 76
328 401
357 61
448 404
446 178
136 270
16 60
19 32
423 281
280 29
167 44
276 196
366 327
142 426
442 288
355 240
228 157
260 392
399 225
247 355
10 312
294 304
146 323
200 248
320 447
67 311
308 221
83 22
127 86
203 303
399 139
343 4
379 50
355 249
84 3
366 238
242 316
11 230
350 448
72 188
153 375
360 320
21 95
36 275
101 126
438 359
415 143
300 146
228 93
70 188
274 131
207 411
291 160
407 165
324 381
14 360
363 108
159 73
151 33
94 325
402 424
150 351
51 11
159 295
188 186
445 114
10 131
150 180
351 95
318 233
142 309
397 246
18 450
197 356
43 51
195 447
75 328
376 206
267 296
89 62
150 384
282 237
197 11
52 434
215 14
234 128
285 112
30 350
420 333
35 91
140 142
37 421
154 86
233 167
401 123
285 324
271 42
316 447
273 42
27 434
220 329
47 312
395 376
59 388
59 189
248 274
356 424
147 149
351 75
229 7
81 38
8 192
222 214
32 71
172 350
24 444
164 417
280 39
28 78
107 375
250 360
2 180
203 346
328 429
75 126
285 144
239 56
204 417
340 308
95 88
387 264
425 22
252 102
116 359
2 390
6 161
348 129
91 300
97 372
156 164
93 5
235 89
408 416
127 127
25 30
427 210
307 48
12 352
291 97
439 142
302 31
413 20
353 66
301 448
159 209
13 370
351 137
134 262
103 378
160 239
405 401
219 406
269 358
353 349
68 8
178 402
84 329
441 340
285 342
94 253
125 185
295 222
151 163
419 133
262 256
203 170
38 424
301 409
291 245
250 410
117 277
271 64
218 174
327 125
331 430
340 81
367 294
343 48
3 430
83 323
364 258
8 75
214 282
50 353
294 371
312 25
27 56
85 440
237 317
408 388
366 136
155 307
344 90
232 180
111 336
397 51
400 325
293 291
117 220
19 202
370 356
124 209
257 68
346 106
136 228
263 274
9 3
241 386
366 278
77 286
399 46
91 22
317 309
100 72
2 145
302 340
244 405
104 343
168 436
210 190
37 277
61 170
97 342
352 281
236 236
134 165
338 385
207 324
390 229
110 295
60 300
283 33
263 12
177 368
63 383
402 416
332 220
270 33
439 389
97 23
147 43
269 138
85 9
194 189
85 14
140 176
207 210
333 231
363 169
153 261
302 422
350 164
350 151
69 62
260 65
321 444
421 107
380 107
188 250
257 441
439 79
261 319
141 186
21 340
30 25
130 88
100 159
373 433
305 131
343 7
100 286
157 131
173 97
303 213
104 377
100 421
316 249
239 372
116 129
226 278
28 449
312 345
189 437
143 312
279 50
54 171
281 190
357 206
62 340
57 433
91 258
155 448
360 202
347 340
365 26
407 157
264 110
397 144
340 225
217 337
36 72
338 186
123 108
176 13
94 143
349 355
134 288
450 337
225 306
257 382
346 139
305 299
280 163
48 274
345 119
378 5
156 133
229 16
439 421
97 395
256 404
434 392
20 406
203 297
413 364
381 447
364 179
9 369
77 369
156 271
16 438
385 112
363 241
124 83
88 371
366 131
438 53
232 423
10 359
357 6
83 358
91 177
52 268
220 101
324 161
27 156
54 185
157 92
149 101
424 332
439 52
194 102
215 66
40 346
57 403
168 384
234 250
139 327
189 121
390 365
127 286
449 173
279 77
195 408
445 340
271 225
376 342
127 21
98 212
344 30
91 11
44 119
177 207
193 195
296 248
8 172
450 58
32 52
381 139
392 189
408 2
153 379
319 16
143 232
339 60
148 111
422 317
142 322
119 131
176 79
310 290
301 121
3 374
138 259
203 309
189 127
217 265
174 331
182 327
254 219
140 118
300 54
395 59
277 191
204 424
436 204
210 294
398 30
160 162
412 220
332 51
431 315
266 359
23 416
406 360
402 282
279 326
137 264
89 343
76 37
27 329
55 293
39 135
380 153
84 444
428 75
288 388
213 83
310 92
296 276
426 12
113 232
134 357
441 77
77 256
309 338
341 51
314 228
298 219
424 216
213 378
60 263
203 359
317 378
206 375
242 256
217 245
89 326
262 313
262 175
35 0
397 420
77 58
37 351
69 350
188 75
326 267
137 251
209 274
80 318
296 103
380 385
207 434
293 431
287 40
379 223
247 110
74 351
226 4
221 80
382 429
329 140
425 242
434 400
19 439
123 185
416 213
36 256
10 138
343 374
159 294
283 77
147 88
182 430
293 298
254 40
441 95
423 420
439 388
204 369
83 64
2 173
336 399
165 122
121 406
410 322
32 169
386 386
95 319
91 107
21 423
342 225
383 202
63 137
240 367
256 392
439 39
284 355
9 305
274 247
119 69
6 376
247 315
37 224
385 101
66 160
43 438
37 89
250 391
390 217
137 120
23 361
15 370
335 23
392 150
210 70
22 323
402 261
143 196
99 423
244 45
337 403
287 396
331 86
419 216
292 23
28 155
367 17
343 23
118 47
162 301
403 306
250 324
151 305
39 246
140 323
217 286
326 425
329 240
217 50
399 71
384 377
238 411
31 176
239 13
51 99
160 61
193 258
66 242
38 36
343 261
102 330
377 405
384 307
241 363
403 375
187 277
24 315
379 414
7 131
355 227
329 28
386 229
267 329
192 252
212 200
101 98
264 402
256 290
360 256
64 328
84 267
430 427
96 245
293 358
240 189
270 400
187 249
370 396
144 109
337 134
337 154
439 146
314 390
354 381
104 214
4 12
262 348
419 39
60 200
171 299
316 142
120 89
47 373
140 407
362 345
302 50
261 409
146 335
43 428
170 411
1 347
147 258
224 285
331 229
175 440
265 198
209 18
47 100
412 173
87 140
285 46
9 245
117 127
307 225
127 265
389 39
404 170
254 130
47 67
111 445
378 204
31 292
150 144
308 435
138 425
90 336
377 20
413 143
98 37
148 373
95 410
258 287
128 248
326 245
51 36
343 268
272 217
225 402
261 157
130 383
290 280
104 328
137 32
232 446
432 301
342 79
216 278
124 253
37 198
109 346
97 312
219 19
72 430
422 130
298 317
440 38
390 54
290 365
273 363
55 178
27 170
71 285
89 437
226 177
390 367
213 258
191 438
181 270
132 192
154 107
156 383
114 387
69 227
117 28
125 43
83 359
50 383
156 325
212 139
388 391
346 409
35 55
153 64
224 145
71 323
205 244
52 446
33 120
82 59
420 393
325 106
114 205
253 105
187 138
136 62
340 404
139 133
432 237
35 359
2 316
55 211
95 205
154 320
67 407
31 45
278 450
409 89
372 312
212 100
292 388
396 204
394 151
193 283
37 233
200 403
244 362
111 371
322 47
157 388
382 153
32 438
22 289
106 315
297 33
235 168
121 193
378 44
91 103
397 376
392 325
267 107
166 291
211 313
147 276
177 410
260 447
287 95
285 72
417 298
227 434
414 297
75 167
311 55
109 387
215 101
296 186
51 294
162 406
256 233
160 443
337 107
381 252
427 338
223 48
221 239
426 321
19 129
67 193
184 290
279 186
75 274
423 47
127 181
193 147
95 342
358 28
356 416
192 234
418 202
372 367
263 99
110 99
433 345
146 112
411 448
237 347
440 213
389 405
177 244
226 122
425 221
298 353
199 202
359 165
445 330
183 344
211 284
39 334
117 123
364 363
294 171
99 111
222 118
291 115
323 11
343 299
180 397
101 309
229 85
3 203
3 439
267 412
408 389
341 72
272 433
196 378
214 97
206 316
448 215
307 217
6 329
209 97
160 74
171 178
352 163
19 403
398 34
295 357
449 4
112 383
263 52
411 8
450 359
125 3
263 128
120 142
161 165
341 436
15 227
100 335
237 195
80 32
52 350
111 195
290 99
259 291
207 174
398 109
419 150
227 238
77 49
170 114
240 288
229 327
181 376
119 205
122 173
187 176
379 418
333 369
239 370
220 40
120 154
416 206
309 203
202 394
221 386
447 446
56 246
303 400
376 335
104 256
35 434
222 166
71 53
397 291
316 78
111 389
220 100
232 237
167 135
369 1
160 398
323 38
0 212
196 309
177 314
179 103
294 48
379 18
213 141
351 331
186 208
138 394
38 92
60 280
267 383
169 122
181 147
325 284
145 141
326 398
231 86
242 278
80 344
131 393
62 339
85 55
354 417
134 67
174 41
120 166
2 261
294 85
23 417
244 428
198 127
428 45
316 167
445 385
101 222
215 251
204 78
13 329
101 323
293 41
66 38
217 48
101 216
386 226
108 112
191 35
339 402
140 446
148 109
221 417
158 66
107 245
108 320
428 105
326 50
446 206
98 226
244 93
210 113
147 270
121 317
227 48
235 246
317 160
304 207
326 385
394 205
15 127
440 351
299 424
161 84
17 94
425 198
152 11
183 283
251 46
178 175
83 195
151 439
340 305
423 428
228 3
104 436
95 448
43 387
354 224
430 273
97 420
225 118
266 323
48 142
398 22
279 64
327 132
448 100
340 95
359 227
14 179
1 217
141 7
268 145
305 36
2 357
80 22
301 259
339 264
39 37
119 191
175 206
442 286
268 215
443 394
251 41
301 202
257 227
98 179
27 344
217 68
175 414
146 176
18 384
378 234
283 69
336 4
166 206
292 135
370 63
391 23
449 13
304 107
23 226
414 12
85 409
398 115
105 210
19 440
148 416
16 191
246 313
439 109
263 185
70 246
369 138
412 322
433 44
402 199
45 202
442 155
88 81
427 230
80 87
163 284
404 84
412 175
39 163
43 340
9 438
88 436
45 94
110 63
144 250
254 221
432 443
245 379
27 315
236 279
355 28
46 261
340 24
351 16
9 108
48 66
372 117
303 98
402 307
343 175
376 252
421 190
162 240
47 75
215 442
346 450
359 58
341 85
370 139
173 402
368 55
334 149
441 63
193 128
18 118
330 420
211 224
60 212
183 138
441 275
372 237
169 332
132 422
424 60
46 120
395 50
261 239
343 139
68 427
222 410
378 145
147 41
81 407
167 32
440 405
138 133
291 242
92 251
82 176
116 70
407 433
222 60
428 282
139 0
266 368
251 57
376 199
220 11
69 108
153 2
269 179
260 263
352 374
301 272
262 408
389 97
210 92
280 178
350 184
204 323
50 304
98 18
60 146
382 376
327 401
102 371
158 388
326 122
118 401
21 247
82 255
345 382
181 264
95 238
247 160
320 57
402 23
0 140
120 173
246 241
210 283
126 150
63 282
175 337
366 249
130 76
289 311
219 368
309 272
235 280
404 34
378 14
187 356
382 68
101 325
447 363
433 137
407 218
279 22
438 73
114 123
124 341
45 67
202 424
133 22
47 91
385 250
43 238
322 423
417 416
156 370
185 392
339 88
31 226
285 334
417 322
405 362
261 418
120 287
285 379
130 13
78 140
0 14
104 346
285 91
404 261
69 381
392 322
58 91
230 402
396 203
309 225
135 142
53 305
238 371
377 171
233 214
93 182
72 11
45 340
134 18
446 12
63 22
151 135
93 126
76 430
407 356
170 191
292 148
371 304
138 55
444 99
223 140
343 8
417 424
17 421
29 22
211 336
3 433
390 242
317 358
189 87
96 50
87 230
446 337
250 242
276 104
147 405
412 236
276 419
79 31
143 227
203 106
210 75
159 264
448 330
134 261
73 325
445 7
449 361
412 436
228 108
258 392
45 55
136 21
35 238
411 305
11 429
426 289
158 411
195 116
20 323
360 312
235 248
94 158
164 59
305 240
403 352
160 123
221 92
168 220
285 361
257 201
396 264
443 360
214 145
161 333
97 427
200 361
129 324
306 218
329 243
206 195
164 346
63 130
243 243
185 190
323 330
389 18
336 369
339 409
177 363
26 153
18 18
49 84
448 233
450 354
91 404
12 196
364 72
333 236
409 171
121 156
264 379
66 432
274 178
117 101
446 352
278 421
225 75
438 188
82 80
45 290
9 201
445 74
379 62
104 450
445 390
288 410
15 88
353 446
26 89
153 356
281 392
389 186
435 49
147 83
14 126
383 71
86 351
405 378
360 413
39 388
376 0
40 445
286 388
395 353
370 78
312 273
439 435
229 286
373 114
49 90
150 98
194 350
201 352
344 416
328 353
229 261
85 241
48 381
135 70
224 60
131 450
150 75
352 240
134 356
6 174
81 242
14 356
245 389
245 156
425 248
295 139
175 140
11 139
173 171
80 337
96 51
258 338
50 11
154 61
43 421
428 257
45 92
55 12
5 161
250 227
354 201
294 224
118 369
330 371
438 362
384 149
380 401
330 76
425 410
324 347
277 75
269 124
115 259
211 331
232 236
102 146
281 110
263 387
187 107
413 106
248 120
212 374
54 274
59 129
172 403
301 8
31 347
320 183
39 16
4 123
144 330
304 165
249 285
346 217
62 242
128 325
443 324
439 424
230 304
22 402
378 410
275 236
78 375
249 167
39 193
347 189
428 387
14 21
260 4
169 421
65 258
297 9
121 446
300 361
14 47
209 110
325 328
361 161
56 59
162 76
296 60
383 179
200 158
447 108
392 430
292 104
146 52
128 411
138 33
20 177
165 262
144 326
329 93
121 197
207 373
436 229
420 196
41 207
300 103
330 83
442 367
117 118
348 414
200 145
247 407
158 63
165 340
260 96
39 247
433 103
67 351
350 268
392 433
33 436
83 406
211 241
278 329
97 108
130 344
151 56
174 213
21 217
84 77
50 79
161 147
350 34
24 353
242 207
368 404
4 340
257 392
184 119
143 300
55 428
33 189
224 413
17 409
110 57
366 45
195 87
29 56
337 97
15 424
56 376
164 55
438 21
317 80
306 29
327 149
116 19
144 367
226 222
252 437
400 55
398 336
278 234
198 341
212 49
363 37
338 344
254 435
283 409
248 387
233 181
342 375
440 416
79 410
255 281
6 301
319 295
203 22
207 417
390 245
292 86
8 381
6 347
67 76
278 4
278 393
263 290
331 103
29 310
26 2
67 116
394 187
184 49
391 378
26 365
242 196
80 184
320 112
425 43
271 23
355 89
252 276
35 51
172 152
276 307
411 229
254 125
146 161
168 122
287 92
223 426
18 252
231 322
376 183
263 53
171 398
442 213
344 212
253 232
29 196
353 283
79 93
231 69
21 168
67 127
407 228
38 262
448 250
116 16
59 315
322 418
366 381
289 403
334 141
294 282
79 265
72 37
352 29
279 41
365 363
188 336
394 355
390 400
205 29
25 10
372 448
173 299
357 354
243 258
349 285
268 98
80 435
1 401
313 273
284 441
301 194
164 330
442 127
394 41
401 395
155 237
201 178
90 201
84 159
4 258
40 114
144 371
2 256
312 216
306 377
396 224
117 370
347 201
175 172
386 387
291 30
22 228
6 306
216 348
54 193
329 31
433 259
301 365
415 94
81 173
194 130
237 14
200 432
248 57
154 383
293 232
388 408
256 353
180 158
199 252
358 93
43 442
101 252
441 151
412 1
248 236
16 145
144 267
352 379
225 35
408 395
10 30
60 241
314 261
441 194
261 145
276 316
390 198
393 199
263 181
374 88
152 265
266 75
125 26
273 122
442 75
286 421
221 331
368 156
431 154
168 114
52 84
166 157
32 313
398 257
10 142
396 79
401 184
331 207
168 309
348 449
34 360
176 424
15 404
233 304
435 177
71 280
342 402
210 362
314 321
100 3
94 314
208 335
260 431
109 214
25 393
249 149
267 450
329 215
24 66
285 335
447 175
37 64
12 237
371 208
376 197
204 372
44 242
365 101
91 143
327 45
140 313
68 146
44 331
361 290
360 422
139 352
392 251
301 413
125 181
411 39
304 17
75 397
136 236
10 183
76 335
217 72
313 14
41 434
235 137
170 348
121 166
93 137
274 432
275 79
372 201
116 338
372 396
139 252
409 296
195 32
203 363
416 361
431 12
45 118
27 143
416 211
6 128
314 44
74 82
30 255
421 136
356 410
314 283
382 238
373 350
293 398
101 344
92 441
268 231
238 66
263 172
54 297
333 36
56 47
381 34
267 273
434 376
287 64
267 357
276 210
97 216
81 246
3 167
356 244
430 442
48 298
212 393
274 254
50 251
121 219
327 23
122 246
263 13
366 64
187 102
122 36
22 198
321 40
283 294
154 21
298 264
385 350
200 223
355 247
314 130
241 358
448 14
436 194
432 252
71 265
296 67
157 235
52 206
150 91
258 63
371 155
158 280
80 409
436 378
287 81
437 20
256 4
356 394
278 114
7 240
160 230
318 348
12 18
317 66
273 15
302 23
104 90
242 376
445 39
130 231
191 93
210 205
278 431
43 234
422 298
216 146
52 243
196 121
367 335
57 162
400 124
415 242
358 366
131 239
113 259
188 428
450 231
2 176
154 441
310 298
96 102
47 292
196 224
131 256
205 355
200 142
219 222
282 446
61 395
47 232
204 129
208 172
159 287
134 248
106 327
82 446
189 316
151 284
288 209
339 213
412 199
125 55
112 111
406 351
24 206
365 290
145 325
45 138
6 149
269 210
190 238
436 345
246 249
316 427
227 280
273 14
364 9
439 293
274 30
77 309
51 424
346 296
410 215
355 25
162 407
344 328
24 356
89 56
363 268
401 33
140 201
407 250
66 262
24 341
207 297
237 250
397 3
74 22
427 194
119 294
73 278
214 224
5 420
159 358
209 422
114 140
313 9
329 174
67 226
158 4
22 101
74 439
216 216
150 450
249 286
189 142
311 171
375 84
310 202
423 447
288 53
448 43
391 34
14 371
235 132
144 386
196 111
165 128
199 184
41 4
174 306
206 369
69 359
297 17
149 259
298 107
414 403
3 368
134 428
295 25
102 82
57 12
241 133
155 210
225 190
116 305
214 244
261 411
184 51
413 436
318 371
187 43
151 340
326 266
377 389
336 55
280 53
401 359
215 67
343 54
94 416
252 328
290 422
362 255
307 432
448 379
137 33
370 310
328 2
348 431
441 41
375 138
156 119
322 69
91 448
371 51
364 431
202 145
272 129
205 379
428 420
293 370
303 359
194 193
271 80
76 130
268 233
355 128
390 274
322 100
139 316
118 172
276 216
382 417
46 211
433 367
179 36
410 288
187 112
92 378
290 65
324 177
421 161
437 309
225 321
132 436
53 141
238 393
265 157
10 180
122 250
344 136
235 54
307 421
443 313
102 224
356 125
420 327
192 343
426 301
342 276
377 192
360 292
74 110
202 338
51 142
129 159
331 303
155 37
256 216
221 339
433 156
198 25
221 227
22 412
216 390
203 33
290 34
439 386
321 289
132 142
136 42
38 444
207 218
247 35
96 316
50 394
126 357
264 158
244 308
180 259
253 101
85 88
293 360
424 402
266 68
444 237
227 67
16 356
439 73
149 78
414 49
177 364
102 257
193 137
34 277
206 376
434 232
291 267
43 161
68 319
262 242
125 258
61 64
34 288
279 294
350 335
251 269
349 190
330 318
398 192
338 154
444 344
99 231
137 410
146 60
100 433
304 413
12 130
108 356
72 175
276 149
179 424
117 55
301 155
354 299
55 36
111 68
287 369
349 286
64 422
228 52
358 197
431 195
345 438
96 302
36 153
235 185
226 97
431 131
179 415
130 140
343 425
25 319
239 94
127 399
128 119
208 427
118 56
336 211
154 364
56 147
442 168
182 382
395 78
359 26
60 423
166 100
48 40
140 293
332 434
250 254
70 345
265 283
298 158
314 32
93 56
134 435
154 311
308 339
16 329
320 302
449 249
102 300
410 1
275 198
374 172
366 190
420 47
24 95
306 96
435 79
219 386
228 299
107 251
25 186
297 123
200 102
415 35
82 182
74 195
64 286
78 89
268 418
262 43
281 382
160 111
370 247
186 133
175 275
371 259
198 437
242 13
198 62
286 448
273 123
141 49
190 305
160 267
293 65
400 433
264 206
326 88
83 121
103 48
156 45
414 353
229 98
194 141
70 355
188 122
161 343
189 20
85 215
171 220
74 430
238 203
294 123
336 69
385 157
390 419
84 364
222 319
95 308
347 26
404 346
382 284
140 139
175 85
29 322
232 302
338 25
335 55
160 96
301 2
376 418
172 349
192 253
234 140
28 255
200 29
46 54
154 405
326 118
78 29
150 298
435 336
239 58
160 281
442 418
175 364
195 60
151 65
411 411
24 0
286 436
297 39
227 72
191 289
134 440
442 290
416 72
437 421
221 48
170 143
296 35
391 408
392 116
274 112
58 232
10 262
290 352
114 206
267 149
427 364
160 415
394 260
377 2
24 259
31 386
217 298
358 268
411 167
390 405
273 300
375 342
318 153
205 281
324 105
244 96
210 349
144 174
317 375
296 364
125 411
256 120
129 408
21 132
179 396
327 214
392 49
7 269
134 220
251 405
31 237
308 367
66 8
79 95
271 343
56 127
269 53
279 351
354 422
80 279
422 25
405 357
305 175
155 407
106 307
223 184
159 245
6 392
217 49
376 90
251 415
35 251
79 104
386 319
433 230
110 414
310 91
189 7
142 256
445 416
199 282
240 207
127 234
210 414
88 264
398 215
204 207
372 138
82 128
63 230
383 144
239 79
113 425
176 210
236 80
212 361
126 450
133 164
292 248
347 320
299 407
391 105
346 49
109 256
329 447
27 275
37 294
319 75
137 399
197 74
268 341
258 183
124 74
281 40
58 366
183 398
31 199
154 5
430 299
134 254
379 262
203 247
190 248
164 155
249 67
33 73
233 278
124 203
68 153
428 96
143 298
21 163
275 347
381 328
295 435
229 422
215 198
23 447
423 228
326 273
160 41
265 284
330 99
353 278
228 416
16 417
230 189
229 115
18 278
61 410
233 265
206 51
122 395
3 300
386 155
0 145
252 336
96 160
256 305
124 266
206 50
274 352
261 328
72 138
225 409
43 318
383 214
319 219
119 320
111 428
292 229
37 261
183 59
334 449
326 181
121 338
126 176
167 70
186 224
320 406
374 390
377 201
177 5
46 136
213 179
192 315
76 338
230 438
95 365
216 16
350 107
189 178
321 87
265 60
75 393
28 161
198 22
436 92
53 133
356 201
198 28
200 3
14 343
173 263
100 149
252 10
8 83
90 170
364 40
282 286
316 174
198 20
259 143
273 447
64 67
35 432
322 64
301 83
125 413
379 79
243 11
92 263
5 225
152 43
0 261
63 87
90 171
441 329
28 367
302 213
46 404
60 63
229 384
298 36
240 407
386 436
34 361
362 374
33 51
123 74
113 132
334 330
254 419
243 262
304 407
64 325
336 76
433 244
94 344
105 426
224 253
61 231
24 191
439 241
292 419
314 8
34 189
275 398
67 105
428 276
354 319
266 236
160 363
308 50
432 268
245 142
320 52
258 340
168 50
347 132
204 193
293 113
120 144
292 407
6 303
61 382
164 220
162 178
400 202
407 395
416 120
448 299
3 349
103 133
4 378
326 260
132 213
104 36
302 345
285 160
375 367
126 370
114 195
418 26
303 70
50 89
18 283
390 73
172 81
369 385
381 102
132 340
318 279
253 193
61 192
377 111
220 350
447 322
362 292
283 370
410 410
390 23
447 105
201 311
142 306
48 421
77 235
76 352
279 271
308 42
399 157
197 259
297 429
202 234
131 109
359 302
293 172
109 75
128 304
79 103
317 334
192 242
64 95
443 306
286 284
257 342
374 212
206 273
90 183
131 420
400 371
291 339
71 141
315 309
198 81
312 27
316 51
250 120
282 431
279 238
84 354
242 306
46 391
334 74
109 156
286 424
338 391
164 405
356 279
142 183
167 167
199 244
225 148
411 77
212 414
68 6
300 293
105 100
124 60
48 364
245 348
18 368
312 193
446 64
5 436
233 22
215 367
280 278
115 121
282 6
331 368
213 330
342 321
65 17
239 77
0 383
16 340
279 283
9 178
411 134
164 103
283 256
302 343
74 280
396 185
59 32
104 442
298 234
326 139
145 355
254 374
23 316
120 122
213 103
445 86
374 358
170 402
187 393
20 110
314 167
29 160
378 340
132 41
251 72
298 100
65 369
203 59
178 378
310 34
190 254
271 446
286 73
118 258
242 265
310 110
323 69
307 63
175 146
341 97
12 131
322 237
34 355
45 19
20 303
384 79
292 157
18 446
299 448
222 289
234 197
253 218
8 148
226 105
179 195
416 66
412 150
192 336
403 114
295 427
166 270
391 101
367 418
197 436
292 28
112 82
403 340
118 408
36 284
113 206
368 26
77 365
199 390
254 185
127 4
122 414
258 373
396 190
240 100
215 257
418 313
145 58
349 130
0 412
218 130
395 200
206 49
444 102
214 328
392 403
132 231
87 25
9 4
212 309
276 72
236 74
374 192
340 85
44 343
208 217
281 363
369 147
373 398
355 79
137 87
246 26
236 212
189 102
281 375
119 267
354 31
317 212
16 132
377 30
389 56
420 74
448 381
300 336
100 407
359 129
265 159
79 442
150 336
400 123
69 96
42 160
424 145
450 166
408 295
352 297
268 232
380 256
381 66
368 367
349 208
437 376
306 201
156 266
94 265
442 56
139 366
22 128
269 217
195 231
272 289
436 7
21 357
8 25
365 109
85 202
373 410
337 254
408 30
23 336
270 401
164 203
190 428
410 43
413 329
58 446
22 91
24 426
121 293
184 87
63 337
381 53
335 10
78 14
142 359
367 427
80 265
413 183
69 68
3 189
146 201
437 172
36 196
86 373
23 206
428 143
26 388
48 177
297 231
113 290
136 316
80 193
124 127
226 77
304 430
93 189
53 406
107 163
13 442
396 388
146 254
320 115
381 357
395 87
6 436
284 368
144 398
405 136
7 16
41 238
231 449
43 287
212 121
313 341
373 188
264 370
280 406
96 129
53 263
222 180
69 86
222 230
80 322
38 14
293 137
269 125
164 194
305 20
69 155
268 65
175 375
53 270
426 11
262 145
418 448
390 432
37 437
319 307
56 294
407 276
139 380
265 417
393 44
42 286
260 394
264 294
361 210
323 84
449 243
101 277
48 441
295 26
448 69
121 314
95 261
391 161
109 445
252 86
259 368
368 300
262 138
415 384
387 424
270 189
141 385
66 4
376 300
381 340
110 365
324 151
68 336
191 373
435 343
203 257
276 353
187 26
46 417
284 132
184 126
428 351
168 302
283 103
1 249
423 34
280 389
47 225
117 346
58 104
362 422
310 234
233 422
43 331
308 437
64 431
202 63
123 263
286 116
285 274
416 297
222 219
367 366
153 263
22 156
268 379
439 44
254 211
379 354
428 142
425 147
263 144
246 170
91 287
381 215
94 113
112 179
415 400
66 177
447 378
429 144
86 270
150 369
120 181
278 428
365 316
416 427
374 291
340 353
397 228
266 423
117 27
132 229
154 377
14 266
336 350
70 25
272 256
427 39
78 7
356 175
331 50
107 382
307 400
341 382
311 200
118 218
149 148
133 95
284 53
114 347
70 430
306 355
171 437
413 375
40 444
384 108
415 74
190 335
234 210
37 303
78 69
56 362
135 328
217 288
236 8
337 252
124 271
294 151
168 209
362 299
235 368
351 61
396 33
30 72
24 101
22 364
35 56
129 212
18 338
353 61
400 86
357 372
38 78
380 364
259 343
158 11
269 99
372 414
398 258
242 134
270 292
375 151
286 272
145 366
150 343
205 82
260 179
415 264
259 225
276 151
345 127
307 395
175 154
295 156
394 208
11 126
384 369
159 152
285 422
206 6
433 438
265 344
276 71
4 285
173 203
332 162
157 418
288 185
439 154
50 223
368 194
121 56
444 10
234 272
310 65
177 437
263 300
356 399
443 107
172 231
416 102
225 241
35 309
294 337
260 56
330 117
307 209
320 245
307 167
316 145
266 143
175 102
108 93
362 22
3 190
343 369
420 137
88 384
223 10
81 223
119 135
441 374
150 303
184 268
342 379
377 315
270 11
384 48
436 446
407 399
389 447
116 304
404 101
238 374
101 239
133 58
319 353
438 32
338 410
187 68
268 374
237 364
277 279
259 126
212 98
49 155
17 79
59 206
17 283
435 219
147 94
111 169
181 34
407 247
375 215
396 82
34 146
233 378
100 320
325 4
422 248
407 429
247 259
17 172
162 85
136 14
233 56
16 263
211 210
352 307
334 50
435 185
74 337
164 323
182 392
411 327
430 121
247 130
327 239
70 146
187 171
13 101
315 396
198 376
329 193
184 133
199 410
417 300
190 391
383 341
379 214
383 189
376 205
316 208
299 160
401 142
229 405
112 242
369 274
360 365
355 185
350 53
172 208
419 2
105 357
401 203
97 436
87 366
265 229
72 74
65 75
307 321
27 212
312 123
237 393
352 225
326 408
186 401
108 63
412 326
397 396
299 81
54 194
264 447
108 205
339 283
363 157
57 86
367 232
143 237
314 380
97 170
403 176
437 322
360 126
310 241
97 148
208 344
187 157
401 270
124 337
62 287
121 86
319 438
301 84
136 213
154 289
265 179
66 96
347 106
210 55
406 305
33 34
20 238
271 325
12 299
266 14
331 252
278 395
91 160
197 327
359 399
372 41
210 257
218 54
283 437
244 278
70 228
99 174
278 133
31 415
418 372
394 229
202 235
384 112
365 295
415 59
68 219
117 290
323 436
259 63
229 268
131 136
269 140
105 188
425 71
240 47
6 433
238 130
281 185
190 432
220 109
124 336
128 442
383 113
163 358
324 162
315 301
19 231
2 436
250 415
425 105
449 332
411 144
91 256
112 124
339 110
339 253
310 300
370 303
186 325
118 0
310 28
94 430
372 320
328 302
368 171
23 130
263 443
440 188
256 340
377 421
382 26
27 101
405 432
374 434
190 430
299 365
46 407
382 401
281 221
139 27
222 234
135 447
14 330
236 62
30 51
438 119
106 2
144 374
415 168
409 119
296 436
82 326
99 118
177 222
112 306
367 317
408 289
208 4
24 350
77 202
289 241
20 133
273 377
348 29
223 93
240 380
40 243
410 348
328 389
92 233
0 264
221 217
224 142
356 18
49 121
200 5
339 403
310 204
196 428
73 186
322 41
293 404
203 138
441 157
157 62
73 445
177 326
83 357
252 330
426 210
33 291
275 146
364 97
248 114
129 414
376 55
61 176
137 348
251 426
113 311
223 300
73 368
161 1
96 170
411 386
62 279
344 133
217 237
416 41
44 418
134 377
287 224
302 328
281 283
344 61
332 124
186 252
72 210
166 182
376 359
156 230
123 386
350 188
197 234
105 246
306 349
148 112
112 420
301 108
63 328
442 102
37 337
32 156
62 317
379 34
50 129
129 30
164 74
181 82
36 267
360 76
319 33
118 266
114 213
25 369
253 172
21 317
121 137
116 100
153 68
322 72
246 210
389 66
108 69
256 8
279 319
223 329
428 8
267 430
224 196
219 412
196 153
115 232
92 1
296 266
195 306
73 46
412 435
200 319
257 287
174 270
317 32
54 325
211 88
146 256
202 443
324 119
15 258
345 277
324 363
156 36
323 281
410 19
312 28
417 253
382 386
312 260
171 95
5 365
416 439
395 342
285 254
259 403
186 186
291 176
150 250
277 262
187 50
33 57
9 96
341 132
16 359
201 168
316 127
12 243
343 337
211 167
223 335
297 105
10 381
119 222
381 335
438 416
124 289
28 166
183 434
261 78
248 28
378 262
271 102
437 289
84 125
343 251
262 290
88 425
384 100
73 183
232 422
266 237
158 72
204 92
16 320
232 94
88 118
226 139
95 165
400 222
13 66
208 410
340 397
138 22
347 239
9 76
238 307
65 178
176 239
350 237
106 415
0 338
205 138
389 222
300 363
384 125
128 135
75 194
13 165
413 141
437 448
331 304
163 305
403 99
132 286
204 142
385 21
89 295
327 407
336 175
193 35
228 99
60 438
15 353
395 248
37 380
350 180
192 104
128 198
84 336
270 286
174 276
142 379
145 327
434 151
375 136
263 231
216 433
170 250
153 281
152 412
343 287
9 122
0 347
246 442
140 348
219 283
415 167
71 209
422 90
27 321
31 169
25 345
267 32
167 25
33 270
165 381
422 188
82 298
97 39
230 406
384 336
327 78
448 226
355 47
244 202
32 146
223 165
377 58
18 300
404 75
123 67
196 53
104 207
357 15
358 59
40 350
13 41
195 241
38 91
392 212
274 268
207 5
14 304
2 364
31 378
251 193
347 90
321 77
238 12
44 328
333 326
48 384
30 361
333 14
20 104
431 160
23 240
382 29
95 41
332 376
416 189
195 172
128 328
184 263
176 299
432 243
317 105
195 274
196 40
44 341
285 190
38 119
437 170
132 155
67 295
58 115
303 346
105 91
137 141
129 420
278 402
251 403
26 227
225 259
140 266
23 390
133 286
126 40
17 29
416 291
112 145
65 351
193 408
443 349
317 113
266 241
245 334
276 231
229 397
235 438
412 26
348 19
315 199
142 281
322 444
31 107
110 86
446 331
418 104
62 448
248 263
276 55
36 117
398 107
196 236
40 200
413 350
443 414
219 271
417 36
59 106
448 363
95 39
144 352
385 86
359 351
276 155
229 435
325 259
52 100
29 447
231 171
208 218
293 414
439 162
172 38
306 435
420 352
419 97
58 184
187 358
139 298
313 51
378 6
14 199
396 290
369 259
258 304
380 297
250 281
187 391
433 95
171 325
322 271
294 327
215 289
346 331
320 233
140 46
413 70
328 102
404 149
348 426
82 204
88 3
101 134
133 246
89 275
240 399
195 307
347 20
106 323
313 226
266 190
407 153
415 130
280 329
196 101
156 311
335 76
109 165
60 322
213 61
395 213
200 350
376 265
114 295
383 434
327 158
386 259
145 108
21 89
206 113
83 200
254 88
209 329
181 58
91 260
310 136
420 106
317 245
415 232
13 403
311 381
15 251
34 81
185 219
301 350
359 41
309 390
7 320
399 206
268 298
232 382
424 345
114 74
300 276
115 90
232 181
110 332
443 236
179 3
330 364
15 175
143 364
215 123
240 282
365 270
93 315
17 185
125 213
172 417
22 246
253 52
329 19
388 361
133 54
302 248
146 446
332 443
150 278
122 445
21 122
222 369
161 182
443 140
182 362
398 284
333 170
390 356
413 431
113 145
404 281
85 367
194 238
151 131
428 113
155 194
97 206
376 442
16 326
217 137
119 256
171 50
95 137
225 182
332 150
235 431
189 403
412 330
308 44
47 244
199 370
20 188
415 292
371 431
395 166
388 196
36 449
397 26
155 380
331 158
214 287
358 4
294 74
79 320
92 322
322 276
332 100
267 311
448 169
294 230
23 148
252 339
177 443
56 102
40 69
174 51
168 311
268 101
103 118
230 346
335 333
344 203
318 345
357 267
202 131
35 4
152 227
369 442
196 374
447 350
84 79
300 441
104 43
336 97
359 54
150 4
359 127
98 379
387 76
134 333
170 414
278 420
230 199
371 25
347 68
376 5
34 16
392 36
206 385
408 135
365 198
380 435
63 148
294 129
190 83
424 355
214 400
133 225
156 216
395 374
36 13
229 239
300 368
56 244
351 176
88 248
91 37
57 386
116 255
252 95
287 89
16 45
222 242
223 261
290 449
31 340
20 149
141 146
227 350
230 124
437 142
288 216
368 90
344 410
321 436
74 120
13 231
310 14
187 104
246 240
149 402
189 93
396 450
131 160
23 303
421 375
174 444
244 264
440 352
8 234
328 361
448 448
147 422
262 63
354 410
312 2
12 206
59 113
274 450
181 32
334 20
121 392
21 52
119 120
257 330
18 324
396 272
116 268
232 266
14 436
341 279
367 173
362 211
423 367
362 133
91 176
107 393
279 386
80 109
433 384
21 152
196 191
205 186
241 235
306 101
198 272
343 394
390 326
345 175
8 190
48 251
449 98
296 227
264 343
399 207
414 317
237 238
70 342
428 372
346 348
154 146
21 43
314 313
32 291
28 304
425 323
356 40
269 19
379 370
314 125
268 212
16 325
187 64
239 384
96 338
85 221
247 402
317 10
193 29
182 15
30 203
18 287
442 296
286 239
299 423
347 177
203 139
237 103
396 145
300 168
87 234
235 197
101 174
255 74
345 78
185 92
378 324
18 151
355 365
261 218
158 392
355 200
426 253
15 135
407 316
353 346
446 273
150 77
291 102
324 255
206 389
90 158
198 257
335 318
418 345
63 443
271 303
249 407
256 294
364 67
326 394
72 337
372 349
185 133
13 380
357 442
405 384
188 340
218 249
156 418
226 186
338 270
101 391
200 159
163 177
208 292
333 176
134 387
14 201
335 378
328 201
436 72
150 161
99 106
404 335
234 368
163 345
379 269
175 395
439 43
14 363
21 310
388 398
342 152
407 12
405 11
211 316
15 348
175 367
363 171
191 47
169 6
218 59
380 87
277 270
211 154
374 221
162 14
137 382
298 375
34 185
358 350
277 265
187 164
38 239
150 318
320 32
118 79
428 367
233 371
125 228
271 104
112 220
150 311
71 304
273 351
73 389
349 21
27 197
214 434
326 268
10 41
89 218
83 124
105 61
103 250
439 99
176 16
89 197
321 337
418 83
450 432
73 73
42 41
422 221
305 167
226 39
118 406
180 238
225 153
359 425
220 342
60 392
271 180
291 141
86 186
13 60
420 256
62 302
394 352
41 12
122 98
267 322
91 394
23 22
83 329
37 57
9 32
227 421
434 195
402 375
443 413
69 50
303 421
250 130
268 283
156 303
162 440
151 288
228 358
191 81
398 169
316 122
162 405
265 335
318 277
154 340
442 358
39 91
308 257
285 295
189 329
217 141
136 449
296 66
147 117
193 66
319 155
382 201
205 373
328 98
245 285
8 424
86 413
0 88
109 403
41 282
237 342
101 259
333 43
323 54
289 223
293 8
272 407
50 4
105 409
56 130
441 214
82 187
261 439
297 317
407 144
444 51
61 91
75 284
203 393
6 447
395 391
93 179
3 406
425 120
404 30
436 426
77 328
112 136
215 61
281 378
272 291
190 333
264 163
54 183
231 84
440 435
359 389
98 102
186 74
434 150
307 15
186 202
284 275
153 230
25 318
12 202
6 294
222 233
67 194
387 302
233 382
382 318
207 127
235 62
358 27
26 346
71 213
242 26
47 359
225 276
290 246
172 104
240 426
441 303
441 383
175 191
246 189
276 437
320 6
324 173
263 16
217 156
47 129
446 405
264 388
244 230
43 314
144 420
334 80
280 332
358 156
286 333
139 291
280 348
115 220
350 122
318 362
113 335
450 240
366 147
315 426
360 73
39 422
341 151
441 15
204 148
300 78
24 321
431 248
64 66
6 443
400 410
294 215
21 227
219 202
366 269
115 130
245 342
50 104
351 236
61 206
69 85
399 255
123 431
44 101
251 298
337 255
197 105
274 125
121 309
408 240
210 367
90 206
38 416
241 250
58 423
310 379
138 218
411 194
131 201
299 317
369 412
252 288
382 305
68 121
234 199
434 210
43 410
28 115
101 442
85 126
233 209
242 202
427 231
445 154
48 393
380 230
17 8
115 140
419 294
47 250
67 338
130 204
26 357
405 96
117 157
20 387
33 331
278 441
423 402
423 302
80 133
320 287
343 146
433 64
398 101
278 197
428 297
389 122
264 186
86 244
200 348
178 233
55 415
145 83
109 121
273 100
77 221
383 56
294 394
347 367
27 75
285 317
344 249
129 79
415 315
247 114
23 257
262 319
171 146
14 392
99 96
10 46
0 327
311 401
197 108
237 109
414 97
94 373
74 75
54 52
295 323
385 339
383 73
85 259
320 169
227 54
409 2
143 147
133 427
326 192
187 152
304 330
207 326
265 180
335 60
233 310
88 276
29 133
35 133
69 436
267 64
232 168
365 104
105 243
328 437
54 215
266 105
149 293
187 245
133 243
43 148
153 215
371 131
275 128
131 373
325 68
314 12
389 404
233 29
158 400
448 163
80 171
414 440
22 368
92 307
315 101
21 149
187 132
263 304
219 121
52 68
120 171
86 399
429 423
94 41
296 247
139 251
222 3
78 62
218 266
48 255
441 135
268 337
231 260
161 367
145 87
125 67
147 145
250 387
92 59
383 10
76 79
188 101
380 224
275 207
414 209
226 48
290 403
311 274
416 369
234 429
411 419
444 303
268 380
410 356
148 177
114 108
268 427
423 98
8 333
91 345
59 35
449 436
116 286
169 3
402 438
76 276
56 255
7 213
75 3
352 191
231 10
381 240
15 194
348 406
112 430
382 250
31 342
172 364
89 257
75 374
296 167
247 39
368 60
439 380
386 26
260 170
116 302
114 272
250 75
169 25
106 255
381 287
57 112
431 205
294 79
255 71
365 117
35 77
1 77
127 16
32 347
192 321
357 5
159 208
143 450
9 414
148 176
101 441
25 71
50 68
210 151
23 122
155 333
215 184
386 40
203 413
152 231
68 442
139 337
437 329
196 402
32 182
98 361
207 125
386 416
385 194
182 217
391 432
419 330
445 355
234 417
349 411
369 253
73 121
33 332
410 393
106 48
192 271
288 145
404 173
234 234
69 263
264 309
251 327
124 321
254 84
280 77
420 425
395 184
144 135
352 345
83 133
23 76
146 325
279 266
203 341
127 446
91 271
228 1
10 58
437 192
188 83
220 234
245 63
412 78
54 211
300 97
347 169
230 179
403 350
284 410
333 131
238 64
36 367
258 412
139 140
11 134
126 96
311 261
224 313
161 5
291 298
260 151
116 435
132 397
281 136
127 157
6 195
192 194
447 11
64 117
130 190
138 60
409 44
413 43
197 166
273 291
41 438
103 400
118 149
217 28
384 261
248 422
377 215
314 9
348 396
347 245
168 195
226 448
298 427
289 304
95 127
161 374
274 54
163 229
306 311
55 284
74 269
88 391
7 38
100 388
281 237
240 293
282 175
20 382
436 232
2 94
278 105
139 144
233 106
211 429
203 396
15 15
162 305
333 338
364 105
249 310
49 114
276 289
204 87
373 76
274 195
273 33
346 5
424 133
255 374
34 399
75 294
323 284
336 423
441 222
375 69
313 395
41 220
236 389
423 192
255 120
315 117
388 114
257 183
10 375
409 0
129 328
49 328
309 42
408 122
121 304
181 400
204 343
243 327
297 218
144 255
422 348
434 176
348 146
37 6
414 377
120 356
320 397
246 169
117 243
405 394
279 12
233 155
390 131
88 59
440 75
246 251
403 98
195 93
195 395
274 306
281 218
396 418
391 91
57 263
171 395
72 52
199 273
56 172
353 135
23 68
30 191
169 178
216 318
342 248
57 227
70 161
31 362
349 4
377 197
293 290
208 300
194 50
221 393
322 180
208 136
326 360
372 301
99 233
110 106
428 221
69 317
79 351
58 284
353 143
74 410
277 346
240 395
283 162
323 384
394 422
7 205
149 18
433 444
201 214
362 450
399 142
39 237
40 53
82 43
297 357
162 323
342 290
324 228
201 358
236 125
430 389
31 11
377 357
256 109
250 182
438 284
192 264
219 178
152 254
195 250
310 371
235 257
149 34
291 39
401 180
105 94
193 121
334 94
8 436
38 253
106 393
66 205
434 48
146 242
253 278
238 311
263 65
119 226
162 111
77 157
229 190
147 116
118 259
236 73
405 189
163 246
217 96
16 330
283 110
368 32
381 301
195 346
48 155
153 222
215 290
408 434
315 148
340 266
49 352
187 1
164 327
198 50
181 33
300 437
10 102
321 328
368 439
359 25
334 157
395 292
332 349
71 129
376 334
135 61
37 30
336 226
166 413
73 163
1 172
98 349
314 233
220 358
334 121
192 367
130 312
246 69
19 140
273 44
300 147
357 214
185 438
396 310
34 227
322 140
266 142
60 203
134 198
328 194
384 133
168 21
234 332
166 102
50 249
295 428
98 440
312 245
95 105
297 398
31 190
7 161
288 44
9 254
47 376
190 97
291 382
105 401
336 117
283 51
80 153
126 61
175 126
21 290
289 372
166 39
402 190
89 403
80 341
199 157
171 428
215 168
337 54
388 344
48 376
393 26
115 42
181 20
161 407
416 323
211 101
346 181
130 23
156 308
110 154
134 27
106 98
351 218
381 312
194 267
285 281
40 93
323 209
438 264
63 134
340 418
407 26
334 351
18 231
317 262
109 136
188 105
145 187
78 206
70 102
46 382
170 192
244 418
17 324
440 421
45 401
53 112
260 399
81 388
146 9
150 438
155 105
82 415
291 301
29 80
271 141
116 236
338 306
427 30
43 241
48 258
392 292
433 326
26 264
116 49
102 306
257 4
134 197
334 296
30 362
237 155
447 436
447 327
152 333
83 449
3 266
409 56
213 432
390 427
242 421
444 422
274 127
69 229
334 350
266 186
310 180
410 412
151 270
197 238
428 82
385 91
433 432
69 372
16 226
52 34
398 434
248 3
30 29
360 39
405 433
318 387
209 306
53 227
132 243
128 217
33 356
122 79
118 116
171 410
385 38
410 168
99 418
8 50
257 85
254 57
40 233
409 76
99 105
32 379
276 313
445 136
17 138
321 376
181 449
259 342
388 366
129 252
86 379
105 405
166 281
198 278
425 62
372 143
136 241
241 381
39 17
64 399
420 407
118 126
59 422
226 125
344 210
40 173
13 13
169 155
426 310
359 252
103 101
227 364
40 347
318 18
315 382
280 341
331 45
76 404
232 35
410 192
411 169
221 248
135 93
421 52
404 277
50 1
17 377
175 38
125 429
13 16
263 399
418 411
211 181
257 431
220 59
444 259
21 385
114 161
351 257
278 201
280 384
273 5
387 274
179 102
176 279
268 311
295 136
443 275
344 345
60 207
109 267
211 334
102 380
313 72
376 213
394 450
136 446
68 52
138 256
421 328
401 13
108 264
57 159
216 373
299 330
48 62
155 370
91 66
197 213
276 31
51 179
267 415
25 280
133 80
443 177
159 118
407 449
28 327
101 154
250 432
124 324
357 59
182 137
304 384
47 436
121 279
282 368
14 434
14 268
66 431
353 231
403 171
237 299
430 126
12 408
354 38
25 65
176 225
313 417
204 415
430 158
231 346
315 342
351 278
8 55
290 204
28 311
387 152
369 28
238 242
222 88
65 87
109 212
52 321
303 209
380 288
430 368
314 247
350 160
181 422
303 342
174 434
235 35
333 423
176 86
450 274
307 11
112 283
278 221
67 118
202 29
177 449
219 322
298 97
23 269
108 98
247 448
415 258
162 54
418 145
270 296
201 31
1 352
425 318
115 445
361 152
264 258
322 17
186 360
99 324
369 133
309 22
234 270
171 216
248 124
277 156
321 243
229 296
251 171
191 424
141 403
226 67
340 415
83 187
274 338
64 19
302 66
102 256
339 121
407 30
26 375
8 232
186 345
419 219
116 426
394 248
60 312
149 369
409 259
34 66
398 370
181 213
99 428
355 392
266 207
94 357
89 276
387 356
416 52
371 156
2 76
101 105
186 113
104 392
313 219
204 41
243 306
1 219
187 303
211 321
101 46
273 186
409 116
309 126
269 227
341 2
290 61
153 99
299 443
252 239
206 0
77 110
165 241
427 326
290 14
244 177
334 91
26 6
436 226
44 360
100 101
440 403
6 237
234 416
407 254
243 65
174 224
11 98
150 317
80 112
388 77
412 205
4 383
215 39
380 320
213 439
339 280
169 126
45 220
252 65
57 64
304 78
413 19
314 383
377 440
218 234
113 330
259 98
133 189
393 85
224 44
249 170
316 271
166 269
67 342
162 325
46 395
39 239
180 12
393 226
330 217
415 45
59 85
448 393
444 151
125 316
259 303
284 300
279 23
303 381
215 224
78 134
117 19
399 308
2 275
75 311
93 61
383 241
328 88
249 211
150 341
334 53
244 273
288 159
31 141
14 90
125 18
431 236
117 413
302 357
75 120
345 240
128 417
437 367
49 351
68 444
184 70
327 241
450 143
249 222
185 40
312 341
289 137
319 385
243 283
258 420
51 195
98 260
67 336
109 92
383 321
410 31
177 354
356 240
159 266
256 12
298 199
298 267
233 328
31 382
74 332
414 306
174 287
276 56
141 111
324 44
298 76
188 284
361 162
418 219
87 79
342 363
207 89
152 293
46 383
366 424
0 321
143 149
13 420
25 222
276 85
30 235
273 273
378 396
251 428
373 106
443 283
87 42
27 327
273 67
216 344
162 242
232 137
131 47
437 184
309 119
257 254
449 198
181 29
308 162
349 450
124 333
270 194
375 427
180 151
58 6
193 25
6 395
49 50
72 48
385 198
145 180
421 420
339 360
76 432
176 209
107 381
112 271
396 162
109 112
435 246
403 227
6 298
125 449
40 163
151 221
105 269
219 25
28 148
62 300
335 275
17 204
210 100
341 129
268 433
183 69
124 112
57 132
280 227
39 102
362 112
60 105
181 74
224 329
1 446
397 312
246 330
329 282
422 122
7 46
176 242
238 22
69 73
280 220
98 407
75 116
294 109
421 84
140 85
93 387
190 439
106 223
104 56
347 218
372 346
0 176
444 71
33 244
410 109
175 307
8 275
93 207
38 400
148 157
130 321
348 343
75 139
188 352
119 416
271 290
76 425
127 15
398 127
134 184
143 41
89 94
413 327
253 421
185 150
248 223
116 316
332 343
276 86
33 383
382 435
413 86
183 127
292 383
247 341
374 210
351 307
242 398
78 20
288 14
86 37
435 75
91 450
164 167
306 415
13 292
342 421
135 316
56 52
281 159
360 285
147 72
323 383
260 401
14 349
97 401
106 370
109 178
286 78
42 82
33 432
436 41
144 158
290 12
352 215
20 438
179 308
123 249
420 275
335 90
207 379
71 329
152 124
245 138
413 29
124 130
391 351
15 80
359 158
322 194
294 37
395 351
86 116
346 254
141 293
174 433
300 377
436 119
105 212
345 123
84 144
12 424
332 131
155 441
27 88
386 405
430 300
312 314
322 102
321 196
385 293
230 395
191 39
306 1
171 66
367 31
198 79
81 60
87 412
390 128
178 29
367 28
223 347
422 4
388 425
327 243
19 154
117 285
371 349
116 18
238 444
442 53
167 326
220 284
404 153
8 90
307 250
279 120
18 146
311 316
110 346
100 226
430 200
81 261
186 372
313 244
299 301
178 47
254 449
311 56
357 137
92 3
36 214
162 204
380 365
149 356
116 165
350 56
217 348
307 358
260 46
191 229
3 389
314 104
104 359
265 71
131 423
55 170
300 111
313 195
421 70
402 39
440 280
216 258
386 426
24 153
260 228
231 429
367 271
57 366
78 374
16 400
357 349
203 418
380 361
183 216
170 422
114 349
60 240
283 333
145 358
118 247
76 128
350 424
120 431
402 271
409 180
77 233
21 342
29 86
363 96
210 393
214 255
371 242
405 205
164 212
302 215
19 185
144 402
10 81
14 53
290 247
12 413
123 359
68 419
121 354
201 257
109 46
37 73
442 227
230 372
430 106
369 407
294 413
225 234
431 253
396 186
128 122
297 395
406 257
52 162
429 339
387 34
135 302
373 427
341 285
143 373
17 98
94 99
255 229
82 355
68 158
329 435
324 440
250 314
83 72
169 378
48 293
430 6
238 376
50 24
281 379
275 283
168 287
344 124
160 99
72 61
445 17
41 81
295 89
66 55
313 186
306 354
286 192
395 159
301 104
427 170
136 202
60 405
267 295
386 200
434 147
212 36
449 132
415 273
348 351
96 422
275 310
380 369
308 69
245 428
417 142
324 270
272 342
112 322
152 4
239 155
18 392
338 229
304 105
110 14
92 270
227 3
61 245
136 404
400 444
11 197
116 179
165 351
145 335
385 37
23 210
80 155
0 67
86 295
362 344
339 67
325 200
338 15
124 249
198 17
301 118
265 379
7 398
177 107
171 327
248 270
24 416
255 85
283 87
167 42
347 71
88 235
344 407
90 84
228 135
93 145
411 370
399 338
200 27
324 132
55 72
49 251
57 437
301 441
337 10
416 321
138 387
25 392
238 381
231 344
29 378
189 259
29 29
45 226
399 402
101 432
272 422
168 177
114 356
384 385
134 268
101 415
384 67
431 362
231 96
51 100
39 432
65 380
100 130
209 297
89 416
192 424
198 143
175 309
328 27
1 52
255 434
61 392
28 382
151 417
49 14
128 164
68 431
152 328
364 8
202 350
4 160
339 194
352 89
90 168
372 132
266 0
77 81
340 297
244 46
116 117
390 178
132 70
420 179
407 140
179 369
384 35
254 349
171 318
145 29
429 449
115 67
67 214
118 429
40 264
193 15
410 163
116 186
443 4
324 95
447 22
95 225
417 436
359 9
11 388
312 12
250 197
448 33
63 413
222 191
167 174
34 314
144 181
327 206
150 27
106 308
167 363
14 164
40 183
321 448
60 161
414 330
426 79
42 447
351 190
8 399
344 85
161 292
135 342
80 385
85 246
189 143
312 244
403 149
204 381
136 178
45 130
401 179
138 368
154 69
322 188
245 323
23 145
197 317
183 227
393 297
325 23
275 368
103 67
7 288
164 435
241 33
7 54
130 139
167 442
149 147
215 327
302 337
293 304
258 18
361 170
270 71
155 145
252 31
433 178
193 428
188 433
189 236
63 410
313 160
217 434
420 344
255 135
186 98
180 31
193 67
204 400
107 48
67 260
434 178
158 182
434 180
43 143
118 417
109 113
265 84
45 313
206 252
446 263
97 245
236 332
373 266
229 55
236 199
123 312
151 60
432 32
266 335
280 33
448 208
327 267
179 442
56 63
404 47
399 243
389 192
412 418
118 178
370 334
26 129
69 203
390 142
139 21
352 154
308 100
59 39
153 8
294 302
238 9
177 384
134 360
48 28
144 233
387 93
44 56
58 304
235 187
97 50
121 54
250 318
162 378
30 330
346 320
344 340
91 162
141 170
365 201
225 54
10 268
239 210
409 107
99 172
260 217
147 248
374 245
406 445
432 390
182 86
239 422
236 405
66 428
99 83
449 286
47 356
82 8
85 444
118 380
418 348
116 437
319 370
163 405
347 193
44 93
15 436
218 33
299 26
364 355
340 381
225 345
439 363
294 323
156 195
144 376
22 192
73 288
432 35
388 83
389 416
77 405
76 126
230 356
57 72
424 305
20 442
354 28
97 356
93 444
104 234
182 409
430 403
209 70
91 445
82 211
332 58
306 272
312 321
209 230
435 33
229 34
343 51
400 101
86 107
36 21
151 339
413 240
15 49
52 41
306 199
242 185
90 141
254 159
102 122
62 84
0 265
121 11
270 325
358 288
192 90
429 406
88 317
400 426
282 102
102 267
244 97
70 282
340 192
63 321
83 2
288 291
77 257
1 80
126 50
189 169
195 121
236 165
122 157
36 183
43 114
242 190
321 1
279 315
245 111
79 194
268 353
373 66
26 278
289 1
176 345
195 68
164 209
288 229
330 146
64 357
84 36
17 220
431 427
65 417
431 150
257 251
355 304
294 362
146 278
203 253
114 418
71 301
307 253
102 40
296 399
86 444
103 173
336 364
174 297
122 162
320 226
140 371
77 326
305 325
63 450
340 310
420 343
332 76
223 205
380 289
390 388
245 14
440 103
86 358
103 193
313 246
221 94
62 25
86 389
77 397
300 411
331 424
180 181
257 175
439 417
68 332
122 289
369 399
331 76
399 439
365 210
258 425
152 441
13 207
46 56
242 189
430 172
378 411
239 102
63 312
384 57
386 290
346 192
34 163
450 403
393 179
94 37
362 252
95 324
416 141
319 76
235 88
102 139
314 137
245 245
133 341
336 9
387 104
13 407
248 62
317 447
198 97
387 243
186 95
173 360
233 152
270 183
325 296
216 377
197 254
303 349
316 55
41 170
318 172
98 377
397 213
102 252
151 19
379 220
291 158
260 137
345 74
238 341
256 341
413 435
287 346
400 45
324 112
67 418
126 78
82 32
248 151
25 110
96 410
342 86
255 220
347 86
255 435
62 193
56 210
149 346
441 334
315 252
287 446
67 190
374 404
39 297
359 317
136 199
409 13
42 303
441 205
320 300
271 196
308 314
177 199
266 279
144 196
169 306
283 5
314 420
279 431
376 416
410 299
408 300
66 383
446 357
8 52
133 407
29 303
305 364
128 26
342 123
398 429
205 137
40 348
21 69
449 68
244 392
185 411
33 267
149 45
313 275
417 437
206 228
24 116
204 352
165 75
85 8
150 0
391 26
46 389
368 1
286 156
37 425
352 338
246 382
326 247
153 229
337 1
175 44
444 88
268 273
377 41
391 398
108 332
32 190
387 320
151 92
90 267
260 352
176 157
105 118
333 356
21 120
384 33
275 17
304 132
440 357
19 172
386 35
361 219
282 50
359 209
171 35
353 51
229 425
95 46
45 217
91 349
367 417
375 429
146 355
375 209
48 131
415 380
203 397
96 88
17 356
440 364
28 18
115 234
305 74
351 186
95 12
281 69
366 344
264 304
231 416
336 269
46 276
294 54
357 396
76 380
87 225
341 118
219 20
120 285
20 260
290 294
350 66
111 443
275 421
177 208
243 221
429 430
91 274
25 85
380 162
256 379
181 313
440 315
227 175
447 239
351 181
214 168
403 50
369 25
441 316
442 73
340 68
99 193
149 243
206 364
292 215
155 10
343 449
120 211
163 319
219 407
201 112
107 170
125 156
311 6
228 206
370 210
101 100
364 104
161 29
432 321
92 239
275 361
351 180
378 12
322 81
278 434
383 230
140 307
391 289
89 398
213 136
384 421
355 311
227 150
46 308
435 293
296 357
239 289
350 113
199 440
168 64
373 165
268 318
324 18
406 68
370 249
332 168
13 325
407 268
279 394
95 79
211 183
265 415
262 33
370 94
109 398
105 410
132 395
365 82
34 287
392 145
381 185
279 31
363 314
90 235
111 122
372 136
207 321
353 201
230 409
333 305
312 114
257 102
289 4
59 363
221 137
71 208
148 331
157 137
94 301
24 186
395 202
303 158
101 103
44 353
341 194
174 208
119 384
2 288
289 126
184 255
352 217
40 324
84 252
298 380
409 148
82 380
329 49
224 6
395 44
283 446
289 162
228 191
67 220
235 84
380 38
117 343
68 86
355 226
158 127
294 2
372 355
115 391
371 151
31 259
100 55
331 47
423 172
151 90
27 93
68 200
277 282
208 254
263 309
307 85
349 382
285 200
172 69
437 326
264 32
362 160
58 151
406 384
176 177
304 360
23 100
286 49
271 62
423 315
196 343
54 221
210 206
8 17
320 170
350 240
235 106
139 429
196 401
13 446
113 261
360 283
196 287
371 67
254 80
104 258
349 183
25 323
48 15
78 49
130 314
47 125
31 86
384 311
415 317
246 110
403 316
363 89
2 306
285 258
286 307
43 263
209 246
437 76
192 342
174 445
157 109
332 378
217 447
157 406
78 331
154 39
4 4
166 233
99 102
89 66
242 236
76 1
210 447
264 136
188 318
449 216
156 332
204 171
106 295
269 257
263 317
39 437
123 159
22 220
280 223
130 141
261 9
386 56
262 427
29 137
435 100
428 50
413 216
359 214
265 173
391 14
174 412
145 328
304 336
12 142
393 398
231 40
416 248
260 360
165 25
124 394
169 124
118 13
57 24
353 344
150 227
160 359
5 14
333 400
309 188
51 34
348 17
332 188
107 59
94 274
60 382
317 22
109 126
289 233
166 254
248 279
277 337
262 40
249 363
103 89
68 235
269 356
353 169
357 120
110 223
213 101
368 247
278 426
301 174
173 437
210 110
418 333
441 256
9 310
370 375
261 48
338 322
246 45
9 35
168 190
137 324
341 270
295 49
374 327
412 371
205 400
177 135
215 372
104 139
55 414
283 212
387 59
18 25
153 324
260 178
438 174
13 225
166 54
86 442
289 292
88 428
282 217
19 262
220 33
247 20
274 185
361 55
191 294
290 52
11 314
244 335
153 127
215 201
388 58
38 86
57 198
150 101
360 331
377 119
39 294
80 401
331 179
407 120
377 62
216 269
212 108
346 203
254 51
344 264
444 43
329 299
198 6
199 35
243 34
191 115
205 438
333 135
366 350
377 205
60 216
258 148
93 214
77 74
125 211
72 25
18 73
176 399
66 291
387 228
426 180
440 268
62 292
410 165
30 363
148 345
318 339
74 28
253 75
426 218
421 162
79 181
118 245
132 88
332 404
169 348
350 430
242 205
443 358
165 423
43 393
208 281
31 183
417 149
410 137
159 112
22 145
326 349
231 125
178 39
239 407
262 210
22 381
147 253
317 369
94 36
279 53
68 370
196 295
439 56
185 155
357 347
37 428
78 223
410 220
389 350
206 265
358 116
186 283
186 73
123 116
255 178
225 261
45 295
232 193
431 85
242 83
425 287
59 287
18 48
325 352
62 240
255 367
19 98
71 410
448 134
165 325
118 362
282 88
446 301
367 398
443 64
166 255
82 96
295 108
225 289
218 155
342 190
437 437
261 307
42 358
167 1
449 271
95 350
105 298
348 51
136 77
86 189
357 342
54 70
284 290
169 32
386 370
167 409
310 278
95 91
376 276
412 80
13 2
417 260
333 134
27 118
449 204
399 370
188 325
432 111
433 425
354 311
270 166
323 275
21 432
216 242
326 120
41 328
129 233
168 96
204 123
300 379
86 166
244 402
64 316
364 246
438 447
276 62
178 341
423 321
397 28
64 181
115 361
450 38
332 285
340 59
212 78
389 399
65 272
1 185
111 121
435 431
218 387
294 153
302 153
1 204
340 136
334 47
105 232
29 254
366 303
185 18
95 6
67 3
21 91
230 186
54 132
20 3
81 153
404 150
47 447
285 391
237 10
92 18
148 190
382 233
165 208
447 95
89 39
209 3
144 134
131 369
367 372
7 424
143 263
331 227
34 237
403 25
71 253
5 58
424 234
55 357
172 397
43 292
242 355
306 400
88 363
281 340
11 76
0 189
96 358
261 211
128 210
18 432
284 63
133 74
446 158
199 380
188 40
68 162
319 364
211 404
149 258
46 414
428 407
93 267
14 284
308 423
11 48
445 231
409 174
42 11
287 434
295 198
19 102
50 58
128 366
427 88
237 134
165 181
370 331
415 30
424 370
181 273
64 124
330 15
167 217
160 47
42 328
204 7
330 380
57 83
355 72
366 79
359 187
278 150
362 202
398 58
94 421
104 323
233 406
86 174
403 395
31 357
279 110
286 205
67 218
86 88
42 296
226 183
65 247
153 412
31 337
201 100
22 133
255 318
358 303
13 151
81 363
388 397
444 345
194 230
141 429
295 443
309 373
185 286
446 110
359 126
209 364
18 193
171 4
394 427
397 402
132 352
57 16
447 430
47 366
101 358
389 162
243 431
75 169
361 286
97 99
259 95
1 38
44 96
447 245
141 24
220 419
435 269
332 40
221 270
138 442
349 162
182 12
104 267
90 94
130 443
85 373
35 307
97 30
397 20
276 88
145 113
417 37
373 180
316 4
368 103
335 380
291 197
422 346
63 304
14 416
170 78
67 222
321 107
88 56
402 330
129 236
276 388
161 235
84 214
175 4
131 184
335 114
262 282
152 33
350 373
79 154
410 66
26 440
63 47
219 47
296 244
209 203
205 216
288 5
9 127
280 324
427 424
118 228
165 152
22 140
333 433
184 123
258 361
199 350
390 436
333 314
89 98
149 212
75 407
151 182
327 202
6 274
228 344
34 242
111 5
324 250
173 248
400 392
315 380
374 242
296 12
383 101
422 390
359 446
201 223
76 245
424 389
132 387
369 265
391 425
179 128
12 254
115 85
65 391
324 29
292 154
365 438
197 72
426 352
122 50
94 123
445 428
182 13
33 155
206 199
179 288
150 70
340 131
358 239
369 380
243 64
263 249
438 64
36 278
422 278
91 261
145 401
270 391
351 389
316 304
445 150
309 154
415 342
283 368
435 39
87 89
15 270
46 164
402 384
228 74
223 177
105 34
150 83
336 34
143 307
389 375
51 255
49 278
160 312
25 98
335 95
92 372
186 291
180 18
449 441
275 381
204 340
440 162
169 201
220 30
46 385
153 352
356 140
414 256
13 267
70 189
258 400
420 155
191 384
216 238
173 255
232 18
187 39
244 237
197 293
181 332
134 365
106 148
47 115
96 267
423 330
178 308
441 413
225 405
139 220
13 173
376 101
317 2
360 158
306 106
54 255
249 148
72 346
281 126
343 33
260 449
253 41
204 176
336 39
203 368
258 300
444 307
6 132
120 401
152 220
28 439
163 191
42 425
142 310
329 267
313 335
106 362
282 425
191 328
429 341
101 245
372 96
50 120
48 248
235 426
172 73
204 15
393 68
171 42
273 230
270 94
226 397
70 299
80 319
24 430
400 187
132 277
184 125
363 401
149 382
63 357
1 271
145 428
132 36
417 336
254 354
95 168
111 139
376 117
316 425
254 376
78 443
55 113
110 72
189 89
146 104
338 120
170 241
433 246
269 252
140 116
273 107
261 178
447 21
132 66
195 19
167 345
89 157
256 19
131 249
384 116
116 325
189 317
89 55
60 396
174 430
39 435
23 29
239 113
103 391
184 256
420 442
155 279
310 3
435 88
89 320
209 271
139 386
436 230
142 419
25 54
231 373
421 13
174 410
400 354
300 61
71 101
406 412
214 165
322 432
192 440
364 233
239 203
416 263
426 198
60 412
0 250
217 130
259 314
237 358
290 406
168 198
258 197
140 259
341 241
164 45
186 275
329 164
194 232
352 434
147 374
145 182
381 341
439 96
124 382
275 389
252 418
352 127
163 169
348 424
110 32
276 296
181 44
136 313
242 104
346 262
46 161
102 151
333 392
2 432
169 327
327 109
82 422
136 250
258 394
11 391
157 405
8 448
180 138
448 35
186 31
201 34
115 146
425 23
163 431
14 396
92 327
217 175
213 313
250 265
268 449
38 102
290 53
401 141
42 209
244 178
176 132
393 251
162 108
314 215
186 37
27 94
204 260
46 317
421 351
75 112
157 205
133 319
77 107
258 0
127 406
339 163
43 362
174 32
241 248
440 291
145 162
299 363
259 232
30 148
150 431
173 230
268 253
311 2
170 121
232 211
295 121
198 135
214 59
118 394
186 65
43 248
36 450
293 71
154 436
41 255
14 94
151 262
372 28
6 236
233 376
391 0
64 350
36 422
386 282
158 336
80 47
70 53
444 335
160 168
379 341
172 33
249 177
407 373
387 278
286 356
360 306
1 369
273 409
255 398
12 31
206 9
260 322
54 430
201 391
273 263
125 191
229 24
220 53
148 381
291 414
345 283
97 271
219 351
225 170
358 178
392 187
118 363
297 265
143 246
79 289
201 255
274 249
91 152
232 337
267 24
193 99
262 445
45 255
3 229
194 294
108 88
211 145
253 62
377 407
179 154
172 310
124 137
288 439
34 231
268 356
437 338
362 143
65 373
269 90
84 404
119 71
62 205
28 71
250 112
254 188
397 325
399 39
250 158
414 201
123 184
372 399
338 41
417 15
291 129
292 358
384 286
114 240
337 365
38 229
424 360
159 373
343 258
255 66
421 275
116 422
229 266
107 420
308 374
145 59
303 413
349 278
294 410
187 244
191 238
351 408
395 48
191 118
293 43
11 26
78 23
54 313
307 442
360 299
77 415
142 367
249 188
411 417
317 435
5 24
400 253
224 400
118 26
38 354
120 265
285 42
418 173
186 319
266 231
392 113
109 361
200 0
252 412
404 217
319 359
443 118
430 146
322 259
277 384
40 159
258 15
2 133
317 274
192 14
199 110
63 445
443 79
421 254
282 248
29 229
436 436
351 437
262 370
376 23
231 199
266 53
200 250
103 151
180 271
245 421
53 315
62 245
54 191
334 285
424 82
195 29
264 436
164 391
217 255
270 203
253 321
167 439
156 109
257 259
445 64
93 16
33 141
243 139
410 13
156 22
437 220
99 381
130 221
175 186
118 111
337 218
71 394
395 5
336 157
187 149
124 189
154 391
407 90
32 217
264 8
127 300
250 322
386 135
221 305
267 328
85 26
54 360
345 23
161 425
164 197
16 137
301 86
388 177
113 135
374 281
188 46
85 430
418 158
437 107
141 300
313 203
43 449
64 445
64 338
446 128
392 188
442 343
241 94
395 416
391 449
98 401
441 239
59 91
405 255
32 372
424 292
391 316
136 198
220 256
399 170
139 81
137 303
236 2
437 366
87 143
46 4
365 39
286 64
21 396
152 339
444 68
153 221
398 210
263 279
223 364
325 249
379 24
26 100
30 294
139 166
312 231
147 386
238 121
78 258
224 177
423 421
419 390
324 323
271 49
96 1
106 283
432 227
94 107
141 374
172 449
55 185
1 374
63 58
359 121
83 38
124 449
15 444
379 114
222 433
422 293
63 8
188 290
89 215
286 15
55 66
280 213
400 309
217 272
426 177
322 239
374 343
368 383
424 209
235 65
58 185
61 120
28 164
124 307
17 277
438 92
381 126
39 336
24 70
28 109
105 59
114 420
371 210
219 53
438 143
299 54
176 0
228 310
222 5
32 16
56 46
46 348
439 238
103 324
321 375
264 41
79 352
164 443
40 70
411 439
161 326
371 428
22 122
339 54
132 103
100 16
415 255
280 92
199 102
244 2
126 409
10 354
166 305
448 214
240 390
242 321
34 30
43 317
273 144
153 335
39 63
216 118
88 404
400 207
248 239
111 75
221 253
316 172
239 1
102 56
430 71
389 406
149 387
294 378
223 437
147 113
74 432
385 419
282 278
25 265
323 364
292 448
277 86
106 424
229 77
361 5
375 67
115 87
31 304
328 315
157 123
216 159
294 218
213 421
208 164
156 207
316 333
413 224
309 33
186 271
269 415
288 326
98 245
219 165
177 302
371 427
316 36
424 44
350 432
38 275
31 220
414 387
84 333
449 316
242 224
332 81
4 389
360 428
53 106
37 5
198 394
434 328
211 229
277 108
368 392
16 152
414 228
373 339
414 373
67 7
103 277
184 46
347 133
43 22
364 123
239 72
150 76
425 302
225 137
19 223
339 129
5 432
373 160
31 153
80 65
180 3
223 203
82 243
401 94
268 355
41 271
253 436
266 421
126 13
225 295
9 268
263 435
260 389
330 309
130 419
150 53
402 401
20 0
88 130
340 171
392 17
245 50
88 272
24 349
163 330
350 247
321 411
55 47
395 13
102 373
411 188
127 400
237 188
159 283
370 207
95 43
36 258
341 47
56 138
439 204
420 271
144 177
146 410
292 147
235 160
375 308
225 310
162 420
73 191
412 32
28 66
14 429
158 12
391 151
417 397
203 354
216 181
338 382
386 265
128 83
129 72
277 92
162 163
17 290
224 27
123 24
128 101
171 330
39 154
185 338
281 243
138 411
246 381
396 257
289 263
199 383
279 323
358 357
277 100
338 172
134 195
338 445
377 117
5 286
351 223
424 97
336 219
354 198
202 265
278 289
40 3
297 428
194 352
424 80
237 391
340 33
62 162
89 395
359 371
33 251
393 260
328 250
118 270
407 312
124 172
284 309
18 419
194 313
197 204
256 226
177 211
55 346
118 447
139 402
216 362
269 164
50 167
86 182
79 178
202 371
164 196
351 305
306 205
125 450
358 3
282 270
130 323
174 135
189 305
300 268
418 347
65 210
173 272
47 350
68 414
253 261
321 413
419 305
205 442
289 87
334 387
401 419
59 49
421 373
31 240
157 163
66 67
64 87
123 73
7 386
34 191
396 36
65 147
444 23
114 127
426 52
74 51
401 92
293 183
390 363
2 311
326 2
22 265
20 88
40 335
252 153
162 184
228 429
87 408
51 341
236 286
4 66
237 346
277 148
286 282
435 112
418 403
156 245
255 54
251 113
76 200
419 397
44 439
226 82
199 413
140 360
359 278
246 373
36 342
24 422
1 42
388 208
10 149
32 450
195 257
142 37
24 203
314 91
350 376
432 411
61 10
169 315
23 157
79 444
9 30
210 128
147 47
328 367
278 269
9 13
144 55
107 114
368 176
128 245
290 361
185 107
189 11
444 212
224 192
103 158
25 316
295 6
283 317
50 214
168 55
368 434
12 417
88 236
90 122
289 424
113 357
367 342
57 165
375 236
339 223
317 115
120 139
49 342
107 361
210 290
113 139
298 286
247 262
353 447
344 266
52 127
275 77
279 210
260 36
355 261
332 391
12 155
22 248
155 167
414 6
139 73
0 87
141 3
287 138
349 9
288 435
355 10
355 130
336 237
55 312
208 322
79 112
431 18
338 193
192 427
127 154
336 101
344 77
84 446
90 351
448 113
321 174
247 123
279 388
16 160
332 396
86 439
268 417
174 120
251 226
300 22
103 72
225 38
50 354
375 210
165 438
176 128
137 327
95 8
295 300
198 85
368 389
395 284
407 94
33 225
0 406
35 378
370 128
92 39
331 323
447 27
347 296
111 316
169 98
342 339
377 318
359 377
109 220
94 43
246 389
118 5
82 279
444 413
372 376
427 242
78 77
225 245
17 289
216 447
346 301
369 173
353 335
78 314
3 429
361 242
218 327
61 431
369 58
101 375
86 370
197 419
174 31
171 122
319 267
323 61
409 69
153 191
65 211
303 272
304 185
164 370
420 309
339 188
355 339
370 348
396 56
32 307
187 140
87 222
61 207
281 302
171 187
288 155
363 258
414 29
194 304
83 106
384 337
257 253
38 344
199 422
283 428
27 99
437 284
42 281
365 233
434 399
191 176
185 163
444 262
60 0
381 154
424 79
207 260
50 418
439 187
95 284
79 54
335 325
419 79
366 123
331 21
386 142
415 203
45 71
361 61
104 103
63 146
235 352
306 387
276 278
192 112
22 242
395 22
48 428
263 351
396 178
303 281
350 443
354 279
211 10
40 151
429 167
176 362
306 361
231 275
263 310
383 45
379 267
339 370
345 311
253 27
419 302
224 189
436 151
330 347
67 299
441 262
13 300
274 78
192 270
21 262
5 31
118 347
446 89
446 32
305 55
205 318
263 98
396 207
75 258
28 243
100 156
53 207
96 63
21 204
89 172
141 101
422 340
69 179
137 341
96 291
351 161
240 181
160 420
328 272
315 420
273 140
155 2
223 73
52 231
342 250
352 67
58 73
165 317
435 289
188 324
112 116
321 309
170 267
76 125
172 146
17 405
433 448
5 346
229 265
234 283
71 368
171 121
172 389
38 212
15 325
210 57
266 344
45 429
439 404
226 194
419 151
215 335
37 8
323 55
122 62
178 220
363 8
282 396
0 80
236 274
12 294
182 374
217 211
275 417
156 257
99 31
297 189
133 419
191 392
209 254
336 51
199 198
95 408
215 180
13 104
118 397
321 150
355 357
90 121
235 433
188 326
150 104
57 323
349 431
381 361
115 188
213 11
149 115
247 255
342 340
28 363
250 291
404 450
392 427
287 221
139 29
300 258
22 197
152 439
144 434
56 303
85 317
419 318
99 368
238 245
138 198
343 277
175 81
162 379
155 351
196 336
112 243
7 246
74 63
173 322
331 251
57 295
428 118
426 140
126 165
146 194
230 270
219 352
370 292
425 28
357 300
315 376
445 75
334 409
382 246
376 364
199 337
45 337
252 143
274 429
408 158
22 382
322 149
111 399
301 343
437 360
128 346
283 229
382 134
229 398
115 294
68 112
240 194
361 385
361 379
407 128
26 157
88 350
438 446
328 0
338 325
203 311
14 233
391 245
368 8
443 334
62 324
10 195
221 90
156 310
78 274
414 33
311 361
57 36
314 92
379 213
71 59
407 341
448 443
85 184
316 152
221 368
189 68
146 372
422 332
107 148
231 263
297 296
108 388
274 245
278 331
381 443
308 77
328 37
93 155
167 203
63 327
175 430
433 5
348 11
381 276
125 352
446 349
47 177
439 265
147 80
154 268
86 89
379 378
419 295
95 332
196 192
194 217
401 161
91 100
262 148
300 282
82 403
389 348
166 277
192 266
377 82
318 198
159 364
194 210
152 224
427 342
193 269
44 399
182 220
26 364
221 21
396 234
251 125
113 193
425 40
388 6
104 19
426 288
183 414
27 385
391 367
199 228
140 99
411 384
118 106
431 32
229 233
131 316
61 85
169 90
74 447
279 169
297 161
160 411
79 445
10 203
231 109
140 364
50 342
75 387
223 221
33 444
410 56
195 232
71 233
286 211
317 103
405 120
167 249
11 277
7 12
161 322
237 160
212 114
302 245
427 405
200 297
58 418
15 16
327 138
17 134
182 303
270 214
25 67
144 404
317 47
400 132
401 323
163 80
416 268
33 393
380 330
19 373
197 440
77 169
394 410
133 345
375 261
202 376
332 78
310 335
126 324
289 161
378 337
196 317
188 271
409 383
164 433
111 442
399 317
6 48
117 237
32 161
99 268
376 198
414 48
25 302
295 316
271 199
407 237
119 414
53 134
275 99
177 278
187 434
106 77
413 393
63 184
36 175
377 43
123 27
336 394
173 160
8 27
430 180
139 179
5 7
169 223
302 234
326 126
336 325
72 268
284 396
194 147
12 236
128 339
265 290
76 312
263 96
450 310
18 389
422 34
394 405
188 159
394 83
65 448
324 59
107 11
283 167
118 300
195 94
59 419
19 19
236 186
213 445
25 84
436 39
182 431
59 306
362 440
206 126
78 363
357 197
220 229
388 130
256 331
378 226
332 193
16 146
278 213
79 277
48 427
395 297
436 0
89 364
33 388
143 209
60 59
362 217
329 115
306 181
151 243
323 44
445 413
310 438
390 143
265 156
52 313
105 19
189 318
357 257
224 361
114 419
82 205
171 184
404 433
359 296
334 11
443 292
133 433
353 326
53 421
42 46
114 153
73 402
375 7
346 151
154 215
271 128
357 203
411 265
250 29
362 125
413 118
96 394
417 245
121 223
272 295
282 82
301 359
382 191
332 323
167 324
214 74
127 248
405 92
352 246
286 107
129 307
52 79
31 435
147 159
9 346
141 315
2 333
133 98
440 373
119 279
109 379
236 145
424 116
440 58
62 364
57 176
413 127
341 71
158 370
374 239
195 145
113 326
154 116
290 391
302 214
282 327
47 438
27 389
345 353
21 429
31 372
399 367
122 412
115 71
61 25
307 62
356 270
167 50
426 201
181 41
261 447
331 128
337 449
254 147
94 207
294 62
87 273
393 153
228 38
329 204
385 450
137 315
5 349
167 29
86 242
95 196
289 234
18 160
351 300
310 396
267 98
24 274
240 411
279 237
16 129
204 184
379 284
351 444
149 40
47 418
230 386
45 197
8 161
73 370
374 289
53 427
220 187
246 121
239 341
142 9
344 185
230 78
243 55
112 89
102 275
436 266
374 263
270 395
255 410
408 204
265 358
7 363
384 82
280 296
391 349
442 109
385 74
229 298
431 98
275 374
444 252
132 244
292 431
255 373
192 229
255 231
372 287
345 337
413 85
233 36
226 412
84 352
31 231
101 287
261 221
144 343
62 163
232 222
89 139
8 401
401 97
130 241
43 139
188 394
371 79
273 408
1 435
317 263
2 28
188 155
225 429
226 332
64 257
263 100
84 272
59 130
348 230
11 136
170 163
3 151
352 155
421 95
237 251
211 303
258 57
3 249
311 3
224 37
260 437
130 446
221 173
112 277
375 300
332 16
14 51
292 60
435 398
385 346
169 293
399 320
426 394
102 232
405 328
432 116
27 262
202 391
37 396
333 190
57 444
243 123
41 1
86 217
250 442
267 342
243 371
421 288
23 362
85 96
119 210
258 152
357 126
142 76
253 56
415 157
35 386
163 289
227 324
409 162
187 40
112 316
125 231
380 198
186 346
142 257
191 406
60 426
413 59
47 51
35 38
132 260
186 163
340 0
232 131
390 352
428 131
444 289
140 330
5 176
6 93
379 111
234 418
32 431
325 276
21 53
334 315
85 286
137 137
88 199
448 264
17 183
240 137
253 40
365 25
266 424
129 323
213 346
131 155
368 65
161 267
154 127
357 297
36 345
287 400
441 130
333 204
410 381
272 369
248 105
237 254
113 26
155 358
364 442
245 228
405 377
98 380
31 102
15 132
282 227
321 12
381 200
279 350
402 121
50 194
256 124
412 288
306 63
149 134
136 424
149 41
54 96
59 37
146 154
365 33
4 109
279 130
8 248
417 93
53 179
70 364
405 239
95 390
13 223
149 366
299 409
431 78
310 108
79 258
436 211
92 245
445 213
107 130
48 412
426 358
99 0
402 129
62 92
314 276
117 81
140 130
263 195
179 419
90 152
112 437
183 12
287 264
229 201
49 300
260 191
74 242
411 79
281 141
29 345
40 253
90 117
153 278
102 351
386 327
11 111
83 245
409 166
386 224
384 277
214 58
70 40
435 22
323 162
409 78
311 352
22 430
388 40
157 37
421 287
108 13
344 373
374 241
229 207
274 158
325 152
269 113
190 143
310 295
36 235
171 102
118 170
188 223
59 391
13 378
71 204
302 96
168 156
328 265
428 195
193 420
339 384
427 357
50 265
60 211
392 8
406 295
148 350
235 359
16 140
197 275
442 380
88 354
278 108
151 351
1 437
275 319
14 77
36 65
416 388
139 358
361 56
127 294
187 320
416 243
22 327
140 393
340 160
10 61
280 65
264 148
73 269
272 412
230 350
389 200
328 317
83 362
172 132
196 116
285 30
354 116
193 289
304 155
161 274
232 294
342 151
185 135
95 268
373 268
29 296
2 179
98 366
36 103
263 250
171 21
245 411
45 392
418 442
275 118
306 404
222 197
242 197
285 260
279 193
320 147
302 93
65 52
211 137
436 98
139 114
110 51
204 222
228 183
101 315
14 288
68 89
371 130
321 21
366 305
310 196
156 196
399 5
385 93
222 173
390 137
445 23
234 360
17 84
282 254
165 386
429 279
180 257
73 7
262 201
72 155
114 99
184 135
360 152
216 265
19 314
161 446
226 308
248 360
100 167
163 254
266 371
393 171
390 298
29 265
441 59
214 147
60 256
449 153
257 104
26 162
206 122
297 407
439 305
389 220
68 202
64 440
181 375
439 189
236 411
372 432
22 278
437 108
40 274
421 382
357 196
262 265
340 372
416 36
243 42
364 356
294 303
225 187
206 37
266 161
7 318
374 42
104 303
14 70
42 26
94 141
251 187
79 139
310 395
136 79
54 298
351 70
84 311
85 343
345 62
149 438
179 276
152 175
4 289
304 399
438 399
304 216
418 1
274 164
183 411
94 97
85 414
122 220
63 292
61 125
385 380
46 253
106 194
254 334
3 239
321 144
300 427
449 324
413 87
299 197
88 231
117 347
275 196
191 156
371 122
82 139
79 409
271 419
446 307
108 185
95 40
82 194
187 335
316 268
260 313
407 314
225 68
392 135
371 120
333 227
141 99
404 313
344 243
153 377
91 323
417 356
214 108
79 115
109 432
384 301
99 239
287 174
41 22
289 170
82 254
418 89
377 59
230 49
332 175
395 209
447 203
127 235
129 327
22 195
202 119
54 439
370 403
261 353
252 341
178 271
449 264
182 183
165 31
259 112
131 81
272 34
313 135
53 304
336 100
309 92
85 336
15 157
240 302
362 193
386 193
50 269
79 382
28 340
256 48
11 25
248 18
277 231
5 235
58 148
206 127
76 231
58 16
120 293
296 59
312 136
132 69
69 94
47 26
41 168
47 44
1 48
43 319
131 297
272 15
116 282
189 73
399 83
15 417
276 92
336 261
263 30
72 429
238 302
348 44
75 93
290 199
301 87
143 294
337 25
86 424
80 249
254 425
390 324
155 432
10 158
107 415
233 135
364 203
20 392
267 323
89 20
238 286
317 279
71 144
111 124
74 214
151 260
268 435
248 344
236 360
61 162
223 83
81 48
37 343
253 25
322 341
170 186
71 203
198 354
8 45
60 446
42 93
25 372
148 441
241 175
445 182
282 55
446 51
109 268
352 112
394 186
331 271
149 325
392 195
126 189
376 242
430 330
90 314
201 158
281 153
193 136
365 217
15 420
206 443
25 214
244 48
224 191
204 299
183 419
417 439
315 17
169 137
201 359
235 334
145 201
228 212
20 63
206 239
89 335
5 443
417 403
402 442
307 127
399 286
102 322
439 239
282 351
333 380
112 374
63 303
201 56
332 398
405 250
257 361
127 277
169 317
21 167
289 389
361 325
291 20
355 279
205 285
22 70
337 432
117 57
374 324
215 413
307 100
122 375
17 206
231 90
75 80
208 408
243 93
59 405
11 301
266 73
327 380
423 334
316 263
124 86
160 341
238 320
199 322
111 211
400 134
331 63
95 312
145 305
85 22
372 120
72 80
17 12
26 361
41 331
56 25
62 444
404 447
175 143
32 318
413 320
171 403
443 181
303 41
347 332
28 184
112 158
438 178
230 45
111 61
385 83
69 347
289 300
348 240
190 224
186 129
370 257
362 135
7 169
154 162
214 408
184 62
149 55
211 380
419 366
299 392
179 389
51 49
226 143
127 164
370 105
234 78
5 169
355 205
367 264
255 447
449 97
317 371
160 104
403 284
185 389
76 309
208 152
92 175
450 365
110 361
375 45
403 77
412 349
381 131
406 157
249 155
195 192
106 438
366 444
149 321
200 228
129 191
326 154
168 443
14 407
29 162
328 67
379 296
380 258
406 251
429 100
410 240
63 262
192 306
30 415
174 268
279 121
420 390
134 204
369 236
380 345
174 43
372 450
350 207
323 180
445 226
355 273
441 182
337 52
328 288
27 263
389 409
372 318
371 266
445 334
158 408
187 338
364 259
319 309
30 288
165 345
136 45
188 357
322 311
303 14
182 239
281 381
44 254
355 18
128 225
62 268
282 54
33 162
404 268
355 248
69 166
339 127
292 141
88 83
405 84
1 118
198 184
424 310
386 384
363 121
317 20
435 113
77 125
313 56
340 88
134 270
134 140
249 234
127 69
407 308
204 329
227 440
68 76
372 51
219 122
284 192
55 44
249 99
152 420
335 103
53 268
74 114
437 291
14 419
237 357
444 35
49 227
171 205
293 181
140 90
135 420
389 316
68 0
74 10
96 2
282 341
109 23
350 221
243 77
138 96
399 197
319 165
402 22
59 60
47 278
257 151
52 67
142 404
84 182
267 52
336 427
7 216
413 159
4 388
307 398
117 240
180 211
42 76
29 301
32 94
122 127
185 93
363 3
22 20
140 129
118 334
425 151
246 257
193 73
119 273
162 175
402 113
296 210
24 411
404 443
224 243
170 388
403 312
336 134
311 348
436 275
367 180
178 34
345 186
30 212
125 289
301 25
106 137
91 429
47 31
309 204
196 348
148 25
180 423
391 169
413 152
187 396
421 82
68 100
286 17
321 201
96 350
251 0
44 337
135 385
310 127
41 441
317 275
315 12
12 314
21 80
383 421
419 126
430 335
427 306
172 393
200 346
88 397
366 296
99 192
426 342
428 39
182 221
212 224
372 347
107 157
209 164
429 333
81 4
281 257
359 7
128 229
349 193
287 366
229 100
82 382
92 402
359 329
125 398
17 43
186 307
408 23
195 169
49 218
178 262
50 422
179 295
250 221
393 319
295 14
272 275
50 59
245 51
284 447
342 64
262 326
213 429
382 15
166 286
207 304
108 172
301 429
55 0
227 413
385 378
430 37
25 35
350 239
317 419
79 307
271 349
187 251
105 434
40 155
381 332
54 15
356 89
340 53
403 440
141 86
70 278
300 204
140 234
58 34
7 171
162 7
72 70
350 145
176 61
24 222
190 304
400 115
143 65
312 330
390 77
158 422
72 120
231 186
53 214
314 120
334 18
40 77
169 154
429 67
39 216
68 53
170 307
368 279
235 78
101 342
436 397
379 194
144 334
237 128
114 353
276 363
268 343
226 411
330 252
389 33
251 198
142 246
75 421
236 171
272 358
387 340
355 107
145 163
37 285
133 7
237 139
302 138
264 305
50 5
83 154
244 445
441 93
437 319
50 374
244 206
411 304
100 26
128 277
51 194
237 438
301 213
301 406
3 445
50 22
208 307
440 266
88 143
54 145
320 352
189 81
360 393
82 209
219 377
198 234
280 383
7 6
177 256
319 234
51 411
16 283
83 40
189 25
232 274
310 268
197 24
7 292
50 231
36 265
272 400
179 401
57 3
300 245
256 277
227 276
428 433
307 380
296 275
250 329
215 115
208 235
219 179
266 43
280 68
331 292
265 301
166 354
392 385
9 328
227 152
140 382
402 408
29 1
59 266
68 133
179 62
221 219
372 69
142 68
116 216
383 284
102 34
430 85
410 273
93 116
416 441
24 185
130 264
165 50
267 277
99 299
100 114
332 337
20 365
329 399
250 57
340 63
27 223
169 23
3 261
256 323
299 125
86 322
349 361
100 137
263 273
338 2
85 297
185 67
56 439
163 362
195 138
84 442
408 339
135 121
69 400
242 440
56 12
162 190
95 340
5 112
266 27
156 361
26 21
204 428
439 447
121 312
97 31
98 395
194 394
66 252
21 359
246 242
186 407
20 158
5 413
280 322
272 443
270 105
370 376
344 47
220 441
135 202
391 312
381 56
439 334
344 405
208 442
268 227
109 295
297 119
23 110
72 313
363 80
279 62
176 199
256 300
305 1
208 315
269 326
252 240
53 342
144 425
147 281
317 77
111 317
152 84
414 35
339 153
160 152
70 375
220 303
389 419
98 223
113 344
347 397
442 433
375 234
199 149
278 338
309 439
180 222
402 76
72 259
290 47
372 397
216 194
119 413
227 396
289 145
71 67
165 51
30 261
126 352
311 0
291 61
353 114
373 309
197 91
235 437
421 94
80 349
24 157
381 165
117 291
165 19
259 162
18 2
83 81
118 109
141 260
82 383
189 319
426 61
249 202
378 115
99 114
444 4
37 184
34 80
190 44
440 229
155 224
203 364
407 361
64 70
437 317
127 130
206 64
223 227
204 10
5 425
325 381
182 179
14 315
241 410
138 99
437 190
70 347
239 326
421 368
30 153
210 131
216 403
16 76
275 447
381 196
425 391
397 444
269 103
289 194
280 367
341 320
57 271
235 403
232 358
23 88
236 263
101 254
182 314
167 133
142 53
44 184
91 262
63 390
145 425
397 95
248 37
392 43
407 142
110 393
431 146
261 60
366 222
305 311
324 426
68 167
393 274
330 147
180 209
245 267
81 156
108 131
314 36
161 344
237 356
357 87
325 32
186 61
303 314
163 143
161 142
150 289
207 38
431 261
425 399
174 245
266 402
394 256
409 179
137 309
206 345
104 449
159 259
406 398
112 198
388 187
347 7
94 230
284 318
201 446
222 205
0 52
393 360
50 29
429 364
20 155
385 373
324 175
153 186
140 199
145 137
142 266
237 343
29 389
319 426
245 251
315 281
344 229
410 139
78 219
14 82
253 378
69 233
450 183
446 35
358 346
347 404
13 264
276 143
391 258
104 154
275 164
138 444
11 339
65 347
50 401
27 65
82 79
380 441
333 222
442 165
50 186
367 325
254 389
382 294
392 198
142 422
390 407
386 201
251 344
254 16
237 170
216 67
353 318
117 253
270 58
277 113
437 403
212 339
173 383
131 231
312 226
290 382
163 17
147 198
130 304
434 317
348 366
426 309
446 380
229 15
337 369
335 18
87 69
9 233
419 44
122 392
419 345
413 253
263 416
402 102
162 127
58 338
53 175
51 218
221 19
28 169
207 272
228 256
179 250
256 129
353 238
106 40
253 399
131 342
330 3
391 138
365 47
77 187
337 242
154 316
412 91
102 417
318 173
151 54
302 145
36 225
383 115
253 234
73 352
304 188
7 415
402 118
204 106
218 189
413 413
160 76
25 16
23 146
123 12
398 90
214 347
285 278
149 261
335 269
10 194
174 212
209 244
206 285
166 399
115 387
407 300
79 200
218 208
221 233
164 78
162 123
174 399
301 355
387 15
35 425
52 267
16 425
182 287
399 429
223 27
161 440
157 366
70 304
450 285
356 383
66 52
288 2
348 189
140 349
421 132
272 438
145 170
337 311
103 302
148 62
328 9
194 190
28 198
371 85
356 314
284 420
264 119
130 92
100 374
244 336
55 38
336 417
353 99
47 354
319 393
18 104
82 372
257 416
147 51
351 143
285 383
334 232
413 421
341 395
441 154
348 228
386 239
421 231
377 209
369 195
371 60
17 151
330 206
419 190
32 276
355 103
189 423
128 206
335 40
20 308
407 423
104 73
194 214
151 13
3 398
208 357
165 257
200 253
185 174
289 224
207 147
283 242
378 258
372 390
408 346
372 370
346 50
305 91
335 421
322 164
119 271
198 326
125 81
426 404
195 303
299 194
7 432
177 403
319 444
444 268
17 287
226 73
405 4
171 448
214 415
387 287
401 294
287 118
158 196
449 306
117 283
219 274
355 397
327 444
438 322
253 69
137 41
425 406
165 172
262 229
292 181
217 375
348 234
133 270
44 223
130 107
277 374
66 270
293 37
357 7
209 320
375 229
352 35
232 75
150 445
102 390
140 358
91 171
8 73
33 446
120 438
449 385
37 151
268 414
328 357
249 438
293 145
89 119
247 53
399 212
385 136
385 395
182 77
21 255
144 419
391 327
252 420
349 416
250 319
194 410
179 411
146 363
289 62
42 276
333 332
115 3
434 433
263 350
267 174
28 35
99 438
227 362
193 422
234 165
24 446
133 354
195 71
174 119
115 170
400 166
112 248
144 395
33 168
142 299
424 171
322 0
56 281
43 158
352 440
249 336
238 263
445 135
326 362
134 12
273 24
167 448
85 291
261 74
32 233
411 276
115 35
334 375
281 282
429 399
283 96
33 170
36 357
80 293
10 286
232 127
5 189
54 74
134 269
18 23
348 215
195 5
135 60
77 442
86 403
339 293
305 278
210 173
386 36
373 88
158 113
261 25
208 56
226 317
330 7
373 3
354 350
258 61
110 216
345 178
51 221
363 190
268 86
396 48
434 4
30 302
142 88
218 115
302 329
432 425
168 260
412 18
377 263
332 408
3 344
6 255
347 29
409 103
46 327
255 314
417 444
17 211
366 364
29 163
306 223
423 51
254 67
312 390
127 107
418 429
369 139
40 254
445 220
442 156
89 325
239 132
320 180
384 260
299 148
308 3
397 316
187 359
130 121
302 15
326 29
71 420
272 247
362 334
147 283
180 92
310 84
240 61
399 115
10 447
336 295
330 352
270 420
262 249
390 309
382 211
239 43
90 159
321 418
293 427
13 222
15 4
129 95
53 362
334 195
197 39
64 394
228 385
81 446
153 365
305 159
287 362
221 226
417 31
278 13
71 60
178 122
349 242
125 112
355 326
343 88
242 210
366 42
349 319
205 334
362 360
34 261
53 82
406 284
166 153
72 323
356 216
62 98
286 450
142 290
20 241
185 102
265 49
237 106
43 105
410 342
390 360
76 377
53 81
218 338
222 114
329 38
3 380
303 28
392 359
176 187
82 115
326 279
374 176
413 175
426 145
401 416
128 386
101 261
316 286
196 303
285 232
264 176
331 429
379 273
367 158
379 323
78 25
68 393
63 164
9 293
38 254
299 184
2 188
112 367
373 234
135 391
312 211
330 50
308 395
361 187
304 443
239 35
212 274
80 84
154 53
242 3
237 0
431 13
175 421
249 287
269 112
95 4
385 230
190 14
101 148
68 281
87 137
112 238
338 429
84 23
217 127
206 295
363 139
300 102
267 76
206 427
169 386
381 441
257 8
356 250
163 444
255 56
220 317
311 416
400 255
156 329
2 122
444 175
208 134
402 178
80 278
42 57
22 150
174 417
272 313
444 193
242 280
185 189
419 435
41 369
152 386
122 386
95 71
151 99
407 405
234 389
215 172
300 167
150 405
42 268
274 168
437 399
190 361
193 202
319 380
236 304
91 148
269 69
251 217
386 383
3 188
13 381
293 275
357 4
75 33
391 242
239 159
290 129
314 369
447 93
0 237
415 419
72 339
291 250
137 337
182 122
274 358
80 266
1 305
169 296
168 318
223 30
353 316
271 304
122 209
303 306
34 391
410 219
391 423
183 1
60 185
46 234
296 41
86 397
391 134
287 272
278 267
168 93
161 48
148 127
74 85
243 41
62 30
307 190
350 366
338 317
203 272
21 205
213 222
450 7
274 216
203 443
253 228
63 65
194 386
370 418
37 143
267 113
162 21
132 124
353 6
42 258
111 318
23 49
387 361
127 139
236 30
376 113
41 171
380 110
257 10
34 232
284 167
147 235
391 392
62 331
424 441
433 219
392 317
110 188
250 424
272 297
162 226
374 435
20 121
185 361
67 88
335 59
105 151
198 141
445 448
371 401
419 83
186 335
64 169
161 139
259 330
322 401
95 293
417 86
238 236
12 55
333 395
206 46
88 39
265 20
0 431
428 426
62 227
345 29
391 13
156 221
178 191
296 222
414 430
125 210
439 206
284 116
287 312
393 383
165 137
192 409
103 7
4 220
44 113
432 85
418 18
323 366
322 337
130 212
159 234
434 240
116 102
413 334
125 129
246 82
105 278
12 355
323 7
420 125
351 48
296 401
119 200
68 252
74 32
369 20
390 318
313 450
246 137
53 327
57 113
333 233
81 439
105 346
158 273
28 267
56 326
51 248
30 219
264 280
176 433
372 152
68 447
215 302
319 84
220 198
360 83
47 293
83 111
98 123
167 128
403 62
426 294
204 54
186 290
242 105
438 334
127 204
298 255
447 185
138 25
278 353
43 61
228 35
258 172
450 10
77 71
26 438
291 351
321 297
330 170
166 383
361 113
18 399
328 104
401 55
403 94
383 19
304 75
79 311
183 315
174 305
409 343
318 108
58 307
268 53
333 128
381 425
231 327
216 167
251 430
405 269
139 447
309 421
414 158
88 311
310 288
22 388
436 435
95 50
219 185
307 231
36 48
280 429
24 84
407 83
240 278
423 417
448 320
221 108
388 297
424 42
253 337
147 66
358 134
136 328
133 273
233 331
243 184
273 353
442 204
153 120
285 431
333 371
350 392
333 119
410 281
77 418
71 46
5 159
210 154
385 321
153 114
48 122
432 289
197 349
44 47
204 259
348 24
371 70
303 180
110 343
163 10
214 307
416 205
246 56
46 291
117 120
151 287
322 348
119 122
409 234
222 338
12 264
142 191
257 193
203 225
164 77
401 386
286 361
260 83
339 114
387 442
13 148
272 447
365 19
240 326
64 432
409 54
300 397
374 105
363 129
340 321
437 275
124 164
188 138
445 149
284 46
282 257
117 390
340 166
37 17
147 16
208 163
41 61
13 1
40 133
422 295
81 381
111 294
162 271
55 402
128 434
122 408
381 319
120 73
370 398
248 202
276 40
73 265
312 78
3 438
277 140
53 377
365 432
230 1
308 153
104 34
345 412
35 282
37 345
388 296
147 267
33 308
261 251
219 243
12 246
64 397
294 133
12 338
207 155
113 429
107 305
17 384
128 275
349 383
360 136
210 330
414 163
414 219
197 142
11 431
377 249
364 313
287 235
10 275
228 243
255 114
198 315
3 79
364 180
80 6
179 328
102 192
178 307
88 92
324 386
194 145
395 225
355 325
32 78
282 449
136 280
317 302
419 45
159 329
78 242
353 237
56 428
298 339
323 395
302 54
431 75
448 446
46 91
366 151
211 71
404 252
38 443
141 251
280 423
180 175
61 343
48 104
95 72
254 281
280 382
119 72
31 125
317 129
296 408
110 25
154 134
445 229
2 330
431 169
152 325
97 300
249 445
60 238
375 35
371 330
94 328
91 111
118 90
117 10
41 169
325 204
248 386
69 254
332 105
113 210
406 101
448 342
161 248
370 363
261 402
236 50
162 73
198 380
401 289
91 19
60 361
45 17
27 285
406 331
16 309
166 355
383 53
331 286
6 336
399 378
227 49
97 134
224 330
10 401
276 237
70 314
361 377
16 394
247 431
298 102
304 232
230 381
48 159
46 288
72 257
28 390
119 296
250 148
420 185
175 200
352 424
177 32
134 208
35 107
432 51
103 149
375 413
41 47
195 81
346 112
310 78
14 415
361 70
284 117
336 30
207 423
121 167
82 200
414 46
117 106
84 186
200 410
315 357
76 112
361 47
46 60
341 54
423 431
447 254
244 277
417 176
300 128
316 328
232 78
65 320
221 329
254 215
44 412
128 49
363 281
63 0
45 97
368 209
20 55
285 193
440 20
357 449
133 39
248 192
136 122
35 190
216 272
124 276
259 133
273 29
226 166
402 363
437 428
92 167
306 238
423 41
432 22
120 428
329 270
81 273
220 189
423 225
71 111
0 249
306 413
41 71
288 200
152 241
349 442
334 72
153 314
305 252
447 341
437 396
16 15
392 88
16 317
84 157
68 147
190 60
193 347
147 44
254 303
115 377
368 302
123 371
145 364
6 186
146 341
148 173
108 198
397 282
90 185
367 381
120 138
355 176
155 126
429 38
426 36
442 266
85 147
385 352
26 228
28 261
360 318
122 54
183 0
296 95
245 74
107 286
402 278
112 336
68 50
385 295
23 8
450 284
258 211
429 198
351 424
385 2
396 350
442 191
35 250
420 132
403 134
313 162
260 220
58 218
87 441
221 347
111 261
429 396
406 279
40 62
162 270
276 373
146 70
295 113
302 60
23 241
115 135
137 278
96 370
382 35
410 267
406 316
42 141
28 378
364 154
260 171
404 328
95 120
430 286
340 255
160 150
150 439
27 107
320 129
29 217
58 422
437 371
178 396
220 200
90 127
205 365
64 263
46 204
301 274
35 212
61 59
144 409
334 431
335 45
162 219
356 145
374 340
381 384
302 85
35 400
232 67
266 415
255 426
234 178
309 337
395 368
243 334
371 344
6 147
369 129
187 235
79 68
151 81
434 438
141 162
194 108
76 212
68 150
25 370
276 350
322 197
64 354
240 431
271 51
416 444
160 331
247 180
422 170
143 83
62 259
171 248
95 258
131 252
154 96
404 147
364 178
118 186
382 345
37 383
44 302
310 279
275 145
286 423
70 305
420 168
135 407
199 173
354 330
39 325
115 119
59 48
278 309
246 405
15 365
144 435
222 277
448 136
223 291
297 186
405 49
107 65
222 145
38 232
287 425
342 361
260 239
24 372
6 218
276 320
2 345
352 135
143 343
406 317
329 116
23 52
318 182
239 442
53 444
309 74
264 5
107 429
4 86
348 147
219 364
450 127
382 367
323 334
383 17
319 242
23 425
133 247
281 250
28 172
424 357
36 159
36 81
101 221
187 439
180 318
105 213
43 218
102 273
165 20
135 255
438 147
56 254
273 402
255 291
353 340
263 37
58 390
89 430
221 387
215 165
331 377
255 194
280 137
146 338
308 191
35 148
369 243
184 217
266 100
303 420
122 302
419 58
228 72
176 396
201 8
60 17
400 448
437 370
382 283
75 31
353 23
308 242
172 442
126 217
178 250
337 71
206 214
100 394
437 359
134 154
98 272
395 41
234 293
278 228
189 347
109 42
362 181
270 107
335 46
23 128
161 187
284 112
416 385
338 274
191 225
425 319
269 315
228 65
282 132
255 272
43 0
283 124
139 430
67 122
4 135
338 20
188 71
240 260
299 303
348 39
294 376
309 102
430 321
88 408
79 113
160 222
58 179
81 247
167 313
224 346
377 25
406 286
368 244
302 172
86 405
389 332
370 395
409 213
12 22
89 252
231 266
10 444
287 311
231 13
335 161
332 111
73 314
138 125
303 141
56 157
296 431
312 102
353 443
254 262
112 31
163 57
289 81
239 448
187 416
1 211
202 51
339 39
229 253
383 82
35 398
235 335
54 391
124 432
261 43
3 243
225 166
212 286
186 230
145 419
443 139
157 423
390 37
328 322
318 205
176 31
58 223
147 273
421 23
147 423
13 279
353 200
438 368
326 368
111 379
84 224
238 13
26 360
199 43
212 399
413 153
393 204
324 443
259 60
168 139
429 108
43 392
224 187
128 425
413 252
352 83
301 182
325 350
338 208
105 144
418 235
305 284
231 32
80 40
11 278
82 191
101 427
326 174
365 243
333 16
296 369
106 326
72 378
357 369
50 57
435 108
195 361
368 195
367 248
281 58
402 393
150 415
226 34
260 139
85 422
162 381
2 232
421 339
4 408
61 416
55 348
102 448
226 169
243 155
136 167
75 82
26 241
92 96
302 262
285 59
83 417
281 258
310 0
145 311
273 347
262 186
251 64
290 214
171 423
83 28
4 295
38 68
170 62
93 55
206 270
56 432
112 417
350 7
353 257
106 365
229 203
176 237
335 235
6 230
385 363
9 434
448 66
136 266
47 304
362 32
106 197
239 142
1 378
282 285
436 238
96 320
445 5
310 130
243 352
64 244
241 448
323 404
13 216
340 15
273 192
335 68
184 8
236 295
238 440
306 316
234 54
135 10
277 398
429 120
370 377
377 115
295 94
177 328
113 105
327 53
251 329
90 255
287 79
449 399
40 120
445 111
425 127
211 120
34 119
231 441
315 153
348 93
391 424
431 276
92 449
132 157
116 89
303 96
286 242
104 152
210 345
147 95
314 238
16 41
425 184
367 94
161 376
444 369
349 41
238 390
33 203
323 21
306 305
42 49
265 443
320 239
95 140
420 223
300 296
88 182
326 41
259 172
448 111
293 349
222 17
444 171
251 155
380 321
93 259
396 299
1 136
416 340
93 442
163 161
359 146
435 2
226 236
267 379
32 263
178 342
434 183
79 71
123 13
67 259
296 372
364 57
372 348
228 264
431 185
339 207
3 235
322 124
389 444
5 172
254 231
333 272
121 73
293 138
175 437
47 326
88 431
202 422
262 327
417 62
125 301
116 231
250 23
435 36
383 335
185 267
246 354
88 76
283 174
315 368
321 186
357 226
72 343
25 141
280 294
15 62
207 87
223 110
42 407
15 262
150 189
256 44
31 214
418 258
80 350
159 440
136 227
7 431
232 378
152 367
399 134
71 81
228 90
338 230
378 342
388 362
3 337
359 354
312 168
324 236
9 266
136 435
429 410
401 98
224 212
20 93
33 391
369 160
128 53
117 213
213 27
229 72
165 95
275 206
0 337
147 353
28 252
380 331
144 297
145 151
419 209
123 219
245 259
208 288
188 247
419 247
260 312
178 351
195 319
103 422
115 59
410 223
315 433
367 421
189 244
191 31
398 317
32 17
175 416
418 392
450 270
438 309
353 24
331 61
269 28
438 149
411 283
203 243
64 85
154 74
61 229
175 6
8 157
244 415
212 398
246 430
383 217
178 143
411 44
144 34
306 127
417 362
176 418
167 316
100 366
151 387
447 336
418 106
261 428
33 316
175 32
286 174
206 130
287 128
215 131
90 389
14 410
255 443
270 336
110 353
220 242
302 195
389 219
137 396
41 39
277 414
317 188
230 309
153 426
253 256
131 79
186 121
173 440
238 275
117 111
6 424
126 319
22 390
49 91
137 445
394 440
0 341
399 293
371 265
86 65
245 429
187 158
209 222
4 72
83 122
319 327
405 237
345 71
274 330
312 423
279 442
255 241
174 340
100 448
422 113
272 311
291 433
125 290
61 294
422 283
38 193
411 223
357 106
236 256
7 323
232 49
419 36
1 344
435 319
429 405
132 218
25 408
320 390
234 269
295 223
348 378
395 34
403 253
292 15
87 47
300 392
126 251
318 117
70 29
297 4
348 436
12 443
367 328
273 147
302 187
70 121
206 141
125 446
427 397
285 249
238 215
39 67
404 297
322 241
332 28
206 12
6 89
356 179
281 203
13 68
378 126
144 305
112 346
140 402
270 253
297 268
429 121
183 158
368 107
143 433
373 403
449 18
32 400
96 87
217 0
393 263
270 21
20 324
302 217
139 414
428 163
23 80
223 349
448 49
330 349
173 93
129 38
319 58
245 26
120 322
137 90
440 193
19 204
242 10
63 115
212 170
265 36
44 131
222 36
261 23
333 167
40 226
308 142
14 87
72 399
431 151
352 111
398 77
251 98
209 402
387 257
178 400
111 354
318 370
368 215
160 399
360 345
22 47
130 116
354 290
137 366
117 350
218 150
270 185
316 131
63 30
316 228
262 342
409 306
434 429
149 117
84 400
359 148
102 125
333 38
48 179
318 219
387 345
323 401
437 95
440 117
399 371
258 345
402 260
302 438
13 147
238 271
366 186
39 108
114 197
276 3
395 119
380 100
202 249
140 410
83 354
307 365
319 273
130 95
247 144
357 278
406 448
294 291
400 288
199 223
290 401
145 220
317 201
203 68
67 43
1 358
449 86
9 20
83 211
411 197
49 402
97 294
362 327
149 54
13 328
88 41
275 113
264 84
175 88
20 135
276 25
11 229
112 342
236 287
417 434
190 85
183 230
27 354
43 404
184 29
420 317
218 14
271 347
196 415
108 439
417 316
104 349
82 317
385 324
281 100
101 198
14 370
438 388
117 84
378 175
431 82
322 203
163 450
346 115
223 125
211 249
320 138
75 9
200 329
300 232
286 341
314 344
439 405
403 420
134 214
82 47
308 337
260 357
322 207
137 427
284 152
95 171
151 398
395 316
4 94
216 126
217 148
101 285
409 26
252 92
289 307
375 157
92 396
395 421
157 415
67 112
47 207
264 7
411 81
4 266
448 123
271 275
123 391
40 279
235 46
2 392
391 51
396 18
130 268
208 433
178 373
408 270
237 224
395 249
256 173
211 335
324 344
42 298
430 256
296 20
250 431
142 292
336 431
227 311
428 313
143 244
403 446
248 170
383 151
7 191
285 445
187 126
324 450
100 81
117 202
240 261
349 359
338 411
110 330
306 372
49 74
439 310
95 399
308 319
210 384
65 49
290 322
13 61
417 357
415 37
199 368
408 281
273 399
321 172
53 335
151 177
163 223
122 349
73 156
399 129
398 401
429 59
219 375
124 421
54 179
386 431
141 187
65 84
121 203
336 169
57 440
297 359
105 310
325 48
380 89
168 201
266 419
340 399
407 343
86 212
234 260
45 224
199 38
312 53
132 65
203 190
264 247
133 174
419 394
208 221
220 308
284 204
136 85
174 389
378 140
141 25
303 391
352 243
211 275
213 81
322 428
193 350
304 311
2 224
177 346
265 320
417 68
352 311
146 74
74 374
158 99
52 342
102 163
436 152
300 246
419 361
375 344
40 67
344 283
41 40
112 199
340 79
91 163
359 283
42 424
246 16
113 111
426 243
298 45
356 278
240 40
292 171
169 106
447 45
211 387
334 242
443 171
229 169
316 364
146 229
57 60
328 153
72 123
51 283
286 97
120 1
65 81
297 66
272 244
409 244
292 279
84 387
41 317
294 91
292 409
216 365
187 189
274 150
376 408
426 393
212 258
50 17
337 153
358 250
350 267
327 187
399 23
315 118
240 153
101 185
111 246
409 29
174 129
45 262
249 248
255 349
303 164
343 353
261 381
400 186
261 371
187 296
129 361
324 390
388 242
58 420
369 330
175 72
86 229
37 38
284 25
236 250
116 13
198 145
239 51
143 247
102 170
316 203
318 211
121 28
102 240
247 356
253 103
108 441
135 297
351 144
96 119
115 31
256 125
18 279
360 191
420 9
49 92
206 260
58 247
390 343
295 70
276 310
175 331
417 447
364 376
135 138
220 177
406 48
288 405
49 39
261 291
229 216
282 33
179 118
180 190
217 274
170 151
167 321
55 3
348 168
9 409
170 108
252 364
57 148
117 297
281 10
122 226
172 383
441 150
105 406
150 147
286 88
29 5
201 220
87 88
132 407
443 137
51 184
89 156
132 107
48 433
121 250
224 179
266 201
155 387
159 383
285 220
30 202
110 243
311 124
225 230
105 72
404 396
335 449
295 10
126 207
306 65
324 144
42 103
431 344
198 246
335 337
235 440
70 178
317 442
91 220
29 9
198 443
139 221
87 294
23 23
366 329
285 421
325 126
411 34
281 4
79 369
409 376
251 182
75 380
148 129
30 369
175 396
26 336
426 93
265 236
139 443
34 179
407 91
80 419
184 244
296 299
282 48
95 146
431 308
70 234
247 224
439 155
53 407
128 268
190 86
186 234
342 1
305 231
433 197
242 211
307 227
144 411
156 7
115 185
222 211
27 194
100 160
169 292
190 386
64 149
378 0
30 23
130 195
3 200
390 130
312 300
367 101
223 0
13 450
114 83
157 335
420 285
289 346
24 63
178 190
444 229
404 77
272 288
174 318
317 247
94 189
35 11
196 227
273 85
37 281
225 308
360 97
439 93
6 250
277 237
373 74
332 165
415 134
178 213
55 91
309 73
377 339
411 69
93 262
65 372
420 69
92 86
14 95
396 177
168 97
217 215
363 82
300 10
321 25
264 78
51 412
162 277
159 127
170 82
295 415
211 307
86 317
240 110
75 58
149 395
266 149
260 290
299 269
389 384
318 39
37 254
132 336
1 135
358 129
73 429
26 301
55 374
183 160
362 330
180 122
425 25
145 417
74 9
55 225
43 301
363 118
429 384
246 285
126 136
110 47
248 316
130 350
169 148
184 158
190 94
69 449
405 9
116 385
156 197
325 58
107 122
144 127
354 54
32 299
62 69
68 381
228 240
414 207
174 48
407 116
114 10
278 179
397 371
174 447
153 427
261 333
399 163
125 139
28 63
225 200
260 367
408 140
188 183
36 389
340 407
72 303
353 262
408 318
385 407
83 220
356 111
79 287
346 354
197 364
37 91
186 195
34 0
103 334
399 205
124 433
327 27
132 444
149 353
226 56
198 314
148 394
82 180
18 277
132 361
118 295
139 330
57 115
338 185
198 169
14 113
277 438
283 443
149 97
27 169
387 437
268 167
267 140
359 423
0 25
307 266
374 309
172 161
186 189
43 267
412 305
241 237
276 251
311 153
449 168
13 438
125 234
242 181
204 60
50 247
256 421
334 31
131 422
152 410
425 176
160 324
77 277
45 132
14 196
177 380
97 57
364 339
433 191
233 391
182 194
67 230
447 211
325 142
31 3
70 295
1 144
445 408
270 80
202 118
42 143
343 156
90 224
56 427
256 17
311 151
360 446
274 11
300 118
85 376
349 402
301 68
218 243
114 157
293 348
370 350
179 318
133 140
29 194
290 213
426 168
159 154
436 433
181 173
9 159
285 181
406 41
60 72
98 295
406 72
189 109
27 431
114 414
154 98
251 81
33 350
31 324
295 395
74 236
246 306
212 153
2 183
239 271
382 259
206 157
400 276
304 6
45 59
422 21
307 45
106 174
274 266
308 436
44 67
97 18
166 411
239 180
211 123
196 143
111 117
178 64
23 275
209 6
434 266
268 170
91 81
24 10
376 426
123 435
198 96
341 63
327 409
206 128
180 214
107 350
31 209
269 422
201 142
444 349
21 279
266 21
230 300
9 143
40 179
292 179
88 40
288 32
54 228
134 431
187 111
246 346
424 330
138 377
156 265
28 290
2 120
61 29
397 215
193 166
163 4
26 338
427 257
206 8
65 270
311 375
311 329
214 376
445 372
345 12
242 93
278 176
75 430
21 19
285 397
365 161
132 76
192 331
269 199
108 108
187 167
217 282
196 372
13 162
104 29
417 6
13 427
117 273
112 289
339 279
300 133
371 448
149 20
374 32
333 275
354 41
437 19
387 30
137 398
216 405
333 221
38 410
353 260
380 324
232 17
449 266
435 363
215 388
199 200
433 299
63 341
190 218
16 92
437 355
246 99
388 16
413 307
175 354
11 265
247 447
270 238
214 162
442 184
168 214
342 385
97 438
180 17
156 362
98 351
357 413
187 426
224 294
380 59
263 2
278 313
38 108
206 363
6 199
362 157
450 333
412 339
204 261
425 111
346 207
442 99
130 28
141 388
222 108
113 249
126 94
291 42
253 117
146 416
123 400
76 325
419 4
447 118
66 15
376 110
366 156
185 202
182 311
111 326
159 260
438 159
184 202
250 196
255 112
112 279
338 23
92 99
302 441
347 436
138 280
433 222
389 362
330 418
128 94
415 427
50 110
298 170
179 341
446 87
154 174
138 324
359 387
375 186
38 274
299 4
232 409
9 343
5 149
419 383
141 204
387 193
348 158
354 158
339 310
311 123
433 428
13 258
70 44
79 87
359 179
59 374
283 28
447 415
23 229
205 131
175 174
311 247
93 82
434 306
238 315
135 288
439 279
249 317
127 80
173 317
210 382
196 125
290 173
57 229
131 408
420 264
113 293
259 105
19 248
441 298
205 210
116 21
113 122
24 149
10 126
60 385
72 58
203 235
352 436
396 144
283 9
116 430
367 409
427 118
306 357
350 437
427 312
252 32
188 346
376 295
185 398
162 98
86 34
77 1
243 333
339 368
293 303
388 127
249 31
399 231
78 256
188 351
245 157
370 450
64 258
159 34
227 288
131 92
129 360
82 188
232 279
284 59
256 47
29 197
413 55
1 12
376 32
143 50
109 440
310 443
103 21
32 369
270 387
74 145
55 298
359 37
258 162
236 369
257 223
388 202
324 74
49 222
236 428
207 24
175 304
183 444
158 160
139 295
157 449
396 81
14 184
69 29
434 125
113 364
122 143
50 438
394 2
373 226
393 46
25 347
90 383
197 435
173 129
34 330
248 356
90 107
276 202
61 80
67 69
410 179
264 237
54 282
450 405
118 202
225 98
401 27
404 72
85 370
414 344
37 450
342 249
360 423
221 115
384 404
449 206
146 162
353 325
181 342
224 36
297 303
264 95
288 147
281 47
115 168
92 432
334 122
300 14
221 139
65 402
368 280
368 68
369 57
363 250
301 399
17 258
443 327
373 443
435 199
76 138
117 209
402 258
290 450
252 35
408 255
253 251
169 404
18 313
16 307
297 347
116 355
430 251
124 265
143 99
281 172
245 49
214 118
113 411
143 0
311 369
28 95
403 279
37 355
260 203
373 152
195 240
123 243
385 313
301 389
29 396
12 3
228 288
360 405
286 85
239 402
264 301
23 66
437 194
250 110
244 305
175 135
397 281
402 109
361 314
110 280
187 418
262 219
286 267
331 11
67 276
174 265
208 248
57 63
310 308
41 293
419 432
236 77
135 365
348 237
267 283
25 102
103 175
310 207
188 42
84 388
13 237
277 18
403 121
166 426
372 369
289 269
351 261
93 264
80 60
406 298
123 121
288 321
213 40
406 227
397 311
150 388
33 310
8 89
296 117
35 19
85 219
22 75
328 24
434 312
377 101
35 255
265 268
49 239
182 375
288 306
318 280
356 174
102 4
193 119
150 118
396 109
326 31
391 44
366 130
270 356
13 414
296 425
129 221
118 33
275 203
291 344
181 192
42 438
145 241
263 179
448 257
69 28
116 122
329 237
46 87
150 126
35 327
421 42
296 413
406 83
34 77
18 348
73 408
142 214
189 372
319 5
332 22
339 212
357 154
364 170
393 52
248 200
347 419
207 171
425 207
97 217
301 178
412 255
166 203
184 137
288 330
316 361
87 195
68 152
259 66
0 234
94 150
277 259
105 361
390 440
20 329
164 285
7 166
116 442
73 300
407 223
102 315
58 198
259 320
214 296
52 260
325 239
327 336
118 351
125 278
393 355
101 190
171 239
399 325
53 30
105 215
122 13
152 425
438 237
13 437
310 212
185 221
7 369
5 43
387 46
232 197
218 314
361 224
123 98
125 232
108 134
224 368
383 410
20 278
297 426
304 55
365 44
138 5
74 198
377 347
273 187
18 168
163 106
63 360
271 371
192 198
391 409
358 213
176 140
5 276
129 224
444 263
22 440
149 122
94 382
15 121
98 2
381 419
307 434
314 294
177 391
91 411
85 449
74 390
205 74
117 405
261 173
110 322
199 438
340 178
62 207
299 157
441 178
131 14
72 380
107 124
129 195
177 74
69 78
69 43
202 95
391 66
10 296
188 219
254 78
391 345
264 336
265 424
10 77
179 4
393 209
317 257
111 106
423 57
329 241
395 51
431 400
315 240
284 434
10 287
171 81
189 218
13 341
13 23
57 404
194 257
248 212
247 328
336 362
436 87
275 395
343 145
46 13
204 48
114 77
50 276
50 9
168 281
377 299
207 365
135 106
172 412
300 186
160 84
310 172
401 18
106 369
166 98
406 58
105 251
19 293
198 338
180 275
147 354
346 306
51 4
119 204
134 130
38 289
139 119
323 310
418 51
5 303
76 53
440 240
209 118
6 261
251 123
223 187
66 78
223 306
356 290
382 150
387 49
187 150
79 329
336 94
246 264
184 42
329 206
415 276
24 91
255 143
191 128
441 139
363 24
96 122
132 439
35 173
59 214
219 9
262 433
410 150
237 117
362 66
409 31
52 395
315 224
259 247
137 182
440 323
6 41
84 233
373 373
253 104
55 193
283 365
147 190
398 297
31 389
241 254
13 167
42 415
260 186
159 342
26 281
415 147
366 53
364 204
398 398
231 178
155 253
17 424
376 126
354 151
243 364
272 201
111 332
125 125
333 168
81 133
218 445
246 421
414 172
37 324
129 271
110 9
242 357
428 147
68 426
193 229
233 148
34 263
207 401
307 415
10 111
137 166
136 158
354 88
371 34
31 418
339 305
343 2
360 335
152 297
306 327
71 117
439 64
353 131
164 83
197 394
242 381
221 235
149 284
365 373
425 100
384 249
237 216
188 64
141 290
195 125
384 235
439 327
354 346
402 380
135 30
137 241
390 402
438 55
234 17
230 34
356 202
364 323
261 140
421 206
176 276
147 435
437 241
423 207
387 127
275 174
4 255
16 24
359 228
320 293
366 170
321 116
129 409
12 59
138 159
416 117
115 143
207 447
191 305
28 432
435 232
105 305
448 416
35 187
345 200
133 179
321 60
237 283
185 22
140 207
238 155
435 99
84 226
46 44
369 196
359 342
314 213
21 436
343 83
374 277
392 148
372 139
423 264
224 10
64 158
424 326
101 132
114 79
248 227
52 133
35 200
380 255
133 401
427 438
117 264
343 417
331 129
31 436
379 334
0 199
27 201
143 44
423 148
372 269
154 6
319 125
354 15
410 286
198 95
378 327
278 38
46 248
361 312
366 279
242 340
34 212
140 414
290 338
269 186
271 208
392 406
227 199
224 289
444 74
7 420
253 397
93 279
92 67
222 317
328 391
335 195
148 356
249 34
248 179
224 396
412 118
147 351
112 235
204 282
382 101
315 195
293 213
100 314
68 142
372 336
88 79
321 349
424 34
105 155
233 98
387 123
107 318
293 144
194 186
188 370
372 134
268 312
311 315
155 33
199 439
290 85
184 183
129 314
443 24
58 110
401 325
23 184
8 32
44 264
255 280
406 390
409 355
280 87
57 104
226 352
339 119
308 141
231 18
73 223
218 1
425 296
430 450
126 393
449 130
136 143
3 441
275 425
119 107
261 141
145 256
435 385
396 360
91 330
328 388
157 96
31 188
307 64
66 56
438 317
305 149
124 92
288 199
309 150
29 445
303 138
3 144
169 171
9 109
115 12
185 50
353 251
329 379
274 246
343 148
328 185
194 389
68 178
252 72
51 98
209 287
380 413
196 380
385 446
204 440
322 129
103 73
323 232
439 89
321 120
342 149
165 5
350 319
211 361
363 184
449 94
184 419
186 383
313 304
275 321
234 333
279 9
262 16
320 171
8 414
211 201
361 85
314 330
234 443
419 187
162 210
436 239
12 135
95 195
296 154
228 69
278 68
255 72
429 126
331 316
424 284
22 13
307 447
388 372
135 130
257 377
345 110
85 266
223 382
108 74
379 436
67 148
141 426
380 242
423 9
17 445
427 75
351 418
250 176
48 263
355 13
416 334
196 64
424 61
418 150
211 394
156 21
74 124
123 223
161 66
234 302
368 368
441 113
45 200
36 190
411 204
141 236
216 64
298 345
195 339
62 360
86 240
44 121
32 345
74 77
448 397
402 24
326 44
343 103
345 330
100 189
145 359
264 198
36 161
337 329
77 133
235 392
63 95
1 45
23 47
337 274
203 213
93 184
376 155
374 349
300 309
8 348
191 87
20 316
163 382
239 213
86 331
245 147
4 201
371 250
51 226
139 85
34 123
137 288
373 208
189 253
233 258
345 206
288 423
419 112
216 115
235 344
22 266
407 311
10 318
9 220
221 83
169 114
381 32
428 191
79 161
80 296
285 368
423 437
86 124
310 301
116 192
404 14
41 304
230 196
135 327
64 299
203 120
286 339
38 72
214 283
274 438
67 433
380 137
245 314
323 318
175 373
328 197
316 344
309 408
225 28
298 131
396 143
85 375
308 228
224 55
251 17
414 32
158 418
123 397
114 178
55 63
266 397
433 196
126 112
437 357
298 284
386 179
357 92
4 239
329 128
275 101
242 370
182 246
289 303
213 80
310 361
341 240
55 50
195 409
74 94
338 268
441 162
302 128
100 245
37 310
167 301
303 110
57 152
215 287
102 350
193 164
392 199
305 302
217 395
118 282
125 149
365 248
47 374
91 423
422 158
170 450
250 152
161 252
40 236
357 296
303 323
80 390
405 442
80 12
176 201
215 247
142 211
155 287
357 280
125 111
434 299
208 36
192 172
448 196
357 420
144 399
192 1
396 30
86 312
62 188
231 211
139 345
120 14
340 410
170 314
108 432
122 138
420 350
103 432
140 303
200 245
359 274
222 19
221 383
359 397
291 429
207 314
54 447
441 349
305 317
144 272
165 382
393 180
269 195
363 156
201 206
395 17
30 423
432 381
353 284
326 92
315 409
418 30
321 81
252 193
334 204
60 380
311 199
66 436
184 157
163 432
446 46
72 264
164 268
249 139
27 6
284 187
95 247
305 247
131 368
377 291
373 181
381 223
284 220
323 316
43 422
351 344
289 113
96 444
299 336
303 218
116 289
413 167
60 18
215 37
191 349
35 199
112 101
165 165
59 163
124 133
385 312
358 285
55 372
108 321
350 428
277 165
124 161
321 134
199 213
391 396
282 161
342 44
346 328
213 176
30 132
63 418
388 351
52 59
24 151
77 313
234 365
110 135
308 260
243 383
105 350
144 259
341 370
325 193
231 304
153 316
437 324
331 142
2 410
392 410
147 277
253 245
52 310
344 295
428 370
383 142
425 343
65 404
168 17
67 286
444 176
93 142
154 119
176 208
428 68
110 416
218 220
269 193
398 340
182 401
307 58
275 268
96 402
130 439
360 99
95 219
131 325
106 260
160 10
416 424
348 91
251 185
367 424
334 369
192 394
216 158
205 250
447 147
159 108
382 98
10 187
151 247
178 361
209 167
227 410
286 376
153 255
147 323
356 381
82 97
107 384
155 43
369 419
345 411
197 369
312 229
249 337
181 258
28 331
190 401
128 266
300 286
393 166
93 396
307 353
401 205
4 130
133 87
372 141
447 194
303 142
295 194
131 3
315 122
153 273
168 20
425 403
190 266
135 348
21 35
438 436
436 385
157 21
158 24
80 89
21 82
49 307
223 288
143 323
367 22
35 346
437 70
266 260
251 260
152 341
17 160
23 160
162 231
87 400
17 247
310 38
281 348
333 327
182 150
137 93
41 361
136 31
266 431
352 230
34 92
131 298
290 72
236 81
215 358
199 301
410 326
373 178
87 109
82 48
74 252
268 371
280 198
425 361
148 293
374 61
79 35
244 152
120 445
335 271
200 16
218 332
284 58
212 173
343 193
25 117
135 0
321 224
36 335
131 240
29 271
98 140
121 423
260 149
215 200
6 86
37 394
368 155
69 14
142 260
42 182
113 147
118 78
183 319
401 307
441 274
19 299
366 216
70 159
13 42
253 8
414 84
89 53
332 363
4 125
64 419
167 152
233 339
394 436
38 5
42 391
88 444
322 39
162 169
305 214
177 296
413 304
37 440
320 45
6 19
261 355
51 76
357 370
151 269
149 38
380 67
127 74
78 115
115 196
290 98
57 55
37 340
342 383
79 106
150 146
356 378
346 349
95 298
139 35
310 56
133 9
1 54
427 196
282 417
45 114
174 215
394 354
271 282
21 387
258 237
294 126
239 415
387 353
94 313
286 99
336 282
23 418
313 349
252 371
447 89
63 211
9 275
109 40
107 204
406 219
434 76
368 184
429 127
289 120
395 185
377 344
425 236
376 1
187 181
418 354
81 295
131 204
389 123
46 432
125 318
258 294
243 342
129 131
429 297
269 265
131 389
443 389
114 9
37 298
425 241
70 436
395 69
373 176
270 64
219 193
69 177
402 343
290 397
265 385
95 384
326 359
338 118
282 280
388 228
145 343
5 171
151 430
449 90
116 73
91 418
129 262
362 146
330 344
297 94
139 395
282 407
191 258
258 331
281 157
224 78
381 326
381 234
197 404
71 217
335 288
294 65
420 141
123 265
21 7
345 94
75 205
344 237
273 294
335 230
408 293
172 333
436 115
409 287
269 238
313 359
306 450
70 95
350 82
24 359
369 170
183 215
149 315
112 151
358 155
430 262
71 151
346 176
442 119
364 169
372 30
170 153
72 171
405 52
388 104
175 348
298 229
365 144
252 135
407 435
349 140
28 325
272 141
334 64
380 233
129 50
326 103
88 196
129 322
291 0
379 274
398 187
243 249
403 24
107 95
84 277
20 255
178 269
434 437
434 344
366 12
202 282
443 21
445 237
233 434
281 195
74 372
239 125
264 342
321 406
239 65
197 372
181 319
209 328
372 90
210 199
22 384
69 405
441 28
141 119
421 135
446 259
177 330
359 290
66 237
47 323
358 291
96 120
60 165
3 402
236 342
49 446
303 206
226 98
75 346
172 328
404 236
172 220
430 405
9 187
249 301
351 44
103 441
77 193
268 291
199 249
436 350
449 124
355 342
52 137
175 306
85 20
299 359
335 364
39 54
398 421
24 323
408 417
258 388
339 155
59 51
235 15
282 363
197 25
77 160
105 422
342 223
244 94
305 111
62 354
152 191
423 29
166 449
175 385
223 222
439 344
23 291
192 418
270 287
329 372
374 54
259 38
210 252
114 173
199 360
88 393
430 414
326 14
449 89
251 196
98 350
323 422
189 180
373 381
413 392
119 317
381 199
256 72
367 216
401 320
131 380
415 163
276 113
140 449
20 441
364 300
262 413
394 193
419 156
326 117
352 309
84 30
291 403
258 367
255 395
10 383
341 318
417 190
186 107
310 433
401 351
334 128
162 30
381 448
233 326
372 156
424 215
217 90
338 440
117 86
199 304
384 151
447 320
218 438
57 92
53 428
158 278
356 109
185 326
378 406
358 125
281 74
236 402
270 315
282 224
128 187
105 46
418 272
263 210
144 37
0 417
224 155
254 27
376 293
5 158
288 409
50 66
198 198
259 290
157 191
334 55
84 318
206 80
162 268
290 395
103 37
22 304
69 171
239 68
390 414
226 296
214 106
412 419
191 336
134 242
273 425
31 284
130 178
292 404
435 389
62 250
48 392
188 16
256 143
349 395
124 218
54 327
361 78
181 424
32 391
112 369
55 407
173 234
28 404
18 378
233 324
301 6
357 243
240 25
387 402
89 14
395 55
74 71
324 103
266 160
247 357
294 31
193 155
69 1
175 434
306 166
393 148
212 50
350 408
100 140
294 393
229 63
354 239
433 291
134 68
428 401
114 337
44 419
372 159
243 94
153 161
17 345
74 169
12 111
424 267
164 165
220 193
199 197
274 109
395 260
75 263
99 126
180 388
405 336
340 69
157 86
126 390
7 114
195 126
404 375
408 137
138 388
333 437
6 16
74 387
215 250
232 226
175 82
178 158
294 390
236 190
319 168
154 299
231 300
311 335
450 271
41 209
316 406
72 183
129 345
378 3
213 235
119 70
297 182
359 45
11 68
431 117
330 255
375 409
187 264
91 208
216 30
247 283
180 6
430 201
169 83
348 376
110 5
2 252
447 449
152 408
47 27
382 326
428 69
58 397
322 240
162 52
405 320
133 18
433 140
80 110
91 149
194 334
144 358
63 412
126 380
431 222
118 21
107 135
317 168
112 162
444 117
223 210
131 376
87 306
221 160
89 448
335 382
413 144
259 390
309 14
358 265
369 443
181 307
253 322
432 450
93 201
428 251
409 101
137 219
210 138
72 414
135 250
417 65
256 123
449 418
327 212
211 98
68 163
289 79
395 340
255 226
199 101
200 2
48 246
204 177
329 322
217 280
95 204
159 114
391 210
370 150
95 341
101 54
42 227
422 3
173 82
365 52
80 447
189 158
223 24
0 63
317 255
407 364
152 155
424 153
300 305
171 319
10 391
349 181
243 17
62 28
54 151
174 317
406 103
52 237
55 412
75 443
418 358
0 292
268 236
394 400
253 344
337 439
19 347
9 65
332 287
98 178
346 395
91 368
184 54
196 426
50 363
275 32
256 203
204 25
215 153
384 351
221 111
62 257
171 96
352 59
418 259
303 27
248 283
59 135
446 444
204 130
117 8
84 314
227 14
208 120
378 217
229 139
206 20
37 256
52 29
83 409
439 379
431 303
33 38
302 48
174 386
71 279
13 395
446 334
192 232
46 329
300 30
168 66
425 115
92 305
219 10
384 25
161 196
75 281
162 130
363 443
95 75
132 149
339 92
77 315
99 211
227 70
126 211
167 109
441 428
434 403
75 290
119 82
187 146
315 373
58 142
171 161
217 132
244 64
99 107
425 99
314 350
154 22
340 210
383 70
146 55
103 120
317 441
263 153
147 249
233 222
218 205
249 367
25 353
245 109
240 150
302 247
216 314
420 14
186 368
320 312
249 32
412 84
400 146
314 250
233 25
2 172
135 256
435 127
369 128
220 418
25 22
290 305
374 218
226 306
24 210
336 0
302 285
71 346
12 81
160 329
206 74
208 375
214 218
148 319
189 313
140 140
276 138
440 134
179 131
286 185
4 200
424 382
196 422
271 284
39 389
54 62
405 360
276 205
62 83
198 197
176 353
102 198
358 126
9 348
252 398
225 18
350 185
309 285
174 159
280 256
437 412
248 82
320 379
92 310
118 20
297 321
411 97
83 255
16 232
166 325
353 263
100 91
247 118
296 203
296 337
410 285
242 387
233 118
113 167
15 190
368 413
88 287
125 434
10 321
40 148
320 384
299 121
386 376
410 389
120 347
4 211
424 180
7 230
311 402
237 33
146 343
331 113
446 283
93 312
188 191
367 95
23 45
391 96
398 280
61 408
250 380
76 415
206 449
291 118
349 224
300 164
305 87
318 393
234 271
167 171
109 205
370 44
139 383
114 385
163 366
409 147
324 358
224 264
276 248
207 254
44 172
423 26
349 117
350 194
121 340
188 43
108 162
366 414
245 321
176 351
382 375
217 393
180 411
40 228
3 31
299 412
60 201
440 408
4 284
221 206
78 212
324 81
396 327
56 397
203 398
246 160
19 10
444 409
207 33
426 81
317 7
66 418
382 352
351 340
43 74
141 33
175 205
15 208
57 158
177 29
305 244
360 294
45 49
139 20
445 29
259 207
44 371
131 295
38 141
423 103
103 221
62 220
229 73
403 256
325 368
22 152
362 434
132 34
226 88
6 399
341 375
447 16
204 426
308 200
171 124
197 255
78 190
175 429
220 322
172 96
65 294
111 330
325 91
356 132
66 378
4 242
401 44
11 61
21 345
242 234
160 62
398 213
251 357
325 146
155 45
19 331
164 213
141 268
355 163
331 189
7 203
446 134
250 403
302 43
59 86
328 46
22 404
376 283
266 58
61 215
373 254
413 219
424 324
281 409
283 2
8 139
305 246
238 367
148 419
230 3
253 188
168 154
42 275
30 312
304 438
46 312
80 262
146 434
130 242
354 403
246 226
69 364
230 259
374 393
206 71
94 93
16 37
450 88
437 58
311 282
282 232
76 202
330 287
402 226
318 340
131 299
252 46
121 181
267 91
398 431
445 307
236 211
8 26
322 141
292 44
397 71
339 321
270 121
197 49
367 181
17 250
347 30
64 281
302 278
189 160
436 364
351 74
8 433
18 232
295 200
247 197
248 122
417 291
349 245
48 386
129 82
225 151
225 104
98 414
362 30
206 206
247 343
288 271
115 309
91 190
334 273
441 206
173 192
260 436
0 154
335 403
274 7
87 419
306 198
295 394
7 147
238 227
202 448
63 186
82 316
436 66
396 229
235 98
247 185
108 387
115 348
423 117
221 428
202 447
52 364
221 2
122 388
353 123
51 208
191 414
381 80
293 66
335 67
27 52
18 411
206 140
127 35
108 153
196 320
311 284
85 210
290 285
119 372
284 163
134 156
108 442
380 249
294 107
276 284
379 356
259 23
450 107
413 39
75 289
246 370
338 142
52 21
164 418
113 44
212 236
173 88
107 166
374 134
124 115
441 445
299 367
444 184
388 33
349 297
253 47
26 184
267 302
230 266
296 122
105 143
363 395
260 403
222 125
383 292
368 301
249 273
218 127
107 30
165 163
97 44
373 6
396 433
377 328
386 93
186 149
411 356
70 16
405 397
298 304
88 135
20 444
417 207
174 249
105 8
394 203
62 16
407 269
121 60
422 85
21 214
255 218
246 134
376 207
436 79
268 294
128 237
200 374
33 104
110 334
15 280
329 225
368 438
25 61
322 427
38 365
258 339
216 187
62 373
37 52
46 304
141 283
63 4
349 362
256 84
398 26
360 346
50 19
327 97
178 150
329 112
175 327
129 122
110 7
172 121
82 431
279 288
316 319
295 440
218 50
134 436
177 205
254 214
95 413
153 337
165 238
318 37
244 409
271 98
425 331
430 303
335 42
400 329
80 434
54 23
423 125
194 140
28 393
430 205
404 183
300 210
316 365
17 202
396 339
80 127
264 444
79 431
52 439
100 172
426 8
178 42
333 301
173 310
383 392
126 254
52 307
155 177
234 156
97 200
69 39
188 26
448 410
381 243
130 5
33 434
88 109
91 288
228 306
160 386
67 97
376 432
368 399
186 215
76 313
94 385
24 131
359 293
140 439
420 182
344 50
295 210
3 105
174 272
376 123
228 94
117 205
353 210
322 442
295 339
28 283
187 444
108 158
187 370
371 261
172 19
281 102
317 240
40 129
112 186
348 381
154 206
75 369
44 29
380 215
269 41
395 31
50 282
281 386
118 35
309 98
118 164
322 113
95 167
354 335
249 353
78 81
9 221
210 20
275 247
315 176
28 400
418 435
139 274
224 200
332 109
174 376
97 33
332 255
56 416
400 226
408 107
388 443
266 303
142 212
210 163
143 204
53 430
435 388
202 368
243 27
262 92
353 286
310 255
31 108
72 248
409 74
419 113
26 354
259 73
261 222
444 408
205 437
182 160
425 231
160 125
215 57
27 257
383 133
358 383
35 57
63 56
35 356
405 321
128 20
242 435
118 214
315 233
143 124
94 127
81 309
204 112
352 301
153 367
46 121
188 330
0 37
182 295
431 152
138 88
446 197
228 388
381 29
356 332
219 184
256 260
49 170
186 308
38 34
375 207
246 328
338 284
88 326
299 389
377 23
58 269
393 225
360 295
309 235
111 93
41 440
347 171
173 122
203 242
216 366
80 414
103 342
71 423
216 1
159 377
330 26
215 93
67 392
416 112
269 89
201 233
297 67
161 86
329 125
158 337
436 120
401 370
58 297
204 309
216 266
69 333
49 292
294 169
6 337
232 443
436 443
245 399
264 290
5 289
350 344
437 164
142 275
144 80
74 425
200 216
344 12
172 400
192 189
35 372
238 238
120 24
250 18
36 410
370 162
304 385
411 222
281 113
85 171
39 27
119 351
192 205
304 426
309 432
372 21
346 231
300 292
151 315
148 334
382 122
202 124
64 183
305 378
42 201
280 263
390 244
250 70
447 41
92 225
12 174
341 74
392 346
68 35
185 132
198 18
33 105
139 82
359 249
47 433
387 107
0 56
87 125
108 186
302 412
338 398
332 277
52 376
328 447
1 434
101 316
238 17
230 166
318 133
440 55
180 162
158 86
350 204
133 82
393 208
337 30
395 128
241 135
382 306
317 71
62 344
122 362
245 92
48 77
62 321
394 349
321 4
52 130
43 253
128 207
249 106
301 53
322 9
396 358
15 1
407 386
77 446
232 203
201 385
338 329
212 344
294 4
291 107
98 112
449 172
41 94
31 283
360 399
212 348
5 134
5 279
363 112
97 269
84 65
27 175
39 359
129 166
226 304
292 21
61 83
110 245
425 97
374 257
263 201
281 23
419 222
302 200
103 307
240 248
313 287
398 400
350 276
191 79
212 317
66 111
382 278
352 272
179 73
149 384
150 199
446 162
255 224
342 405
225 132
199 334
272 306
370 374
294 408
88 189
91 369
241 173
42 332
307 230
67 145
249 123
382 85
367 310
26 40
45 102
63 376
98 164
135 229
191 405
375 192
52 106
307 348
133 226
152 235
322 27
402 12
202 204
7 444
271 113
386 359
244 332
367 63
393 7
397 256
51 385
32 143
403 308
359 96
340 146
113 241
340 394
404 308
153 113
174 443
160 86
128 375
384 210
365 439
146 218
12 286
369 30
194 49
236 415
70 200
120 170
73 202
139 75
330 348
447 435
122 272
326 337
214 367
60 145
314 177
88 212
281 121
47 252
32 405
223 229
418 81
32 224
33 167
376 400
99 342
75 34
313 43
86 41
73 434
252 423
404 299
268 133
291 417
417 237
54 367
246 333
241 170
422 71
91 306
299 324
412 219
152 395
109 145
34 345
422 431
26 299
111 192
162 206
74 274
422 63
408 176
432 410
309 47
142 414
382 372
48 195
265 213
323 304
5 55
276 327
411 217
315 100
0 114
261 116
194 408
90 129
46 242
442 24
324 26
39 315
353 164
162 46
166 36
421 180
214 72
265 57
245 398
272 154
160 225
364 335
341 213
287 4
128 264
116 217
124 435
234 125
438 144
161 449
15 244
312 10
401 326
428 422
116 336
224 340
11 407
418 441
244 359
395 60
427 189
414 441
6 183
176 235
211 396
255 169
74 153
342 199
341 280
5 316
174 182
284 308
102 379
10 136
105 21
316 448
211 111
283 147
337 292
65 436
195 25
364 309
245 64
155 389
67 237
162 5
436 449
156 170
273 252
400 248
345 63
208 419
254 92
210 450
327 402
353 242
448 281
254 149
31 46
258 428
145 415
284 317
74 92
419 270
273 126
310 445
78 437
113 130
41 425
422 92
220 75
425 15
186 10
336 281
440 356
103 15
409 68
362 308
193 345
145 341
351 24
96 168
62 2
43 6
24 89
171 234
216 221
318 394
358 40
90 236
385 209
135 20
127 325
118 61
43 54
354 443
68 445
245 236
140 310
288 270
143 295
269 166
115 272
297 364
367 388
164 313
437 221
12 136
211 261
7 344
429 235
270 345
375 141
53 127
207 224
91 91
353 116
14 57
220 257
226 396
180 295
262 189
115 289
249 151
90 324
393 128
293 334
444 112
218 363
171 414
379 410
296 259
19 357
81 413
175 356
136 401
270 154
32 266
183 403
46 212
376 431
317 253
425 21
206 421
85 305
41 113
269 300
112 197
334 97
158 330
404 245
256 328
257 84
342 48
49 60
90 60
243 26
172 322
262 248
187 278
115 313
172 115
153 386
306 233
282 118
71 124
240 285
429 321
184 248
65 371
125 287
193 192
282 414
378 289
400 168
358 338
92 388
148 175
63 150
399 444
444 236
299 171
288 273
354 47
343 74
285 70
17 389
404 327
178 245
193 401
347 14
404 52
121 356
134 215
35 153
160 295
391 437
137 232
63 36
236 6
423 287
134 15
373 351
340 335
378 449
269 313
126 253
71 175
365 118
49 26
425 58
419 231
388 240
291 80
372 6
92 279
402 270
199 291
374 75
45 189
287 48
222 312
160 113
271 249
207 228
361 175
114 348
255 340
115 450
159 401
308 12
393 115
4 445
313 23
330 325
396 29
111 166
235 350
173 7
19 393
443 297
148 316
333 132
234 169
313 307
35 390
444 200
299 223
274 353
121 151
235 304
21 377
209 278
0 276
347 174
290 44
210 0
184 89
296 37
327 334
152 247
416 133
4 384
10 366
191 325
348 301
119 333
181 381
254 375
250 183
196 2
171 217
174 84
215 332
236 257
92 447
377 66
354 131
121 431
299 130
131 366
98 381
113 134
120 260
144 104
78 296
124 222
6 396
395 76
298 337
218 392
318 135
200 164
211 63
352 109
182 198
87 321
398 116
99 38
244 348
84 116
358 201
168 115
394 11
236 29
305 421
94 201
253 194
209 54
410 432
192 4
65 428
266 163
245 22
199 154
117 212
54 283
211 339
444 8
50 8
188 57
317 198
107 12
150 214
81 394
14 366
276 140
337 95
285 165
328 63
373 345
358 15
411 364
98 50
44 443
359 260
114 217
212 378
87 205
137 402
422 269
11 286
450 47
11 224
345 313
35 382
348 278
228 17
96 287
188 88
377 242
401 36
369 357
87 132
89 378
355 369
442 237
250 331
423 195
408 372
350 388
168 448
281 416
339 276
293 197
277 182
130 238
107 0
427 248
168 111
20 225
415 23
120 411
433 330
380 139
444 395
180 292
310 197
390 113
123 439
261 309
156 112
224 82
146 220
249 80
424 436
318 308
438 148
145 307
427 412
44 15
274 83
252 350
56 253
164 432
123 341
373 51
154 51
148 93
366 153
12 14
236 423
416 445
347 439
38 330
315 314
440 295
239 112
237 304
121 210
60 384
334 290
146 305
417 188
412 93
348 241
228 322
152 363
335 292
61 5
366 352
323 1
152 252
226 44
303 356
198 31
188 424
340 31
380 167
354 441
326 307
415 352
129 160
287 158
413 400
183 106
271 369
367 202
345 310
174 209
159 188
407 383
203 99
9 52
162 427
51 309
394 406
84 206
159 138
183 164
20 164
396 173
232 90
39 363
97 260
376 13
333 42
336 231
437 43
135 194
258 218
225 376
228 221
100 59
252 37
347 417
271 388
209 107
249 320
279 185
348 313
367 349
68 386
3 152
9 431
183 65
341 40
408 223
46 360
314 15
117 168
210 164
225 212
235 394
413 47
418 400
339 445
392 218
210 292
14 114
417 324
290 304
273 148
396 435
280 195
29 90
349 434
26 395
44 66
173 229
39 4
151 4
388 145
405 355
222 187
156 84
129 418
197 181
150 221
221 172
167 211
175 417
403 293
409 330
417 19
208 3
448 303
182 213
302 191
219 23
321 238
197 431
237 49
37 446
288 96
419 257
421 355
35 20
443 116
92 371
262 8
400 2
252 287
188 17
249 374
137 78
277 167
22 0
321 192
46 92
351 104
331 290
236 340
275 94
267 117
274 308
311 423
398 82
36 39
112 333
133 422
73 208
438 385
443 66
337 402
364 37
277 163
440 358
153 212
212 35
414 323
360 394
137 171
239 175
199 309
105 211
422 327
247 158
412 327
371 359
286 171
126 137
347 203
20 421
214 447
93 21
393 442
407 282
433 28
301 376
289 175
31 400
166 331
170 88
343 335
421 235
27 17
222 42
446 232
342 213
240 167
136 69
302 292
224 407
130 431
115 291
448 307
60 39
279 80
315 106
420 349
141 438
136 444
375 353
55 289
78 428
400 102
303 312
136 219
149 295
154 199
403 67
251 397
260 282
266 249
219 41
379 110
265 322
392 278
113 378
222 189
205 371
389 154
277 12
335 208
74 132
19 49
228 37
332 46
430 345
376 125
71 196
24 99
263 444
142 70
422 103
48 312
92 129
292 244
363 144
368 64
425 314
232 26
260 362
90 31
323 235
9 140
390 383
112 393
228 83
317 62
424 414
149 394
224 362
14 234
116 372
125 299
157 113
234 266
449 419
214 343
407 1
10 6
363 426
61 202
18 195
290 200
40 256
2 373
347 81
90 186
196 185
17 325
352 84
438 434
344 367
96 184
170 20
189 390
407 413
179 0
56 446
249 315
49 397
92 314
79 219
424 366
1 105
32 342
262 418
430 287
238 369
345 333
390 259
137 345
396 77
210 39
418 153
111 277
167 236
2 250
153 175
186 160
316 202
122 247
323 403
414 385
209 171
180 394
291 62
432 358
196 174
418 33
131 254
134 253
17 69
206 419
259 88
72 41
229 236
409 395
126 1
177 367
155 104
75 89
368 14
136 279
235 119
204 21
243 208
17 6
24 235
135 9
243 438
47 109
122 301
16 294
106 343
22 397
257 378
233 33
65 97
324 133
156 396
276 360
269 17
101 118
274 355
169 372
423 176
24 3
131 311
205 150
333 129
42 376
179 313
325 253
192 288
105 150
140 100
381 57
334 379
168 434
244 432
369 198
302 68
350 226
408 79
189 373
152 86
428 449
341 232
234 124
176 322
264 66
368 144
398 275
417 368
28 369
141 149
0 260
40 234
75 59
424 303
284 432
127 165
446 408
429 161
18 238
305 369
10 230
16 306
419 376
81 370
257 146
282 137
335 175
217 260
422 230
383 149
153 145
223 179
340 229
393 157
129 11
302 2
101 275
369 383
316 438
348 319
145 346
385 212
178 215
381 208
362 419
417 296
337 356
157 390
262 177
49 414
363 288
98 433
105 244
254 99
277 192
0 362
191 304
82 333
426 441
38 449
114 131
51 48
381 303
164 82
127 426
380 132
76 197
38 347
144 291
163 237
44 436
74 66
302 442
223 150
197 98
132 203
18 402
276 238
253 95
87 99
383 30
354 436
58 147
86 286
380 68
85 441
232 317
129 284
436 42
4 335
282 173
6 444
168 403
165 284
193 80
80 254
157 426
337 85
119 42
40 206
438 396
8 251
272 287
44 339
374 170
127 65
213 444
222 245
198 64
261 329
253 143
356 82
132 349
146 13
43 352
322 126
96 13
40 269
75 86
301 257
67 12
171 207
245 186
444 120
0 236
223 445
423 446
238 126
78 169
55 15
73 35
97 337
407 41
90 404
257 88
65 128
66 398
170 200
197 333
406 21
65 236
209 156
338 403
148 76
163 58
92 105
215 437
273 84
432 119
232 60
80 139
208 358
73 423
56 152
17 371
277 349
297 266
295 127
44 127
424 190
320 22
289 185
345 271
429 315
385 131
241 390
38 117
388 12
184 267
203 12
398 195
167 180
386 412
68 359
289 265
296 396
399 384
106 56
73 181
356 367
290 191
432 46
413 279
45 434
308 382
432 235
345 156
189 138
378 345
319 23
142 421
55 14
158 315
145 126
176 259
146 317
326 35
402 214
164 192
364 120
141 75
218 257
234 173
65 148
42 395
196 406
383 340
35 273
146 225
434 412
268 62
111 280
275 289
228 372
374 304
261 41
67 173
44 80
233 313
37 422
116 250
411 160
254 261
106 213
136 185
256 131
349 174
31 371
44 438
0 360
318 413
326 314
276 98
2 82
364 292
232 189
178 115
30 318
435 29
117 382
79 241
429 11
264 175
74 112
127 196
15 410
58 251
112 391
89 18
118 372
83 300
68 344
348 176
269 145
237 444
80 152
172 301
242 361
173 387
272 221
281 356
38 366
56 332
134 219
321 118
374 102
133 331
358 343
108 277
164 190
380 353
105 222
63 379
403 197
205 407
409 332
230 125
321 426
112 221
389 210
136 206
384 111
39 112
283 166
20 330
224 214
203 381
280 140
17 412
182 394
447 191
9 432
268 322
50 350
353 420
65 212
432 226
18 380
425 83
262 438
95 249
348 131
397 61
34 170
253 411
148 207
257 247
340 201
2 97
62 43
104 202
184 194
322 117
95 159
52 303
415 21
43 7
373 269
125 309
162 125
446 186
232 299
122 234
10 79
366 308
19 275
340 223
165 18
267 334
241 164
201 340
17 195
285 248
14 224
303 339
86 29
279 233
328 396
324 222
25 231
161 345
164 311
298 168
126 441
101 141
204 94
291 374
395 445
16 199
7 183
314 210
411 52
37 12
285 77
287 348
341 165
120 433
26 58
315 32
337 350
325 434
307 142
170 313
361 115
360 340
438 19
333 55
341 91
268 93
127 356
20 232
180 216
188 153
119 77
81 245
100 260
411 402
295 240
258 90
353 11
133 193
283 54
90 421
216 56
432 58
287 432
102 54
227 36
289 216
317 194
128 302
268 76
157 213
406 245
356 447
370 277
254 238
350 291
221 105
87 0
98 270
315 74
59 97
99 432
396 428
140 440
13 304
87 244
10 326
138 298
26 339
243 165
125 262
21 300
11 172
229 165
47 17
104 352
7 4
47 65
304 28
290 19
424 53
391 217
112 341
0 186
161 255
415 64
327 55
76 383
188 45
164 237
209 243
357 29
69 237
276 347
219 128
331 16
29 188
382 234
214 128
106 403
170 27
393 123
381 123
129 343
277 114
58 27
329 27
136 291
433 292
238 449
87 272
267 340
350 316
259 384
220 283
129 60
41 131
398 212
266 8
220 71
327 184
369 333
66 46
270 327
135 80
416 146
406 376
358 410
9 186
395 364
290 336
414 417
354 298
398 219
163 380
348 287
401 57
26 274
265 416
164 276
281 43
288 417
142 60
245 183
421 100
288 67
66 122
336 216
177 116
287 77
84 189
402 125
241 225
111 95
71 413
359 173
6 414
367 3
53 293
290 185
222 393
344 383
417 84
373 22
361 398
64 224
38 27
389 386
248 138
139 355
104 401
379 379
438 316
77 4
282 45
200 120
235 190
5 182
232 282
113 291
267 160
347 58
228 101
294 60
184 250
118 404
363 75
173 256
413 321
377 244
186 400
116 445
143 385
9 234
140 190
360 120
309 280
69 382
314 77
7 279
334 217
165 68
297 430
239 36
244 154
300 389
252 98
309 123
22 427
252 253
339 427
445 324
396 445
361 361
250 408
157 49
70 3
323 221
118 264
289 93
11 44
434 334
353 174
193 406
281 247
328 193
276 445
185 78
405 29
417 265
365 289
293 96
409 329
301 23
267 0
135 383
292 158
51 306
120 35
420 8
133 305
192 292
267 248
252 405
320 426
295 107
94 233
275 213
106 417
56 307
333 139
94 135
151 45
284 87
122 151
302 378
234 351
200 225
175 184
89 195
223 393
416 138
173 328
394 173
174 107
151 215
437 61
241 161
228 331
60 168
176 29
260 155
138 434
385 335
27 324
141 274
167 273
76 161
251 214
19 150
130 363
123 160
325 298
233 7
50 329
298 110
97 230
224 83
112 105
161 432
112 46
302 443
306 159
270 301
385 148
392 420
450 410
169 15
8 116
161 40
250 323
153 351
301 63
378 208
113 446
210 108
273 362
245 355
248 355
408 415
192 213
435 287
270 247
28 402
440 255
120 19
363 248
94 269
164 3
149 445
171 287
142 1
311 29
304 261
306 326
188 333
194 349
249 166
209 5
347 349
26 372
213 89
178 118
0 238
237 200
419 73
361 111
16 251
158 118
315 67
187 78
255 167
160 300
264 187
28 97
184 173
389 51
116 315
302 136
41 136
442 306
183 148
153 336
371 9
267 389
54 407
185 45
47 171
153 130
227 179
139 357
230 92
317 238
133 41
331 365
256 179
367 213
377 202
45 196
274 8
289 282
288 121
109 360
310 385
311 107
113 409
212 117
121 284
186 312
334 210
103 172
116 36
145 382
225 16
123 437
59 22
386 153
26 396
151 85
390 228
442 171
273 178
173 390
22 120
443 322
45 317
231 448
123 389
425 237
261 101
161 68
63 192
306 10
417 337
143 357
282 213
97 258
402 9
270 63
306 202
155 384
70 27
177 55
235 428
316 386
341 396
259 410
440 267
260 79
210 172
315 317
79 81
121 47
142 437
224 76
363 405
432 104
444 167
46 241
356 360
142 56
109 376
43 25
282 95
309 449
444 19
200 206
410 32
135 3
56 105
394 196
426 401
310 94
387 121
151 111
3 355
240 22
417 363
439 105
260 199
26 216
365 372
143 418
385 334
339 116
44 6
297 46
127 433
127 308
217 171
14 7
264 230
24 190
420 273
91 226
41 29
375 42
181 5
355 439
396 259
413 255
267 87
389 76
158 327
6 325
236 317
320 195
307 392
398 159
444 135
431 63
193 107
78 311
445 158
242 366
204 287
138 164
182 108
319 281
298 412
251 310
49 276
167 286
140 58
109 364
6 373
251 99
86 376
115 200
71 317
70 98
108 194
30 286
228 272
397 23
231 256
9 8
156 281
341 21
112 297
59 318
376 37
426 158
313 310
288 235
292 109
169 163
424 426
265 196
157 117
117 88
59 62
193 106
146 105
211 341
433 91
126 223
32 250
249 44
281 178
82 125
180 442
26 92
381 71
366 137
403 342
364 68
8 68
199 409
165 330
15 220
353 407
127 428
177 10
22 127
276 5
82 6
420 261
81 312
97 255
187 387
274 407
173 352
367 85
42 8
106 316
413 201
187 120
427 434
84 249
219 444
10 127
198 136
197 115
349 430
392 439
347 24
19 367
51 51
286 285
76 27
22 183
46 103
259 280
292 334
66 424
80 239
415 144
293 365
22 184
178 32
360 189
145 115
208 41
110 191
214 211
142 126
341 163
224 292
372 386
171 270
221 58
238 423
184 303
251 342
410 189
0 328
27 70
444 434
237 345
449 10
182 169
309 206
445 296
369 427
28 41
23 200
75 446
141 32
3 354
107 117
129 261
390 265
278 270
414 425
77 105
173 422
288 396
352 351
197 68
369 394
41 371
302 205
216 302
14 274
383 203
152 95
383 374
186 45
44 71
104 308
135 344
311 99
296 448
128 416
123 158
366 132
83 20
261 39
423 84
256 103
349 92
92 41
59 68
257 72
52 157
377 323
368 282
77 84
223 52
90 166
87 165
401 287
136 154
390 336
137 298
205 224
104 348
223 136
402 419
156 156
393 345
310 55
287 117
112 372
257 412
115 227
243 440
249 86
94 315
62 387
35 294
50 86
161 301
97 5
169 36
25 39
23 294
112 43
260 177
125 145
446 106
174 156
385 245
51 370
316 405
398 348
357 307
332 3
374 168
0 217
180 236
348 52
331 171
6 449
138 28
129 312
245 330
282 381
222 174
192 193
244 213
446 296
17 155
172 284
408 271
105 264
435 340
302 149
6 217
183 397
129 281
408 182
396 373
2 439
299 41
188 131
384 399
35 236
385 421
253 424
291 394
293 339
354 357
138 149
0 253
444 390
9 113
40 102
95 173
183 350
41 297
225 112
292 261
32 100
19 311
237 385
17 396
147 123
15 257
276 235
242 62
134 110
142 429
300 29
226 252
215 65
334 33
168 176
350 312
345 237
259 30
40 9
272 126
57 192
124 212
248 161
393 27
263 257
197 413
285 10
64 315
196 300
372 257
302 178
375 370
303 124
299 44
174 206
391 41
171 284
436 235
11 400
377 290
56 276
123 195
182 166
365 332
8 183
61 58
326 185
375 127
40 1
96 41
255 90
153 226
442 91
8 344
386 271
245 427
184 435
218 51
258 409
356 19
309 322
381 432
379 105
424 144
82 253
177 69
271 270
273 237
374 9
230 99
135 374
130 347
13 268
387 19
431 301
429 184
69 173
401 238
200 230
108 113
369 413
223 443
277 238
291 213
394 19
305 187
364 232
261 88
404 48
64 221
130 136
441 195
346 118
145 275
14 437
380 316
328 118
172 85
218 426
173 395
221 218
362 8
23 442
119 341
242 89
144 100
334 124
446 176
345 334
237 217
362 385
143 264
264 196
184 294
378 329
402 392
117 263
440 100
393 50
86 320
98 114
240 448
383 48
390 341
227 252
419 195
247 146
338 289
273 141
27 35
438 426
385 107
436 227
319 294
194 316
319 343
272 434
149 423
160 135
44 405
93 420
399 166
324 258
392 429
180 193
225 299
84 265
194 393
159 299
30 106
133 218
417 205
443 318
418 327
325 169
237 261
305 303
126 29
52 1
199 78
66 1
96 141
141 132
27 29
364 148
19 281
305 206
322 290
125 33
46 378
70 41
182 296
412 163
102 294
241 361
141 54
299 292
24 16
132 261
18 71
209 45
181 172
13 94
3 25
257 59
254 279
210 321
335 111
197 280
312 18
18 280
290 275
247 76
334 314
13 229
309 351
392 171
129 116
416 398
225 388
333 285
323 305
291 255
48 89
436 369
261 200
400 10
434 90
105 30
218 138
154 30
260 280
442 411
374 305
240 354
143 342
419 131
239 239
349 136
396 301
375 250
321 180
400 127
6 271
68 54
116 401
181 56
206 300
196 58
169 341
253 395
364 310
159 317
31 62
62 449
0 345
160 119
292 370
275 352
409 93
429 290
403 393
360 119
378 267
80 416
157 151
157 220
1 310
4 254
205 9
399 268
237 219
302 394
396 330
345 272
65 262
436 257
331 217
267 189
283 292
199 135
337 50
440 166
49 432
345 443
372 279
203 320
10 88
145 90
131 435
443 440
375 230
420 239
405 231
128 175
253 295
177 321
245 98
383 154
163 426
254 81
136 334
74 315
49 188
312 223
45 342
54 118
255 331
143 439
93 20
362 315
315 256
166 430
201 37
34 420
376 415
146 368
268 413
8 143
130 67
207 69
341 195
368 191
290 372
358 101
61 186
230 160
447 367
4 99
127 194
64 405
413 63
58 202
46 137
229 450
33 212
404 410
190 414
382 342
98 279
70 148
134 434
400 422
417 224
413 262
27 371
212 434
234 14
270 205
70 38
403 396
61 201
140 7
136 101
93 97
241 226
367 283
263 397
25 51
67 51
444 20
56 146
160 401
92 115
104 381
424 374
146 25
36 323
37 51
251 120
303 186
77 206
41 224
440 123
153 194
87 428
351 383
138 51
67 229
86 290
68 265
391 282
47 397
157 7
341 286
391 382
271 330
168 273
167 391
386 328
298 283
412 366
323 213
436 30
53 437
394 377
254 367
121 200
438 449
260 174
74 347
156 427
258 411
304 305
1 123
280 156
161 158
220 36
313 167
280 90
426 281
389 369
383 382
318 288
302 384
21 32
82 356
38 315
123 111
123 28
123 123
108 221
1 229
237 179
284 247
219 145
335 29
345 217
12 197
143 91
20 351
118 367
170 396
178 439
190 152
0 191
397 302
24 383
213 430
228 123
405 396
0 184
367 340
242 71
258 39
394 215
443 251
40 24
412 41
211 20
300 442
425 294
238 397
163 149
194 285
291 188
404 207
361 327
113 258
291 5
202 313
369 226
379 183
39 215
107 437
86 410
351 362
152 36
77 6
229 37
224 316
340 61
295 104
295 244
309 2
247 217
38 403
377 107
191 297
243 73
249 11
194 305
117 418
2 408
315 20
214 409
346 150
60 358
145 317
292 428
219 87
384 19
87 356
409 444
347 210
310 170
3 186
338 157
365 309
81 56
188 240
114 327
370 407
160 287
163 209
393 200
311 239
322 327
15 401
133 144
295 24
50 437
105 75
342 106
224 161
360 57
281 167
202 224
211 250
139 121
254 74
239 154
433 257
55 141
125 272
30 396
98 303
65 242
111 358
228 449
26 171
52 125
150 14
286 325
84 410
174 219
404 129
350 375
76 69
171 401
43 204
20 340
394 373
151 413
211 264
381 130
71 28
165 385
424 353
16 437
379 207
163 344
276 77
379 264
37 228
61 371
50 42
332 229
0 41
186 19
169 279
380 367
347 227
167 394
233 285
444 108
341 205
223 109
284 11
366 112
229 347
192 31
279 147
49 30
141 185
334 123
35 383
36 405
300 185
86 220
163 384
16 16
368 255
401 364
128 124
283 83
219 96
398 64
426 19
251 207
127 121
178 23
421 141
245 175
23 90
382 156
274 132
326 324
243 302
442 54
385 412
436 360
434 60
364 216
378 106
34 421
4 30
388 238
86 198
293 284
107 132
46 31
74 197
424 269
206 398
447 313
433 248
231 212
124 96
147 34
166 50
3 276
263 448
129 206
383 90
137 21
71 105
266 35
418 439
258 334
190 256
60 314
391 159
125 244
159 443
326 6
11 261
12 311
145 431
80 117
134 175
242 401
97 285
375 273
99 405
34 363
349 88
156 293
341 364
160 382
135 149
208 329
162 363
385 171
280 410
81 232
418 91
292 405
284 353
11 413
157 447
395 312
154 183
3 123
186 285
98 441
392 37
442 223
356 444
138 47
336 179
437 442
366 282
226 342
99 75
95 164
377 322
423 362
90 437
81 21
269 10
342 245
424 423
86 161
372 250
218 449
423 398
250 376
46 214
144 260
287 187
442 193
242 404
285 138
362 155
172 117
75 273
133 165
448 382
159 399
237 140
10 154
255 132
271 138
343 343
291 173
69 181
319 258
261 206
284 227
279 316
83 103
255 153
420 51
97 107
414 38
211 67
197 287
120 310
293 136
372 100
276 108
14 282
241 176
190 35
407 328
178 222
228 33
277 50
35 151
130 423
450 390
210 121
334 317
9 387
251 30
376 27
384 401
79 37
42 18
380 374
242 126
337 339
394 321
402 181
332 332
176 174
16 205
127 60
300 226
155 41
365 284
398 268
90 88
390 157
94 258
371 379
261 269
276 266
190 116
125 246
112 438
30 151
45 267
343 250
160 52
229 172
398 69
208 302
96 363
230 376
345 108
397 372
102 314
186 67
417 248
175 441
302 182
102 35
177 157
164 9
119 275
338 221
253 220
422 436
149 417
226 243
410 53
127 344
14 185
240 178
10 427
335 148
266 312
128 25
125 329
78 151
211 139
100 355
259 14
32 2
230 197
387 338
315 133
340 356
170 376
81 344
384 224
124 70
91 341
330 449
131 187
26 82
67 224
81 429
74 383
179 144
382 0
133 358
11 284
54 403
165 78
377 28
17 123
413 186
305 98
293 286
52 104
319 82
248 79
401 116
307 49
272 299
345 284
396 150
14 205
390 60
230 181
447 375
368 57
50 105
296 361
229 162
343 150
143 23
411 168
149 7
281 373
119 197
368 181
443 77
135 122
384 262
64 202
402 25
413 349
204 356
384 184
423 272
237 335
212 109
206 328
114 119
320 434
176 17
421 324
333 11
55 260
227 80
149 102
26 33
342 218
15 364
234 43
278 6
90 126
332 204
220 167
52 95
148 2
266 313
397 324
40 352
40 423
352 50
231 228
361 436
375 2
14 69
181 302
42 156
132 235
234 236
434 50
225 154
373 167
50 53
427 12
424 433
339 326
154 297
181 163
186 431
55 310
278 145
298 191
183 114
197 56
204 55
78 156
146 134
214 61
350 380
124 255
448 88
447 231
117 108
431 284
224 439
185 156
321 272
204 149
286 157
138 242
209 188
288 277
87 299
332 354
66 255
292 7
60 83
311 300
306 328
165 310
238 232
371 47
186 354
46 397
446 154
365 176
78 429
332 265
407 422
341 299
71 92
439 59
125 7
411 107
421 10
292 129
101 260
258 351
158 36
401 101
361 318
7 250
9 270
44 228
401 17
275 40
229 93
281 199
262 206
244 145
180 441
163 168
229 420
69 167
17 293
202 323
358 139
70 70
153 447
14 125
75 175
244 143
260 158
391 394
324 190
424 447
428 319
396 57
46 37
166 120
101 180
442 273
384 285
142 375
291 92
216 169
346 383
388 216
247 383
216 342
60 24
66 193
292 292
227 321
59 395
248 29
7 341
60 375
310 316
321 184
32 331
171 308
204 251
417 236
391 115
21 441
368 442
48 308
54 5
202 280
0 439
97 62
185 86
378 58
14 442
417 33
121 149
127 271
72 256
194 405
133 20
350 80
413 3
8 137
315 49
233 183
14 221
372 394
379 407
132 219
24 425
42 264
261 91
332 164
255 399
262 34
338 216
396 12
333 2
86 248
316 75
102 148
431 30
85 3
350 361
402 165
423 8
300 0
95 322
417 280
327 120
330 140
16 276
139 70
143 95
360 278
447 209
225 9
284 272
235 146
8 252
409 359
229 325
20 190
225 121
312 126
432 234
146 86
269 397
116 254
283 61
300 263
348 293
141 21
82 64
67 379
416 96
281 98
186 408
377 311
169 350
97 332
35 331
174 364
281 53
42 144
148 353
194 152
357 131
338 75
125 163
172 268
77 450
281 73
293 33
175 438
229 342
226 94
141 121
159 319
450 361
227 275
221 349
337 308
450 340
253 412
326 358
45 288
58 417
258 189
192 83
196 219
160 132
266 407
230 241
160 247
168 342
413 100
87 389
450 407
132 109
34 69
376 144
433 43
422 50
195 115
396 266
46 93
424 406
148 47
48 188
382 333
363 127
217 317
25 398
91 106
189 1
19 426
153 15
181 239
62 433
101 438
294 81
413 73
114 277
51 242
146 1
306 308
402 409
251 142
108 317
377 402
173 278
214 200
46 442
269 86
324 423
260 8
37 138
404 232
90 242
369 248
207 217
313 70
94 168
113 420
433 214
48 239
420 422
327 304
53 200
167 339
446 248
376 106
200 99
156 85
96 401
279 132
307 116
88 127
157 351
377 112
77 151
225 128
220 389
411 309
1 193
105 342
84 322
88 294
29 226
379 89
41 90
251 333
257 334
215 441
139 5
417 57
110 145
60 172
163 188
247 141
45 387
41 20
340 191
344 172
125 374
84 378
134 114
169 287
350 295
289 184
382 111
448 183
201 344
295 33
91 170
115 375
142 189
351 282
442 69
71 77
130 412
314 154
427 430
92 64
366 406
153 267
165 183
425 376
391 273
396 275
136 68
255 158
214 45
365 219
373 417
348 311
44 296
299 307
380 411
28 433
425 333
394 408
60 339
189 57
44 401
106 119
423 120
171 70
389 261
186 27
187 82
236 96
271 241
279 263
159 212
319 320
5 344
181 7
431 136
42 112
310 200
48 264
343 199
423 418
390 121
272 344
229 373
50 365
146 422
363 421
363 295
393 138
372 258
264 52
355 188
284 126
280 37
198 390
93 112
277 198
105 332
139 311
378 9
372 157
245 201
371 167
166 429
434 117
101 347
248 251
393 240
184 336
108 269
170 213
395 156
57 432
48 271
167 170
180 100
211 160
127 246
410 238
377 332
180 70
373 141
425 125
77 229
122 269
121 180
109 244
258 184
227 296
116 98
389 40
160 354
90 328
370 184
71 400
325 341
268 127
116 184
214 100
99 61
237 271
96 169
346 297
300 395
267 431
82 158
113 343
352 204
158 67
0 23
18 95
15 405
275 359
239 382
447 229
420 251
349 427
249 47
140 117
354 425
66 105
86 10
7 116
227 304
122 183
369 430
165 113
382 361
276 319
191 194
99 348
389 102
86 112
173 86
271 218
421 286
40 238
86 145
75 384
61 358
445 447
20 50
100 436
149 424
360 104
327 178
406 290
53 394
395 282
92 341
95 307
325 55
227 195
61 108
255 413
328 439
118 53
423 434
380 203
119 133
251 366
218 421
388 423
148 321
11 14
262 1
72 340
210 238
411 111
236 64
182 257
174 173
439 347
124 174
93 27
405 398
268 438
70 382
298 262
87 350
42 179
92 309
79 263
276 120
340 307
261 42
124 42
367 65
349 329
78 51
284 354
194 62
173 28
67 68
384 288
30 386
348 439
16 414
256 360
442 226
376 369
368 345
387 101
440 196
405 379
213 350
124 268
142 268
397 175
308 376
343 445
88 91
376 266
403 11
391 208
54 26
94 29
331 52
255 62
158 318
376 303
313 364
90 191
268 81
122 430
149 182
245 77
74 416
374 72
230 175
130 237
183 259
413 160
174 370
363 60
213 164
233 156
37 102
198 251
306 314
307 239
404 55
395 28
368 278
43 137
228 67
97 67
146 120
158 101
216 22
424 150
180 330
232 373
271 411
0 251
139 160
56 239
135 259
449 289
197 209
218 179
323 431
445 53
290 434
145 254
10 33
238 330
9 390
103 279
119 440
266 414
297 249
155 356
413 174
442 13
405 395
207 448
283 235
377 85
448 186
337 182
446 151
300 235
301 362
373 142
257 341
438 308
302 361
268 115
130 319
410 108
424 149
182 277
27 48
3 19
171 94
374 205
368 271
183 177
301 237
26 408
278 36
336 206
248 329
263 375
7 334
407 176
216 380
321 53
58 211
380 65
248 126
116 86
284 48
222 382
165 87
353 389
255 168
163 137
264 49
80 298
265 382
355 54
351 387
405 301
169 448
15 259
385 165
18 226
195 305
113 101
135 268
322 369
299 143
87 100
29 287
6 187
343 424
425 197
125 127
275 227
78 196
279 361
212 186
381 160
31 265
170 224
83 436
104 8
306 19
302 86
277 207
110 208
175 338
209 340
294 203
43 86
136 243
323 377
276 330
10 341
223 420
79 201
32 325
83 240
337 381
195 225
95 217
128 230
61 407
414 56
76 393
299 385
294 402
75 316
229 324
403 431
57 390
445 37
427 180
391 142
27 400
361 32
157 348
419 192
237 369
356 232
50 101
288 295
365 445
101 340
83 10
0 449
288 300
298 396
319 130
229 202
379 439
372 291
261 117
412 284
260 373
413 103
37 58
104 5
241 360
294 314
303 49
252 236
56 278
254 73
88 16
255 285
86 392
97 84
173 432
222 37
289 401
231 421
246 222
1 359
132 325
163 428
171 264
27 277
334 264
418 102
245 446
447 390
168 297
247 422
447 258
134 62
398 32
350 201
88 280
126 228
447 315
125 83
199 230
120 133
269 218
324 30
300 124
423 333
396 215
80 248
349 337
116 393
24 272
196 114
166 107
308 383
63 355
158 114
78 450
349 446
331 140
72 165
155 42
425 150
314 11
107 9
94 112
1 277
42 25
37 316
37 399
331 66
415 270
173 345
137 99
253 293
409 240
327 147
47 414
148 229
248 222
162 319
15 359
173 210
441 236
108 228
238 15
242 50
394 322
205 205
395 308
315 356
145 242
225 219
123 229
191 129
363 5
177 186
359 410
280 317
259 36
222 27
158 115
250 214
33 230
103 17
391 131
101 412
295 343
230 56
146 334
200 246
199 141
186 197
19 337
270 355
273 195
303 150
410 193
394 74
188 252
335 274
425 402
326 141
401 369
154 97
410 292
378 243
141 8
70 264
264 275
241 289
438 71
247 246
177 84
321 88
427 29
112 326
120 196
277 133
287 30
10 250
430 105
205 423
132 178
18 428
192 69
58 243
356 31
119 67
151 68
306 200
387 406
4 96
174 328
244 312
262 241
387 31
50 271
341 36
195 70
278 91
337 261
177 36
450 19
203 191
254 308
181 55
241 26
270 380
103 379
164 179
400 258
202 243
437 365
227 411
364 423
146 364
214 275
140 194
43 69
288 309
418 303
64 360
213 236
356 6
56 367
188 439
32 340
9 372
32 264
391 185
341 152
256 369
429 96
425 233
133 357
190 340
200 139
98 311
266 1
230 448
120 382
143 376
78 297
311 110
379 134
399 27
136 300
414 141
199 20
124 446
216 174
273 152
57 189
414 400
398 84
166 200
148 74
295 87
157 211
250 189
157 185
272 214
434 70
417 59
252 324
231 138
434 57
320 140
179 158
380 220
33 281
44 297
265 164
57 445
388 260
388 158
418 252
421 445
16 416
336 283
284 316
432 342
15 61
125 214
75 186
299 356
6 219
241 139
15 439
442 339
208 239
48 43
329 33
228 443
315 77
57 184
2 363
254 20
443 315
320 425
296 388
151 143
316 158
127 50
109 209
290 17
47 446
179 263
251 186
88 126
38 219
444 280
43 170
121 302
18 245
130 58
153 1
224 304
102 415
290 384
249 61
418 118
244 85
41 64
119 309
275 331
287 401
249 328
398 269
61 78
273 269
112 64
400 438
371 200
117 435
30 374
118 212
203 9
390 0
436 416
275 131
412 396
152 382
188 180
70 26
355 197
19 135
436 399
397 103
257 187
290 252
192 191
241 245
332 345
144 410
100 184
118 213
6 310
21 306
263 36
432 287
336 392
16 419
126 87
341 400
16 50
253 54
95 302
56 259
401 42
400 139
245 110
306 283
283 219
246 387
200 291
316 89
402 399
274 63
109 347
5 91
262 279
72 174
407 270
58 447
234 313
298 405
355 238
92 260
325 31
328 128
437 215
270 147
295 154
236 429
334 309
309 28
5 403
12 11
410 166
389 193
42 282
3 30
167 66
85 30
324 364
214 177
223 436
396 252
7 448
78 316
335 128
55 401
91 138
16 252
381 231
379 169
182 70
81 338
236 54
191 397
262 369
347 224
280 297
69 421
394 190
283 382
54 402
179 120
381 277
303 350
339 225
202 194
373 371
413 95
202 71
10 84
227 423
324 155
290 216
163 411
196 400
31 2
69 6
10 225
15 29
169 330
450 399
67 340
411 200
96 239
149 301
360 224
371 364
183 323
36 246
21 144
427 318
438 183
300 283
151 254
215 429
160 334
372 149
272 174
302 61
288 297
320 68
191 2
419 207
161 228
210 403
422 300
293 450
393 296
402 211
409 206
275 9
221 86
29 21
317 379
164 259
199 436
37 406
128 238
302 408
161 350
96 70
17 266
37 387
143 278
149 368
94 46
383 368
403 19
341 293
49 374
23 124
85 200
110 85
269 406
327 87
170 168
356 105
380 264
106 116
144 26
281 367
120 325
337 205
59 404
237 177
27 73
53 42
190 363
96 345
32 234
43 309
84 290
153 89
418 111
2 269
210 149
409 427
404 174
84 425
335 308
311 298
193 246
67 135
11 8
444 297
61 164
240 300
222 309
413 188
213 115
175 353
32 315
368 400
297 20
143 384
56 15
134 308
338 237
147 60
75 85
150 258
19 8
356 445
91 402
126 248
292 283
242 78
79 21
178 127
194 203
38 183
16 153
78 142
419 336
380 301
195 88
413 285
71 119
96 187
305 100
170 291
423 3
127 102
381 248
434 40
184 39
385 39
191 83
323 325
269 421
343 105
52 324
324 410
315 113
401 71
338 69
331 315
440 127
179 39
117 18
196 382
117 393
81 77
371 245
86 326
328 136
247 384
27 351
215 357
349 107
428 67
187 143
165 58
139 93
287 150
73 182
313 243
223 359
297 404
407 205
404 171
170 312
253 169
309 145
312 213
44 410
430 271
96 399
364 414
416 338
352 80
184 325
105 263
330 260
82 351
384 71
96 395
25 447
33 7
124 305
267 408
374 444
152 423
135 300
255 286
42 162
3 133
49 167
264 394
303 345
299 112
72 189
128 265
350 133
141 164
117 262
42 305
399 119
164 134
45 63
271 172
91 198
226 331
381 381
344 176
220 424
34 61
151 199
276 384
324 5
310 250
400 252
114 285
226 369
407 110
134 59
448 107
33 330
271 437
345 390
300 46
224 130
407 297
76 305
201 336
188 124
281 224
207 27
374 280
428 350
262 425
28 246
16 39
150 204
384 171
224 49
280 190
39 179
86 148
42 180
220 18
111 272
32 416
398 145
258 275
220 212
129 395
374 428
191 78
41 15
27 413
218 226
346 336
422 302
97 241
113 168
294 199
223 259
195 238
375 102
427 165
184 188
434 15
448 65
206 272
270 406
214 358
345 129
400 83
47 114
148 46
212 443
175 259
259 315
206 224
249 97
382 81
98 25
194 89
95 374
196 371
182 68
389 88
264 380
129 411
201 268
395 244
394 56
198 311
420 117
148 4
363 304
298 13
191 345
35 449
77 14
342 186
246 73
135 126
72 398
302 83
28 156
280 281
350 52
151 119
136 113
210 74
5 370
442 392
184 142
334 101
430 61
269 283
58 173
170 281
32 142
318 377
106 187
421 76
383 328
227 383
193 343
57 155
305 198
437 301
94 60
51 104
215 428
244 55
367 285
247 416
151 280
386 337
81 129
156 349
265 413
205 43
167 151
79 135
172 392
117 162
233 424
224 69
223 108
433 311
368 86
270 77
96 167
274 259
105 159
334 364
39 319
3 425
34 207
286 54
318 385
142 280
294 351
48 200
353 366
304 440
344 106
188 342
147 18
4 82
305 15
252 247
200 272
307 174
178 393
419 385
93 338
52 244
9 162
164 201
178 421
2 79
131 262
102 201
184 20
193 212
2 293
302 275
6 313
298 124
73 162
135 382
174 288
142 436
129 278
208 230
257 292
261 90
350 89
133 142
196 204
302 353
87 383
169 111
156 438
251 258
94 262
368 74
85 46
180 246
134 332
271 144
134 132
412 398
104 144
251 101
122 296
78 174
414 229
419 176
239 378
281 146
102 46
244 437
362 13
355 426
198 304
203 182
317 259
200 103
103 406
82 86
423 406
394 287
108 10
85 209
138 11
392 307
165 70
206 63
293 143
294 272
432 325
445 96
222 341
102 262
318 434
428 71
128 267
193 172
101 193
363 346
333 88
90 362
208 271
201 323
132 344
123 372
406 352
162 272
369 155
290 6
341 287
401 22
30 208
121 254
7 316
161 433
145 321
358 299
124 113
378 347
305 422
64 48
6 430
417 396
293 146
93 445
142 247
174 82
141 289
20 95
436 334
413 129
298 216
119 87
228 440
357 434
440 142
105 36
285 358
332 7
111 418
169 443
113 166
326 222
97 406
319 446
398 338
300 405
266 159
289 312
434 28
429 65
232 349
335 368
68 291
272 404
394 401
252 402
97 347
9 21
109 221
95 277
100 84
123 145
232 54
230 365
256 161
395 25
66 269
293 279
61 296
44 374
362 90
15 71
105 79
417 88
130 208
30 46
295 277
93 291
255 36
271 383
64 348
416 314
62 233
131 141
101 240
25 201
136 331
284 217
306 31
41 397
189 167
319 186
442 188
281 96
395 129
121 245
248 24
8 415
346 310
314 362
368 387
242 135
298 228
177 407
193 304
9 324
58 59
138 105
291 390
241 152
192 110
397 148
341 243
56 447
140 401
256 57
64 56
91 45
310 348
416 365
329 92
365 303
407 167
332 392
36 162
295 295
343 61
428 28
151 383
48 358
347 311
372 307
145 362
178 437
164 265
403 260
182 174
390 386
169 447
267 326
447 445
267 353
409 396
258 106
414 298
374 325
260 80
10 297
320 257
374 84
137 19
121 269
8 112
150 142
295 137
403 447
197 58
121 8
222 443
274 440
210 1
232 195
357 98
294 384
12 324
285 210
90 444
95 169
117 189
142 129
107 448
430 199
269 254
99 215
136 395
264 3
53 414
288 437
376 160
280 400
22 417
337 423
260 224
113 428
128 141
271 327
404 74
201 224
192 256
396 405
216 114
280 136
218 49
192 64
126 117
171 408
254 166
155 258
185 15
405 291
356 428
165 275
155 248
10 87
94 188
226 196
381 364
418 431
131 426
126 74
111 145
197 65
73 0
13 70
309 37
14 23
195 132
222 417
217 361
310 342
223 240
350 311
171 316
112 26
355 9
282 89
349 388
314 286
221 4
331 233
9 116
101 21
120 394
242 390
351 8
405 72
319 232
252 298
31 450
290 288
92 290
70 50
9 59
10 145
363 57
53 48
364 332
207 17
69 15
241 143
81 193
102 76
172 326
62 385
64 108
27 159
62 297
243 124
441 207
419 167
279 37
250 394
17 100
433 22
42 213
441 215
158 140
162 172
256 439
378 314
200 60
288 383
42 146
397 10
0 263
184 33
444 27
107 347
241 262
422 303
400 39
444 126
252 188
104 226
29 360
98 310
415 399
244 101
81 291
288 173
165 439
108 128
138 373
2 361
270 412
290 233
281 234
368 217
327 195
22 32
75 357
256 264
1 154
265 111
388 86
21 444
357 18
386 156
196 407
62 349
179 418
181 214
218 104
281 99
198 29
102 41
266 372
61 217
247 324
354 296
369 178
206 133
151 74
75 264
48 56
268 20
367 332
311 177
266 264
131 216
286 366
200 332
57 65
123 96
185 36
208 234
22 153
432 106
140 271
313 337
449 147
32 76
370 50
4 54
407 214
368 19
348 164
430 51
333 268
402 161
13 191
149 411
239 119
310 227
450 51
128 414
189 184
159 298
96 193
193 425
131 116
335 36
355 292
201 69
50 232
400 27
315 349
420 359
443 303
304 139
103 132
423 71
331 87
248 132
197 123
393 181
159 169
90 259
382 236
235 194
17 218
84 21
91 122
8 176
161 50
85 23
376 289
237 75
185 428
171 170
178 202
32 148
418 100
445 24
147 53
204 135
127 166
424 76
43 203
171 123
417 53
360 142
136 264
373 228
86 350
448 148
354 97
444 302
329 370
333 396
405 407
360 347
199 224
282 135
99 203
251 431
298 99
10 139
356 262
411 49
180 224
392 182
23 279
262 14
266 213
305 444
197 374
133 336
78 440
255 252
167 348
196 152
249 335
231 142
340 214
417 40
370 278
404 353
225 106
331 9
298 321
438 89
86 117
134 266
428 284
291 310
196 84
79 166
397 219
233 19
188 402
408 324
11 93
314 409
239 376
289 295
122 270
107 418
353 111
84 282
384 38
323 339
251 413
378 166
17 256
202 16
68 385
79 395
419 405
62 38
335 438
194 209
267 255
86 386
313 245
7 103
88 17
104 87
242 291
116 113
200 299
98 144
117 356
418 299
2 184
4 247
203 233
8 360
169 415
369 26
181 162
162 16
252 248
449 263
105 334
189 250
349 135
5 254
369 61
194 113
145 157
314 119
388 441
197 199
19 421
8 255
32 354
310 233
127 6
271 299
390 67
123 208
194 120
276 96
415 340
379 17
144 257
425 132
17 91
18 86
425 301
391 116
352 183
274 372
432 284
430 16
330 422
371 240
57 291
227 188
50 426
335 129
136 397
381 373
69 388
328 404
297 437
176 220
147 141
408 1
164 187
1 104
33 157
179 321
191 3
299 98
356 91
341 339
259 222
93 121
213 372
301 75
437 161
191 428
333 243
332 160
142 412
378 275
201 172
107 108
411 339
434 81
108 298
116 408
355 168
129 189
12 180
319 427
310 155
308 246
308 335
397 220
2 80
323 27
218 281
306 129
220 64
312 71
262 379
133 185
52 66
15 228
60 133
445 216
396 379
71 186
186 194
283 424
364 78
90 281
198 254
128 330
172 94
217 160
110 348
107 206
135 118
27 147
343 189
394 20
85 191
361 213
153 357
207 301
88 439
399 181
338 165
369 34
405 188
410 363
182 438
282 229
155 24
223 118
172 359
212 365
135 24
434 56
180 102
397 384
150 368
307 40
13 263
242 252
189 410
56 48
312 320
378 322
342 268
388 142
40 83
167 34
341 185
218 11
102 238
302 371
15 40
66 34
197 363
144 447
298 362
371 8
355 51
269 280
398 300
223 134
188 211
386 20
365 292
391 388
187 192
235 310
51 187
303 292
287 181
48 26
312 56
169 359
131 188
92 22
211 445
1 380
140 42
427 124
13 385
427 350
303 143
135 381
362 375
43 252
289 64
325 165
60 277
180 266
42 92
13 389
161 390
282 13
280 243
109 175
149 43
37 215
49 373
416 327
268 139
104 180
241 427
394 27
19 300
1 137
247 289
180 367
329 427
173 304
332 236
164 75
286 292
368 185
20 282
34 274
318 61
147 54
367 146
147 296
202 180
196 201
298 253
86 129
234 148
245 117
355 46
372 175
235 205
279 348
378 424
372 184
354 424
93 388
249 70
23 317
414 237
291 432
138 174
205 89
358 5
160 369
446 86
116 347
450 404
268 168
360 109
430 449
113 56
289 264
336 306
212 203
450 200
182 307
260 359
408 236
222 447
221 222
64 301
108 79
254 421
142 219
386 275
171 215
29 45
170 337
443 204
420 283
54 47
421 37
400 153
75 189
301 71
123 236
45 15
407 54
416 346
148 444
351 193
344 31
247 250
381 192
410 247
116 267
349 69
1 302
261 51
40 244
170 394
183 70
82 440
58 335
362 381
36 356
73 303
344 177
125 100
113 133
149 189
81 402
304 378
417 349
69 215
150 257
427 274
238 160
351 272
289 373
342 188
260 73
264 51
123 352
425 342
223 129
7 139
126 16
416 147
254 15
319 144
90 402
202 42
26 379
63 188
78 345
159 384
244 329
194 124
91 264
64 287
423 386
41 403
0 57
387 308
32 447
370 365
445 50
52 404
188 92
349 257
125 171
282 10
161 225
395 212
207 415
345 64
57 425
411 346
440 47
3 350
369 79
67 134
31 225
109 129
153 85
382 94
280 197
264 367
3 391
402 324
132 185
242 15
362 201
127 73
361 276
250 406
212 92
211 119
133 130
81 200
290 102
102 188
102 281
159 66
152 91
309 279
174 420
447 224
403 385
310 177
275 96
284 143
196 310
63 24
430 443
240 444
143 202
34 206
446 397
368 15
17 44
316 86
236 82
67 182
388 246
122 297
376 202
10 240
285 287
421 215
424 100
410 278
210 365
25 391
48 204
41 111
346 277
92 45
391 285
161 372
180 329
114 55
188 143
330 215
402 44
94 74
25 132
70 65
244 393
265 130
346 224
399 335
418 121
375 149
192 347
164 250
291 396
95 381
61 236
178 102
7 235
434 128
393 77
271 254
145 393
24 298
316 209
368 172
257 297
16 245
284 171
283 270
410 176
339 189
55 248
277 174
295 101
292 253
364 62
197 265
448 124
325 271
198 238
420 130
244 249
253 310
83 60
402 220
385 287
257 152
125 198
220 34
291 292
302 276
442 304
189 419
182 91
116 6
80 74
311 395
428 364
106 151
151 419
350 105
72 91
385 441
196 341
127 284
379 43
246 337
240 73
194 37
391 250
197 48
83 395
399 131
116 141
396 287
88 279
301 363
425 273
1 411
99 275
422 42
197 277
384 9
305 250
224 215
102 219
121 114
424 221
138 26
299 391
147 313
108 177
149 206
92 177
314 121
450 376
175 77
353 429
267 388
309 146
183 122
398 110
124 79
408 14
353 202
131 377
398 333
267 126
409 39
186 117
169 151
424 20
135 95
379 206
278 152
146 117
363 347
340 151
444 248
224 392
114 143
16 398
22 370
324 400
46 109
258 416
375 291
271 0
128 429
278 206
90 147
349 352
327 265
46 163
232 46
441 324
242 396
226 89
356 269
37 251
31 113
317 107
423 77
274 426
198 418
184 90
253 241
388 94
223 435
80 405
221 162
424 266
296 384
126 323
128 131
214 291
383 32
89 35
224 124
440 209
331 370
108 407
382 107
168 34
373 283
340 341
164 369
423 223
11 89
41 311
74 44
409 417
237 93
96 383
449 327
325 133
210 162
171 87
135 355
170 123
116 399
280 7
105 249
443 99
313 292
232 265
280 277
418 271
250 339
36 394
55 101
112 6
195 269
406 180
273 369
19 2
450 95
121 122
149 162
249 378
157 249
393 198
439 37
27 66
409 200
415 441
296 429
310 49
387 27
54 387
394 398
41 86
204 250
418 322
133 127
342 391
143 155
185 214
245 196
247 166
126 293
25 329
348 112
146 174
442 395
317 306
433 92
84 218
395 93
185 306
297 8
138 332
255 187
418 103
173 389
158 404
313 242
307 65
2 193
173 163
144 393
341 358
109 366
369 315
319 286
58 219
299 48
35 423
370 402
286 195
331 48
318 296
178 377
46 174
233 77
91 443
219 332
378 99
181 390
306 140
190 6
23 430
351 241
290 248
399 269
343 186
274 82
19 410
260 326
166 264
421 438
237 257
185 386
44 441
53 280
439 10
348 309
168 99
322 91
245 274
412 243
49 367
92 228
265 353
212 176
412 3
349 134
227 96
140 231
438 414
353 162
283 140
67 403
13 93
268 226
238 2
153 239
88 168
3 10
347 444
411 99
212 400
187 274
293 219
171 145
419 374
315 406
29 49
198 252
3 76
85 397
129 119
148 309
357 357
282 235
400 389
105 176
153 162
305 443
303 271
299 139
117 426
142 394
71 281
87 296
201 145
194 311
319 171
395 258
61 315
18 322
220 381
261 406
129 156
295 234
345 3
190 1
388 176
220 245
70 75
331 139
311 84
314 304
111 207
305 177
396 88
391 322
295 406
315 408
112 264
135 419
419 72
125 327
338 387
177 262
449 377
154 347
102 401
360 27
108 71
77 291
375 450
448 171
115 132
335 123
127 182
222 259
297 54
301 74
397 285
339 379
375 281
350 212
32 34
157 4
385 190
178 416
164 401
39 397
431 90
214 349
371 248
401 232
116 300
334 355
323 45
157 231
445 232
389 157
342 296
344 73
51 374
154 165
422 411
396 175
127 227
445 409
268 450
150 408
367 354
292 55
394 38
300 69
406 54
364 277
9 415
214 193
55 46
268 386
179 196
145 88
48 6
240 106
328 40
81 28
49 409
223 213
82 105
299 213
58 162
344 168
78 309
104 42
218 89
175 352
217 236
377 363
334 120
44 386
305 79
114 290
327 103
296 207
20 153
382 3
329 388
200 20
94 82
290 316
278 265
212 395
431 118
124 80
382 248
410 21
85 128
4 234
186 156
23 250
205 228
47 329
51 232
84 13
431 431
53 316
367 18
49 209
298 133
285 279
77 267
37 47
216 117
326 240
141 13
56 178
249 288
346 208
328 443
377 432
83 352
252 4
435 392
373 42
300 115
353 145
108 36
169 264
47 188
220 401
33 351
144 307
169 235
327 331
327 100
222 146
175 214
286 367
395 361
320 284
305 357
390 53
200 266
316 412
410 295
144 117
249 40
278 190
433 38
20 17
236 119
143 273
376 339
198 350
352 93
377 260
190 274
330 93
389 75
141 145
43 364
346 384
369 215
299 297
120 11
141 221
17 248
26 152
146 143
240 350
56 379
295 409
25 151
225 37
224 284
148 414
99 44
41 306
136 195
75 170
109 168
358 266
273 429
269 365
384 386
185 323
28 362
110 27
210 264
196 57
415 98
274 189
300 319
130 352
86 203
323 331
197 69
153 195
9 202
109 248
109 54
428 266
324 324
258 170
183 36
241 4
314 365
156 331
412 160
367 412
104 443
63 83
216 270
446 28
325 159
342 247
352 102
126 171
43 283
18 289
302 167
269 67
287 269
67 263
415 408
338 259
120 3
312 257
213 288
211 259
389 136
182 38
204 371
374 364
206 131
26 368
314 262
22 86
374 356
6 6
444 63
307 118
231 396
20 204
420 248
80 38
251 315
128 104
122 1
31 223
306 36
414 86
292 434
149 22
341 262
108 89
38 118
315 105
377 334
373 218
369 308
70 114
385 106
384 28
311 89
287 387
427 241
301 280
410 217
212 306
368 87
37 129
361 196
323 116
145 344
21 339
230 306
96 215
255 2
145 253
193 213
85 255
405 81
441 161
87 67
227 46
364 412
82 365
224 429
241 368
412 218
170 178
94 61
307 195
12 207
7 113
218 72
163 410
344 206
57 222
209 342
375 382
146 196
202 380
19 115
297 63
15 399
157 2
386 331
5 106
20 359
389 178
35 134
215 233
99 273
427 122
3 415
86 180
81 329
114 102
174 253
213 224
439 132
329 439
188 366
347 243
379 16
300 82
312 399
117 442
60 210
287 76
151 2
255 428
393 25
204 169
388 112
330 142
178 424
406 110
81 199
260 276
348 233
450 134
420 427
449 101
385 211
303 327
138 417
24 305
386 303
362 253
28 136
160 336
389 22
200 149
116 66
12 90
351 360
4 390
230 48
364 440
237 143
340 161
182 395
112 61
368 150
377 175
401 226
27 109
205 167
326 304
448 15
88 331
91 36
316 267
180 145
89 318
355 44
4 132
61 342
219 239
231 411
390 278
174 149
259 87
358 196
446 96
82 95
75 78
438 51
230 340
202 244
195 327
439 163
171 8
227 416
163 68
326 386
150 350
241 189
363 254
344 150
98 418
197 269
445 289
174 56
300 369
298 246
264 284
319 156
84 402
254 225
184 1
347 347
412 279
179 117
301 119
232 218
158 243
227 27
266 309
344 215
283 427
43 262
161 117
114 252
245 392
184 254
50 274
360 176
2 284
180 350
313 18
170 222
321 318
120 255
47 186
316 444
116 95
135 253
113 75
27 192
278 181
249 430
10 68
418 437
191 188
421 413
143 259
424 223
1 22
331 167
155 414
424 274
340 221
60 330
246 205
174 423
215 382
196 46
357 94
284 401
370 191
106 14
253 98
302 398
266 446
176 327
415 412
350 67
180 46
31 307
137 272
399 365
412 166
59 122
257 228
171 367
35 376
20 298
223 17
434 94
390 187
134 84
86 282
134 20
41 384
261 350
442 376
56 93
283 196
143 436
364 253
194 160
205 446
54 250
230 232
293 363
6 135
94 351
55 390
266 215
125 372
375 441
304 449
370 337
110 427
300 402
248 23
342 322
249 72
188 220
252 214
433 99
299 201
435 224
252 75
220 118
330 234
21 114
410 244
203 238
142 90
41 30
126 373
152 83
21 239
172 258
330 346
295 161
154 225
256 80
63 143
189 288
123 23
402 402
237 124
9 128
104 405
115 158
437 299
370 32
329 68
300 87
223 183
214 352
47 332
190 344
271 240
318 115
129 270
294 429
201 389
174 314
246 104
310 378
351 415
0 160
179 232
10 115
175 278
396 439
18 145
353 233
366 361
390 332
73 188
140 69
431 430
162 418
256 49
162 132
161 234
409 80
445 177
136 382
122 351
130 409
180 48
119 312
289 143
193 101
327 335
311 349
18 13
400 380
87 121
341 89
372 227
9 392
202 155
374 208
416 0
22 30
95 301
373 63
93 4
386 51
349 316
406 196
132 122
2 265
320 99
48 370
85 132
426 330
121 373
431 201
131 57
284 283
365 353
153 330
197 384
49 128
357 117
227 422
413 123
426 324
278 255
298 160
28 306
232 450
152 207
113 12
332 335
307 95
245 384
383 424
166 14
271 265
172 193
187 114
286 123
231 241
442 434
233 86
355 351
400 318
45 248
197 292
317 140
0 414
48 222
287 389
352 198
229 431
74 162
295 398
40 281
99 53
142 52
107 327
187 6
121 387
165 448
64 344
113 32
349 409
343 376
256 23
123 299
102 18
363 310
381 320
262 36
271 416
355 4
221 252
392 98
384 144
343 332
122 383
61 335
433 316
142 23
92 148
265 98
288 115
314 353
194 133
157 128
99 353
104 395
13 140
331 439
365 380
293 16
156 417
38 138
362 398
442 254
275 29
348 83
302 311
216 190
296 419
325 372
365 173
165 112
150 203
195 27
397 254
159 270
27 336
334 286
149 44
203 408
121 95
47 399
330 328
110 91
122 207
391 266
295 115
141 380
163 424
214 136
227 221
375 320
172 149
428 29
354 442
183 275
342 161
166 253
360 54
362 408
218 439
284 388
44 420
326 176
278 1
423 422
217 232
9 73
269 115
75 197
173 449
333 28
442 153
189 402
364 161
327 296
149 183
213 14
438 151
194 263
365 333
443 339
117 287
142 158
71 306
71 188
303 112
330 293
75 411
93 394
273 164
99 119
94 68
345 413
167 337
10 392
34 226
235 125
400 149
74 384
376 163
438 164
82 163
218 330
240 423
164 219
186 320
84 293
310 441
150 259
252 148
333 287
84 426
103 80
187 437
209 323
9 136
48 231
359 17
168 285
17 299
194 219
374 73
19 260
120 392
329 36
332 299
289 187
269 206
121 67
81 294
100 348
196 252
260 71
332 333
36 154
377 33
391 120
113 447
194 163
317 224
121 20
324 345
438 33
157 433
125 220
407 216
336 89
386 440
314 397
220 287
18 109
2 86
196 225
394 114
94 87
425 260
176 448
221 109
139 39
414 21
345 358
147 25
437 394
183 445
368 24
131 192
289 128
114 439
250 157
427 100
64 34
270 145
293 260
433 370
50 80
253 125
409 178
284 42
43 136
358 140
371 159
353 282
42 171
192 435
449 354
410 305
245 234
162 369
160 201
169 214
252 435
184 184
299 29
165 167
421 272
449 37
228 115
411 246
28 426
310 209
210 143
67 104
49 318
416 227
390 362
414 88
359 406
419 5
360 121
383 204
101 115
268 415
235 36
279 385
239 7
62 231
195 212
257 443
130 177
78 96
285 49
74 243
363 49
170 437
22 114
238 427
160 288
302 424
125 194
170 182
360 260
411 445
206 360
110 28
123 100
244 226
113 189
186 128
64 248
271 363
380 50
410 134
178 184
17 398
0 355
346 29
326 257
207 312
99 43
196 292
332 387
258 348
43 382
382 57
374 211
381 401
134 273
180 432
244 316
435 314
303 7
381 431
241 98
361 105
82 379
405 212
75 152
82 62
51 246
45 105
366 274
352 293
310 57
261 268
442 354
258 343
159 311
128 30
174 24
83 109
125 2
360 80
436 222
83 418
10 227
24 332
347 427
306 30
434 58
305 190
239 145
259 230
67 343
188 294
422 76
10 386
187 79
42 279
427 297
437 332
386 324
36 391
155 392
226 399
58 165
312 418
131 9
382 74
171 189
215 156
89 350
319 389
83 51
236 265
134 280
277 400
393 188
314 425
257 383
119 319
224 18
328 398
89 323
274 388
108 372
414 261
293 48
22 343
384 416
422 368
140 394
219 424
239 147
275 403
59 138
347 34
145 124
404 105
405 229
446 66
440 446
218 399
423 292
310 330
395 98
84 273
195 66
83 188
438 301
432 338
24 30
144 407
25 125
306 224
360 75
126 174
215 450
30 303
242 345
131 281
365 365
348 16
281 86
445 93
72 239
62 82
274 67
155 427
441 354
323 306
437 286
364 5
303 357
416 127
90 142
437 260
400 249
314 134
399 169
395 189
31 25
53 126
275 448
40 112
13 224
133 207
67 389
175 189
301 242
157 223
431 419
145 33
445 103
89 279
426 53
377 325
339 30
383 390
138 397
155 117
250 392
313 119
383 65
326 424
260 31
398 151
258 40
218 341
57 242
261 134
326 46
52 176
318 259
287 441
129 279
416 175
378 95
404 402
145 276
94 187
334 423
345 14
127 437
345 166
194 338
12 133
45 232
113 440
389 215
390 140
254 353
382 354
165 391
383 445
183 185
92 360
401 34
46 257
324 387
72 158
126 98
69 418
152 348
238 373
60 182
249 130
265 211
76 403
80 68
102 286
100 293
379 117
94 330
155 207
63 251
444 359
136 297
151 299
227 110
321 242
112 141
96 125
147 392
348 295
124 173
25 1
231 227
122 376
197 256
150 282
296 443
62 266
94 412
92 42
15 380
301 214
289 398
435 434
235 113
388 320
243 68
29 337
176 148
385 356
413 101
100 110
290 219
234 92
326 30
366 158
280 439
433 80
37 225
439 322
333 244
394 223
47 279
100 60
409 368
336 36
100 271
261 190
381 400
258 232
227 319
256 361
315 339
433 217
31 110
389 278
364 163
435 151
162 417
381 226
395 204
304 365
247 55
138 252
13 15
325 398
226 35
220 313
449 25
89 10
151 113
257 280
91 126
150 122
18 142
411 209
165 29
297 391
239 254
336 275
77 378
120 43
256 386
128 334
425 63
24 278
124 396
285 216
325 308
417 443
315 403
444 240
307 191
426 377
258 171
71 429
155 221
162 370
378 292
67 239
436 267
370 145
19 137
30 197
108 61
199 186
173 60
45 421
195 73
93 158
249 332
9 331
241 292
306 241
229 53
166 114
310 302
214 101
380 189
348 59
75 312
231 272
185 241
285 374
229 128
142 180
304 200
145 351
377 44
155 347
87 28
301 277
178 11
244 9
423 163
218 188
115 349
323 188
211 69
258 24
371 288
59 84
197 2
218 53
81 114
306 277
244 110
5 240
219 123
57 381
227 427
121 380
160 384
167 43
261 264
212 318
395 132
118 38
21 376
96 163
116 26
337 407
357 426
405 371
9 388
0 262
147 272
86 113
353 270
220 163
350 228
261 313
107 292
80 440
248 193
202 166
165 358
314 52
206 219
253 249
44 293
35 313
153 218
362 310
40 41
69 389
44 174
286 410
445 240
227 168
272 98
390 195
275 31
366 283
63 72
433 379
213 191
374 30
397 407
361 352
258 308
105 449
88 312
255 106
188 151
182 206
46 380
354 256
301 332
208 341
178 321
384 233
155 353
384 155
296 72
170 438
288 175
157 110
227 320
93 41
2 308
366 180
90 180
311 289
123 132
40 18
445 187
375 246
47 181
142 313
213 204
253 89
381 309
238 343
182 138
410 321
372 16
66 134
125 303
16 401
20 237
95 385
165 296
70 329
294 400
114 196
382 144
11 151
245 187
170 76
58 367
448 346
126 237
440 41
111 57
152 102
431 309
163 396
419 271
399 354
96 216
66 346
438 302
57 27
161 197
118 358
9 426
275 313
253 64
13 296
63 322
156 31
46 155
196 217
113 108
117 280
62 419
334 444
295 51
372 266
175 196
249 272
89 337
125 102
448 351
278 342
432 124
315 169
14 222
388 137
82 35
107 32
86 291
98 299
409 144
338 174
212 40
223 156
249 192
13 234
178 195
296 77
316 353
225 281
157 55
424 342
309 217
219 107
393 324
291 241
221 147
190 158
276 87
357 417
117 58
224 4
323 113
49 339
406 37
119 272
320 394
194 275
421 330
18 12
28 134
449 323
248 300
391 70
278 93
430 122
24 39
416 1
268 214
85 323
348 380
308 389
208 179
24 311
364 30
166 236
272 127
440 334
107 140
170 90
209 250
268 397
27 239
318 56
97 1
361 142
425 367
68 274
432 400
278 37
98 339
157 254
256 13
25 297
134 117
8 389
312 246
266 280
419 308
204 439
438 445
349 443
39 347
109 449
262 441
152 301
167 188
415 394
195 159
360 41
117 53
215 7
449 307
391 165
188 443
117 308
444 444
257 24
436 314
439 14
128 390
125 383
404 221
67 261
256 405
210 107
206 335
381 378
163 119
144 74
135 152
149 235
90 47
417 28
289 446
208 411
436 84
249 203
37 146
39 410
143 407
204 382
351 334
425 228
60 108
118 414
217 10
159 378
308 296
198 419
204 74
39 197
157 224
213 410
291 121
81 45
293 247
114 341
315 284
443 264
281 217
376 200
306 242
404 322
96 382
51 436
64 238
199 196
356 336
163 117
258 377
416 44
356 396
345 149
288 274
261 401
385 36
227 395
412 169
401 240
260 299
361 295
145 101
436 28
238 392
2 368
165 83
74 107
263 200
139 241
331 242
173 245
23 89
350 310
108 435
84 260
256 333
379 172
72 47
295 69
426 247
288 262
174 383
357 232
90 446
266 337
10 123
158 362
436 303
374 153
293 190
179 151
423 253
171 356
426 75
321 84
373 65
123 429
40 311
143 270
74 284
339 237
372 12
328 263
307 307
248 408
23 86
96 407
373 416
2 233
121 187
236 216
27 299
369 348
139 372
343 171
331 210
285 428
346 342
304 321
215 353
293 4
80 375
66 409
143 98
447 360
401 316
180 345
191 16
137 107
336 28
223 235
199 402
241 7
73 419
53 164
95 443
106 406
87 119
392 327
443 90
134 6
384 7
73 68
345 356
108 306
266 44
73 244
304 36
291 274
360 378
129 204
138 84
234 294
272 385
223 360
339 357
332 295
216 381
303 43
288 15
261 235
290 139
369 180
68 352
417 14
430 84
347 400
139 181
218 22
359 184
20 440
274 36
149 359
381 351
337 349
335 369
168 161
271 422
88 315
49 366
10 162
374 297
432 442
61 94
429 20
261 113
219 224
92 320
166 27
26 26
211 35
177 232
224 87
435 14
123 109
432 98
407 47
247 309
101 301
425 426
39 120
426 379
112 332
88 416
234 38
129 186
166 267
335 92
300 275
210 243
309 422
336 391
390 94
66 48
349 205
157 38
331 253
225 71
212 404
332 325
92 157
151 249
279 329
329 336
286 403
125 157
162 114
104 353
278 54
352 7
293 7
145 71
61 406
326 344
172 216
90 169
231 355
330 250
236 359
76 34
209 275
26 236
416 104
120 169
326 256
275 444
26 320
134 258
206 97
391 144
88 375
342 277
99 201
197 442
308 416
380 123
277 123
72 75
152 177
338 248
73 387
279 146
431 89
265 109
5 366
121 402
326 81
110 227
109 53
189 223
282 240
203 196
403 163
186 321
193 191
5 142
142 320
268 38
253 413
73 92
118 411
318 447
447 12
216 337
81 283
108 346
370 149
388 402
86 393
105 116
61 15
259 357
161 386
234 59
62 196
394 442
382 301
360 96
434 302
190 327
381 442
445 40
398 43
395 436
267 398
255 4
398 11
94 25
411 287
344 396
119 213
69 328
102 344
450 311
166 199
58 449
259 78
17 291
356 312
421 27
381 198
179 385
49 185
388 244
193 327
445 267
229 367
401 295
402 318
447 8
62 412
445 28
437 392
372 262
159 293
183 152
118 10
76 186
271 161
242 97
404 230
266 324
219 42
233 85
43 166
323 343
304 29
266 5
30 237
447 96
92 94
367 433
312 256
13 10
29 270
11 116
405 234
26 325
21 9
58 370
91 351
283 322
103 245
93 379
330 106
114 373
221 212
320 253
7 339
67 234
83 108
405 94
169 88
226 27
307 278
133 68
134 111
81 259
113 449
209 84
35 268
355 111
62 106
374 68
418 13
400 108
270 321
414 138
110 327
146 400
74 314
312 22
225 292
172 332
267 119
207 96
182 344
84 345
82 9
340 276
421 239
111 23
148 72
443 256
243 149
322 201
9 232
294 111
171 7
296 164
121 186
83 414
211 314
442 387
111 347
95 44
237 69
417 94
224 325
415 284
160 13
159 450
55 223
450 137
339 5
354 440
320 93
107 342
75 195
158 155
237 182
170 183
329 239
11 329
165 412
222 131
409 309
298 327
16 219
202 377
114 93
14 97
4 377
265 18
83 131
132 194
341 110
397 397
190 395
1 360
122 4
148 187
17 446
43 80
47 218
403 58
1 161
332 127
258 58
21 112
103 355
209 96
107 269
71 272
329 368
394 25
54 362
148 333
38 74
133 431
295 3
166 47
368 391
125 233
225 199
364 54
18 372
13 440
150 9
372 202
393 342
191 181
358 138
356 307
415 8
134 425
48 167
73 112
384 51
210 376
101 262
334 57
70 124
45 360
174 290
202 390
64 127
61 420
429 45
236 133
121 271
129 373
372 276
59 273
195 194
94 406
69 88
199 239
171 390
102 239
282 22
428 240
150 346
148 54
31 289
300 243
137 342
303 212
314 357
391 391
352 298
252 277
186 243
101 74
134 255
113 214
294 32
221 287
68 372
181 111
223 61
284 137
164 16
394 242
342 240
192 314
135 427
393 132
365 449
348 299
133 66
251 270
222 318
296 187
57 40
449 309
304 352
229 215
327 197
113 125
210 227
76 327
243 325
435 304
274 26
265 432
128 353
344 412
179 47
419 240
427 140
184 308
419 178
409 373
228 174
404 127
344 158
241 392
58 197
383 401
308 106
273 256
82 238
294 385
345 122
259 296
270 179
343 441
52 40
280 194
322 388
71 385
406 324
353 306
274 404
67 25
269 368
7 405
97 242
191 342
44 46
309 394
230 323
352 375
61 413
170 56
300 381
83 253
311 351
326 169
65 423
424 367
328 282
389 344
301 432
333 361
405 207
178 0
283 278
275 383
204 128
83 284
54 99
64 402
253 311
200 298
155 225
337 324
93 216
185 403
5 229
386 163
392 348
288 63
33 396
7 28
397 201
371 161
235 123
195 312
48 397
121 412
71 364
31 421
33 395
102 367
17 61
74 11
246 157
22 149
88 324
415 91
442 110
53 197
377 207
137 422
215 293
78 394
248 378
400 135
348 92
303 148
269 31
158 152
97 227
303 151
419 51
386 73
256 356
332 357
325 322
354 8
326 112
264 238
425 48
127 59
331 258
165 215
116 230
152 10
393 95
366 426
335 417
337 278
71 435
103 183
313 45
25 450
5 351
430 244
320 188
136 335
28 86
447 39
410 195
136 302
172 219
54 324
22 100
329 242
374 99
206 134
82 328
330 402
320 344
309 223
347 257
73 436
272 171
292 137
122 442
37 168
34 302
191 1
274 196
219 353
89 110
348 232
388 82
139 244
82 384
156 194
260 256
71 378
244 117
317 169
393 150
54 409
411 120
323 211
167 205
202 294
407 204
10 125
269 1
45 366
396 369
402 368
169 220
402 284
350 128
34 127
267 79
276 366
281 413
8 94
112 255
362 420
128 422
11 287
185 385
74 402
285 52
228 216
226 415
57 400
301 43
168 56
81 230
19 60
328 183
155 152
333 103
270 290
443 423
404 116
402 130
388 230
362 418
86 176
330 104
448 198
72 152
105 174
302 201
60 178
366 75
125 219
283 286
112 60
79 196
280 215
421 400
42 33
271 342
285 293
310 133
166 447
74 108
143 350
302 226
173 54
194 38
198 57
341 376
170 77
240 258
378 300
141 307
432 133
81 42
99 123
386 399
113 10
265 97
90 160
0 100
5 18
117 223
30 248
217 399
357 276
207 332
166 193
407 288
445 89
101 209
8 335
56 82
128 123
137 115
146 227
214 139
321 145
29 318
147 342
212 379
160 433
218 447
212 391
132 186
361 155
415 278
345 182
1 313
75 435
428 181
408 97
240 271
226 21
315 84
316 68
385 270
208 107
348 7
151 364
103 205
273 56
67 377
336 215
383 391
222 160
413 168
55 227
227 317
283 131
137 417
406 170
401 241
209 335
391 49
317 232
169 352
390 26
317 209
233 169
427 276
76 60
347 351
302 303
435 234
27 152
158 40
100 5
180 200
340 371
304 33
387 357
79 275
60 357
386 390
183 404
27 363
334 178
346 94
379 91
300 417
101 66
4 191
38 404
248 68
55 109
237 141
334 10
436 225
264 55
244 158
344 449
166 386
278 242
8 363
388 101
127 444
356 409
139 56
352 428
34 230
287 292
110 368
397 427
205 337
296 316
279 289
112 225
104 62
236 188
227 24
194 202
386 65
115 336
189 228
224 245
263 338
24 325
334 249
430 397
424 304
111 327
217 6
238 408
109 18
349 68
167 383
245 206
132 13
101 138
276 367
224 25
48 309
41 202
113 165
386 329
84 85
445 59
15 343
61 197
263 32
97 196
434 424
243 277
285 184
107 41
363 170
223 127
408 378
450 244
377 234
245 177
330 9
381 95
433 417
15 429
47 449
314 30
1 274
16 151
93 432
307 193
101 271
189 179
399 100
190 131
372 283
333 46
324 180
429 298
309 294
110 206
393 415
261 5
137 446
349 432
345 100
410 227
94 44
220 421
350 33
159 228
60 154
4 179
2 428
340 162
425 57
38 3
169 380
96 230
322 266
251 296
283 117
445 188
290 217
59 399
298 87
303 370
318 54
20 193
115 424
141 382
433 170
307 263
313 131
248 409
54 361
80 135
150 302
16 377
187 321
297 102
164 387
11 320
442 291
352 28
312 220
136 420
378 326
32 157
365 389
358 430
436 231
443 183
24 254
368 273
186 181
56 33
155 372
329 382
55 304
434 134
371 396
9 304
248 254
354 56
385 0
59 438
284 141
229 443
95 344
172 278
414 325
349 83
120 366
114 351
253 358
29 370
333 114
274 311
227 136
264 192
84 57
247 26
152 315
6 388
101 1
368 221
399 25
9 412
347 57
131 242
429 323
180 227
130 389
2 202
231 436
185 418
125 422
170 370
438 369
19 429
319 42
260 108
239 204
360 352
224 122
356 349
33 427
328 141
424 438
381 347
132 311
110 303
10 315
160 29
360 69
426 33
355 245
239 50
251 324
376 378
312 178
402 339
428 32
408 125
5 83
302 315
247 63
152 409
175 153
431 318
344 387
77 92
5 99
416 143
20 189
333 334
233 153
185 362
19 118
296 314
2 51
16 48
26 57
426 372
26 112
303 219
162 444
152 306
15 373
252 34
296 152
170 351
92 433
180 425
114 50
77 168
328 61
350 352
130 359
40 251
87 378
262 77
216 122
429 66
407 438
227 236
261 133
192 129
231 399
112 34
435 262
233 257
265 53
174 113
136 172
126 195
82 300
140 347
354 446
242 92
114 199
282 67
297 424
446 242
382 75
194 183
168 299
435 339
175 211
334 397
124 392
145 77
286 148
38 87
352 122
256 380
75 79
25 218
310 123
177 439
308 396
283 257
140 423
405 154
393 78
349 343
312 201
324 37
423 175
284 248
162 186
329 42
189 85
202 138
155 331
45 44
342 341
355 367
185 196
343 124
447 67
293 68
192 227
46 221
229 437
140 25
160 306
148 154
73 198
59 67
412 165
430 324
431 446
133 236
143 257
277 288
332 358
102 1
109 418
76 259
445 183
105 110
417 11
100 349
408 384
229 198
46 244
402 315
185 123
384 6
211 223
82 17
354 139
424 422
434 319
389 35
35 166
157 71
241 313
395 227
427 131
107 22
85 303
179 248
383 346
265 250
401 423
444 59
364 239
434 445
271 348
144 41
81 135
195 12
159 239
191 97
341 26
418 132
216 61
312 420
121 234
267 260
86 362
47 150
146 250
395 54
24 237
233 317
154 230
123 269
423 231
71 21
384 338
83 423
185 330
360 44
64 372
290 77
55 179
230 276
274 3
440 49
180 289
366 246
21 172
193 178
172 197
116 362
193 84
92 98
226 442
274 215
83 117
254 140
333 90
6 77
318 214
56 425
263 278
152 82
290 386
106 6
0 19
280 169
114 160
168 250
231 194
358 330
25 68
417 257
42 107
102 147
290 150
401 48
379 288
273 72
381 424
268 237
299 358
168 272
380 318
413 386
69 297
130 253
95 183
427 334
133 168
8 188
43 297
199 119
336 424
426 439
150 229
300 252
66 28
82 392
236 25
226 432
30 220
190 182
248 51
437 6
420 448
68 230
434 414
43 212
99 45
329 84
138 180
344 395
400 225
312 99
433 331
433 284
188 253
442 122
183 352
72 306
184 116
183 83
330 375
323 417
22 59
357 394
146 7
333 383
62 439
225 322
52 269
434 157
282 321
343 58
36 99
84 47
309 3
189 140
200 214
370 18
270 143
381 285
61 438
244 279
212 211
145 438
213 254
212 409
351 199
18 5
128 288
373 20
134 236
317 329
270 322
49 40
312 404
217 174
154 380
209 4
30 133
388 181
318 285
46 165
176 147
136 409
314 148
325 211
327 88
190 358
424 5
383 283
399 246
54 319
350 58
446 322
3 1
164 189
13 248
181 21
287 115
313 154
263 246
280 334
124 267
137 407
36 280
10 382
186 362
294 204
53 9
274 434
0 208
203 71
308 310
64 404
258 13
350 357
182 193
295 322
178 248
243 105
401 363
276 9
62 415
250 207
155 119
116 358
348 440
263 340
47 302
197 201
9 185
81 79
439 314
436 344
234 50
302 142
134 181
342 318
110 271
309 391
170 391
402 119
76 348
93 131
256 310
368 93
248 31
55 325
231 54
334 420
221 359
377 79
31 147
104 132
391 231
368 102
142 435
60 196
374 426
185 212
325 100
101 318
336 329
237 204
42 53
320 164
395 266
26 306
283 109
49 411
365 343
448 220
398 20
154 204
394 326
33 15
328 297
178 404
98 257
279 286
434 84
332 386
131 19
427 67
204 380
22 135
204 324
429 160
130 21
347 113
380 396
240 107
373 49
149 232
69 22
149 351
4 281
295 98
227 412
426 244
410 214
163 90
168 357
448 62
323 194
310 24
65 357
5 152
361 440
352 362
129 250
312 433
186 77
359 217
215 285
372 94
143 34
204 231
216 239
156 381
231 384
0 229
218 302
215 29
304 81
102 328
212 141
411 390
232 246
179 434
71 210
166 8
156 229
257 198
110 115
26 407
62 146
312 134
330 384
375 228
60 303
109 402
231 2
434 246
43 85
433 149
435 329
223 302
417 49
357 184
359 101
353 281
443 143
5 441
384 239
190 242
323 93
291 259
379 6
417 414
330 414
123 190
119 21
152 288
247 131
140 131
236 53
432 259
27 19
22 170
274 218
169 256
17 110
130 132
265 102
246 161
339 23
411 295
439 137
9 365
47 388
269 40
116 363
222 279
349 31
76 370
440 23
36 45
182 429
56 383
422 349
9 350
220 181
383 299
316 238
261 349
379 195
424 7
14 328
59 17
189 37
378 319
28 175
173 45
69 131
153 151
37 309
367 441
183 16
166 77
148 67
200 314
343 266
313 376
440 128
319 432
79 223
319 64
184 319
263 255
391 125
228 16
18 74
51 361
212 0
57 296
371 232
74 296
183 382
40 334
417 187
338 190
390 209
272 185
174 232
297 181
183 67
443 54
384 295
59 53
182 292
435 174
15 387
168 234
137 220
181 314
392 390
228 231
10 1
340 417
305 290
421 402
269 340
44 177
158 299
407 417
44 24
53 366
228 326
241 343
249 256
299 316
31 426
237 386
426 391
69 208
351 10
445 275
102 216
106 120
428 281
295 118
269 173
17 251
39 188
393 41
417 319
127 396
274 25
360 362
384 391
373 238
41 411
412 216
12 91
254 167
292 315
234 243
322 151
316 189
303 401
53 209
19 363
376 75
366 1
290 178
282 78
213 99
273 395
81 31
47 200
446 438
7 57
323 24
331 170
182 101
41 368
78 57
420 202
427 43
200 93
92 419
396 184
80 67
169 244
438 348
446 320
282 1
403 436
141 11
376 30
74 168
223 238
348 132
388 236
352 321
209 415
210 62
142 136
377 248
32 86
241 36
431 231
449 244
155 232
186 57
408 179
140 123
138 27
125 282
310 48
97 408
399 69
374 376
217 198
338 296
303 431
431 338
235 387
282 386
314 395
425 69
63 255
10 345
411 71
425 202
350 3
11 332
65 385
242 285
149 435
230 368
43 29
13 107
26 393
446 13
298 449
195 400
254 60
124 279
347 428
53 167
169 160
257 444
141 63
444 211
104 6
211 207
333 211
68 208
370 419
424 319
166 300
431 423
22 431
436 320
100 116
24 362
38 406
42 100
252 70
427 162
248 237
366 313
58 108
363 263
105 439
324 407
29 434
232 288
3 390
112 45
312 143
376 173
363 48
72 251
372 342
398 328
68 114
341 266
184 212
92 60
425 274
348 412
5 314
14 214
274 449
440 16
89 71
142 121
153 112
151 21
94 393
205 221
326 5
116 59
256 292
101 385
313 414
46 435
60 334
66 406
428 346
116 307
388 225
111 351
399 248
65 111
405 272
118 255
231 297
71 308
167 334
437 235
398 224
94 427
22 262
43 11
87 27
28 177
430 366
221 84
143 22
85 188
362 404
94 399
43 296
160 217
198 109
169 76
58 195
147 432
147 9
142 232
141 194
213 36
337 111
177 218
32 130
10 5
438 240
83 311
138 140
275 125
249 410
281 79
91 187
176 175
304 167
3 251
374 146
339 204
234 64
392 80
275 308
441 33
191 231
4 240
221 56
185 152
75 352
163 122
42 95
79 433
341 65
157 13
119 441
97 262
318 337
137 4
283 334
349 428
26 27
422 439
156 275
95 286
49 98
407 87
32 449
447 420
51 229
246 75
332 113
281 418
390 170
200 133
358 67
41 322
43 255
147 201
358 12
7 395
194 207
53 393
18 444
359 395
329 110
167 331
328 380
147 118
312 234
427 48
7 209
4 298
368 416
214 419
416 368
154 207
282 74
188 187
180 79
448 263
211 338
112 359
90 414
183 55
42 439
113 144
399 156
247 24
172 265
449 247
144 339
447 18
256 378
415 22
202 385
233 354
414 250
443 268
35 183
131 189
181 378
136 342
73 3
13 233
72 350
295 408
387 131
186 29
151 438
380 409
275 440
338 311
202 289
440 394
187 382
229 76
429 450
327 79
228 89
320 417
116 245
260 400
126 272
209 252
230 115
362 123
26 413
325 441
36 174
430 132
53 295
77 40
201 256
150 444
299 441
29 92
29 213
67 42
135 350
0 358
7 270
48 333
305 81
58 32
16 30
274 149
421 216
440 106
138 66
363 204
55 147
194 54
139 47
396 315
130 351
358 222
379 300
198 3
181 443
266 45
447 202
13 412
373 7
237 156
146 301
230 298
48 424
229 322
400 432
199 236
304 258
267 363
447 379
55 77
142 115
17 2
230 419
300 238
229 82
20 265
409 168
322 189
236 14
108 57
353 83
442 176
345 75
435 21
400 262
132 121
396 226
234 276
132 106
4 62
362 266
415 13
385 195
176 106
197 427
54 261
380 21
421 228
44 135
368 242
5 310
32 351
52 122
285 270
364 275
111 373
301 82
265 58
36 221
160 190
44 240
246 360
251 317
187 199
212 165
225 272
298 66
34 175
275 406
343 402
52 33
328 96
342 392
113 19
388 285
10 113
34 352
273 404
263 130
311 174
216 228
155 338
160 395
74 302
216 254
418 337
402 390
94 161
133 255
285 437
311 183
448 375
429 36
292 65
31 81
301 16
190 80
66 235
86 179
302 203
390 346
371 121
241 124
135 200
273 339
404 102
211 236
167 124
311 320
405 113
288 393
286 336
228 110
414 136
57 290
369 56
160 246
39 47
181 298
21 117
396 103
294 206
131 302
310 185
220 165
188 37
220 214
192 295
370 287
38 65
278 352
250 287
242 276
253 99
447 271
292 367
422 423
348 110
22 449
211 439
58 372
218 124
303 252
295 60
351 294
267 303
297 193
94 147
196 262
139 371
342 25
412 297
326 161
271 296
362 24
71 183
230 188
165 242
187 305
418 405
374 320
11 69
95 235
409 72
3 333
372 271
221 363
131 344
396 364
398 164
210 16
171 417
304 380
48 2
148 402
363 54
424 279
250 383
187 299
430 267
340 338
99 388
418 209
354 303
8 301
137 215
38 392
354 25
277 433
150 129
425 46
137 332
439 218
66 40
352 227
3 238
164 98
432 327
230 123
109 25
416 422
437 144
80 381
389 352
215 274
327 99
18 24
59 13
69 386
407 99
404 337
226 104
8 124
291 230
154 280
2 435
128 213
102 154
449 167
71 428
83 217
296 94
75 229
351 243
173 409
143 190
124 36
108 250
123 324
1 90
36 87
126 38
107 278
45 160
345 141
59 193
146 132
106 353
357 70
428 245
151 40
427 27
135 291
146 409
447 179
346 230
54 44
141 436
198 134
292 347
392 392
255 147
379 71
58 389
359 407
303 344
9 334
320 432
379 246
430 171
35 31
434 273
253 191
111 197
207 251
205 177
259 436
270 308
288 311
357 270
116 365
258 174
267 198
172 171
130 38
254 393
376 68
99 58
232 408
88 430
236 78
417 229
139 24
140 177
374 293
124 98
101 93
390 93
247 338
260 314
429 236
416 343
342 256
160 159
361 106
181 26
249 42
242 227
55 324
121 51
137 368
197 320
372 182
78 43
271 288
325 428
56 229
282 34
140 320
55 245
45 450
250 165
35 370
204 402
13 194
326 76
378 447
406 328
98 166
194 262
416 302
195 104
370 250
334 358
152 223
290 398
382 40
207 109
274 317
61 448
213 427
278 58
257 170
250 299
441 29
13 346
433 336
293 442
434 26
392 126
322 439
313 261
367 128
413 254
171 118
400 214
324 128
229 345
238 437
290 267
72 347
133 248
272 377
245 7
81 318
138 216
250 384
341 98
424 411
202 216
39 48
71 433
97 288
202 74
386 347
74 393
307 430
311 149
70 73
269 216
65 415
304 51
423 181
124 140
295 208
428 220
48 25
315 42
416 74
149 69
298 145
213 260
198 162
279 424
126 201
148 235
341 277
321 93
200 45
380 30
325 395
381 5
428 345
118 140
375 347
263 113
164 317
256 371
320 87
172 446
79 88
4 406
203 81
14 247
368 315
107 97
265 314
180 85
166 172
102 53
308 284
316 72
341 420
224 416
325 63
443 321
260 260
370 342
270 244
385 393
176 160
45 397
177 236
402 201
240 77
378 431
176 445
394 397
268 4
338 414
352 237
409 190
179 336
94 321
404 76
264 332
405 316
213 205
186 373
309 254
223 50
308 45
352 42
94 186
26 22
154 291
253 237
174 140
450 103
320 66
420 60
180 382
33 407
47 175
163 375
344 315
35 431
422 245
140 415
297 166
13 197
227 298
395 233
399 324
266 220
272 16
157 177
35 411
153 446
162 149
185 110
381 346
315 154
370 69
249 439
57 407
429 123
218 317
147 133
245 3
287 65
211 340
161 92
346 269
148 409
120 300
283 23
154 332
46 354
39 396
44 196
364 35
380 99
350 132
15 298
427 439
118 344
240 303
81 337
82 74
45 149
69 89
343 294
190 205
106 17
297 308
375 55
287 449
201 165
140 262
147 165
128 64
439 372
98 75
243 384
200 289
112 421
352 426
43 390
24 45
90 445
268 398
82 290
215 414
166 350
143 390
429 308
98 365
185 245
433 266
264 306
46 191
447 32
348 325
308 379
383 337
245 433
439 115
71 110
378 152
96 192
85 363
161 261
87 115
225 301
258 127
438 187
320 375
355 127
365 411
135 416
58 227
25 223
297 93
101 367
396 352
163 24
175 243
430 155
59 436
113 23
356 362
267 441
34 209
194 53
342 224
28 407
394 327
129 438
435 299
118 139
332 243
377 252
113 35
89 232
432 382
309 43
151 437
34 167
425 32
192 426
124 109
283 350
158 202
136 138
282 93
3 95
264 431
230 21
345 120
88 448
123 268
191 279
256 259
355 444
37 156
241 0
356 130
129 371
299 189
173 374
406 424
123 6
100 113
442 7
325 50
180 68
424 381
390 281
88 424
120 209
132 367
381 60
156 4
373 227
262 424
391 314
395 394
250 276
421 336
170 230
228 32
439 276
396 307
432 145
154 439
140 443
411 31
437 88
341 355
230 72
423 202
426 107
126 438
415 288
448 168
436 145
297 131
144 24
104 25
277 378
180 230
289 383
127 448
446 34
332 33
424 416
280 160
379 15
116 319
370 51
17 41
321 386
366 207
42 191
289 427
113 64
426 274
287 203
84 192
419 182
239 410
330 112
364 149
35 92
265 144
377 425
235 131
240 236
144 4
318 380
234 22
89 149
319 340
372 220
279 448
166 320
420 316
98 386
41 426
385 176
98 149
377 18
199 56
99 12
73 90
419 225
40 175
266 205
1 79
389 272
201 6
169 270
301 122
149 333
64 212
192 365
208 39
447 73
203 5
269 175
111 365
92 222
427 221
272 91
85 195
78 87
80 234
383 305
224 171
17 38
106 228
447 253
401 411
71 381
173 176
153 185
205 86
56 298
53 116
103 437
403 425
28 442
245 306
383 435
423 380
101 7
177 26
373 144
211 409
319 185
337 316
309 359
10 148
438 63
164 41
221 380
251 165
268 176
345 130
133 100
11 233
295 287
13 391
74 1
70 427
143 233
357 216
141 143
324 337
110 434
217 363
372 211
240 336
301 192
330 265
440 387
44 284
115 298
2 237
140 164
61 285
162 121
201 390
42 409
420 138
35 318
123 412
272 388
277 418
446 223
51 363
100 151
216 322
16 42
19 238
141 141
43 36
113 50
123 350
369 417
201 105
249 338
243 201
404 291
122 394
224 34
407 191
173 238
41 239
34 48
207 383
232 91
85 351
176 269
232 233
194 335
387 36
214 197
395 100
441 68
106 442
353 78
402 70
27 430
179 413
220 340
0 407
325 144
93 341
221 404
402 81
69 335
211 245
317 11
1 182
190 257
162 400
194 127
10 299
49 151
344 324
61 190
384 246
385 144
340 393
218 81
241 113
358 52
11 144
163 276
148 57
253 250
3 72
366 405
173 87
378 64
157 198
302 305
395 161
236 310
141 220
308 68
369 262
294 64
141 131
162 225
353 37
235 447
300 55
25 174
100 34
443 161
91 363
46 139
118 443
22 233
203 260
400 138
383 280
166 427
336 266
78 329
19 385
401 445
383 416
393 315
284 57
262 122
13 315
31 221
441 197
276 146
159 39
361 72
50 285
94 118
339 219
27 105
428 280
277 219
100 185
406 393
370 368
366 271
86 415
160 396
218 407
313 368
80 250
145 449
172 223
370 138
125 114
319 137
263 261
131 339
227 142
271 367
75 241
217 9
138 24
435 324
127 104
295 183
149 16
110 252
410 92
96 72
359 272
298 293
378 189
92 197
134 212
437 384
95 200
244 327
20 449
4 77
113 295
26 204
318 353
88 136
378 450
131 291
215 434
433 138
301 385
276 380
123 19
112 387
5 224
89 297
401 61
67 448
252 142
42 359
447 102
428 429
2 26
303 364
336 146
201 339
292 136
9 358
347 4
241 129
448 154
297 251
309 83
377 170
365 22
108 84
182 342
240 440
98 131
47 411
23 306
156 313
253 91
8 319
386 375
232 271
142 399
216 233
142 54
290 165
129 127
33 76
74 234
271 244
105 381
54 408
180 120
298 364
81 404
444 50
190 71
382 199
114 8
219 192
376 311
187 136
197 380
278 194
0 430
162 335
213 184
63 447
74 127
445 371
289 231
12 279
172 110
99 56
56 387
384 333
30 368
327 404
182 386
254 342
101 428
41 189
402 387
239 231
210 340
406 87
42 233
446 228
56 304
149 335
190 112
306 362
348 418
85 368
344 369
182 347
426 206
143 283
73 259
81 198
230 88
389 213
154 428
233 81
135 172
312 347
445 248
377 414
263 170
337 199
401 417
392 84
22 348
445 18
195 450
435 372
91 3
425 98
0 134
109 59
125 365
10 51
336 137
330 412
99 24
182 11
25 340
132 78
134 70
312 407
61 274
244 358
322 121
91 88
261 232
178 98
164 364
141 46
444 196
142 440
45 370
368 447
389 198
91 296
379 406
75 378
237 362
73 274
55 446
364 187
35 72
388 149
76 315
58 140
182 161
361 75
90 189
0 118
445 358
134 11
406 137
358 435
161 421
184 11
262 426
365 430
319 215
23 69
232 374
349 0
151 94
136 141
261 30
268 339
261 120
214 397
75 349
406 129
309 396
298 273
197 285
120 157
51 415
139 389
81 115
87 365
333 150
321 290
124 270
412 320
210 310
339 186
276 30
355 169
396 383
341 80
207 342
202 261
10 83
122 405
367 82
353 305
249 313
15 413
320 449
391 37
143 141
362 260
85 101
142 67
186 247
240 197
99 294
44 95
208 424
415 367
167 433
272 48
122 294
278 118
434 426
254 205
3 326
3 226
59 423
26 44
241 37
450 155
207 396
177 217
99 358
389 232
316 279
65 334
359 1
339 100
380 425
232 285
138 61
24 4
72 143
258 26
170 66
185 149
206 302
7 333
11 201
153 306
68 21
116 218
57 286
160 410
19 289
25 215
446 238
206 14
422 374
449 118
116 351
259 341
439 51
235 240
299 43
119 218
203 310
272 96
200 104
343 336
112 218
305 440
291 309
274 142
132 174
0 316
332 41
190 228
146 84
66 29
322 125
349 210
188 150
269 437
158 349
362 45
69 225
15 159
72 227
292 268
16 47
205 312
215 284
98 17
405 130
269 2
420 402
208 397
386 111
60 378
392 71
122 57
95 309
422 228
181 68
292 450
372 188
84 241
85 423
16 339
408 89
231 405
274 387
252 362
3 405
293 388
271 272
328 402
90 418
294 139
110 307
64 179
255 295
53 135
208 279
1 0
342 305
23 192
423 237
123 85
217 205
64 2
169 450
18 154
257 238
314 90
360 65
2 301
147 134
11 11
187 57
405 434
70 387
200 186
257 215
341 145
148 114
214 277
50 380
288 108
66 219
349 85
347 274
324 262
410 290
430 48
72 394
354 355
115 89
76 16
250 108
404 378
253 49
62 215
357 249
15 299
284 158
219 115
263 240
433 135
120 236
427 149
281 65
265 375
445 186
269 424
338 195
119 196
85 185
311 308
95 92
144 336
380 432
89 352
386 13
284 278
293 355
367 114
159 29
154 138
225 14
318 34
295 252
128 305
438 244
62 157
148 307
170 29
200 366
73 11
136 197
11 142
437 176
267 237
171 202
104 437
36 378
158 435
266 169
76 287
392 128
380 201
215 300
182 212
246 435
23 335
144 119
74 90
156 42
22 166
98 378
59 148
198 205
420 288
58 88
144 146
317 277
120 223
249 59
430 259
115 280
383 345
213 230
352 328
247 66
306 401
80 356
379 315
223 36
105 205
345 318
427 200
207 252
311 59
38 120
281 127
1 309
151 30
101 220
60 141
434 3
196 70
63 147
26 335
128 378
321 202
224 354
284 93
135 264
107 369
23 271
334 331
57 243
121 97
38 21
59 446
0 49
248 61
196 107
250 98
252 2
422 384
110 254
342 154
219 131
30 112
248 63
32 117
157 144
183 253
49 137
290 444
344 326
155 157
375 323
69 239
421 226
309 290
168 408
419 356
446 290
41 63
367 41
216 68
109 55
408 242
34 112
322 415
282 98
383 298
33 29
444 396
317 236
150 234
246 438
234 218
371 163
127 94
160 14
4 42
259 381
289 41
270 16
384 449
232 273
133 227
356 306
228 31
332 440
47 127
256 3
309 125
21 296
192 125
276 208
205 102
412 380
430 209
303 118
294 165
36 133
258 245
239 386
189 420
8 246
307 207
369 403
154 92
392 32
331 297
17 229
360 66
266 194
331 265
40 382
431 156
123 302
224 246
288 111
83 87
193 185
429 316
57 173
418 359
226 133
217 41
44 21
67 434
37 315
77 80
84 76
255 305
30 320
139 246
411 260
83 401
9 226
300 205
443 188
142 410
100 417
85 124
237 383
29 356
189 371
265 256
182 313
127 375
272 441
198 186
250 181
396 449
346 252
418 224
179 376
392 271
1 157
377 232
155 12
243 269
394 286
65 153
295 72
390 249
210 84
275 250
230 417
48 39
283 243
79 310
344 97
107 192
287 136
239 177
340 243
68 119
122 263
81 310
242 349
74 13
173 168
218 318
9 208
199 278
166 420
288 191
127 51
406 225
299 450
197 211
295 143
326 104
436 295
61 113
131 412
330 394
450 350
20 362
107 430
193 441
387 330
117 51
298 69
315 22
374 269
8 62
174 425
5 379
331 135
337 296
269 319
399 37
226 270
299 78
188 285
405 350
385 29
202 59
135 270
239 368
54 93
396 38
402 86
112 309
121 409
358 320
244 250
432 285
306 143
255 11
339 291
438 357
131 391
177 182
329 300
83 76
89 107
25 337
367 45
200 307
209 438
393 47
330 62
366 40
120 281
280 186
123 361
48 252
319 97
418 165
16 19
274 225
216 196
79 432
367 163
336 1
245 263
20 40
131 73
400 58
399 111
247 60
308 306
226 16
262 257
1 334
105 228
177 331
185 20
303 5
21 166
328 144
223 163
290 409
151 89
360 426
444 139
273 41
63 426
241 344
112 79
113 175
87 333
346 71
402 323
360 125
87 20
323 30
275 25
281 0
326 255
340 189
96 327
382 383
213 82
363 450
261 370
13 424
0 89
301 300
440 48
87 171
195 322
26 433
21 344
200 429
41 127
132 20
380 259
318 20
81 147
400 382
396 35
56 170
185 65
159 410
303 120
329 97
252 67
257 172
304 354
184 63
306 320
229 188
8 282
96 244
216 14
238 435
160 367
430 165
325 138
397 208
150 164
49 118
390 295
336 197
427 314
96 313
124 186
42 126
272 8
286 92
339 411
252 0
422 290
11 83
1 37
408 124
133 175
75 183
337 258
130 440
238 42
119 281
378 89
176 181
328 15
409 124
402 38
135 26
248 33
223 154
240 346
65 117
206 67
199 29
170 2
90 35
278 5
192 246
207 10
155 110
439 102
67 323
409 82
227 40
111 182
113 310
226 430
251 275
201 226
292 192
191 430
205 153
281 351
445 273
268 363
67 147
335 413
408 87
409 105
126 46
323 73
306 342
166 349
3 66
24 334
43 446
48 110
139 53
402 59
367 88
233 404
440 284
183 22
432 344
11 3
209 325
170 404
377 381
209 14
214 32
282 337
14 8
358 247
55 27
77 216
218 118
334 105
205 187
382 46
33 43
363 50
71 30
114 73
87 84
191 241
402 444
162 170
146 10
63 209
431 277
275 225
2 156
117 432
226 309
344 62
361 284
262 118
408 368
193 274
439 108
170 126
93 422
265 419
419 350
227 370
409 382
315 175
281 272
172 224
119 211
383 290
191 105
258 132
140 312
321 7
39 60
153 17
66 391
360 182
12 60
390 44
373 320
132 268
210 378
347 127
312 98
333 44
388 143
227 183
212 415
194 204
92 150
420 89
329 440
135 450
290 9
442 298
448 411
67 250
362 372
440 194
109 154
61 19
191 281
213 362
46 349
368 138
437 143
212 412
158 254
289 386
303 114
50 371
399 209
28 323
256 337
382 106
338 131
218 70
371 44
247 410
333 65
307 336
113 268
225 417
107 151
177 64
257 226
185 336
221 390
288 290
235 112
388 84
256 5
259 356
85 329
173 34
161 246
152 287
295 238
403 315
46 339
287 364
316 355
239 404
319 123
396 99
415 54
36 426
385 442
171 247
409 248
143 355
184 164
85 89
100 83
115 233
154 88
391 371
93 176
364 415
212 107
14 67
58 183
96 124
165 16
447 369
408 421
147 372
119 174
99 247
354 190
390 201
386 400
275 64
288 203
54 421
147 55
358 165
138 15
230 60
56 441
247 449
186 257
199 352
22 282
389 11
363 415
61 84
58 436
12 26
34 252
238 346
412 328
12 360
6 425
80 142
398 426
432 239
136 396
174 437
121 256
165 360
8 273
271 189
245 172
264 82
70 400
410 276
63 206
103 27
90 384
234 341
381 385
88 52
163 151
83 92
348 195
149 107
50 15
165 229
51 73
340 168
251 244
335 37
437 313
176 238
288 45
180 235
340 342
441 322
423 414
251 189
212 82
393 6
148 302
416 370
377 264
96 108
327 82
66 292
178 187
160 421
122 161
330 406
310 256
4 148
196 318
384 290
358 36
450 122
200 317
388 2
315 232
151 234
93 110
146 243
327 312
54 134
244 132
3 241
143 389
133 102
380 24
107 121
372 321
89 356
27 39
208 259
73 425
6 154
140 18
234 336
119 278
218 12
397 118
285 87
254 228
72 21
323 210
188 350
339 234
399 202
383 40
277 162
10 246
359 69
73 64
95 181
109 171
411 148
171 79
126 388
315 107
391 114
167 231
98 419
49 426
156 0
220 356
442 93
404 50
355 404
21 293
215 263
376 12
313 431
147 73
185 89
371 199
170 442
142 55
319 133
150 159
381 342
378 160
91 291
118 168
288 162
361 33
90 98
445 405
297 15
416 48
145 218
283 88
412 97
259 239
76 364
31 228
317 3
223 4
141 72
143 97
389 24
39 43
128 137
186 178
251 149
264 322
352 380
165 207
116 411
316 217
250 260
67 243
182 104
437 266
213 129
60 435
178 236
425 251
194 370
369 273
22 19
229 194
113 394
86 214
341 196
316 200
198 294
176 120
46 213
355 102
343 314
367 36
370 167
67 390
268 426
72 178
437 169
200 330
86 122
6 247
360 324
284 314
255 382
313 325
207 430
279 260
250 247
302 447
316 65
248 419
271 258
229 69
130 360
234 406
355 112
392 252
308 25
83 52
341 189
116 58
188 229
398 230
361 409
357 75
408 36
288 192
358 177
388 257
189 41
316 282
431 15
338 326
47 228
6 318
196 345
182 31
352 255
210 146
146 17
395 4
7 214
308 111
28 208
396 312
79 342
447 121
220 166
198 7
367 258
157 304
197 433
204 351
281 408
272 79
341 7
98 13
404 388
175 31
364 373
255 419
160 127
287 340
187 23
72 131
307 373
50 123
125 441
353 289
110 148
253 409
189 346
147 308
121 281
249 384
340 362
54 385
130 386
59 7
300 438
368 110
188 152
322 364
164 294
14 255
408 143
415 308
142 57
201 1
293 295
370 196
58 134
211 365
370 404
176 257
396 222
370 439
245 83
377 229
407 68
272 382
30 207
96 130
14 296
319 428
230 13
209 25
405 274
290 79
281 446
184 251
409 425
272 437
193 386
357 10
259 265
312 121
432 53
440 282
103 74
302 13
399 294
8 439
251 67
303 446
283 402
87 128
335 366
166 92
245 190
358 121
385 355
265 89
425 293
431 164
238 147
42 125
406 244
348 442
242 406
147 6
389 402
184 9
378 201
410 390
137 412
107 428
103 168
26 326
242 117
424 174
363 77
90 45
244 173
196 22
327 446
168 9
410 392
175 442
352 196
92 326
177 104
172 156
429 257
387 378
102 447
319 79
247 129
375 39
227 331
417 311
350 387
422 96
446 211
105 156
309 7
83 327
301 408
162 105
404 437
19 180
319 251
135 409
190 402
362 416
262 407
305 336
44 57
191 235
320 104
357 404
164 61
150 358
108 192
386 89
180 36
358 185
237 379
398 160
284 202
231 209
64 260
57 127
371 40
72 90
232 125
48 431
256 298
380 185
247 333
48 440
399 168
431 19
389 394
380 449
419 27
64 324
233 151
381 233
78 59
367 362
300 52
404 152
1 410
246 179
197 382
187 311
42 408
214 379
33 40
414 164
373 367
246 219
450 269
14 204
426 409
321 10
294 92
183 431
442 89
407 162
290 23
0 248
57 180
194 200
6 167
220 243
443 397
93 407
263 247
384 55
164 13
49 107
400 208
148 214
88 0
309 15
319 299
435 110
375 306
189 212
209 426
35 215
91 392
262 356
386 120
76 89
29 339
366 328
111 102
207 316
141 42
327 63
386 396
358 47
313 82
56 99
257 317
179 348
29 73
97 229
311 295
130 324
101 87
390 353
421 116
424 105
136 434
282 41
403 189
388 364
428 186
364 124
448 366
17 139
330 192
306 245
433 147
192 413
365 11
276 293
8 271
326 87
83 85
227 230
9 406
379 74
328 449
180 218
411 352
291 316
411 226
163 67
36 16
31 29
118 324
316 401
361 414
435 377
417 119
102 50
215 294
341 42
412 388
269 76
305 291
164 343
408 380
222 158
367 261
103 106
263 449
192 211
51 185
442 82
283 276
242 263
384 412
24 382
232 178
253 274
359 42
257 196
56 257
223 194
117 340
371 32
222 430
247 143
262 22
441 217
400 268
276 343
25 190
404 282
9 433
138 166
166 428
254 14
133 314
211 12
256 46
197 135
203 100
423 251
92 21
318 253
152 85
372 441
192 74
255 320
138 441
54 286
152 78
149 219
239 168
39 279
53 264
128 16
5 102
246 265
264 241
11 191
122 90
167 39
421 241
182 389
95 409
217 63
250 132
56 113
51 357
315 217
254 363
2 91
238 182
65 328
4 338
137 37
115 433
192 369
416 443
227 429
137 189
287 288
444 159
340 254
443 280
292 160
206 62
182 323
26 116
243 370
9 110
425 73
374 229
97 239
264 390
82 37
338 135
226 84
69 319
127 327
397 48
399 195
108 382
121 41
358 41
45 395
137 271
146 208
369 284
446 94
419 392
239 22
49 400
273 422
99 178
388 295
317 404
68 443
261 212
120 237
135 19
134 302
22 314
317 339
337 321
307 7
334 393
123 176
375 79
185 449
55 291
382 177
300 108
282 256
438 22
439 66
133 45
434 61
391 254
318 349
164 424
429 110
366 126
95 317
41 219
103 233
65 421
265 197
39 447
181 335
250 125
207 389
279 61
16 247
1 242
242 447
26 60
134 373
50 264
344 343
369 239
386 114
36 428
319 431
271 202
442 29
66 358
165 226
264 94
420 171
254 256
315 243
374 98
260 355
142 431
208 82
48 281
326 404
339 45
449 125
76 133
199 444
250 217
19 346
133 4
243 412
271 226
137 260
184 345
347 314
84 188
87 259
62 164
144 122
449 308
313 265
58 274
438 358
147 150
413 21
426 203
378 122
92 247
357 263
161 78
440 231
381 254
128 215
175 79
294 201
334 403
139 12
342 304
110 374
86 87
311 303
443 98
439 446
42 24
70 191
304 297
122 280
131 53
49 69
126 102
450 149
423 128
336 176
42 56
347 434
97 264
95 360
280 174
94 223
217 187
255 104
102 28
356 347
64 77
307 286
116 9
60 150
114 345
399 388
322 386
200 144
294 178
230 44
77 251
73 351
168 6
50 18
379 231
66 17
373 400
180 52
112 254
22 8
385 246
224 444
240 269
384 320
418 48
271 1
409 328
31 155
25 0
130 294
424 161
381 281
245 410
338 441
197 64
443 341
26 284
341 113
303 328
38 412
225 433
356 431
316 253
119 260
383 54
315 308
103 58
446 303
362 220
273 0
355 137
356 120
24 59
174 68
54 32
291 1
207 64
448 75
387 66
107 68
189 353
115 26
420 41
211 302
82 215
344 188
261 284
382 218
313 47
56 206
122 125
379 235
95 147
90 176
320 200
188 137
153 290
448 245
99 263
157 349
335 96
52 181
202 139
43 247
211 151
214 35
351 398
81 296
207 46
202 49
376 409
255 118
218 253
259 197
147 427
241 283
14 42
75 360
203 115
96 135
66 112
318 49
137 379
137 355
449 157
116 114
447 401
117 183
429 33
391 32
319 250
225 326
267 258
291 383
308 440
22 187
376 376
37 115
31 157
86 401
190 426
246 203
337 175
53 45
421 394
282 395
257 174
126 257
375 299
379 355
108 75
233 297
191 136
328 121
171 92
243 341
83 262
104 237
15 402
133 374
346 259
280 428
289 178
92 398
441 13
224 321
308 447
94 398
376 336
420 381
91 199
123 298
334 322
62 334
55 279
42 385
223 211
331 266
361 228
252 103
157 437
31 316
283 300
327 49
115 268
80 226
438 228
422 361
300 130
121 437
351 298
268 268
207 54
430 115
147 158
207 18
266 17
372 26
294 142
21 26
241 241
100 392
298 442
186 60
291 293
194 84
49 101
64 217
341 44
81 162
161 358
229 235
358 144
339 252
165 394
186 32
439 288
271 179
232 227
217 321
178 22
321 230
279 436
12 42
293 235
228 2
4 269
69 446
31 150
214 195
160 196
370 420
69 218
210 36
311 403
84 278
274 181
36 441
31 181
286 173
449 333
438 201
75 154
73 172
87 216
235 124
196 103
444 5
139 134
192 311
332 198
132 383
20 432
392 192
48 51
314 412
98 391
121 25
407 242
261 364
287 62
402 100
387 139
406 82
2 414
107 221
375 380
276 102
226 355
260 262
332 271
443 348
266 36
327 36
132 5
110 410
118 112
283 248
86 9
224 409
72 83
19 189
255 9
57 246
446 441
84 205
306 55
249 427
8 78
266 449
331 412
347 270
247 374
299 127
300 9
1 283
97 364
129 170
171 261
36 307
409 43
320 178
398 375
280 153
442 34
376 355
210 307
50 306
327 114
311 57
123 141
356 0
11 372
441 427
378 49
248 328
264 34
72 411
335 326
280 42
107 60
412 39
141 62
71 438
399 34
91 137
154 90
303 18
311 88
215 419
12 213
314 145
71 123
426 105
245 262
167 142
219 233
263 208
240 296
101 111
117 20
16 304
22 231
359 336
18 36
31 184
239 98
311 162
397 94
449 87
441 235
336 167
4 129
423 387
450 262
372 341
413 164
183 53
186 58
106 10
222 152
23 356
164 24
75 391
245 282
250 84
51 110
374 100
293 371
425 74
181 227
10 333
257 30
107 287
202 151
212 220
435 84
388 23
213 68
291 23
340 412
51 373
130 211
326 227
403 220
296 232
275 284
122 136
222 97
227 56
181 145
399 122
293 157
311 437
124 214
337 135
372 402
167 255
32 204
127 362
159 423
145 11
25 171
100 8
238 124
20 230
287 376
8 178
434 436
8 290
348 248
144 405
246 261
264 174
75 365
346 444
214 232
171 200
181 387
24 442
212 218
15 217
355 419
65 116
241 31
308 233
247 331
133 234
143 64
115 406
286 404
327 107
124 162
175 9
14 275
276 0
68 81
161 436
239 387
257 28
157 434
310 161
334 61
346 156
354 408
308 56
29 283
9 281
21 275
138 65
404 142
116 273
112 167
337 331
266 334
82 126
61 359
286 94
119 329
205 332
86 387
434 385
50 198
392 235
144 27
116 348
448 216
358 143
379 438
60 327
329 449
37 330
136 284
56 219
182 387
287 60
403 346
68 268
302 321
14 409
236 167
173 118
440 10
132 37
71 167
56 0
357 415
53 341
186 284
107 362
439 58
68 23
130 302
239 101
406 420
246 105
316 105
426 418
266 9
197 47
333 123
257 312
255 18
189 183
20 403
167 59
107 8
110 90
222 51
385 386
158 173
276 54
166 125
305 259
263 245
378 172
80 91
188 369
12 415
303 67
33 200
97 303
182 78
382 170
207 266
395 195
247 370
150 143
174 436
134 287
40 306
151 6
286 357
171 188
413 418
305 202
291 379
203 46
120 225
411 251
274 383
219 267
223 392
184 30
69 92
368 198
142 104
211 351
352 99
343 407
282 177
393 395
320 402
324 131
72 201
127 279
263 421
82 293
28 377
338 70
348 410
270 176
101 365
142 314
259 56
348 207
262 167
274 392
345 288
279 55
370 449
254 274
18 223
406 304
207 387
175 411
334 392
165 57
191 311
299 341
152 203
351 323
23 400
227 225
354 183
205 236
361 205
426 39
155 101
446 247
332 226
0 206
261 2
245 38
310 360
218 321
206 108
342 255
95 201
345 11
175 65
119 332
1 230
281 34
305 416
345 42
62 49
245 356
99 153
363 362
430 46
37 135
208 45
167 101
20 306
442 35
115 331
259 228
92 54
176 360
289 61
312 199
102 372
426 205
131 375
127 349
137 234
312 248
148 380
149 401
203 193
60 373
336 37
107 283
138 237
71 165
120 326
338 44
432 350
140 13
1 94
63 270
30 221
274 19
408 428
65 345
163 28
154 149
231 145
77 177
149 92
386 27
271 38
169 247
22 175
332 353
219 98
180 58
353 416
422 222
256 217
384 66
2 302
115 198
59 352
388 330
285 195
94 111
381 65
209 193
326 93
15 68
254 386
195 35
387 125
444 39
221 304
165 270
13 330
161 363
58 143
44 322
169 408
25 63
159 357
109 276
228 18
419 172
28 448
401 396
132 26
71 251
281 202
416 352
359 441
397 410
287 416
337 42
184 21
442 342
384 373
237 54
90 400
284 19
198 291
302 76
341 68
79 19
250 278
269 209
410 365
419 424
383 446
375 128
98 194
85 217
68 307
26 147
164 2
37 161
144 302
306 299
270 223
16 296
183 10
413 449
336 284
225 236
165 295
189 221
229 408
12 165
107 90
344 155
367 175
423 307
0 275
214 93
265 387
0 163
338 126
202 267
302 302
435 5
415 200
263 10
39 253
281 28
174 237
38 217
75 65
188 286
317 423
410 366
271 157
253 118
74 298
48 49
305 153
266 20
446 52
408 299
92 17
77 114
3 285
158 142
395 96
123 418
161 137
54 334
259 25
136 59
70 36
425 112
28 70
275 153
235 245
413 374
87 245
5 10
231 22
386 318
407 292
120 421
31 358
409 114
296 158
98 129
321 252
83 236
68 380
29 121
385 327
53 328
239 189
140 62
54 446
334 405
161 57
318 163
10 174
1 372
309 186
441 330
368 386
372 160
442 90
431 35
279 99
267 194
195 144
93 390
59 241
219 313
28 316
269 411
144 256
436 114
60 374
48 311
142 14
167 175
186 238
395 173
184 252
308 210
68 143
171 209
258 119
324 288
447 38
388 336
448 348
414 31
73 100
215 35
26 138
309 405
111 422
2 66
163 26
151 265
34 128
196 68
22 2
133 136
201 141
42 200
426 384
401 404
77 379
268 213
388 115
254 110
218 177
128 247
333 393
154 115
231 101
301 269
284 404
174 123
154 126
156 41
335 398
181 388
446 422
246 325
162 12
258 190
264 341
169 200
446 264
357 302
2 18
245 369
156 187
223 162
309 60
80 100
132 38
96 386
156 191
438 69
349 50
378 274
232 444
435 207
354 18
127 380
55 252
143 177
66 100
295 330
371 27
306 164
435 28
441 309
259 137
5 88
37 132
345 48
377 193
80 231
259 117
105 445
442 334
321 47
92 330
15 222
196 65
238 344
265 183
392 331
275 49
378 242
450 322
295 45
88 96
440 442
3 136
38 6
108 246
431 428
177 83
140 326
154 410
279 227
161 51
200 265
111 48
83 71
429 420
76 80
399 386
66 178
188 254
181 177
85 165
394 68
113 136
375 251
81 189
293 263
296 180
312 116
365 77
152 198
293 392
409 429
385 436
38 359
332 351
94 66
208 209
357 188
331 169
359 24
220 1
420 418
212 32
327 234
291 113
244 265
345 370
107 312
171 133
28 227
435 421
243 399
216 104
71 69
76 21
435 34
448 52
339 388
185 441
398 104
280 386
330 200
2 297
69 158
410 121
248 6
220 410
350 176
247 418
313 79
21 46
363 440
99 226
300 1
54 380
313 415
131 37
342 320
7 66
446 335
28 387
384 317
193 123
46 71
14 192
245 260
115 378
440 185
285 351
298 426
95 28
285 224
92 348
285 132
143 333
296 347
338 448
52 388
217 271
368 187
26 446
240 224
305 29
118 230
422 9
335 243
293 30
369 47
249 227
426 231
304 47
414 80
372 106
163 75
120 342
110 116
410 335
23 280
206 318
324 113
374 379
400 414
341 312
94 246
24 439
156 12
379 45
147 344
183 371
228 333
155 366
412 317
381 251
445 433
276 408
245 380
47 311
268 347
394 237
412 246
0 437
131 437
151 291
410 415
51 433
27 241
221 232
299 440
66 271
400 176
328 109
399 292
403 224
165 125
276 260
302 19
132 430
56 242
393 341
93 105
187 386
432 8
243 238
81 266
210 175
6 226
409 407
405 57
58 113
195 105
36 115
341 24
306 420
346 332
125 269
206 405
73 384
80 77
181 0
218 61
153 338
25 247
371 416
54 199
113 395
172 386
371 328
193 333
409 193
252 85
162 23
105 196
379 350
189 58
436 63
54 267
425 130
339 192
396 74
27 334
430 142
56 73
98 14
92 208
50 87
265 56
308 230
299 314
84 420
296 446
411 152
232 310
81 280
283 142
267 274
288 140
233 168
47 152
418 67
137 340
75 32
4 322
304 273
424 271
341 444
168 233
290 16
331 218
397 140
349 1
289 188
361 260
364 387
430 425
298 413
413 271
264 153
368 401
391 99
177 173
26 421
287 291
86 192
238 51
168 355
46 390
360 327
281 81
207 334
255 271
213 428
259 158
47 163
449 112
183 77
14 427
430 364
32 388
98 31
36 414
332 121
35 69
213 250
276 79
205 73
98 98
406 300
177 332
334 222
304 34
38 258
133 363
440 105
220 23
260 93
92 107
371 16
148 95
162 147
358 96
214 236
223 88
223 253
429 239
434 148
359 241
386 63
242 119
449 378
317 380
99 11
368 297
252 59
144 401
33 14
282 129
381 121
63 166
245 153
256 140
332 283
139 254
132 269
87 192
294 318
87 375
65 383
54 271
221 295
184 276
65 240
423 48
102 248
99 35
65 129
137 110
36 58
374 91
230 93
28 259
362 293
391 261
332 240
412 38
168 71
309 393
345 203
327 317
368 419
267 417
326 274
160 257
247 379
376 399
29 0
88 400
88 144
229 123
329 78
220 282
447 381
331 302
67 6
43 72
380 186
267 2
410 170
175 179
252 378
321 148
199 450
269 110
35 95
347 306
126 365
421 164
275 393
251 52
109 284
230 247
48 408
25 209
50 275
87 446
441 328
33 256
390 328
325 255
32 336
301 193
164 235
158 57
271 376
356 70
300 83
379 173
368 131
42 426
192 186
225 338
40 341
269 225
396 354
220 237
136 260
179 291
440 158
177 362
3 211
372 350
73 34
284 101
264 193
402 198
449 426
342 6
96 257
240 318
23 384
63 330
12 447
170 397
384 445
395 83
113 314
439 413
165 389
239 411
372 329
74 117
441 62
131 439
350 256
236 269
27 362
322 167
115 374
321 305
70 202
272 107
289 119
242 76
254 153
74 258
145 50
158 377
112 7
130 288
30 159
20 12
414 39
36 138
332 73
51 41
397 189
235 152
121 59
372 140
418 127
299 320
21 1
200 61
223 84
33 346
419 6
287 426
182 357
46 326
397 363
283 41
348 317
127 224
295 260
334 67
310 324
312 444
93 192
290 442
16 322
81 340
147 70
116 427
47 277
233 143
128 203
372 133
331 94
177 140
8 179
310 232
418 385
405 12
49 368
260 363
142 59
420 209
8 351
361 329
363 38
102 434
382 438
263 266
176 437
394 13
370 276
22 245
295 48
49 80
39 277
200 67
182 378
409 126
148 146
28 48
444 137
20 291
255 326
427 44
407 103
28 5
62 55
352 262
264 352
79 418
268 185
247 412
39 183
20 355
74 255
172 436
374 261
297 86
275 230
19 31
427 450
364 125
213 206
264 150
30 18
208 88
77 240
198 383
25 380
8 309
408 120
327 351
323 229
57 300
392 107
243 98
145 221
359 236
291 251
145 432
327 190
361 287
411 328
120 368
206 47
105 396
167 329
200 395
200 252
57 406
197 392
199 307
233 433
1 257
201 370
221 246
253 142
411 66
433 275
430 159
346 400
421 312
372 50
44 234
72 402
10 14
394 34
11 340
61 437
310 137
56 176
75 208
377 349
31 78
206 202
285 79
222 212
330 381
89 300
51 262
328 290
384 275
181 61
115 285
272 399
238 122
332 447
207 156
153 43
214 146
274 314
201 263
127 411
277 336
328 72
240 228
174 299
145 229
335 177
365 116
325 400
276 280
417 138
114 444
104 107
253 133
221 431
414 378
215 264
284 155
81 47
273 272
260 433
34 295
182 71
391 5
215 55
423 438
138 21
37 268
436 20
407 251
397 247
349 449
353 55
380 292
254 29
168 134
206 387
112 39
384 348
314 128
252 84
374 186
388 413
412 450
363 211
21 93
245 28
408 55
368 4
243 419
35 195
0 119
193 141
145 27
391 171
93 439
260 264
210 52
341 57
55 226
36 360
227 59
354 178
103 412
426 151
304 83
65 136
282 343
111 159
198 4
308 117
102 381
195 323
353 176
63 239
281 198
236 38
210 347
181 321
407 236
27 148
384 268
369 217
81 210
248 65
248 210
91 278
252 229
137 335
240 281
120 183
54 419
417 63
165 89
195 423
257 110
175 181
51 272
410 99
147 111
388 389
4 229
185 216
102 324
363 446
41 303
385 273
321 189
125 368
362 175
73 331
100 345
151 36
94 319
424 313
178 4
16 8
391 281
308 332
92 53
77 59
73 246
297 431
293 36
73 243
317 320
380 194
427 329
302 53
303 103
270 38
317 109
316 211
115 154
138 127
224 287
174 291
92 55
285 367
414 169
39 139
386 220
297 220
446 348
138 239
403 10
440 259
391 298
343 222
438 80
60 124
89 203
220 112
24 221
347 77
350 378
16 118
136 407
275 338
18 207
193 217
387 423
267 421
417 275
133 61
12 409
375 75
125 50
80 225
194 293
181 97
134 150
403 343
449 231
36 301
344 156
262 0
268 71
285 82
330 198
175 317
167 82
416 411
25 326
205 126
195 315
42 255
397 195
8 18
248 449
167 131
448 225
136 1
424 109
301 113
413 388
370 178
236 283
337 313
147 227
117 371
426 277
89 2
438 400
43 235
276 415
231 231
74 267
181 90
296 378
69 439
274 346
352 21
188 126
34 381
147 99
374 181
419 321
27 126
31 381
147 397
145 394
184 57
171 242
259 418
80 61
220 252
59 168
93 77
365 107
107 207
186 404
376 140
4 91
171 13
136 55
168 98
416 265
362 407
380 35
277 444
449 314
360 167
178 12
66 201
101 230
386 181
435 118
356 331
380 244
212 149
396 94
196 165
247 218
96 304
171 191
406 280
311 208
438 306
382 115
443 231
152 385
40 38
35 99
167 372
289 276
195 227
346 382
6 353
46 363
96 414
446 185
314 257
390 403
355 442
91 309
439 179
132 247
446 167
216 191
256 199
379 434
270 338
319 12
242 328
173 42
119 35
296 36
330 30
277 125
412 28
355 400
381 394
267 151
368 362
410 216
371 377
273 383
364 349
257 177
255 200
364 222
357 337
63 124
7 87
32 360
145 160
444 93
7 208
352 162
113 398
184 124
14 3
221 440
170 297
166 433
205 54
324 172
110 81
59 387
67 412
241 200
102 278
65 191
2 219
286 229
448 200
222 64
129 136
181 236
355 187
412 264
27 357
359 357
41 253
83 36
146 289
348 432
430 206
29 294
417 12
299 445
0 310
424 245
393 38
323 259
190 73
437 122
99 207
230 355
329 176
417 165
409 235
191 329
74 135
12 64
27 276
39 443
174 108
418 344
7 414
399 204
152 183
395 90
93 266
72 401
375 54
58 132
13 226
71 389
14 324
78 191
408 336
233 221
37 278
12 284
150 372
397 191
9 157
349 384
0 372
181 204
438 286
108 209
381 228
225 117
82 11
249 118
23 182
165 253
338 301
121 168
87 2
275 431
172 155
268 367
404 144
204 285
300 153
10 272
71 122
246 174
431 10
135 75
266 442
139 400
379 7
304 80
50 370
428 292
240 121
153 197
50 338
301 373
419 273
197 353
310 412
267 178
261 70
154 275
119 175
334 448
33 240
424 442
174 172
47 272
35 138
196 113
273 115
129 234
391 302
71 98
132 272
293 415
184 117
34 121
155 259
305 54
109 187
99 242
403 290
387 225
90 425
63 298
88 213
340 438
365 193
99 199
264 346
325 163
123 220
234 343
98 48
399 190
417 192
37 286
115 120
9 418
384 13
410 325
19 51
245 298
412 260
285 440
421 131
131 314
409 435
328 406
320 11
123 374
209 310
251 164
266 4
63 135
250 134
0 177
203 411
38 237
416 220
282 306
65 367
1 429
136 6
166 20
351 446
45 43
170 355
327 347
257 54
79 391
143 121
384 14
435 265
63 7
246 202
300 237
190 247
57 258
94 149
118 138
242 436
406 128
276 272
219 282
75 161
433 255
54 443
87 59
431 176
284 260
347 280
228 5
289 98
359 325
259 286
317 210
396 262
139 256
105 388
126 431
214 303
33 59
187 394
38 433
286 370
105 97
89 358
25 270
168 69
259 69
281 122
338 28
259 263
82 229
321 129
150 20
34 431
324 125
135 445
253 447
220 6
78 251
279 382
337 357
60 117
285 157
226 13
66 209
231 136
142 145
276 283
385 288
149 35
129 404
268 331
8 395
374 204
204 178
58 334
238 208
348 384
430 396
32 420
337 395
30 327
393 72
66 350
323 449
276 243
249 216
118 62
89 207
28 401
445 164
272 112
282 437
196 221
293 242
213 228
166 284
25 301
323 415
212 394
0 385
73 83
417 310
167 309
416 107
396 172
177 313
50 124
450 308
404 418
86 2
284 377
322 88
433 418
145 79
438 59
254 347
419 64
296 51
377 294
348 247
362 350
412 15
157 50
117 270
237 414
423 350
431 388
99 223
244 290
304 303
127 299
94 53
258 81
354 129
334 373
288 131
169 202
208 422
266 34
299 339
105 161
339 44
183 82
429 291
306 158
279 377
217 165
403 265
323 31
203 84
367 318
357 341
287 298
38 96
240 250
46 295
56 450
73 400
161 309
307 420
187 119
344 159
25 2
398 369
61 11
250 73
344 236
257 322
243 178
160 319
44 306
22 224
302 299
52 272
44 448
4 142
432 142
427 144
34 322
319 360
122 282
80 299
5 129
228 241
238 213
313 429
48 164
356 283
24 211
340 401
410 16
260 406
168 379
89 176
404 138
215 59
130 30
282 389
324 225
437 2
88 203
330 21
326 140
350 183
17 51
302 132
100 18
61 218
151 116
440 7
16 9
184 260
31 411
435 139
137 249
64 322
167 10
111 341
105 420
345 102
147 229
268 260
218 129
281 61
364 230
382 293
254 278
3 107
246 156
357 125
263 313
444 136
255 333
135 170
270 397
23 26
288 167
126 296
166 128
133 370
346 61
333 160
195 326
289 230
127 61
100 398
410 88
339 269
130 375
53 258
313 342
287 260
57 331
346 43
237 28
154 327
420 140
392 450
38 43
64 234
399 362
0 15
322 447
134 189
388 382
79 401
25 267
139 215
431 194
110 214
165 169
6 185
99 307
391 387
364 438
380 49
239 134
233 220
430 349
55 318
134 328
425 85
279 190
257 273
372 85
282 85
309 308
197 352
370 258
156 64
188 190
260 419
363 149
279 245
278 123
258 62
22 291
37 92
53 174
46 399
381 82
404 238
270 122
194 360
137 310
273 423
16 117
197 113
388 414
153 121
202 35
27 108
298 312
430 294
111 307
107 10
107 333
6 381
39 282
67 373
87 352
33 86
81 306
290 143
227 431
436 81
246 378
307 344
19 415
429 197
62 44
308 410
14 373
95 240
230 400
194 223
178 242
115 429
153 13
79 168
291 71
350 40
229 131
104 41
262 422
107 256
342 359
447 123
225 221
252 303
15 395
375 104
388 38
424 3
223 11
269 190
196 381
388 10
331 239
144 166
32 113
315 123
131 236
26 286
8 81
370 400
361 353
435 266
111 142
364 209
338 353
269 61
32 410
96 447
213 304
203 441
434 336
208 171
189 94
412 235
269 420
66 106
256 119
22 429
195 124
324 269
361 354
188 61
61 44
49 31
29 202
269 307
239 279
32 213
152 296
389 169
10 91
379 125
330 171
185 162
164 374
354 399
257 216
44 176
179 216
307 8
117 76
448 105
144 357
409 315
167 49
36 336
431 359
36 404
36 261
374 21
413 315
187 233
429 357
277 318
193 42
285 50
197 430
213 126
436 132
49 129
114 271
302 22
142 236
420 99
355 301
7 429
11 35
364 22
137 448
227 187
93 381
35 304
36 430
40 385
378 178
441 218
256 105
76 374
292 256
70 224
395 141
114 230
252 442
67 355
185 419
366 430
131 139
126 320
7 18
194 17
100 165
243 18
46 190
321 69
290 400
90 428
170 85
395 321
55 356
14 104
122 217
355 120
136 450
412 42
389 260
445 181
312 141
444 405
253 32
428 279
156 220
201 219
67 223
154 339
207 325
230 280
211 357
154 384
429 413
176 134
366 73
360 371
434 131
120 387
262 124
262 151
445 295
87 362
284 115
319 391
94 3
365 271
163 190
243 106
224 170
57 66
407 256
290 37
261 28
260 258
393 69
313 172
434 137
22 164
325 192
117 170
235 116
332 170
414 355
203 124
146 395
380 450
250 340
21 364
237 429
337 444
17 381
303 234
300 446
312 111
231 182
9 176
358 344
374 209
385 383
322 433
33 241
374 449
58 442
349 200
197 396
260 247
66 11
50 217
205 38
406 155
270 233
245 220
252 399
51 321
34 291
225 425
336 160
145 142
161 441
126 139
53 22
94 361
354 342
159 396
57 292
333 180
280 10
293 257
313 30
397 154
204 275
218 213
77 188
164 181
103 41
142 393
298 195
442 97
39 283
39 173
113 254
165 244
376 326
284 408
332 141
26 409
100 220
281 318
261 47
157 261
184 333
334 233
322 387
94 437
443 228
84 81
95 242
303 66
430 292
208 299
394 304
50 382
146 423
412 248
342 72
81 174
66 298
428 218
52 173
20 10
11 208
363 282
274 136
343 233
14 380
73 13
152 415
110 354
450 36
96 323
286 166
126 440
325 273
182 147
377 203
353 347
61 336
183 248
93 122
113 43
249 108
158 187
150 286
4 268
283 141
223 276
131 226
233 303
378 400
48 351
286 117
265 412
84 254
257 421
194 211
28 408
52 172
438 266
18 39
111 393
64 297
216 285
181 346
423 401
127 360
2 317
216 5
191 439
404 211
438 212
372 56
20 167
355 20
410 236
95 99
399 389
143 313
192 431
58 309
365 156
268 150
147 389
33 405
229 4
220 249
21 235
332 34
181 432
439 168
330 356
430 77
356 339
447 201
377 154
381 142
444 140
282 81
334 234
309 412
136 5
337 112
279 236
295 132
57 314
405 64
226 386
121 48
124 303
274 280
306 214
4 354
182 284
47 309
391 448
349 215
216 134
182 274
65 255
259 398
218 102
409 61
244 244
29 438
78 108
101 330
368 227
65 109
356 344
281 27
241 167
114 447
305 68
7 48
413 415
44 332
420 46
107 349
357 173
353 362
59 177
165 246
324 49
300 99
301 314
85 143
38 332
326 390
373 139
210 114
400 103
200 238
31 310
86 422
81 188
387 233
370 60
52 198
177 43
30 158
63 101
155 138
39 341
69 176
355 134
216 113
280 56
226 257
355 81
384 299
327 272
221 0
31 429
347 12
122 122
437 97
153 4
261 127
396 286
39 450
233 256
57 67
256 16
129 241
253 195
393 224
23 114
360 400
429 417
146 40
346 197
323 132
228 266
321 417
95 30
259 334
11 359
18 217
379 178
12 383
73 65
148 412
280 98
228 408
319 93
440 243
383 263
143 266
194 101
385 304
40 43
323 266
49 102
36 152
32 119
93 63
325 306
350 365
364 49
448 276
356 157
129 374
110 194
189 123
94 214
97 159
355 53
135 150
68 140
137 281
69 126
266 118
44 178
295 327
47 97
358 153
50 289
34 441
102 326
394 271
205 247
317 267
14 78
345 291
398 416
369 143
243 268
59 237
158 302
438 49
62 301
71 284
132 168
120 414
450 153
238 396
271 315
27 18
238 5
200 394
15 294
311 185
29 180
233 193
118 387
27 380
136 271
196 385
408 284
320 111
217 176
57 123
178 185
194 399
137 279
445 301
202 293
110 293
89 60
317 288
151 257
113 84
264 220
326 327
171 355
444 197
74 434
429 281
273 398
127 357
243 348
267 424
223 425
214 86
327 298
220 376
397 25
423 358
229 39
113 274
35 381
340 288
87 256
11 295
80 28
309 169
293 335
314 258
359 337
320 282
345 152
151 267
310 226
143 422
12 269
258 111
5 338
182 393
38 355
304 143
33 147
168 37
258 279
270 293
234 225
363 148
287 112
89 248
120 370
215 169
161 110
77 245
266 116
287 108
81 427
394 115
369 13
233 206
94 20
263 3
90 366
443 285
401 305
84 418
432 446
231 89
385 358
380 329
289 207
241 378
244 113
98 449
205 264
31 396
330 175
217 183
343 20
119 48
332 303
110 364
78 241
314 161
70 337
5 52
113 24
156 241
381 429
440 430
50 49
278 98
397 331
131 448
146 230
299 286
169 373
262 287
86 108
432 4
62 258
174 296
76 292
375 302
101 188
64 233
281 370
232 51
104 14
193 24
190 272
377 211
308 405
307 51
286 38
311 40
409 270
150 188
46 218
318 307
308 271
310 422
198 138
448 223
345 258
315 291
382 442
175 10
249 79
263 400
255 221
247 313
302 116
38 291
239 103
446 439
211 300
341 264
300 174
152 14
279 171
265 264
218 352
248 406
182 412
326 354
135 437
412 198
181 154
14 245
319 429
42 372
303 187
376 21
262 50
271 432
76 142
66 334
83 229
412 298
342 94
369 24
101 5
335 360
356 359
27 82
438 355
428 404
309 417
343 107
103 415
11 333
260 153
26 217
368 341
6 101
173 429
246 250
380 280
44 333
391 73
185 348
154 37
113 271
296 411
426 86
245 135
76 296
330 258
186 364
213 74
277 309
446 347
209 183
192 174
177 197
303 390
179 231
0 255
11 270
351 242
368 91
290 368
202 292
272 402
62 110
388 387
78 283
291 229
128 344
352 117
335 218
443 213
364 223
129 19
214 366
130 368
368 168
431 269
295 135
444 337
100 49
439 94
115 366
26 417
339 165
319 196
160 355
284 328
205 234
113 51
363 321
86 144
413 433
231 323
192 53
418 210
359 211
183 52
32 5
178 126
434 152
99 34
328 1
141 225
418 274
126 424
141 97
79 224
104 32
283 17
393 293
183 111
394 416
326 318
259 149
86 299
199 24
115 54
19 427
317 396
143 413
9 430
272 158
44 342
239 118
120 8
292 439
257 315
412 425
355 291
425 428
316 126
34 405
232 112
222 326
296 18
196 186
319 127
46 30
433 31
343 76
329 187
225 348
378 350
333 352
63 223
210 73
94 365
83 32
319 206
151 365
357 22
128 145
172 182
87 439
304 194
253 258
416 278
313 48
34 1
166 366
8 77
326 427
130 167
142 135
63 266
420 289
11 424
330 107
72 261
72 94
309 133
236 120
13 32
310 369
340 52
105 60
141 169
242 231
150 297
319 94
13 99
220 368
123 79
160 205
287 132
278 204
286 84
224 30
298 276
184 231
449 410
352 103
142 329
438 330
326 67
342 165
270 209
70 8
209 103
263 191
144 131
199 297
371 218
78 245
3 198
77 348
256 82
180 270
422 307
18 423
112 232
334 85
128 92
92 268
68 101
271 428
415 297
165 285
373 128
449 93
179 314
129 63
394 258
143 162
447 110
394 234
108 214
283 102
396 117
394 14
302 111
280 9
438 88
150 123
168 390
400 23
309 360
272 121
344 397
161 359
142 450
56 139
339 297
117 411
110 347
73 353
304 206
165 185
168 47
162 343
337 276
215 418
321 405
85 301
218 293
414 233
182 256
251 322
372 40
26 191
345 18
319 124
225 34
54 414
434 114
277 232
387 120
370 283
74 265
207 398
431 121
273 57
200 290
18 374
300 224
74 89
137 346
118 298
235 409
221 374
417 130
349 309
224 448
105 268
65 186
256 306
148 161
371 138
430 7
254 309
176 1
355 201
46 146
220 260
64 400
403 333
206 425
423 21
22 363
82 401
0 1
401 278
48 46
97 222
397 29
361 298
195 158
9 299
422 339
304 45
418 63
134 231
289 328
32 398
33 438
69 174
447 138
368 124
9 198
392 179
52 10
292 435
66 16
195 6
428 318
16 106
268 205
47 143
193 193
394 391
322 85
45 235
227 265
155 369
260 218
47 118
434 293
85 238
8 259
52 443
258 378
376 171
275 200
269 288
169 144
305 31
376 82
0 349
383 105
48 323
129 128
73 97
353 209
222 421
402 304
110 232
32 433
81 345
427 401
87 145
204 96
269 343
394 425
25 116
60 246
113 321
12 281
446 107
102 137
213 100
92 84
253 292
103 293
372 154
47 259
172 365
153 77
328 130
25 198
49 181
66 212
45 291
285 158
190 113
92 370
62 219
208 280
59 21
242 88
127 352
284 414
420 32
115 256
258 415
3 341
14 123
107 398
171 196
107 160
56 114
388 392
84 284
391 6
115 1
240 202
321 317
220 387
243 406
43 142
131 99
312 132
415 346
377 436
211 109
275 71
376 259
321 109
266 222
410 333
58 95
179 426
294 223
73 341
450 33
33 247
174 394
51 380
321 140
47 343
269 249
44 336
80 361
378 426
166 352
56 245
55 361
230 62
345 305
208 129
368 340
208 386
197 153
390 212
415 209
383 222
337 146
186 76
124 257
319 276
200 352
82 110
157 350
336 205
42 246
422 168
105 132
6 406
260 9
290 95
331 159
302 414
140 257
99 303
333 450
163 152
282 156
119 220
119 421
327 194
316 69
125 42
32 221
246 139
346 323
374 248
368 364
115 189
299 151
70 365
446 233
412 77
135 379
217 252
308 148
356 252
59 63
272 329
299 220
173 323
345 308
51 138
109 153
35 59
415 379
19 28
387 285
255 323
445 224
262 131
143 322
309 296
304 283
17 303
328 354
358 248
417 401
80 389
110 37
181 27
387 159
68 439
329 53
46 6
18 173
96 448
166 58
113 159
273 376
217 380
202 401
58 438
231 3
174 368
77 406
307 53
347 110
322 235
89 135
323 297
91 123
235 370
359 131
168 205
247 403
222 109
216 255
163 365
320 109
137 319
337 367
199 59
27 359
142 101
272 285
397 388
107 317
400 120
151 100
173 89
434 158
431 170
259 359
164 173
370 110
407 355
41 97
136 104
285 86
394 264
354 435
164 383
121 296
219 291
234 8
127 401
272 66
37 257
259 387
304 35
273 184
260 124
59 161
379 297
285 196
386 263
130 155
230 345
46 12
234 42
182 50
269 330
77 155
103 206
202 286
264 11
88 226
192 308
81 444
261 280
393 425
152 431
227 226
71 224
231 154
400 159
68 425
189 49
165 398
355 446
382 105
257 141
221 345
192 245
61 20
383 288
38 171
64 359
382 146
346 218
369 124
404 225
52 424
150 128
51 237
133 244
437 368
86 391
384 310
197 175
262 10
427 284
63 345
75 291
440 110
87 213
436 240
54 383
430 268
80 396
194 156
125 238
5 8
108 67
135 373
373 219
319 447
212 385
27 24
33 242
400 183
346 241
226 368
85 108
227 405
371 389
166 242
214 57
379 5
149 273
349 30
105 262
201 128
329 159
388 293
37 290
374 430
370 227
23 191
138 81
233 116
113 85
222 178
39 2
98 348
90 409
286 255
394 348
194 173
448 86
78 391
210 251
133 15
16 14
81 96
408 215
147 240
251 112
2 374
149 392
362 303
299 353
374 403
419 227
435 272
433 419
23 92
345 254
188 444
123 39
48 170
82 443
75 226
363 261
364 305
414 435
245 271
2 186
50 243
356 73
98 155
319 11
83 351
47 61
404 383
137 139
11 334
348 225
12 119
172 450
322 106
374 298
73 281
86 77
362 149
169 255
307 320
272 160
214 176
274 351
265 181
191 257
274 239
56 436
449 63
241 83
144 450
217 17
251 180
194 166
361 202
400 99
44 171
379 190
306 334
139 195
187 137
70 145
163 266
321 388
15 394
92 141
448 449
214 51
92 412
362 250
229 171
106 373
226 52
326 403
96 417
62 332
190 393
194 320
51 437
96 398
408 440
430 177
184 182
374 197
209 31
426 403
387 447
200 275
130 11
380 40
15 172
255 73
301 247
133 154
95 3
163 253
227 305
403 295
83 270
371 411
238 269
298 280
25 266
203 417
334 70
351 113
429 84
442 26
422 243
155 163
377 228
194 443
221 364
123 53
346 18
246 165
182 222
232 401
41 122
437 22
291 204
62 134
321 345
249 232
313 301
88 10
235 51
195 415
250 105
204 68
280 234
445 134
135 376
264 167
152 384
334 344
262 128
295 88
210 433
49 108
125 74
66 213
300 240
113 370
184 189
323 103
20 151
340 281
345 214
171 20
47 93
19 104
434 62
41 436
223 338
63 9
342 100
400 61
79 293
359 170
55 28
53 240
60 10
387 115
25 251
406 104
121 251
97 302
67 346
197 151
190 17
99 157
366 86
391 386
204 51
49 378
201 320
165 84
226 389
386 404
33 5
157 450
309 193
38 188
324 372
162 129
370 171
34 108
242 103
310 398
425 415
17 394
296 178
244 193
187 268
421 34
106 253
178 331
175 75
325 297
304 9
264 125
47 80
382 285
159 165
138 39
345 441
415 415
343 228
33 348
367 211
391 260
272 260
318 158
26 235
208 347
152 149
174 16
334 398
442 422
341 211
162 447
304 441
168 375
332 103
33 299
249 102
344 361
38 60
376 71
375 340
143 25
22 387
43 171
421 92
64 111
97 388
420 134
287 388
121 326
330 320
345 398
415 449
286 413
132 353
51 258
188 30
131 20
207 339
352 212
325 180
166 252
168 450
0 16
313 235
439 313
344 441
378 395
361 229
35 170
19 100
271 340
295 157
235 282
205 80
449 110
164 162
436 158
402 46
183 165
298 57
422 276
65 298
157 303
244 421
114 254
262 331
307 405
152 345
54 1
174 352
392 137
270 171
398 228
83 266
219 167
280 54
244 381
217 145
209 331
339 105
23 215
111 348
354 43
226 328
265 201
138 86
11 228
142 146
130 130
246 52
418 129
207 3
356 305
237 52
246 383
267 121
257 387
112 148
100 284
364 236
358 262
49 237
275 54
288 215
74 175
398 445
438 52
129 169
112 69
129 126
173 293
4 114
424 307
14 219
381 166
176 254
324 322
404 203
318 162
407 378
18 350
132 96
22 396
228 447
355 315
298 75
163 302
213 110
182 105
272 191
50 28
246 372
285 228
109 36
395 3
123 47
304 423
396 316
423 395
436 410
12 116
189 416
327 150
156 373
50 263
189 226
110 79
235 333
352 75
206 210
42 398
430 149
295 315
335 118
80 304
209 154
193 224
376 112
146 388
35 122
18 220
219 341
47 275
199 36
66 225
95 108
334 227
423 7
153 96
148 116
161 35
204 201
398 435
445 68
342 335
95 267
161 220
3 283
432 222
114 211
258 402
199 269
29 242
137 248
306 94
213 220
24 424
381 434
296 308
334 269
304 394
134 33
353 79
88 239
294 415
333 33
300 294
281 103
173 435
104 268
49 225
60 164
390 387
80 402
51 87
99 163
238 417
99 100
450 46
401 102
56 169
201 429
192 238
22 46
26 125
318 241
173 108
410 280
239 23
80 369
24 137
204 328
105 321
80 52
287 421
102 109
221 306
401 297
389 391
93 102
63 362
344 344
52 360
34 166
7 345
326 183
197 359
143 427
29 190
370 124
90 9
387 143
263 34
158 203
375 316
121 35
450 55
315 372
347 67
207 376
13 105
77 419
409 324
243 365
109 138
447 409
133 1
37 140
371 268
11 409
51 354
58 161
373 136
226 224
445 347
181 410
346 122
380 284
248 30
179 277
215 45
333 19
202 159
138 90
190 31
1 131
282 60
287 46
284 35
139 63
357 424
130 285
446 135
255 76
72 182
289 370
145 264
338 245
49 130
84 261
55 210
304 351
448 38
334 44
104 372
68 449
336 120
136 269
138 407
205 420
415 368
13 345
412 221
227 141
241 325
256 189
352 88
119 115
271 153
376 298
232 23
250 30
416 329
265 167
124 23
92 318
423 45
82 439
305 368
59 274
302 141
294 432
137 430
340 90
70 373
212 345
386 196
106 361
33 0
12 97
158 156
45 247
376 232
444 146
18 330
248 107
44 309
73 287
220 176
372 43
48 415
20 141
401 335
124 15
54 373
252 140
227 278
214 413
370 86
318 347
418 368
356 86
152 280
69 35
195 239
56 6
359 32
422 381
417 102
195 16
92 62
401 10
212 90
157 299
402 449
400 164
435 80
134 340
357 53
338 72
82 219
25 172
232 427
290 262
137 240
10 56
53 389
52 290
349 90
216 286
78 54
26 134
383 116
417 170
297 320
366 121
32 334
164 52
283 165
21 411
73 449
239 217
9 37
193 111
10 389
212 58
109 301
226 341
234 150
428 296
254 263
265 136
154 395
18 246
92 323
200 443
317 127
206 245
59 164
341 127
93 306
435 375
291 98
69 90
360 17
172 25
433 408
216 220
430 350
70 437
141 160
58 153
231 383
442 57
303 117
90 222
51 136
298 220
304 209
48 221
310 75
59 109
275 306
241 369
376 316
291 247
64 298
398 324
72 326
258 260
327 315
404 280
213 407
309 12
187 401
34 193
388 132
398 3
156 379
5 322
155 67
347 353
57 202
145 233
98 397
324 84
275 264
302 304
413 354
450 305
194 87
84 313
228 332
291 437
0 65
366 437
57 443
240 445
39 448
231 329
365 40
431 203
389 407
419 377
75 98
403 269
184 61
89 397
292 18
63 193
53 13
370 137
235 108
354 62
207 149
384 419
189 75
140 197
407 284
5 145
362 316
99 284
244 276
246 212
174 264
372 353
22 311
34 109
403 448
125 240
273 45
251 254
333 298
317 203
93 99
258 281
45 89
369 432
309 31
62 50
203 37
136 230
90 325
449 183
55 392
167 85
426 26
350 140
32 147
161 30
7 13
120 88
52 220
0 39
427 310
433 441
188 343
311 191
78 61
224 97
32 89
360 92
181 66
215 232
241 147
223 439
53 401
300 162
432 187
66 61
15 411
96 39
239 399
68 204
375 396
371 182
269 428
18 396
346 377
156 1
329 406
37 193
25 432
192 261
301 150
308 1
213 166
170 106
443 38
162 82
64 132
200 4
1 223
340 157
248 44
425 122
387 205
227 99
231 390
381 403
397 163
344 46
274 318
116 448
316 257
124 28
17 380
214 16
316 64
251 355
313 111
11 46
86 357
246 329
111 22
332 201
189 255
149 330
362 145
176 319
187 165
242 219
65 244
382 58
339 25
248 334
335 285
152 132
23 212
443 200
206 41
230 293
198 308
389 211
96 109
145 420
155 61
153 223
247 268
136 157
192 352
180 62
341 15
271 131
53 23
137 425
419 171
151 294
341 202
307 441
149 121
243 70
273 335
22 255
212 13
241 326
398 120
328 147
273 183
401 429
74 256
276 401
401 312
47 322
265 292
127 200
376 437
189 356
73 80
252 317
167 319
64 323
431 448
291 335
5 174
389 410
382 182
353 385
70 87
243 308
214 440
261 390
444 129
184 75
274 233
309 40
214 335
308 283
117 31
290 394
297 140
315 119
321 209
146 73
91 165
93 84
160 425
31 234
423 440
448 230
340 193
56 97
367 9
422 57
193 190
198 319
78 303
178 25
222 223
4 63
386 202
327 318
83 298
68 245
319 318
296 70
397 115
300 330
199 364
1 212
6 209
33 185
386 339
81 24
37 186
107 337
407 49
319 403
65 276
270 29
27 91
40 381
77 236
44 317
304 39
46 113
34 190
384 46
368 170
172 206
104 102
421 249
264 24
291 449
328 30
190 180
169 390
286 372
40 146
144 208
397 205
114 437
63 381
291 317
91 340
120 246
97 214
332 356
418 180
236 117
215 136
183 427
266 210
331 89
131 86
145 188
159 97
233 215
250 147
375 153
72 354
185 215
275 262
348 192
251 200
333 329
189 386
161 107
97 171
253 5
349 207
265 12
319 49
35 407
295 306
268 189
357 215
89 435
180 431
173 219
328 190
377 406
141 352
48 340
130 317
38 397
347 221
84 92
218 334
90 96
217 32
26 251
358 317
371 269
48 285
124 225
437 405
9 381
276 378
15 371
377 337
40 312
166 42
128 298
442 12
438 275
350 156
90 46
125 330
96 442
242 288
416 401
270 228
43 349
198 424
450 68
333 99
120 332
238 210
343 380
120 297
244 386
160 88
24 100
58 84
404 128
80 63
41 430
389 197
422 369
448 334
301 117
352 350
85 308
331 328
51 388
295 274
102 196
87 167
360 316
31 171
269 323
383 428
260 19
259 249
152 8
78 150
85 331
289 251
120 163
77 28
276 162
1 189
248 400
49 55
152 63
412 270
110 166
201 2
332 245
181 64
166 396
174 428
266 266
131 332
156 375
125 93
285 432
212 123
394 387
358 376
421 171
404 121
397 121
367 225
447 374
131 275
404 124
434 331
106 100
225 107
363 132
296 421
196 96
176 130
48 348
109 286
0 343
392 342
195 213
389 12
330 439
285 245
99 130
60 153
100 170
301 426
176 67
78 136
154 194
257 356
421 247
220 255
110 39
308 316
129 276
34 117
36 298
212 64
7 33
184 211
207 28
422 241
299 434
303 50
311 379
442 135
356 164
92 142
427 390
282 172
204 420
196 180
219 0
154 241
51 219
166 26
62 277
83 348
184 98
184 399
367 196
323 416
270 341
384 363
126 349
54 164
272 360
82 246
355 271
149 256
375 257
422 388
210 286
140 434
81 300
103 361
430 143
30 167
444 424
140 160
175 198
57 230
366 167
114 322
278 27
332 194
284 271
314 34
247 116
75 14
396 39
190 165
16 43
142 132
13 47
387 362
340 414
422 162
408 396
23 235
82 152
107 302
59 427
162 167
328 299
169 346
407 281
162 386
155 379
415 53
19 229
433 430
338 21
167 335
427 7
159 115
37 374
331 102
391 445
270 330
199 255
341 178
3 317
89 187
439 407
9 386
380 193
201 126
22 163
294 310
219 439
431 87
444 116
321 368
297 382
98 312
411 117
111 96
236 416
58 8
170 341
219 37
3 342
127 410
177 275
447 3
273 378
97 43
430 288
109 448
56 56
197 281
72 341
165 283
64 366
6 276
86 265
427 133
80 311
82 133
99 17
264 18
347 51
131 104
243 373
262 212
184 193
446 287
174 418
225 59
111 12
350 102
99 185
43 66
390 4
393 167
277 28
296 262
349 243
104 417
82 132
296 365
407 263
52 182
263 263
66 20
348 392
173 157
237 48
192 114
177 195
443 85
195 62
240 274
402 84
415 210
199 177
11 18
152 274
117 138
383 78
133 262
249 275
13 215
382 86
88 48
82 175
48 101
450 14
270 90
62 111
213 376
175 390
381 211
361 178
115 103
265 216
326 379
317 170
116 215
124 386
422 165
434 286
186 44
273 325
411 224
126 69
177 335
163 142
294 113
72 362
165 364
333 200
360 137
258 23
265 47
234 196
96 353
378 184
267 230
31 298
413 52
149 342
181 87
412 124
98 265
396 366
336 271
76 221
32 358
325 373
188 208
2 334
391 326
58 250
414 151
53 52
326 99
248 349
163 290
311 368
16 348
353 12
12 49
383 43
355 390
52 103
348 368
200 239
303 104
70 425
329 199
0 342
100 200
59 137
316 173
345 344
274 437
397 383
238 243
165 301
203 298
202 421
376 212
100 80
51 27
86 342
43 168
445 421
153 435
429 202
294 132
228 166
27 341
124 353
12 107
127 33
231 110
233 198
322 55
413 193
266 49
208 269
60 221
311 37
442 426
77 69
145 277
374 409
126 7
216 441
251 211
120 432
105 356
235 55
285 156
228 370
247 161
347 37
398 27
115 334
70 110
51 298
85 36
305 108
234 27
168 141
408 424
416 410
228 377
163 165
231 250
195 336
161 327
434 267
359 427
228 415
207 265
5 16
289 379
402 265
273 316
428 264
247 278
254 387
223 56
260 382
356 117
265 206
84 39
36 268
31 373
260 148
389 85
98 450
5 375
352 9
5 388
426 442
433 387
388 96
316 245
406 358
53 238
377 189
230 261
447 275
410 312
263 323
252 61
136 363
298 98
441 407
433 262
173 377
254 187
429 268
122 335
344 65
420 430
281 448
4 312
85 364
399 160
48 186
266 235
57 354
235 167
33 115
334 118
217 73
223 182
40 446
14 312
270 113
132 429
296 209
104 156
66 349
369 53
225 94
364 141
286 86
321 258
448 131
3 153
160 215
343 296
159 232
121 448
94 295
444 365
270 280
129 288
229 302
55 239
108 248
187 441
437 298
316 229
445 378
318 21
257 29
179 247
109 320
335 167
74 79
195 2
192 119
386 262
375 343
101 143
223 400
257 374
329 402
406 190
259 9
139 248
326 65
412 409
187 105
357 1
279 160
402 137
217 59
383 252
232 85
196 332
118 368
223 111
223 216
27 62
219 18
103 217
3 51
330 28
132 314
41 6
142 383
188 62
168 213
38 93
85 129
248 17
426 190
154 250
194 282
109 436
163 351
96 7
126 405
221 202
435 179
158 285
419 304
203 13
175 311
132 226
102 340
30 296
12 313
52 214
211 200
75 240
315 269
31 4
239 403
129 89
340 129
57 105
203 329
123 40
118 36
146 193
232 204
387 313
166 192
125 417
292 133
223 224
17 435
444 371
289 348
226 335
96 127
67 98
354 30
395 222
326 252
86 434
373 206
136 91
197 424
422 12
35 241
146 24
323 264
101 382
355 303
355 91
387 12
57 247
182 294
373 315
365 304
176 244
150 394
282 399
71 260
284 383
107 116
389 298
104 422
85 252
295 283
389 307
424 403
361 395
385 274
417 97
190 72
188 78
131 337
367 37
191 110
118 137
189 5
258 307
67 371
94 249
94 67
199 87
233 370
438 209
302 261
397 168
436 352
245 361
316 224
308 236
430 192
142 326
396 393
414 367
30 403
60 232
435 416
139 43
62 165
432 330
335 429
186 167
243 276
328 346
255 10
338 257
164 44
145 43
238 8
357 201
93 278
49 274
31 59
294 325
12 72
152 268
249 6
223 67
298 342
271 186
182 186
208 184
435 423
376 88
223 418
104 283
196 387
98 67
328 440
34 307
324 378
292 190
232 136
96 288
448 402
40 49
395 413
283 397
265 41
117 421
338 180
170 320
255 329
385 239
224 229
372 400
247 173
110 231
103 315
297 133
124 76
188 110
107 201
314 449
336 155
124 143
255 433
261 19
167 13
343 31
239 393
403 337
413 16
398 176
17 7
110 50
11 5
63 449
399 6
284 150
110 186
269 450
409 46
184 282
174 239
369 36
295 239
384 344
393 145
28 273
309 246
65 311
240 404
257 190
303 179
154 139
329 384
66 385
117 301
82 348
55 235
18 117
278 169
399 352
276 314
383 257
237 244
300 84
318 48
198 37
76 229
135 271
30 390
363 420
248 445
204 226
354 78
115 358
308 159
100 213
394 344
344 183
165 272
102 228
40 338
28 230
391 355
435 297
389 265
200 423
177 381
52 287
22 421
39 185
31 286
79 416
301 281
150 370
66 115
162 71
366 354
105 337
262 251
42 212
273 332
192 187
314 366
161 169
373 78
225 39
177 138
132 310
131 371
417 421
250 9
232 278
331 33
215 390
133 148
389 31
409 284
47 313
21 324
221 40
9 181
443 246
386 208
264 449
397 13
287 190
324 213
271 392
98 374
278 151
140 328
448 429
53 303
122 192
153 405
166 415
179 153
398 201
306 110
377 63
187 258
213 174
67 144
29 387
81 316
211 5
246 81
2 62
441 398
8 350
130 286
362 380
261 123
276 90
424 4
395 310
302 120
235 325
99 401
9 250
362 124
345 307
355 252
270 439
51 18
311 95
245 382
318 346
192 310
414 116
3 236
163 36
439 182
411 437
202 437
315 181
308 392
165 401
415 146
129 153
320 323
186 124
52 282
37 28
265 145
67 383
62 178
445 235
320 347
194 368
262 446
396 304
291 175
263 57
121 22
284 200
244 417
194 65
201 357
61 409
200 294
405 95
24 436
311 217
173 36
408 315
121 243
390 409
335 267
261 189
383 333
344 34
337 429
245 396
44 421
125 283
376 93
387 379
137 428
144 105
334 424
361 69
227 94
278 41
98 314
365 142
96 252
397 233
118 190
389 337
140 22
249 68
371 297
233 318
34 135
175 116
309 136
264 268
127 112
56 282
21 219
280 339
94 72
13 399
315 138
139 397
249 12
29 186
26 68
281 15
88 158
167 350
296 447
188 388
275 76
376 111
335 71
179 403
120 22
230 201
203 35
379 142
440 191
120 6
434 108
335 212
418 183
217 91
0 367
434 204
47 42
232 402
40 221
298 299
2 198
202 231
289 357
66 422
409 300
156 39
333 9
440 249
278 341
381 296
64 100
367 107
101 179
342 319
415 391
395 341
74 442
419 420
19 408
224 410
328 409
124 59
169 399
269 60
292 177
229 159
255 404
277 69
331 312
44 102
266 134
85 292
351 416
309 261
93 230
332 278
337 251
319 259
348 350
174 200
67 368
316 77
352 159
11 428
154 430
49 162
133 275
422 36
126 244
140 185
229 279
83 356
246 365
102 104
236 192
299 239
149 381
124 153
62 315
16 200
402 347
190 243
15 341
330 207
293 324
208 23
237 232
316 416
65 69
222 186
138 217
323 156
371 110
420 31
277 356
258 20
158 129
137 435
299 65
95 412
60 132
122 291
293 99
282 99
99 204
394 434
450 20
439 266
186 256
367 291
244 339
214 320
181 372
63 23
90 44
80 9
431 225
78 152
213 367
140 128
202 386
69 270
365 447
253 316
444 397
185 274
289 258
119 300
65 390
173 363
423 375
327 9
34 114
250 231
187 93
222 368
208 6
191 300
450 78
330 29
29 443
222 226
257 40
441 317
425 129
317 428
131 56
395 199
313 426
43 1
305 103
228 26
414 299
196 20
375 146
130 206
248 375
280 180
230 151
33 95
79 306
57 84
21 135
201 278
226 61
43 351
311 236
195 83
276 334
350 442
113 250
419 85
173 286
120 444
25 103
320 291
176 440
404 339
186 315
288 18
342 7
46 194
224 235
22 400
198 93
233 87
446 130
393 356
381 294
155 425
416 210
186 123
409 102
182 51
42 266
430 75
87 237
217 33
163 184
254 340
10 25
161 260
161 283
83 125
218 107
195 219
31 185
174 168
27 445
187 76
136 238
432 296
265 214
332 307
362 383
121 330
405 164
41 62
211 42
417 256
221 272
375 64
170 413
348 121
335 400
450 191
188 163
445 239
130 43
163 192
105 345
16 311
90 357
411 119
289 246
348 204
353 317
53 83
273 208
287 204
407 14
302 383
226 202
360 387
106 28
386 450
396 395
250 388
403 218
162 3
430 178
305 50
51 50
314 160
291 401
72 449
403 202
194 69
431 107
133 99
21 380
158 289
21 38
396 43
405 104
223 124
43 12
167 229
157 372
362 137
338 4
117 364
61 18
136 240
33 32
53 192
77 12
40 30
3 41
296 241
17 413
410 221
328 211
450 97
128 443
345 155
245 164
434 314
270 335
54 98
268 132
232 104
396 131
430 110
50 385
287 126
204 136
132 398
247 56
204 147
227 418
403 128
296 215
382 90
37 27
416 300
443 86
100 36
78 439
99 98
130 379
164 93
264 361
369 218
290 412
378 371
26 160
288 74
122 152
397 130
294 234
284 256
313 288
297 264
79 313
40 214
403 162
298 382
425 7
243 39
301 402
227 112
4 263
269 361
39 446
159 54
148 185
127 128
326 39
383 363
83 369
68 308
178 5
203 172
432 139
38 377
338 123
261 302
81 350
389 124
340 318
262 100
142 376
442 240
88 72
65 406
301 445
377 75
174 116
181 218
155 240
396 37
425 164
85 43
375 329
370 23
355 88
220 433
240 321
342 295
141 56
408 53
295 129
207 294
341 379
299 91
148 141
210 419
355 297
359 419
410 142
222 321
117 345
303 433
195 150
203 203
4 265
355 202
327 89
295 197
356 160
231 348
251 349
405 246
251 251
444 351
251 203
249 426
437 426
281 120
119 125
401 66
23 354
86 95
114 334
88 434
429 270
310 61
66 444
267 102
375 223
297 121
389 234
321 91
154 376
3 207
45 45
364 14
365 237
251 273
52 431
256 313
286 447
206 399
245 215
377 446
1 142
212 342
99 125
62 27
66 126
358 184
346 405
333 34
379 320
81 326
416 440
424 75
130 320
63 132
442 359
408 191
423 82
188 322
387 201
62 60
83 306
111 319
147 390
420 144
259 400
55 404
90 76
174 416
223 251
34 380
247 401
220 52
35 18
405 127
288 440
244 367
97 244
121 299
34 328
360 212
332 147
347 398
171 17
187 257
287 275
1 191
404 389
177 171
386 403
215 261
195 436
20 171
117 208
218 404
76 131
86 195
430 66
80 62
5 422
146 26
350 431
320 342
201 183
352 366
389 152
438 333
143 67
198 353
303 185
450 205
64 418
375 140
234 244
289 104
69 261
243 264
255 156
258 228
288 255
393 175
351 336
415 310
257 164
436 165
319 311
362 216
268 182
434 369
79 230
76 319
210 167
194 296
308 85
352 107
346 52
240 342
449 251
205 289
381 124
443 57
389 368
310 297
299 230
120 81
445 278
13 168
83 110
267 148
381 279
106 224
167 209
436 206
146 389
2 14
290 80
37 34
273 130
428 205
179 199
151 363
31 191
302 165
304 269
145 285
153 74
283 40
136 124
231 76
362 412
231 287
105 190
433 358
130 420
300 202
321 313
1 252
115 324
93 358
304 223
303 119
374 264
3 240
226 250
221 324
53 166
347 295
222 52
27 213
222 133
290 244
98 242
263 93
421 196
33 193
123 227
221 282
254 443
210 98
385 267
212 239
128 0
51 445
170 393
340 51
412 24
389 226
294 419
449 290
226 245
57 299
357 74
176 58
219 216
351 422
343 16
77 408
368 450
213 104
400 70
321 42
71 390
445 56
170 416
39 46
268 349
207 440
252 259
266 299
263 145
295 272
293 46
62 319
87 40
374 425
294 411
154 117
273 89
100 190
401 155
377 365
111 260
15 249
435 401
12 322
361 66
296 407
78 415
190 64
79 420
421 363
367 92
68 102
280 426
102 385
52 242
202 2
229 28
207 79
280 257
68 28
41 33
295 345
113 282
345 380
38 77
316 322
308 394
381 202
287 107
449 242
4 397
402 337
450 255
357 437
429 212
296 292
380 173
286 61
225 435
178 181
33 58
78 243
97 219
164 141
134 382
430 327
310 309
258 401
216 311
84 174
190 130
279 161
290 245
258 371
157 332
231 75
297 312
264 156
148 303
103 138
421 56
307 168
357 66
380 266
222 156
411 193
191 379
346 228
209 373
51 186
121 75
331 326
179 1
446 221
19 295
250 357
36 445
387 294
81 100
415 291
122 124
41 242
258 310
92 274
248 244
342 418
360 317
282 445
106 413
261 372
60 52
107 99
246 84
61 334
255 325
302 279
222 365
252 346
366 27
326 450
65 256
301 131
358 377
160 145
65 330
283 315
41 143
210 341
186 50
133 420
162 102
118 219
75 372
226 336
392 165
364 290
440 208
404 21
80 373
69 206
127 414
224 209
275 446
67 443
147 69
219 14
439 62
335 24
427 121
25 441
267 280
61 314
91 365
331 385
340 103
243 420
78 40
8 54
83 12
432 409
229 3
240 446
212 314
434 170
198 91
343 149
5 232
316 320
288 240
277 23
159 441
421 88
153 422
109 234
368 381
240 280
420 191
198 448
161 194
191 198
47 39
396 294
382 55
394 33
132 200
398 186
347 249
57 423
253 39
156 272
119 426
95 62
389 71
397 344
189 171
168 15
426 132
372 58
58 178
44 286
396 52
2 438
309 128
447 36
386 8
15 116
300 429
290 26
31 309
314 184
397 305
187 227
260 274
337 340
395 318
294 36
16 332
332 135
378 435
161 64
78 1
419 22
86 324
346 27
204 213
447 107
258 257
191 207
426 395
186 294
251 148
428 110
136 383
441 175
300 92
76 356
121 346
234 319
425 299
113 182
260 141
59 75
226 99
219 188
151 5
97 146
95 218
233 300
353 374
267 40
425 72
372 206
385 328
297 64
225 218
85 118
240 188
197 321
428 198
72 33
29 122
405 308
97 153
203 349
379 9
100 92
429 431
247 69
383 152
40 258
251 43
114 100
197 447
154 370
141 61
364 42
194 10
346 286
405 275
62 77
191 64
277 311
214 172
105 366
251 280
344 67
360 56
419 183
255 138
297 83
285 407
195 76
310 394
208 402
18 11
217 37
72 199
153 371
38 322
147 5
78 129
278 383
345 389
408 52
383 197
343 229
311 125
217 40
99 397
384 371
357 303
141 446
231 111
272 359
34 375
406 366
250 102
289 156
390 196
309 167
335 268
68 10
401 285
368 269
114 342
192 389
405 343
371 38
184 247
222 272
69 306
92 313
385 203
154 172
440 287
76 105
362 182
430 260
324 24
90 415
295 189
257 368
342 258
427 409
348 58
354 16
16 240
401 446
257 424
142 355
395 281
115 47
364 217
424 183
119 215
365 277
318 294
3 231
14 241
314 192
326 102
298 445
373 415
151 410
354 322
329 114
417 151
303 280
3 319
287 110
414 192
364 166
22 321
172 288
243 110
113 42
429 190
248 174
51 339
329 348
364 242
281 424
308 190
92 14
278 293
274 333
312 105
398 276
381 10
121 78
279 281
317 122
315 275
396 359
119 36
222 93
190 403
373 17
310 66
351 365
267 168
164 379
165 311
417 129
54 119
350 44
102 186
33 307
273 92
125 230
398 118
160 282
45 65
207 286
305 122
239 308
254 30
115 178
133 70
340 56
63 307
433 356
137 160
41 302
348 429
375 244
126 52
152 59
376 277
68 225
136 287
234 232
48 197
132 301
41 333
377 137
146 445
279 357
6 188
273 117
314 25
9 77
171 91
385 247
41 146
35 228
372 401
325 319
82 106
265 68
279 138
143 105
69 127
23 166
24 78
137 38
395 299
358 295
330 116
231 73
139 267
70 160
24 260
277 72
379 307
400 293
277 105
292 163
188 65
22 392
214 312
161 426
171 227
306 134
382 225
232 425
73 91
174 261
119 64
170 215
299 216
100 95
224 366
317 438
433 212
85 285
54 287
52 391
191 269
260 302
331 165
42 315
235 383
222 268
37 244
8 91
436 130
81 107
46 28
144 294
120 289
157 43
127 247
97 369
408 302
197 290
227 155
433 77
48 385
389 91
184 180
326 248
106 70
264 142
9 288
299 313
51 381
21 238
259 92
220 377
302 73
231 197
141 295
136 359
294 242
365 188
217 44
282 0
198 54
449 84
65 364
389 175
189 105
305 82
420 124
275 84
62 170
258 368
307 41
111 41
397 260
376 51
214 238
224 258
382 4
324 234
45 261
416 290
118 86
438 345
91 166
177 359
45 368
286 127
11 198
20 223
77 404
192 22
435 155
178 227
402 75
205 238
65 297
67 62
387 230
80 201
184 145
44 88
142 72
140 55
10 278
15 340
404 140
182 84
51 383
335 84
156 167
5 94
179 119
266 289
96 204
110 118
328 324
319 180
159 368
256 367
416 252
15 203
399 357
144 252
243 246
33 326
101 25
134 209
266 316
409 362
179 13
168 126
61 286
269 220
391 304
267 157
172 75
380 1
316 80
403 185
45 414
63 422
89 432
306 324
160 266
77 269
30 279
414 296
184 166
262 48
389 216
278 62
180 321
252 374
298 290
212 233
19 344
32 243
270 318
389 14
212 61
70 235
245 119
254 44
153 414
93 144
203 394
389 159
404 205
196 235
12 192
231 273
38 314
230 155
285 384
230 251
31 71
124 227
350 190
152 192
81 422
67 163
26 0
446 418
297 154
256 15
181 348
286 270
59 140
329 201
369 205
427 16
229 248
342 264
137 117
381 2
167 384
220 201
379 47
82 271
111 127
305 428
387 413
354 228
325 285
131 220
162 93
281 412
47 52
320 355
415 118
333 130
383 42
136 93
248 323
3 118
19 142
331 384
154 89
150 441
450 64
246 113
191 431
422 120
24 265
332 301
86 150
302 368
261 436
58 312
265 235
354 304
176 78
59 402
116 131
156 177
230 6
185 94
16 64
344 233
443 138
409 358
173 354
11 95
372 234
368 405
11 325
327 433
231 435
415 106
394 207
212 386
22 124
158 248
415 192
75 415
269 174
316 99
366 347
294 185
107 279
271 21
38 256
159 157
182 232
277 429
243 247
31 6
397 352
195 4
305 233
320 348
284 440
295 65
431 360
12 232
101 424
300 360
415 138
34 337
43 62
365 48
320 424
196 179
109 26
340 222
441 146
365 324
102 355
83 330
130 415
85 71
355 40
165 39
270 424
315 340
441 269
446 235
340 169
143 412
169 9
257 191
105 318
432 33
139 306
212 208
175 269
398 252
167 68
39 427
91 254
255 89
390 105
164 123
201 258
373 187
101 135
127 427
186 49
25 289
43 21
122 47
202 305
0 35
277 308
291 371
63 165
66 31
309 381
7 121
184 423
275 309
425 205
100 65
340 425
159 272
261 99
136 267
168 391
121 34
199 325
84 359
256 111
360 144
33 327
16 61
420 190
219 331
234 39
291 283
392 74
132 315
329 361
435 382
203 10
170 33
450 16
428 417
72 77
180 186
416 188
193 414
342 13
119 85
134 2
77 295
149 446
130 15
97 298
156 159
430 373
434 118
58 329
440 418
5 273
127 280
114 146
318 19
75 424
52 351
41 231
325 149
102 200
243 154
291 3
295 125
59 144
210 336
47 37
209 173
152 106
345 97
390 56
87 238
406 439
218 294
81 170
430 49
14 55
94 52
19 250
63 380
33 110
233 267
211 114
40 6
409 238
320 308
164 166
172 325
59 360
306 41
281 125
262 262
238 274
171 136
381 141
21 94
139 259
90 154
222 73
341 443
195 55
39 75
331 104
260 104
316 372
401 77
126 356
75 233
387 25
366 36
223 340
59 354
270 44
82 442
71 115
431 139
95 343
78 189
388 404
322 345
141 17
197 268
370 228
135 143
31 49
335 362
415 339
61 87
350 112
24 69
228 361
68 365
92 121
332 230
385 138
431 138
272 277
134 136
357 38
379 318
204 246
169 89
211 242
75 426
287 290
165 276
249 418
282 384
87 169
20 339
146 103
101 302
332 418
230 335
392 300
100 243
236 430
325 128
86 328
208 430
375 314
166 327
92 143
95 125
80 21
270 426
209 285
253 182
59 403
93 128
395 428
257 344
340 300
300 201
196 140
117 176
207 267
349 111
287 320
270 201
335 347
109 341
305 203
222 185
397 266
333 92
322 48
30 324
153 384
75 272
421 350
113 74
89 338
329 200
263 160
43 430
88 256
32 329
229 242
228 199
293 153
419 406
225 42
291 275
419 388
170 273
263 82
349 398
77 360
62 388
416 47
293 311
26 342
251 391
327 248
356 309
199 188
17 137
142 25
347 5
239 99
61 167
151 23
286 328
190 234
381 275
380 23
208 195
77 118
32 109
356 238
286 106
349 351
320 220
296 30
398 111
437 137
366 258
71 365
324 87
293 83
253 280
100 57
77 390
265 42
439 53
255 60
299 319
145 64
178 157
362 82
204 16
322 193
141 314
108 260
62 177
65 410
403 392
245 332
422 39
125 123
259 437
406 344
425 59
248 438
306 391
386 87
445 389
26 269
78 289
8 85
288 348
247 238
179 222
152 171
341 422
92 145
169 221
248 155
143 249
347 276
319 17
359 281
4 425
205 233
291 13
31 50
24 60
258 124
86 418
421 353
114 287
380 145
335 259
380 101
348 245
298 206
181 191
421 406
54 256
90 210
6 389
115 398
171 304
57 415
434 288
424 413
299 211
128 29
255 163
439 248
315 80
396 403
379 200
326 180
223 231
0 446
238 95
130 18
18 228
226 191
27 203
401 169
155 26
16 314
153 36
227 9
118 159
253 269
63 402
229 329
164 127
420 12
216 212
97 28
290 153
30 179
324 261
288 126
7 136
143 150
296 240
169 389
207 99
440 74
38 340
346 163
42 294
32 389
211 305
338 214
337 267
17 272
236 396
178 395
278 24
267 355
156 140
280 51
297 226
205 25
264 333
371 286
224 393
317 409
426 398
63 28
267 170
335 189
332 361
3 272
218 269
57 208
119 142
331 23
195 249
155 74
217 216
268 272
261 425
315 162
65 221
273 374
85 234
73 369
161 233
142 316
41 266
169 356
435 281
203 400
434 235
112 48
167 262
298 263
5 329
9 192
119 403
220 437
318 138
317 195
309 189
360 344
94 243
8 95
59 299
62 431
175 289
21 314
249 114
388 401
78 324
336 85
80 287
25 284
117 293
302 101
383 126
248 176
30 37
401 254
227 189
277 67
422 309
182 132
25 439
238 400
217 197
154 256
350 181
83 83
129 81
380 214
286 378
116 416
30 97
168 229
276 209
281 264
426 219
374 12
20 367
399 355
360 115
350 208
173 212
297 427
342 430
90 238
297 282
428 138
144 278
155 281
174 146
236 413
85 391
247 388
439 217
232 332
24 134
330 40
320 343
339 47
368 263
240 68
94 327
272 368
205 63
378 54
148 84
365 86
125 88
391 438
346 93
383 129
335 126
134 323
83 301
387 45
60 173
363 188
375 426
404 113
2 118
90 440
390 425
418 382
135 127
249 14
253 346
52 223
129 264
436 359
261 342
45 154
94 260
416 14
188 225
14 31
391 10
19 157
144 56
275 432
183 125
442 278
343 428
94 232
152 74
106 134
67 178
206 189
209 312
116 203
435 131
183 278
134 85
376 411
236 69
370 9
185 204
77 297
346 198
14 193
38 318
122 371
99 345
161 106
227 200
347 188
18 199
404 11
143 117
175 405
133 76
102 208
325 414
122 108
85 114
341 183
447 29
292 188
272 431
36 425
311 105
398 410
136 323
256 314
122 315
147 319
8 235
299 61
293 119
111 222
436 215
284 244
140 284
33 448
197 411
311 131
137 216
420 116
218 113
268 66
4 137
239 312
294 284
196 391
278 337
393 407
30 76
232 154
150 251
370 434
438 324
214 154
264 189
197 14
208 392
10 133
206 296
248 318
164 169
355 225
242 45
397 442
230 75
397 89
370 144
45 199
214 112
289 316
214 19
32 37
262 341
420 432
353 274
303 130
304 249
412 420
113 6
126 265
54 217
339 364
94 374
24 138
315 267
117 386
27 342
1 430
211 27
214 330
220 275
450 101
34 285
328 307
259 331
364 401
316 385
193 281
342 314
132 16
140 200
47 4
7 317
432 254
32 268
355 354
387 51
80 425
19 374
288 156
391 339
243 257
85 356
407 35
287 151
35 419
154 333
284 307
270 125
321 28
278 156
417 124
265 244
409 295
260 57
416 226
246 93
91 318
149 14
76 147
14 172
399 76
204 88
205 113
425 339
343 260
127 32
65 183
217 421
349 96
313 250
441 448
131 4
147 333
18 264
239 364
415 364
63 411
189 348
174 115
435 353
389 132
168 53
201 293
116 142
244 121
194 0
191 237
18 426
238 73
434 73
247 287
168 247
180 402
55 300
107 161
232 264
176 313
284 13
360 232
41 340
414 2
2 347
37 322
98 200
209 282
334 115
99 173
14 389
68 24
54 212
158 331
294 59
146 108
9 368
229 157
152 321
267 369
186 152
28 56
244 87
428 291
444 36
245 415
240 184
389 135
197 157
14 246
180 159
278 226
225 351
209 144
40 321
123 18
273 389
106 152
320 292
254 87
226 381
450 158
311 414
449 371
234 52
145 219
420 63
428 56
8 43
248 43
150 328
199 398
219 248
256 58
220 390
426 423
203 423
233 353
348 38
51 231
27 330
266 155
404 414
289 28
377 327
27 252
122 112
78 364
257 224
191 217
234 48
428 448
280 274
6 378
322 7
189 293
212 307
390 339
274 342
214 269
88 180
80 245
421 203
258 234
69 413
180 389
243 270
184 426
280 372
243 296
65 287
57 25
423 433
1 209
187 411
369 369
178 387
330 244
129 74
193 60
319 231
336 420
31 331
272 135
164 35
255 390
268 134
207 176
221 355
57 210
123 297
272 238
275 91
285 424
341 229
187 18
165 312
315 130
421 113
418 237
326 219
44 20
237 413
363 23
155 113
185 310
306 418
419 322
21 110
215 12
98 239
442 178
245 8
417 193
337 113
445 45
396 23
249 412
87 336
388 73
212 62
435 206
158 100
54 101
395 333
346 40
90 338
51 254
201 356
384 247
44 160
280 364
287 253
400 178
262 171
338 47
385 402
65 79
208 121
205 52
207 358
22 203
437 120
149 165
263 122
187 255
328 405
20 284
24 22
139 271
300 196
228 235
181 6
330 90
201 118
216 375
287 50
153 21
323 335
400 322
208 176
153 132
106 31
264 58
159 190
285 386
301 73
18 379
244 20
117 107
236 157
137 294
77 76
346 403
264 338
261 151
278 401
90 381
61 256
95 27
218 331
49 94
49 309
241 280
145 373
283 181
73 85
297 76
86 137
63 356
184 47
182 315
131 312
350 358
433 373
118 375
299 77
301 337
83 249
316 433
220 351
223 121
260 161
450 204
182 42
433 207
137 424
85 427
186 250
416 80
49 182
182 24
44 120
122 206
331 41
319 329
348 203
49 333
328 287
384 27
171 176
46 392
244 32
440 40
116 210
102 279
314 175
160 85
272 59
365 112
225 99
131 233
331 449
348 81
3 2
299 27
308 381
70 391
136 28
69 260
398 430
367 193
437 407
39 98
241 273
220 233
54 28
370 282
372 359
269 404
228 285
272 208
382 200
191 398
98 42
85 199
254 119
373 13
322 371
273 319
379 271
75 225
346 271
163 234
166 387
173 81
9 378
69 406
215 421
234 323
296 418
286 27
139 258
253 430
27 190
19 433
75 91
117 434
172 210
6 30
199 180
283 275
417 282
365 123
314 355
239 150
137 387
55 57
99 164
277 95
42 159
62 212
151 160
88 450
326 133
57 411
52 368
350 283
133 450
161 278
312 310
396 401
23 94
334 247
218 145
347 424
87 380
42 377
252 187
63 55
375 202
157 156
108 146
353 259
57 393
340 82
12 312
237 330
290 329
124 288
142 229
159 96
170 395
209 293
273 260
170 293
189 328
371 399
310 19
84 122
362 94
16 388
198 8
371 172
220 412
119 287
92 306
183 105
76 419
380 58
6 140
391 230
30 10
18 262
373 8
249 50
69 379
437 195
259 309
9 60
77 15
355 425
69 196
188 12
388 373
53 210
161 198
290 218
5 39
325 177
394 417
137 438
100 61
126 378
44 244
352 299
256 350
209 344
351 233
185 401
299 126
417 415
46 224
406 240
30 190
86 325
431 130
74 399
30 432
97 218
85 41
55 216
130 433
180 97
355 180
164 8
449 350
315 187
75 395
171 320
90 203
249 94
68 297
98 355
431 296
66 368
301 287
336 24
379 155
251 221
44 270
184 396
154 211
357 258
144 0
281 296
119 349
408 410
380 386
207 399
77 179
399 161
92 187
154 1
348 281
2 239
394 394
106 350
389 317
52 93
318 142
366 226
62 46
9 297
114 390
390 55
412 230
118 23
106 294
84 183
274 325
199 332
413 11
131 154
180 229
83 153
358 189
39 32
440 298
319 425
134 346
26 282
128 17
398 16
350 305
297 7
324 203
445 87
111 224
413 111
90 332
435 93
414 392
321 419
333 113
339 299
361 380
97 415
361 99
216 386
72 372
346 30
170 325
384 110
45 386
266 157
332 106
147 274
282 117
34 289
324 287
207 158
42 114
215 239
118 68
244 182
316 259
308 135
34 372
97 149
75 121
420 312
205 196
133 88
429 292
358 347
100 327
411 424
125 207
262 187
258 155
59 40
395 178
326 184
194 226
181 148
436 213
387 409
259 120
340 441
121 215
111 289
242 0
442 217
316 414
74 70
218 297
218 41
410 148
40 122
156 277
60 38
136 212
356 17
364 221
277 110
108 196
350 88
329 9
299 5
32 23
220 361
236 277
211 434
417 206
156 51
82 222
328 115
155 166
75 277
48 201
450 52
401 175
356 249
350 130
402 443
8 164
433 162
193 255
317 384
171 111
289 243
271 115
316 234
52 26
251 97
400 18
203 433
269 84
149 99
401 153
95 33
439 11
333 364
128 280
330 334
420 300
359 363
49 219
20 128
301 176
408 59
383 180
116 48
23 195
108 2
395 386
111 129
150 306
6 221
68 183
365 255
317 50
289 168
127 423
110 313
48 446
73 322
205 230
263 205
67 157
181 208
352 387
429 172
242 38
275 111
435 391
137 401
367 246
204 40
444 295
95 252
329 104
32 272
226 207
395 338
301 255
254 50
146 166
163 352
270 307
416 50
180 155
133 315
309 275
287 450
116 287
381 179
135 88
50 360
313 126
409 346
299 398
129 277
272 72
49 267
413 283
427 6
331 12
411 191
309 127
291 214
84 88
174 197
432 17
405 391
197 448
164 183
286 139
250 252
394 124
419 130
443 144
373 397
200 89
191 282
2 167
303 255
121 27
306 179
251 220
292 111
209 368
15 109
247 299
405 290
277 447
116 77
151 101
236 98
138 371
432 414
146 298
328 42
256 408
441 132
408 376
106 102
304 398
131 101
205 145
336 260
288 8
209 418
342 128
335 140
15 274
417 327
79 195
168 224
204 344
422 270
301 296
428 416
58 136
234 291
39 331
309 343
139 203
59 410
294 184
89 108
338 352
319 70
422 43
183 31
23 245
123 308
39 343
386 42
335 405
358 114
82 5
420 314
14 93
226 228
155 49
267 287
375 16
378 382
98 333
181 276
217 196
430 31
92 303
88 204
56 40
90 179
419 251
34 19
132 280
389 312
445 132
377 354
96 9
5 337
447 166
394 386
5 227
263 411
450 62
248 13
248 35
218 120
255 270
76 9
126 83
86 339
314 27
215 13
85 102
379 211
246 37
52 274
385 58
396 261
155 390
247 223
374 207
83 55
327 135
183 327
399 104
46 156
14 22
254 241
310 15
307 445
163 275
94 2
173 347
330 66
323 196
372 299
279 202
15 367
252 275
59 424
231 130
396 86
378 28
408 288
318 350
421 133
138 438
216 306
85 145
115 224
73 386
199 279
390 125
159 166
117 438
194 125
253 349
170 139
210 94
138 37
94 48
390 161
134 390
189 157
394 374
43 18
422 123
170 83
234 149
6 312
355 283
255 67
189 349
86 30
194 7
279 240
286 345
8 80
95 415
375 247
93 91
147 180
153 322
92 259
138 348
6 44
431 69
397 323
392 318
332 9
35 150
212 7
415 120
51 77
296 141
182 434
306 325
188 255
159 242
299 193
303 159
116 33
183 369
67 304
16 393
245 352
262 72
359 105
117 336
228 439
446 375
177 110
92 106
0 340
147 408
245 78
1 177
395 253
152 107
188 230
141 416
428 179
43 325
81 379
124 418
56 190
352 16
274 396
145 400
72 213
91 30
133 267
142 218
437 225
20 107
136 402
161 243
412 413
165 348
209 333
280 238
283 200
109 255
191 409
398 418
326 206
116 384
26 76
437 63
342 311
387 54
441 171
372 358
287 100
184 348
342 65
257 300
440 94
161 52
262 398
221 77
337 190
318 274
424 418
350 95
243 83
322 92
99 235
360 436
303 432
384 10
434 168
220 269
247 273
35 326
316 356
78 259
106 199
23 313
328 146
159 196
195 58
424 347
91 182
158 221
246 32
150 23
110 396
192 203
311 417
384 161
115 110
228 167
205 61
65 194
245 281
137 142
123 70
387 387
113 103
169 189
186 198
298 55
400 220
116 297
42 225
14 273
195 271
97 278
28 202
154 205
228 143
386 364
239 437
106 431
201 283
134 260
125 1
414 319
172 53
370 251
103 111
194 343
78 230
361 186
446 262
406 386
69 308
449 390
88 129
328 60
48 79
279 44
72 302
139 302
144 369
228 364
61 0
331 121
27 302
0 433
323 165
124 226
13 448
264 144
33 164
107 289
90 12
171 337
104 49
325 378
107 423
435 144
5 361
362 141
258 332
328 114
380 92
299 62
229 263
307 243
271 362
407 266
352 33
53 3
405 236
356 60
198 176
436 311
445 250
15 310
182 139
158 265
380 241
294 252
329 249
240 149
363 370
424 66
394 252
406 7
288 351
72 448
414 428
440 44
25 11
268 187
110 29
185 158
286 140
280 221
39 374
135 363
75 188
236 333
92 289
159 341
260 257
85 218
366 35
170 0
203 158
390 14
434 132
31 276
318 45
233 110
202 272
106 131
320 358
283 178
99 169
194 135
167 346
142 425
350 75
72 14
43 113
346 17
203 283
36 210
428 369
438 155
324 33
200 448
233 0
442 371
28 96
412 408
438 197
382 172
220 265
208 369
268 412
301 361
331 215
424 372
58 43
252 157
139 417
343 96
87 127
62 426
86 355
260 122
385 320
289 77
258 181
183 336
27 350
262 228
257 385
68 169
57 122
173 375
380 157
102 74
215 316
209 88
381 375
56 39
221 24
405 317
221 118
371 46
174 243
86 93
154 189
69 3
445 195
223 449
185 217
205 201
48 165
163 2
372 389
295 334
370 266
309 113
46 111
287 437
336 249
170 187
393 113
93 380
225 411
264 216
434 41
234 259
130 229
280 362
179 226
346 189
223 133
90 100
122 243
157 239
124 55
36 114
63 77
367 355
214 83
96 133
375 217
131 25
139 201
311 204
131 430
60 11
309 143
65 437
25 162
77 85
284 68
208 350
0 231
82 435
367 400
377 253
321 131
390 282
255 64
443 8
112 432
78 122
292 386
427 224
281 299
341 333
165 251
266 22
74 159
305 310
48 372
348 209
360 108
42 161
302 421
399 450
349 103
17 83
347 308
348 222
127 351
283 48
327 249
18 180
277 106
447 255
407 89
69 110
16 367
414 246
425 169
417 13
344 48
172 139
399 431
157 359
59 304
241 228
248 354
252 404
257 440
34 99
428 259
298 7
388 172
172 58
66 37
8 30
11 225
359 301
214 324
403 214
65 332
243 79
436 242
361 246
28 376
244 189
203 79
144 44
14 137
229 94
231 156
427 294
187 91
79 370
280 167
422 148
195 235
167 298
40 441
28 133
290 264
29 13
67 53
439 69
408 168
420 306
23 267
26 117
264 102
270 278
94 290
449 80
74 250
384 400
13 130
215 296
0 381
394 143
79 315
160 116
11 173
377 379
140 38
241 357
332 268
107 376
415 343
125 423
181 113
285 20
31 189
74 418
209 391
198 384
431 377
141 122
426 1
15 169
226 348
386 59
9 329
410 23
83 198
25 281
448 166
194 400
414 206
234 211
394 299
392 181
221 210
65 156
77 371
215 409
367 4
125 256
15 105
275 233
116 417
114 317
260 84
70 58
367 413
238 313
444 448
39 308
355 384
302 290
279 177
14 46
300 333
75 368
123 448
270 197
337 448
284 208
99 434
115 56
393 338
260 370
449 1
361 335
411 17
74 272
355 424
138 235
359 4
192 52
245 270
196 424
290 167
229 353
271 58
29 297
246 111
239 198
126 383
182 130
393 359
192 145
235 44
78 404
115 217
327 43
272 387
201 28
393 33
426 134
444 267
290 162
80 108
242 139
333 203
187 307
370 4
169 342
167 292
2 371
54 233
260 266
449 342
124 54
328 326
9 440
61 98
211 382
183 421
106 407
404 263
106 202
95 328
132 401
274 321
222 298
226 231
217 89
215 152
436 403
236 141
188 209
337 58
142 418
135 269
20 191
378 307
35 181
138 207
426 280
289 310
46 25
74 417
103 90
365 172
180 307
119 26
8 241
327 233
236 89
393 28
286 58
407 73
117 193
133 373
169 387
390 287
236 45
53 35
177 77
221 89
87 228
86 191
345 238
350 288
38 15
91 174
157 64
245 264
424 249
202 189
19 335
63 128
281 168
57 157
138 194
204 409
204 253
27 151
249 28
312 434
234 32
303 147
176 112
219 65
166 19
39 349
431 418
227 363
422 153
331 193
68 327
87 324
173 59
31 74
354 162
303 64
150 424
383 411
295 185
355 123
379 210
210 24
287 217
206 256
34 102
232 160
78 370
120 213
1 339
178 21
186 254
403 417
326 225
348 201
89 374
343 334
45 83
427 321
388 192
399 274
132 27
109 127
81 433
285 119
409 20
290 371
253 79
161 314
424 317
268 263
380 381
59 152
248 437
362 93
156 444
259 300
441 52
282 332
142 272
236 102
22 347
448 377
180 405
138 385
344 250
132 326
90 212
225 316
325 445
350 37
197 237
26 139
167 160
284 421
434 405
230 98
196 369
172 212
132 161
319 41
403 399
184 108
318 318
53 169
336 412
286 24
67 63
435 408
134 22
17 18
79 41
153 372
292 310
129 237
354 366
301 228
26 262
13 5
387 253
32 57
297 450
199 203
87 318
241 244
306 347
399 16
426 320
364 17
428 261
409 3
76 269
395 9
298 111
75 413
280 149
222 151
408 220
332 306
149 93
60 336
5 20
247 151
259 159
233 389
367 386
307 121
211 179
421 120
65 53
141 261
241 77
394 28
236 230
235 97
321 390
319 55
255 149
267 394
377 303
175 347
11 38
305 413
146 54
280 130
397 394
241 356
353 100
199 293
345 215
71 396
324 101
404 321
427 120
314 317
162 246
446 251
350 178
418 96
174 8
392 442
48 220
11 36
173 372
164 214
431 436
272 308
380 315
397 57
225 416
321 227
155 20
177 435
330 368
345 8
8 135
450 259
294 98
23 62
305 382
446 244
93 98
404 216
330 91
130 103
40 124
308 92
2 100
292 153
61 272
179 152
149 32
56 125
204 206
303 133
412 188
290 276
390 286
50 348
328 206
442 356
63 175
137 3
154 259
271 354
207 29
419 411
140 29
398 177
293 424
413 380
234 315
345 180
164 402
303 45
137 170
229 364
396 248
196 346
296 356
386 300
214 13
328 195
230 283
195 36
165 233
282 367
134 303
136 23
97 440
106 169
315 104
176 394
242 77
367 425
286 124
406 11
186 242
297 351
31 103
290 413
299 444
196 162
16 448
380 439
95 63
239 19
30 243
400 446
349 404
43 400
17 284
325 88
199 320
197 137
204 97
320 92
103 77
447 311
4 172
410 8
30 345
332 181
352 164
288 298
74 194
190 252
223 181
158 420
297 242
267 88
47 165
201 415
246 340
216 420
143 394
31 296
245 374
450 316
247 179
322 226
276 277
370 95
131 93
63 57
44 97
350 198
429 252
254 277
196 271
354 2
284 413
284 295
314 211
213 246
243 99
182 332
65 144
112 170
431 404
398 425
368 10
422 320
162 62
446 105
54 335
242 214
440 203
154 406
392 13
54 113
352 210
35 441
266 430
179 86
387 35
422 83
356 334
98 354
448 385
55 397
211 426
239 230
314 63
334 5
148 424
441 439
187 194
237 97
71 107
422 282
359 221
303 17
208 140
313 423
176 92
354 169
450 409
434 441
285 5
408 47
337 158
146 155
158 391
90 282
304 154
426 354
140 287
87 149
77 173
149 242
436 285
337 333
193 446
70 2
309 302
83 15
352 433
301 3
353 19
42 356
45 120
342 232
74 204
289 249
121 62
16 97
433 56
370 262
80 422
197 70
284 234
63 149
215 104
159 113
129 94
390 426
374 256
116 349
259 332
223 408
366 334
428 379
104 3
289 173
70 97
77 184
9 189
418 171
394 93
206 393
264 381
226 156
280 285
78 74
375 350
80 93
439 138
446 11
398 260
410 20
221 208
166 373
62 150
68 135
387 148
128 437
284 154
277 431
21 321
103 131
151 348
89 347
26 63
406 165
443 446
203 0
415 347
428 399
335 43
258 271
295 341
66 199
26 121
152 327
188 332
414 98
127 167
361 108
76 238
125 381
348 27
348 15
358 421
218 65
396 341
155 344
439 90
263 86
344 132
387 211
251 433
446 19
22 274
345 373
366 310
229 140
187 247
411 340
421 91
94 42
156 184
320 288
254 2
183 254
89 100
283 43
149 111
313 8
86 61
152 318
84 193
133 353
344 308
168 179
171 77
232 416
22 143
408 5
36 86
422 319
247 389
149 37
437 381
378 422
4 189
450 188
344 380
258 227
271 28
259 450
436 181
395 175
390 251
433 353
327 119
64 110
254 399
186 66
387 209
129 20
12 444
52 14
278 276
91 266
225 133
411 297
131 307
214 263
145 261
422 359
281 280
399 91
144 72
365 229
31 363
19 44
424 380
86 361
263 438
232 296
371 24
319 256
364 153
23 207
431 21
58 20
146 439
336 293
422 433
198 132
199 133
201 44
271 48
237 333
413 443
236 311
95 318
142 225
309 82
210 95
189 215
388 93
341 119
358 183
370 333
180 305
274 166
300 297
54 122
291 398
13 136
407 353
205 87
253 363
264 27
157 188
118 273
108 4
386 61
303 217
324 164
61 71
311 212
26 390
238 70
160 357
43 328
349 38
347 6
220 217
28 308
276 198
238 325
377 210
440 385
95 130
286 266
5 200
340 55
128 350
360 43
431 234
203 144
230 137
80 167
179 278
12 273
121 217
272 392
50 156
114 19
310 142
280 283
321 74
426 437
78 52
60 367
272 230
392 28
366 245
422 73
402 250
9 63
375 80
378 255
356 104
424 273
103 86
73 63
159 435
410 379
351 211
78 399
46 294
253 65
177 144
402 197
207 49
332 120
360 55
224 342
68 405
39 123
21 360
195 246
8 214
298 155
385 399
132 209
239 394
159 110
404 357
186 164
50 146
272 320
89 282
120 178
7 321
403 100
68 222
267 92
444 357
163 176
246 109
182 97
194 287
266 405
407 226
75 220
84 334
11 37
101 295
13 199
18 82
336 445
112 185
389 321
358 434
281 429
22 276
276 383
195 366
237 196
117 199
213 15
76 223
143 70
318 416
176 192
22 89
169 44
74 238
24 241
59 219
36 333
75 191
33 409
424 113
49 238
354 55
407 138
190 350
288 307
175 50
84 325
70 138
143 336
236 16
239 27
34 276
179 189
433 318
185 113
27 305
271 380
247 168
206 408
115 80
222 334
242 344
333 373
348 117
340 350
362 33
300 93
175 163
248 238
276 59
151 80
398 414
429 51
166 197
322 172
321 128
221 13
207 223
154 144
365 122
344 223
411 362
20 434
188 157
223 266
367 244
89 105
53 225
414 372
124 147
21 312
325 0
55 201
384 30
212 411
230 19
43 420
279 75
42 346
167 37
393 183
153 301
47 401
127 152
408 337
84 263
436 183
109 382
128 362
18 21
371 392
124 380
224 90
76 44
332 107
254 196
266 326
206 184
408 161
112 239
295 30
204 271
406 206
64 26
2 338
218 349
0 296
21 174
154 435
97 125
366 446
141 34
376 333
220 115
317 98
316 418
328 100
264 56
179 357
52 105
412 0
113 213
315 5
165 140
237 334
263 104
183 64
354 57
80 66
155 306
280 224
100 424
191 390
330 358
7 285
133 365
425 328
430 333
227 246
181 39
425 372
305 61
210 427
210 416
62 218
9 291
247 398
30 291
0 151
72 212
52 148
326 378
128 263
241 89
415 318
376 80
42 123
36 56
33 411
313 133
203 228
224 56
426 311
299 278
137 154
178 264
214 142
434 49
39 132
95 209
133 78
422 70
426 425
258 32
376 91
41 370
248 410
87 430
367 438
324 167
82 376
248 0
82 116
312 142
371 211
210 142
339 236
200 201
345 323
314 39
438 136
248 156
400 117
266 295
142 330
51 366
183 297
159 338
267 156
181 429
399 11
157 133
18 57
67 332
186 21
240 127
277 340
323 381
437 397
320 398
95 425
378 25
16 228
96 207
174 78
251 256
243 260
160 223
366 50
437 450
41 338
146 268
112 62
341 346
73 291
95 440
330 355
448 205
243 196
199 76
0 196
46 301
244 58
117 22
294 442
111 402
101 36
289 261
101 395
49 228
269 181
0 172
194 167
371 152
110 238
286 218
0 395
383 57
123 52
159 405
291 104
202 97
351 171
246 192
327 223
199 109
389 383
111 250
203 425
83 275
92 191
38 97
239 306
338 406
449 210
157 337
272 228
101 97
448 139
311 408
197 84
8 220
142 237
42 405
299 293
286 363
331 447
245 55
109 16
418 5
235 327
171 427
264 69
158 82
280 170
373 195
143 12
291 37
61 366
148 322
438 378
230 288
237 372
319 335
343 379
199 302
371 65
298 385
57 187
340 443
91 210
34 13
222 439
36 150
64 200
415 361
29 225
105 233
261 441
209 112
381 159
102 86
101 264
335 150
219 134
253 214
307 446
94 370
114 434
389 61
363 298
241 297
142 209
351 89
309 413
100 264
391 4
358 364
305 373
27 171
421 429
12 204
75 450
277 409
207 61
136 332
306 313
339 314
393 373
5 446
239 363
300 137
250 371
97 353
150 212
197 217
260 328
414 79
147 436
163 303
449 16
253 6
93 125
129 71
28 266
77 137
123 384
298 77
252 351
242 223
263 294
266 270
437 106
94 34
399 369
115 166
81 99
18 16
379 116
267 101
366 149
284 245
340 139
89 229
275 257
188 354
366 396
329 371
266 403
376 134
148 440
7 196
279 322
79 254
229 400
306 381
305 309
295 265
31 156
173 147
19 195
397 21
395 426
137 228
127 259
16 121
340 219
263 234
150 51
99 42
88 411
119 423
69 305
400 246
432 448
366 195
216 37
383 404
76 146
55 123
211 197
317 297
285 365
282 288
338 319
358 438
426 215
198 59
85 365
43 444
179 137
373 212
230 236
109 233
165 384
184 312
249 347
23 213
138 343
387 41
67 195
290 431
4 95
305 326
258 341
366 342
65 349
442 331
417 136
395 410
188 432
337 8
276 168
348 400
25 177
132 417
243 30
171 0
307 135
385 205
368 130
385 28
160 93
200 322
445 80
39 177
254 203
34 283
346 313
250 8
331 177
89 321
127 144
402 157
317 360
149 81
355 206
185 97
272 271
233 154
370 264
358 342
383 51
423 6
246 284
336 190
127 404
214 167
369 123
350 225
20 105
406 307
110 93
239 140
211 217
86 380
127 210
223 234
348 226
297 171
434 389
68 11
37 262
120 54
164 7
244 3
33 394
67 81
81 441
288 333
258 153
450 210
172 169
157 23
24 440
213 361
49 346
160 160
199 151
202 70
395 197
379 186
235 351
135 422
351 445
9 364
97 139
284 184
221 69
291 384
162 415
310 87
165 114
390 351
323 359
261 395
305 306
315 306
428 54
87 24
219 403
152 115
94 54
324 72
6 59
231 221
98 210
319 277
393 283
431 62
328 442
85 408
368 17
371 307
413 199
203 127
151 75
182 215
97 225
109 246
334 327
337 61
392 254
417 395
42 39
11 62
278 19
67 203
303 176
126 45
167 21
100 202
67 56
422 438
388 249
317 34
175 233
360 85
244 410
165 211
417 58
156 366
197 148
84 43
304 346
104 26
269 34
212 405
358 226
156 228
5 222
340 42
57 193
283 442
272 222
431 174
400 244
174 128
187 318
19 225
158 384
437 288
314 93
155 79
140 295
418 2
407 434
358 120
267 435
381 150
110 170
215 375
102 143
119 322
180 263
437 34
7 145
337 353
273 223
218 218
116 324
3 127
252 173
114 393
228 182
316 317
159 121
3 45
361 333
338 369
267 118
71 344
202 317
283 405
305 174
151 76
267 50
268 11
404 82
347 386
219 297
202 93
55 65
49 141
75 388
99 147
448 353
62 261
293 92
195 411
89 233
150 331
144 211
252 380
19 38
281 225
312 156
91 55
137 81
69 154
98 94
210 273
271 248
256 304
434 144
178 7
101 306
178 153
313 41
140 163
77 242
169 20
184 5
211 108
249 209
396 124
89 219
30 335
262 312
113 96
330 128
431 364
87 44
40 208
238 442
314 371
115 145
81 171
227 268
192 373
160 332
249 406
236 41
213 279
74 148
165 415
277 234
109 300
449 85
155 132
331 348
199 221
115 181
238 153
415 39
442 199
23 56
362 223
436 60
264 31
438 8
378 364
138 241
16 69
165 85
257 449
300 80
141 84
70 21
176 173
428 70
39 244
257 248
92 227
380 448
256 269
168 327
289 31
149 75
35 5
51 92
378 352
9 164
285 423
247 364
18 90
324 427
134 60
387 189
382 186
20 9
58 204
87 298
214 120
111 90
1 418
109 413
127 184
177 105
343 322
65 47
220 353
161 381
206 160
295 413
79 278
213 71
322 200
153 57
68 215
66 393
30 32
287 330
160 408
156 237
221 101
118 42
42 165
78 335
280 316
262 382
19 380
170 369
167 356
375 408
117 329
217 99
273 380
277 29
414 132
412 122
411 25
260 409
162 296
146 216
354 388
312 203
349 298
361 358
135 69
443 186
178 171
343 388
384 12
37 317
196 290
255 383
29 102
449 40
224 283
167 191
174 22
380 378
447 195
206 279
437 62
83 448
194 79
383 296
246 355
261 103
242 244
100 274
21 37
97 203
386 299
259 24
105 26
293 323
217 214
348 292
129 245
367 195
14 388
50 368
322 370
382 123
169 437
82 4
75 50
54 210
329 127
318 441
7 272
80 25
185 169
435 238
171 436
421 218
171 446
81 290
286 89
276 213
91 295
334 384
182 211
329 383
93 348
242 247
362 105
98 73
128 423
108 115
243 136
310 345
166 278
337 143
362 111
27 295
154 408
330 196
297 433
381 445
447 221
395 2
181 11
38 17
371 340
141 431
244 296
132 413
235 143
347 33
248 128
404 231
315 323
1 393
79 129
126 435
393 20
300 5
65 377
66 281
172 173
413 12
217 416
119 365
58 379
55 162
255 144
271 70
413 146
299 338
343 203
218 367
73 428
224 403
157 1
323 257
439 277
182 384
391 112
131 96
201 24
220 213
102 243
163 340
8 16
393 371
110 150
64 246
323 147
213 249
393 63
274 32
306 229
280 342
241 201
261 233
114 260
257 43
401 406
419 107
216 75
102 439
435 251
281 320
54 40
344 277
10 31
422 185
434 316
98 154
188 6
175 226
299 106
115 442
92 430
130 338
188 310
112 353
443 420
382 331
360 177
277 199
91 5
227 204
368 232
332 233
233 349
340 179
434 224
42 362
344 354
211 36
139 324
74 6
324 20
441 271
359 259
70 415
23 242
8 113
252 190
143 379
363 412
442 249
97 114
216 89
35 429
334 382
73 146
172 318
28 318
102 101
380 346
422 273
420 221
432 195
83 331
153 309
2 143
143 79
191 72
201 94
151 183
320 225
253 140
16 379
426 356
338 418
362 358
432 185
248 403
142 195
399 110
344 75
289 288
254 136
383 396
26 257
99 48
177 288
113 170
236 161
272 312
285 33
77 194
117 325
9 12
388 99
116 265
14 314
352 247
170 443
207 287
329 374
17 214
1 40
230 94
288 54
289 140
319 188
119 89
276 201
18 182
345 89
84 2
438 109
385 345
110 405
377 152
252 327
98 280
201 236
370 166
54 234
53 309
190 55
225 255
251 234
205 71
132 170
302 125
408 292
351 166
92 277
299 337
117 80
431 425
113 61
373 392
425 420
389 191
235 30
112 117
427 374
91 206
352 395
305 248
107 390
253 46
110 272
115 411
361 20
31 27
371 426
409 378
137 172
318 249
360 282
277 426
14 316
0 403
151 180
350 153
352 377
251 195
278 200
441 89
224 332
222 28
434 447
391 347
51 164
210 234
358 187
260 383
432 286
103 403
391 214
86 356
445 214
96 392
20 162
212 134
130 261
376 419
337 125
440 335
322 78
114 336
433 371
417 5
203 14
62 151
63 431
166 232
442 72
83 79
135 362
91 371
60 37
76 443
122 374
107 330
130 343
217 36
118 419
333 183
270 309
312 80
317 424
238 77
212 328
358 348
45 4
92 369
375 274
322 298
428 153
198 5
293 52
345 104
313 441
9 339
249 404
8 153
188 204
396 399
163 227
338 238
438 105
397 326
229 269
432 183
275 23
280 437
366 209
56 161
317 338
153 37
271 103
138 269
229 149
438 26
64 83
305 285
310 273
49 5
174 49
356 356
362 25
382 277
54 328
447 366
344 394
388 98
341 95
62 320
177 185
281 420
314 19
332 132
278 304
269 383
217 107
29 239
191 164
83 252
429 381
324 31
206 211
179 46
44 2
311 27
205 207
249 381
250 143
44 8
60 301
360 170
325 108
223 186
421 48
229 401
305 38
362 446
446 112
327 428
147 230
278 39
328 426
203 103
406 355
254 41
276 44
132 4
79 213
84 236
417 323
387 58
158 210
443 392
97 432
256 440
250 213
79 218
354 317
5 61
125 73
318 415
8 244
169 161
439 215
243 263
299 410
348 73
341 67
270 407
343 81
384 197
229 75
385 168
359 218
348 5
59 70
291 143
27 261
367 267
9 125
251 104
409 255
247 320
406 356
240 442
313 156
45 300
63 325
11 237
214 314
364 212
101 324
26 317
32 193
188 18
78 445
10 423
299 196
78 396
109 122
95 156
375 322
215 150
326 237
91 48
325 223
420 254
2 34
424 19
49 70
238 335
120 375
21 435
265 396
118 356
306 332
369 271
83 317
256 402
29 182
272 24
367 293
340 261
338 201
367 162
395 117
149 439
353 142
432 372
214 115
186 6
299 355
99 7
107 281
93 386
402 17
315 422
369 445
263 72
18 332
369 334
23 253
294 35
7 267
225 293
433 405
385 420
351 270
158 162
178 136
143 236
438 410
245 237
390 384
106 69
58 286
115 384
375 232
343 116
135 47
447 426
65 74
283 222
431 322
197 241
321 295
238 0
351 102
58 238
315 374
431 387
349 198
106 275
293 122
440 434
43 412
124 17
364 28
333 194
146 405
450 395
292 397
55 80
64 401
248 12
326 96
191 86
320 19
169 55
136 390
151 58
331 389
395 419
410 329
20 234
406 204
188 172
335 283
333 172
184 385
37 128
271 106
98 95
91 439
103 52
221 113
117 161
295 212
51 19
59 215
169 164
302 446
130 297
150 414
369 184
168 158
423 323
443 249
59 425
311 196
96 376
244 74
58 383
312 306
432 276
142 201
124 399
380 391
265 361
120 191
270 219
50 391
358 424
416 5
327 342
262 18
82 19
385 184
334 386
83 157
179 28
376 273
58 272
299 234
117 173
195 9
383 332
429 185
181 133
110 46
153 23
293 167
237 290
363 357
361 291
55 31
256 76
442 149
42 177
336 75
72 85
180 309
272 93
383 199
422 46
173 336
226 54
392 202
442 101
141 359
327 84
76 423
181 322
301 166
309 229
113 272
298 329
291 6
112 20
256 221
262 315
332 428
52 285
277 437
186 34
288 407
280 23
162 117
385 104
154 438
149 66
355 50
228 412
40 0
309 311
265 376
226 100
433 132
377 121
310 215
50 135
172 314
221 274
254 296
129 207
249 119
441 299
238 362
133 379
178 254
403 403
73 371
439 343
353 312
173 43
176 282
398 381
20 389
355 281
397 172
233 241
230 141
409 38
276 81
378 430
332 59
348 152
335 352
335 204
10 171
394 438
151 41
348 331
311 306
251 157
112 237
219 66
405 192
4 214
212 168
7 276
116 354
226 190
299 94
115 231
369 150
375 330
352 115
106 12
217 268
110 137
307 218
93 363
434 251
121 82
91 135
203 244
159 65
125 315
17 208
40 379
212 185
331 353
50 60
354 126
234 352
243 1
392 217
282 90
54 200
345 95
245 73
342 26
138 67
74 49
236 176
377 251
92 13
376 174
288 193
357 162
189 426
85 346
352 5
112 201
95 138
132 98
436 431
98 334
307 1
1 307
148 15
348 258
409 440
170 225
434 24
327 124
129 124
184 38
330 177
405 202
131 213
98 109
44 89
283 358
226 445
56 128
277 413
61 118
261 197
227 375
163 392
198 411
355 346
312 339
297 415
361 423
147 8
107 324
136 61
429 205
295 325
423 16
259 153
245 393
172 98
215 48
151 396
418 17
122 434
222 95
323 439
320 20
208 283
32 281
71 35
125 391
386 322
363 379
53 92
188 29
244 118
164 290
226 420
390 310
315 328
193 270
19 419
356 152
138 403
345 446
342 270
183 40
366 395
154 214
205 93
412 375
260 183
368 349
37 304
86 73
247 91
222 203
170 36
104 166
3 154
227 12
214 73
249 348
284 262
139 105
444 288
135 164
436 288
23 147
57 412
407 186
277 292
417 74
53 343
114 147
412 438
393 376
434 98
19 156
114 247
264 109
235 224
9 351
321 232
392 220
211 163
102 123
430 12
357 130
351 426
292 115
5 136
309 284
364 103
119 138
60 360
429 287
375 168
98 192
340 117
354 293
426 431
195 44
149 414
21 83
149 407
193 116
39 190
156 123
422 35
28 447
438 247
403 118
310 367
46 210
349 157
203 302
141 357
119 280
75 266
347 284
48 419
369 75
12 126
36 273
356 274
84 339
216 211
269 108
5 162
227 295
165 449
396 32
175 12
187 240
4 360
169 22
380 271
151 120
279 416
6 369
444 156
104 262
174 348
235 118
280 69
84 397
419 120
190 438
265 272
334 35
47 82
53 439
372 137
336 270
161 80
324 227
187 309
232 297
157 208
161 146
250 39
117 15
393 89
185 430
232 362
149 275
121 170
288 55
436 332
282 320
387 391
83 259
68 78
107 353
138 196
116 29
430 392
268 284
15 128
149 323
89 410
127 131
329 314
334 83
171 83
274 234
50 63
420 71
338 383
94 285
44 207
181 294
180 66
96 186
256 299
305 268
264 165
149 169
449 235
357 448
72 88
389 396
34 197
236 111
436 375
276 61
169 405
16 124
9 321
353 371
220 61
377 129
199 12
420 156
286 384
209 360
197 82
12 227
174 421
171 199
319 271
29 58
313 224
11 398
311 242
96 359
240 320
206 88
311 67
6 35
307 334
12 153
254 132
419 224
96 351
316 290
204 131
289 14
26 347
308 130
50 13
331 20
180 157
195 203
61 377
243 169
437 179
59 278
415 12
365 6
410 37
206 19
193 393
402 366
53 281
307 196
382 129
180 260
342 449
10 411
257 115
257 123
140 170
389 6
361 396
326 179
125 35
344 38
421 73
204 49
127 191
366 338
35 384
123 183
130 179
100 412
280 43
201 63
449 54
189 40
114 132
36 447
371 73
365 392
154 431
259 417
275 22
320 286
119 334
406 199
192 124
299 352
54 216
33 389
294 47
438 254
91 293
141 414
23 218
392 231
381 162
431 106
204 100
50 373
375 424
197 106
86 408
346 359
211 140
301 446
395 103
171 1
183 363
370 25
373 336
86 366
280 276
295 351
414 411
45 382
44 308
150 108
366 117
345 65
412 430
14 88
409 349
305 14
92 422
430 282
439 315
288 213
334 51
302 94
142 77
395 433
56 150
118 104
397 204
151 87
325 199
331 31
39 162
393 331
166 402
37 445
416 412
206 60
323 423
73 310
89 247
303 299
56 305
190 397
312 293
189 245
14 342
417 150
305 245
79 317
333 96
115 240
163 134
412 268
253 200
325 70
204 134
374 408
358 32
219 232
431 392
318 193
132 207
80 144
168 120
56 177
273 120
433 218
340 277
165 21
141 129
362 285
104 317
82 151
123 221
158 361
39 3
218 231
163 162
132 438
311 31
432 313
356 68
126 339
307 268
18 442
9 196
290 107
126 234
108 183
326 142
135 309
6 292
404 78
65 374
357 274
74 286
290 420
187 333
292 237
157 194
61 373
446 30
174 165
70 111
349 20
207 164
289 147
129 304
43 91
258 396
234 70
392 306
229 109
7 52
352 267
278 442
115 149
383 302
165 267
80 406
292 327
77 140
296 358
368 67
337 129
179 113
327 405
217 412
304 355
22 357
401 108
301 339
72 49
184 213
367 331
338 375
243 398
303 286
99 37
70 261
220 304
300 393
175 256
399 301
223 362
87 151
423 227
130 72
362 336
263 345
137 293
239 212
182 89
255 23
40 388
162 131
224 160
150 210
222 54
408 166
337 299
328 343
396 240
304 123
182 235
428 414
186 336
300 120
231 87
117 44
217 419
59 203
135 412
412 224
72 179
123 237
176 91
127 386
154 192
186 218
430 435
347 35
315 157
367 361
338 61
261 315
410 118
188 442
115 33
279 162
247 101
46 195
67 207
231 222
137 125
97 331
347 183
152 2
93 334
183 130
345 107
360 203
422 219
342 381
230 113
0 93
238 364
209 343
439 74
162 177
255 255
128 432
118 4
314 4
275 10
318 57
176 408
70 349
247 122
326 28
396 329
146 100
355 236
286 431
162 232
217 86
303 375
83 393
9 117
81 386
296 391
436 442
33 447
106 247
312 180
196 435
40 222
310 41
12 366
6 367
44 32
74 436
48 59
396 377
202 211
21 439
374 149
39 142
361 330
151 156
186 30
130 356
438 267
256 383
318 64
425 250
408 184
395 414
121 261
126 55
289 413
368 402
5 340
206 162
289 301
127 320
323 122
176 11
19 130
56 96
306 154
125 79
29 38
204 242
159 315
355 272
177 325
298 391
248 340
272 109
408 186
306 12
218 47
108 218
326 94
422 409
383 423
434 422
265 10
385 199
324 361
39 151
286 155
363 33
204 183
373 103
33 93
426 94
111 256
428 388
444 219
61 290
20 349
194 146
58 217
247 264
147 196
60 233
126 243
4 244
401 187
209 338
254 404
21 374
36 131
437 304
409 25
10 208
25 277
195 24
360 356
234 33
268 0
202 181
377 140
76 293
251 22
119 381
4 352
391 80
76 367
71 264
64 305
246 297
157 425
280 101
190 370
12 391
311 254
371 186
242 384
34 412
408 142
99 14
348 174
22 123
248 247
382 76
301 170
348 181
115 174
5 440
441 51
148 220
396 331
47 346
6 129
377 134
402 203
170 97
130 164
230 221
271 79
422 316
42 74
413 54
68 346
182 27
450 189
304 20
222 193
162 243
228 158
370 127
117 159
287 3
273 128
417 225
224 51
140 251
237 348
72 13
76 0
207 247
211 68
98 447
327 368
101 422
428 6
367 235
301 188
94 323
82 347
365 236
285 325
157 152
364 293
232 109
353 264
336 448
159 128
338 87
304 1
142 402
371 410
38 286
340 320
25 366
173 206
109 241
37 234
113 256
185 364
14 402
353 357
212 66
173 175
341 96
288 163
128 379
399 26
288 127
145 447
390 126
401 280
290 254
202 250
110 202
52 17
408 342
364 302
384 31
402 124
423 215
355 355
373 377
183 272
430 1
8 216
330 342
68 360
103 104
409 172
192 382
275 69
97 194
308 53
256 75
45 181
286 179
408 275
340 37
171 157
294 69
413 373
319 207
405 179
91 4
77 120
391 106
369 256
89 32
393 392
24 21
136 433
323 412
356 97
254 420
364 357
268 31
377 437
32 96
386 409
73 327
142 2
306 189
254 439
113 162
135 237
253 38
91 235
214 135
122 63
350 142
240 357
190 287
366 411
65 401
345 59
307 201
145 122
170 362
78 353
257 284
313 103
285 292
189 384
23 404
146 145
102 312
419 118
198 142
348 261
333 29
94 442
419 170
252 372
133 382
380 36
57 273
214 437
60 253
115 271
37 320
110 250
201 354
41 428
139 290
205 387
90 333
115 180
406 49
120 389
313 449
338 0
29 255
278 192
123 288
434 353
249 293
368 139
53 94
130 49
343 1
240 358
277 435
311 74
62 91
3 321
362 331
40 111
113 376
226 81
216 298
192 33
219 201
33 90
323 357
8 103
435 178
374 314
83 47
365 385
32 48
5 438
160 385
87 94
450 233
114 354
16 209
271 331
81 23
113 348
55 4
130 226
296 82
54 332
12 163
20 372
244 72
159 72
81 385
172 103
438 326
315 111
107 136
175 292
280 320
319 371
47 104
402 145
305 106
35 10
340 147
89 389
365 92
317 222
428 438
158 364
435 292
415 295
30 205
184 210
430 243
369 351
220 49
0 271
68 368
388 222
275 384
407 309
338 262
71 218
209 424
309 241
220 246
44 285
85 284
359 404
426 252
185 101
372 251
403 427
345 43
379 448
269 366
354 103
49 419
307 151
147 179
289 176
159 320
432 176
86 101
268 255
63 73
73 446
20 328
128 57
61 301
315 427
316 297
448 376
195 39
14 64
403 6
302 29
4 363
337 260
425 304
405 285
123 385
203 378
325 374
253 129
257 7
385 81
435 11
13 418
297 326
51 322
73 94
192 312
64 206
94 276
123 434
64 30
325 26
442 302
365 267
79 43
274 236
201 432
154 315
22 240
149 76
10 284
414 301
66 214
333 60
241 416
348 126
132 312
9 341
328 244
381 295
75 38
188 48
247 371
373 334
43 371
34 305
427 28
207 253
250 312
5 380
29 24
359 147
260 330
287 374
271 256
178 382
271 155
247 239
83 439
42 88
16 164
307 224
80 11
338 129
293 42
424 373
210 388
228 257
327 306
386 230
237 392
372 331
270 258
9 152
174 166
350 171
287 159
263 270
45 78
377 292
187 355
200 404
2 168
281 329
412 412
353 157
46 347
164 403
89 365
143 27
342 285
319 182
429 414
127 394
305 221
333 350
104 205
46 444
398 83
361 348
142 228
143 404
329 157
265 108
331 6
395 130
290 379
333 21
210 408
424 320
240 360
342 169
432 224
317 420
174 286
83 429
100 258
207 6
185 287
237 58
300 261
144 231
413 177
335 108
384 280
157 44
446 74
155 254
351 228
448 278
53 168
333 78
288 283
312 37
78 173
313 324
318 300
111 216
183 34
37 123
248 450
314 50
44 175
354 122
231 44
412 241
284 131
150 354
52 261
54 136
431 441
170 288
392 112
122 96
440 242
70 358
98 206
265 297
215 271
159 402
221 191
407 174
398 85
252 334
381 106
213 187
236 37
357 119
332 300
387 86
289 193
341 424
137 60
291 2
162 19
103 61
416 64
278 394
337 157
223 26
145 130
378 418
97 419
114 364
251 3
293 102
285 169
191 177
423 102
326 371
354 14
411 338
447 270
9 244
2 4
44 384
416 197
208 149
187 224
390 446
435 321
52 111
363 126
420 143
209 235
167 214
40 342
129 42
403 371
160 271
349 424
334 336
136 364
29 394
129 306
229 199
393 328
228 351
36 236
331 176
380 281
182 356
350 106
247 433
447 337
104 413
293 296
137 301
343 404
54 58
65 31
352 289
276 150
17 140
194 398
111 433
83 325
166 279
373 248
240 81
343 256
92 391
132 1
403 8
369 127
241 73
31 75
296 88
49 192
296 400
147 202
434 372
291 153
37 100
394 274
81 317
166 131
206 411
443 206
120 48
217 279
149 328
23 300
316 42
322 44
0 298
259 7
258 77
319 46
366 90
231 375
243 37
356 379
375 120
260 369
0 43
295 256
32 201
298 230
268 443
103 350
88 181
53 37
229 20
394 62
125 402
162 356
299 159
226 138
213 152
199 88
175 124
234 227
80 430
64 247
159 22
365 124
278 127
14 311
51 178
18 435
422 378
431 142
279 296
391 255
116 357
437 306
283 338
93 369
107 408
419 71
439 342
372 52
91 129
311 122
52 248
134 226
6 33
187 304
446 367
98 81
330 216
37 274
408 200
204 335
136 351
104 333
46 409
198 124
93 354
241 214
359 331
113 209
227 194
78 347
172 253
259 427
234 367
73 17
270 180
397 166
77 86
155 97
327 211
150 392
118 1
281 397
337 144
298 38
278 29
354 301
233 295
217 173
445 350
15 36
93 177
29 64
310 359
8 35
331 332
59 119
288 349
155 85
201 113
128 380
343 112
328 113
184 185
363 55
367 91
270 282
17 17
314 379
428 95
248 165
144 340
317 443
16 284
193 156
350 401
289 111
413 147
431 162
430 308
42 51
328 350
273 287
307 427
354 145
407 374
345 306
38 417
321 367
370 59
428 411
39 103
415 432
157 280
404 329
157 203
372 78
209 178
292 340
34 259
23 328
191 45
299 263
213 122
217 319
133 143
111 116
19 158
431 100
447 351
270 324
315 38
155 411
41 450
254 206
50 163
242 251
10 16
172 321
188 93
443 25
316 363
442 335
291 56
60 127
308 113
352 38
85 353
187 279
27 326
386 185
430 193
284 291
6 311
405 116
93 166
65 67
253 243
342 140
315 120
31 89
224 103
249 437
187 435
40 310
384 135
183 328
368 388
181 438
365 30
421 374
264 172
426 313
58 340
229 42
145 35
164 319
303 298
409 145
43 347
2 294
94 417
132 418
61 200
405 89
254 124
40 172
360 370
149 156
266 80
229 106
238 288
84 225
167 30
99 183
32 306
70 60
182 446
157 322
267 167
175 398
22 263
218 412
386 365
160 275
368 448
5 207
373 96
3 204
423 415
242 9
319 212
239 409
6 384
340 405
210 8
65 222
252 26
323 19
89 0
214 230
411 249
199 50
357 60
93 450
210 204
161 2
97 110
423 90
104 183
40 425
198 167
76 67
326 97
1 200
159 210
394 91
219 84
434 321
331 73
261 124
135 423
75 406
136 281
101 77
53 1
316 26
428 445
12 87
348 370
353 333
179 138
335 422
447 141
443 359
314 179
27 12
326 236
175 379
137 289
385 404
237 281
368 152
315 364
440 406
423 79
307 370
153 383
222 140
229 175
199 30
370 274
283 386
340 314
72 177
353 69
141 155
241 6
368 42
228 23
440 333
426 373
334 419
97 220
2 263
76 332
450 304
173 217
235 77
294 7
63 247
40 60
429 253
445 437
165 11
67 221
367 83
153 431
272 290
261 257
279 113
400 289
85 383
366 177
267 203
136 83
46 269
78 310
306 121
214 155
175 230
29 114
318 125
256 9
350 314
335 120
383 311
112 22
416 65
239 238
92 179
100 20
108 425
111 409
340 152
181 256
400 358
354 109
18 291
426 416
59 226
309 52
180 202
41 59
6 413
108 12
428 357
313 321
143 178
138 95
176 434
179 24
156 385
239 165
49 120
87 83
391 55
27 349
53 255
220 399
111 235
107 434
270 433
275 7
112 63
58 268
101 289
357 271
384 361
220 431
335 439
125 341
429 138
409 10
331 283
448 356
234 10
242 116
307 83
25 445
131 269
27 266
350 167
99 206
413 226
349 419
112 195
0 380
350 15
270 332
354 76
229 180
37 341
100 120
307 292
158 96
189 344
436 22
316 120
9 95
353 378
379 295
33 152
297 151
203 286
166 1
68 256
445 169
302 310
204 195
432 364
301 212
358 132
180 103
414 10
282 18
162 385
395 134
323 321
416 192
257 304
408 260
198 92
174 267
444 205
318 116
352 124
352 371
106 94
417 383
123 133
142 403
261 182
164 264
363 15
90 442
262 380
205 426
350 397
3 339
268 424
95 161
391 163
292 167
101 55
398 178
287 184
296 282
304 179
187 110
25 150
423 63
277 120
412 393
146 345
196 313
4 171
104 313
243 307
100 263
336 358
377 98
419 67
199 77
233 165
278 199
159 144
405 159
176 185
106 448
117 98
188 299
239 6
269 387
445 173
212 442
394 71
270 392
232 143
320 392
44 50
176 439
216 227
173 315
64 307
60 362
291 128
258 176
165 430
18 80
127 41
30 371
53 199
296 114
330 339
400 162
412 267
182 102
261 22
444 144
58 341
217 366
85 298
97 251
253 398
211 246
193 234
123 77
8 56
8 265
165 135
331 80
359 369
11 300
124 105
139 125
213 438
18 43
381 284
59 124
41 248
125 298
388 420
415 404
51 216
65 58
265 243
250 420
194 27
380 182
223 409
253 224
112 90
381 81
118 101
306 148
284 100
353 225
123 146
45 348
216 370
46 197
142 137
278 244
179 422
4 47
195 14
77 429
111 325
316 274
435 419
242 184
162 376
29 237
86 187
323 63
161 392
174 155
163 178
57 224
194 377
133 338
259 90
264 288
78 302
393 290
350 298
405 333
140 81
77 31
274 4
100 54
235 96
193 26
56 164
393 176
61 135
305 205
424 104
432 13
230 240
65 336
52 188
410 184
318 148
91 76
255 380
218 344
15 44
327 64
213 30
103 65
105 169
55 181
2 78
274 60
442 132
196 392
331 426
97 35
176 251
403 354
65 361
257 69
448 390
230 153
96 426
326 269
179 101
161 315
121 359
317 82
115 212
435 240
364 196
41 3
305 296
363 162
294 217
369 336
308 71
93 115
267 206
192 89
328 79
134 354
20 261
235 421
346 66
5 70
51 299
243 181
48 423
115 414
362 364
398 351
99 120
325 375
95 84
381 213
235 376
427 406
39 104
25 36
249 43
170 263
230 258
159 407
224 265
121 135
397 44
243 231
69 148
112 340
95 278
21 129
359 152
42 197
243 386
259 377
447 237
324 391
86 359
326 280
396 356
93 38
113 317
78 448
124 216
75 196
180 385
81 88
416 322
217 316
328 296
259 93
340 65
262 85
317 285
50 298
224 108
310 281
70 163
251 111
426 209
248 330
50 448
101 265
390 17
304 290
343 243
370 441
176 204
286 7
187 160
56 402
129 448
228 312
110 125
263 256
412 415
449 82
395 190
222 224
246 323
379 3
261 186
118 252
373 251
206 115
415 58
143 60
360 63
218 411
218 270
404 107
217 390
323 142
24 189
325 317
176 377
415 390
41 351
148 145
141 201
235 266
268 201
229 418
66 175
251 323
85 19
411 372
19 377
259 176
52 277
6 323
204 42
16 71
20 41
268 267
298 121
118 92
64 339
164 191
81 443
154 80
49 135
278 286
186 349
436 193
402 8
166 181
350 425
339 68
225 30
383 301
404 323
44 13
13 323
170 428
248 154
236 222
305 95
429 237
184 413
58 316
236 292
332 252
101 253
130 73
111 441
386 178
377 384
250 178
359 200
423 133
125 87
321 37
134 238
162 11
312 115
382 227
167 421
272 314
165 132
256 426
341 233
122 163
209 87
428 381
138 173
182 267
363 174
132 216
43 396
34 410
260 337
260 368
71 135
74 249
151 381
136 38
251 141
87 406
204 353
176 223
352 450
154 105
107 386
139 351
106 103
386 340
23 343
75 16
167 230
431 204
385 174
243 444
105 283
227 392
260 213
147 311
259 200
205 44
201 440
35 192
150 242
4 161
258 432
200 438
44 345
311 157
27 37
292 415
287 331
144 76
392 114
33 119
127 48
329 411
285 310
274 377
96 188
102 111
285 253
93 344
92 246
163 355
344 299
380 115
86 173
65 161
235 259
141 323
370 201
182 96
283 163
113 68
410 173
104 447
294 183
393 182
381 6
400 372
61 235
406 36
66 392
58 138
321 17
23 272
154 357
44 191
293 241
82 358
293 267
424 300
88 433
72 92
362 41
102 235
57 355
218 24
325 316
423 314
150 63
396 132
448 265
3 216
350 433
330 289
366 164
404 120
273 50
292 53
181 366
255 93
256 51
398 44
188 96
106 221
364 432
302 170
169 305
77 239
433 360
165 278
363 232
108 132
201 232
379 88
345 85
101 354
386 392
225 404
379 431
23 103
76 72
398 129
193 358
197 335
179 227
41 341
440 330
426 142
415 290
372 169
28 57
242 67
132 172
250 413
103 199
214 418
387 11
443 266
254 72
90 214
3 39
286 186
24 114
15 214
273 98
236 394
34 132
144 153
361 98
260 439
122 178
214 295
320 79
69 425
52 308
402 85
248 206
402 421
403 157
136 263
374 353
433 39
116 331
235 397
363 335
266 388
133 59
216 176
304 88
431 74
176 55
65 159
281 298
89 188
254 161
410 382
154 160
279 163
35 193
339 435
141 312
398 174
201 419
104 414
137 165
264 409
16 77
334 260
156 58
298 18
227 107
43 342
441 198
133 34
218 304
165 8
42 375
322 333
259 141
155 18
159 27
434 30
450 8
53 339
102 253
404 359
67 365
69 71
378 192
268 436
286 246
142 386
226 176
313 176
155 263
293 191
241 186
278 65
105 309
17 429
42 378
233 239
105 17
198 265
58 441
23 382
269 21
155 327
439 247
40 211
351 66
154 130
448 0
332 244
112 156
80 391
377 72
167 425
213 306
287 123
219 359
378 296
393 396
370 146
413 206
240 196
35 320
239 277
154 84
267 346
48 295
127 369
281 109
290 0
101 140
257 67
173 184
386 47
228 102
411 18
135 235
113 332
242 164
107 39
407 385
357 143
167 221
225 357
116 65
166 351
262 227
73 390
81 256
270 386
136 439
163 402
273 305
197 205
206 325
224 421
266 350
185 397
296 27
239 242
395 336
401 253
130 326
286 87
5 79
321 285
410 54
182 283
125 242
184 367
322 357
188 1
335 247
177 118
16 220
230 369
32 229
271 283
56 445
377 144
370 308
223 372
262 61
156 20
40 376
120 408
169 157
161 371
414 422
92 257
165 15
440 64
48 357
170 170
206 299
401 239
40 7
408 185
304 41
234 25
323 135
418 122
252 447
274 173
310 386
40 174
18 83
36 71
272 84
13 44
230 120
307 301
141 418
435 121
28 370
372 430
166 393
430 272
301 159
125 208
280 416
339 323
275 282
347 241
49 385
162 0
109 76
232 217
399 141
125 37
275 194
144 98
137 104
48 34
282 44
100 426
180 110
55 202
243 319
183 321
92 151
200 287
356 368
131 293
420 341
422 367
261 261
71 247
204 301
384 390
79 233
341 330
368 129
369 122
110 357
165 393
34 224
53 267
104 216
136 293
110 449
262 71
26 319
227 186
328 186
354 320
335 386
357 381
325 416
315 41
47 345
342 9
29 276
245 247
426 64
156 305
363 227
168 85
330 152
68 448
205 158
234 29
288 142
224 286
450 12
432 283
111 184
168 431
103 129
235 81
106 60
139 361
397 52
390 52
81 349
365 321
26 405
228 46
316 192
391 320
81 34
389 53
213 214
41 270
399 140
112 180
193 396
55 168
301 4
402 248
84 80
390 252
184 48
206 150
32 97
194 224
305 156
118 122
313 314
252 365
325 246
403 247
111 345
108 138
396 415
368 370
393 8
147 398
228 419
306 275
30 379
435 94
139 142
64 386
229 375
347 259
313 137
450 288
86 17
390 68
273 196
81 149
238 441
309 157
337 305
46 440
160 366
259 378
155 429
43 17
221 435
298 308
210 259
407 195
64 35
116 398
311 113
311 260
275 185
210 126
433 228
187 31
211 232
410 167
119 49
356 373
383 450
332 174
394 179
58 450
28 192
402 230
363 90
199 75
34 65
344 370
412 334
387 260
225 238
265 127
246 46
357 343
50 258
346 141
180 370
28 247
268 88
243 396
196 447
202 129
148 211
7 346
137 226
62 283
181 320
336 240
160 165
260 113
138 179
439 230
227 340
216 82
144 244
106 444
441 211
390 320
338 364
395 206
94 272
361 426
14 6
66 13
58 200
356 66
64 152
61 213
128 312
344 431
32 359
207 181
223 157
286 429
441 53
55 377
419 185
33 297
418 24
112 36
161 330
327 285
1 78
107 263
281 216
232 438
204 308
144 314
416 218
330 219
252 201
422 350
421 102
303 427
105 450
405 256
54 3
345 208
147 322
292 258
241 23
61 253
377 206
38 368
282 307
244 391
196 377
163 70
418 278
172 266
426 163
61 357
37 162
198 200
378 397
2 17
210 356
351 335
339 224
356 296
353 373
393 340
206 341
180 244
346 80
246 412
121 358
80 379
89 134
114 52
310 357
21 211
281 227
405 310
129 347
96 411
109 133
258 440
202 319
63 306
84 172
319 189
23 444
71 425
253 433
46 20
167 15
347 65
131 131
172 306
407 127
199 106
377 187
418 54
164 157
155 302
141 144
352 308
176 266
176 53
225 334
113 83
401 174
17 386
158 198
302 445
28 103
83 263
24 6
281 226
309 141
114 399
340 376
39 324
233 308
208 295
184 97
159 129
23 378
430 74
167 23
330 324
78 268
136 39
445 38
365 8
56 145
116 409
284 149
314 69
13 321
263 213
223 198
195 388
0 435
377 26
355 154
0 374
98 252
14 350
201 405
28 114
114 24
35 315
400 213
6 431
331 131
226 285
79 183
450 173
230 4
76 203
212 156
22 144
164 36
145 402
39 65
390 376
209 332
395 164
241 174
77 282
437 267
280 244
419 221
52 54
324 78
305 431
440 313
20 139
40 288
252 19
434 68
359 153
12 277
434 411
300 200
313 367
334 176
319 162
294 443
20 445
306 437
318 418
63 25
44 246
63 19
300 215
144 427
224 447
215 249
2 415
201 98
320 359
288 60
269 394
60 229
176 449
437 316
442 361
206 201
316 138
197 228
340 340
64 356
305 430
270 137
229 166
317 389
280 16
393 82
448 336
298 260
314 54
278 362
53 115
134 245
447 74
192 97
339 87
414 277
332 146
207 122
123 309
107 348
232 133
353 27
189 195
17 269
310 173
429 196
204 189
32 297
273 129
38 249
350 399
257 397
182 41
198 269
294 117
269 443
32 309
81 195
191 90
358 57
63 26
394 364
378 74
412 275
320 364
353 85
443 237
264 265
148 449
67 380
29 435
174 66
12 296
267 49
385 121
200 123
253 37
208 332
336 418
192 354
9 155
352 410
303 287
271 228
103 304
74 336
148 153
408 237
407 15
398 113
274 322
23 423
257 82
438 157
251 188
381 220
180 51
434 212
267 66
312 87
271 193
89 161
443 284
195 143
37 78
415 119
155 310
377 413
91 184
214 185
313 145
337 139
199 312
224 373
47 416
329 289
117 268
124 254
266 24
80 183
385 187
263 85
323 199
433 252
108 278
359 76
11 137
316 48
76 251
127 57
105 65
369 4
434 420
307 449
353 148
248 384
249 247
252 104
193 355
118 435
56 232
123 97
438 182
69 278
278 76
234 97
26 10
303 71
196 145
137 275
444 87
168 105
269 244
406 77
270 423
178 3
449 193
406 320
110 224
89 362
431 125
44 231
242 299
238 256
5 402
326 395
161 332
389 8
130 330
62 108
142 6
176 170
54 173
292 232
269 72
102 112
186 213
382 37
344 54
217 347
429 118
380 177
234 185
352 401
7 100
242 151
362 64
370 390
350 166
293 15
149 80
351 406
53 203
58 222
317 341
383 114
111 313
300 372
155 106
435 138
209 236
57 257
363 180
162 154
74 342
121 377
381 265
385 52
221 181
411 318
331 134
246 227
66 267
153 380
25 90
69 257
114 426
9 195
240 317
116 392
323 139
23 432
271 22
143 187
285 282
134 8
77 61
26 186
194 144
402 115
436 387
56 216
132 437
263 233
238 63
275 75
10 2
276 94
52 88
449 187
268 411
262 97
277 256
127 179
329 414
192 15
410 122
18 55
364 136
244 108
20 374
96 408
279 26
52 201
86 310
397 230
423 167
124 170
184 88
346 191
423 246
122 338
448 164
90 109
329 213
233 272
36 33
403 296
212 259
152 161
39 50
12 285
427 325
211 293
328 254
14 102
303 4
444 449
78 17
364 201
177 322
346 97
268 377
1 269
16 139
402 410
376 159
217 66
297 31
154 296
25 123
147 443
176 283
231 311
14 290
154 224
288 158
209 205
246 403
236 83
321 432
70 23
183 380
347 191
232 396
391 190
35 335
195 85
362 312
145 237
367 76
62 203
60 344
421 207
429 243
391 232
355 435
171 229
389 258
371 443
10 279
405 74
93 74
47 149
127 381
14 148
275 134
4 257
378 344
133 3
70 402
143 159
1 203
41 307
268 245
163 193
215 62
55 431
7 407
269 354
131 447
443 273
184 155
439 346
80 132
199 271
175 432
295 387
118 150
421 159
86 432
34 316
53 375
224 311
362 107
79 65
383 269
149 231
100 311
344 371
275 376
74 361
363 277
49 323
50 98
329 74
314 404
430 151
44 218
273 102
25 189
369 11
445 217
212 271
132 357
158 358
182 415
241 50
346 24
336 212
334 435
169 392
273 73
116 93
360 369
112 113
231 259
290 321
109 391
419 323
418 248
380 356
194 362
427 250
290 151
222 424
147 197
136 173
277 233
86 46
364 413
179 215
373 45
424 178
10 364
105 272
22 4
110 261
137 255
287 157
105 189
106 188
105 430
17 147
243 173
159 164
127 264
235 321
8 41
21 408
165 245
243 248
91 115
348 445
412 233
201 325
80 257
384 160
344 111
299 124
220 315
365 120
404 199
102 178
242 11
322 45
351 252
434 124
104 264
281 255
219 421
319 29
214 318
411 245
232 280
29 168
392 343
229 142
416 446
27 32
7 143
358 390
167 280
269 42
71 199
128 161
64 36
356 186
149 187
171 30
101 95
12 23
28 249
354 254
218 78
51 6
219 269
236 446
248 289
212 369
110 222
435 318
384 154
79 131
223 370
261 387
245 203
46 154
111 215
326 241
418 57
321 281
368 326
385 162
323 323
157 14
285 298
439 410
321 284
257 208
219 390
107 399
391 310
219 230
66 302
59 14
85 213
171 116
118 341
66 359
27 27
294 329
404 267
367 67
59 96
182 360
91 50
329 448
369 212
102 202
89 51
334 427
174 441
423 49
220 363
263 8
348 70
301 381
395 30
167 114
260 154
226 307
304 317
304 157
65 73
207 374
26 17
27 447
70 284
197 278
329 272
266 276
17 205
182 253
360 416
65 245
65 145
244 83
309 122
397 70
280 421
308 131
261 290
234 35
228 116
195 421
205 227
189 389
206 331
338 77
422 74
386 377
12 138
385 46
242 123
425 187
108 333
390 379
153 115
195 229
299 268
201 57
348 214
366 97
289 331
0 193
313 351
159 11
233 338
130 216
98 319
436 438
120 450
347 107
24 144
259 402
228 293
186 2
224 190
178 35
383 99
268 108
315 412
394 36
71 3
412 369
356 118
60 61
42 109
275 401
290 94
96 259
305 352
233 188
281 114
198 40
260 315
129 115
106 66
54 369
168 25
158 403
322 265
69 83
153 279
443 40
390 394
66 60
56 106
236 121
234 144
276 364
341 393
143 281
71 417
448 141
309 426
88 37
83 218
447 155
87 78
32 440
196 375
413 108
428 120
11 81
8 202
361 263
253 410
258 178
389 58
70 147
271 10
301 95
390 255
104 415
305 282
376 282
308 446
437 118
358 175
429 262
64 40
75 427
330 370
300 352
240 409
11 79
316 214
297 257
438 175
67 87
362 355
311 75
9 170
140 191
382 222
388 43
413 230
25 153
450 298
119 152
8 431
116 81
118 29
51 400
186 157
245 336
210 445
128 204
239 133
276 369
13 35
103 150
162 299
180 333
161 305
241 449
61 188
179 298
16 131
204 227
72 327
301 92
282 76
139 418
373 308
175 267
233 67
38 71
444 324
26 119
123 305
96 34
366 312
90 103
421 234
192 279
436 24
30 119
212 350
222 411
135 424
416 87
80 241
152 233
7 274
8 76
168 310
116 247
40 197
150 268
412 384
244 112
311 385
294 45
387 349
179 34
362 276
189 393
359 206
416 234
369 373
109 39
325 438
202 392
253 171
428 305
348 390
336 201
262 410
146 399
144 433
162 140
193 226
423 37
336 213
231 216
4 45
83 209
274 101
99 264
283 377
362 196
32 356
283 403
192 182
185 81
281 219
286 293
341 84
209 56
347 373
393 318
45 408
112 129
282 146
213 399
396 158
137 167
102 21
24 370
442 318
317 104
308 78
119 268
80 315
268 425
440 237
156 49
216 199
2 377
271 211
349 311
263 299
302 391
434 360
76 157
357 332
360 360
421 403
355 264
34 270
206 116
445 115
92 273
199 9
102 120
427 313
382 243
270 99
194 31
140 270
278 416
262 411
51 259
206 2
337 94
425 268
35 188
173 102
216 250
184 253
412 87
447 114
60 158
397 106
207 81
351 141
225 349
11 346
437 126
239 346
297 354
314 298
137 436
284 99
54 311
135 141
404 71
76 92
147 2
242 243
24 257
376 257
255 22
315 416
225 294
292 174
307 397
55 383
393 317
306 137
329 126
418 246
77 299
235 399
399 214
169 133
37 125
87 368
432 427
161 414
218 348
192 345
378 87
276 300
179 48
31 410
125 28
164 301
251 15
369 148
118 194
120 308
100 303
292 305
358 355
429 314
277 344
366 128
385 202
113 345
318 174
222 275
290 134
170 309
405 265
395 97
324 242
142 385
172 28
91 28
127 343
215 118
154 324
53 17
29 6
92 216
327 192
92 92
275 423
120 150
62 126
290 346
146 57
232 421
64 368
266 228
431 189
178 283
162 421
203 412
3 56
358 388
208 246
350 244
133 214
353 46
304 126
262 142
233 158
21 386
52 363
207 100
154 243
244 23
337 387
92 410
421 174
233 244
143 314
143 206
28 105
232 398
234 189
401 425
193 152
39 36
260 101
57 207
256 377
448 238
86 175
67 41
249 271
213 263
320 153
274 223
354 448
139 15
105 292
406 224
440 310
97 91
181 281
299 123
114 292
128 78
239 331
281 35
357 217
267 305
184 305
95 246
303 154
407 345
198 436
144 350
115 367
123 407
3 147
124 422
116 405
15 94
66 43
389 318
108 394
159 432
259 237
69 49
337 287
240 397
192 301
115 28
355 196
149 389
400 143
331 397
275 260
46 365
149 159
346 124
201 166
198 370
418 375
324 66
325 307
319 419
439 381
445 201
436 251
36 227
205 88
140 173
186 216
139 46
80 421
385 124
6 364
425 325
135 352
128 365
405 162
47 34
168 377
314 249
76 165
173 85
37 155
340 125
150 390
82 330
433 276
368 412
427 410
58 273
263 114
202 428
361 253
219 238
423 118
268 251
116 298
434 2
326 317
345 224
208 312
425 194
30 326
168 385
6 386
273 444
143 146
54 38
221 81
13 27
38 48
169 213
40 202
342 412
130 301
169 297
311 245
168 421
183 146
242 58
365 346
381 76
291 72
309 365
228 379
255 195
181 350
110 325
359 409
174 435
284 315
200 160
430 360
436 148
33 4
24 423
410 164
321 59
255 276
298 126
319 420
27 227
78 214
43 173
163 34
450 102
342 35
415 275
127 245
158 325
269 93
58 233
267 192
87 98
119 269
309 326
181 371
235 114
381 369
412 133
324 389
25 208
188 193
329 45
358 447
105 442
33 26
54 268
364 404
310 329
415 2
265 259
226 281
284 213
272 362
175 80
311 330
113 148
238 226
234 231
85 316
50 425
437 408
188 398
18 88
73 132
260 150
174 27
420 322
148 18
116 43
249 65
268 305
4 236
246 151
11 318
312 33
252 20
1 319
380 208
252 331
423 30
84 348
125 150
179 53
335 242
291 200
323 346
70 280
104 218
380 27
113 53
147 119
409 1
107 74
278 149
223 348
97 307
13 90
253 217
148 34
78 325
249 360
308 5
83 299
32 249
94 156
402 96
191 368
92 304
196 72
379 423
344 364
119 352
443 424
264 415
379 67
334 253
172 18
118 75
68 107
10 65
87 168
276 351
94 211
12 365
259 70
292 449
63 46
108 369
201 148
161 76
64 154
115 17
107 16
282 255
437 79
170 287
408 51
388 14
17 118
6 67
26 107
134 229
65 359
138 219
332 89
234 393
88 361
319 349
408 377
320 94
192 247
414 366
155 4
47 2
435 8
414 450
441 246
32 85
179 237
444 256
400 181
252 370
210 380
390 207
407 396
37 364
45 106
152 378
44 179
278 295
41 272
22 318
430 236
431 351
99 271
417 269
162 202
354 404
99 16
344 366
361 418
302 376
77 287
183 153
294 43
19 91
106 366
123 218
241 328
397 33
262 449
26 28
323 389
90 277
339 52
51 440
222 296
408 105
275 292
360 250
358 327
252 69
60 308
32 67
94 59
450 258
15 308
407 75
335 396
314 106
316 109
368 151
449 374
434 10
123 351
378 78
400 420
183 233
295 262
109 97
34 373
5 275
324 82
293 189
59 12
16 78
373 289
229 276
66 273
32 11
283 13
425 36
354 215
313 196
150 433
185 109
354 10
237 322
312 380
67 140
95 281
147 299
169 413
401 449
227 441
62 288
203 319
84 120
75 282
53 109
206 125
331 336
139 393
68 326
163 204
221 352
57 255
41 367
412 105
186 108
154 171
112 150
6 279
362 219
408 213
370 0
361 405
34 362
449 375
30 78
427 174
322 255
73 114
387 215
300 113
225 204
415 405
310 424
349 173
116 74
391 328
36 222
353 141
55 161
227 88
394 297
128 314
441 351
322 156
180 308
24 380
364 240
119 212
351 127
304 106
12 40
251 425
334 205
445 127
373 355
2 296
433 281
73 280
268 42
329 175
179 397
391 68
231 83
343 128
219 157
338 42
401 68
60 157
24 35
189 29
114 316
191 216
328 261
383 444
371 213
402 245
167 51
332 246
123 71
288 425
355 26
141 87
428 15
314 37
211 86
297 420
123 432
82 225
367 394
99 156
358 1
265 88
41 383
353 322
70 84
115 27
269 301
312 59
235 384
123 335
317 273
150 73
273 124
69 277
105 392
351 440
325 216
442 123
262 417
159 213
295 38
180 101
205 268
433 46
326 173
28 248
36 386
347 73
132 267
113 70
444 118
3 65
192 221
431 88
279 3
85 374
18 343
436 389
449 213
5 364
369 252
27 301
237 310
146 241
207 197
93 40
423 224
70 158
238 143
340 366
437 264
57 370
44 185
110 319
4 193
387 62
141 168
382 241
218 251
338 108
75 355
248 307
25 5
9 284
177 310
187 232
4 431
39 10
157 196
68 5
320 310
205 70
233 411
272 64
127 136
282 167
264 138
46 359
123 358
339 82
196 403
52 331
150 387
186 201
118 365
235 23
185 426
390 348
316 377
1 70
61 27
97 311
243 281
40 20
436 144
69 341
95 95
375 277
266 318
299 227
136 150
445 233
68 369
117 424
208 12
361 182
348 416
395 415
116 394
417 223
97 236
101 409
175 391
48 206
29 159
438 77
156 404
211 233
181 445
54 100
362 72
8 57
244 195
353 302
333 300
388 448
321 384
79 225
25 109
139 247
376 74
325 44
137 181
87 107
275 85
237 297
94 84
223 201
119 363
164 53
213 227
335 31
123 90
201 185
29 89
217 323
435 447
38 176
225 309
421 20
11 404
121 421
64 443
102 134
360 235
390 181
185 374
407 301
207 263
422 131
263 22
214 254
251 285
129 45
211 364
266 273
174 187
255 341
426 153
153 304
371 381
390 268
266 71
8 291
84 12
41 42
447 272
119 141
448 155
447 61
162 196
34 260
220 48
229 280
227 101
219 147
19 217
242 423
421 230
5 415
56 301
16 295
112 358
208 444
287 255
143 109
6 88
182 427
413 74
286 340
369 97
51 130
289 449
71 296
108 253
39 385
230 431
345 415
377 385
237 20
214 348
184 266
247 260
348 185
59 434
96 143
276 441
215 404
222 240
105 23
311 220
412 437
249 111
159 442
296 56
20 326
118 64
312 255
325 25
331 322
411 288
201 190
131 321
373 253
6 357
73 127
33 28
296 208
328 384
270 190
169 169
271 209
33 236
298 49
45 379
386 105
93 400
182 435
25 275
82 107
273 282
268 247
147 75
231 364
348 45
376 186
160 218
398 380
189 48
281 345
260 338
207 23
223 149
11 222
154 12
215 38
153 87
370 76
204 389
156 205
290 122
362 267
41 316
41 174
137 265
387 136
114 21
321 183
84 374
97 79
313 293
172 89
20 288
431 232
334 280
176 35
294 285
36 369
82 423
16 175
123 110
61 425
291 156
34 388
52 126
35 207
430 351
68 424
326 328
273 216
219 153
368 163
117 267
100 230
365 110
8 217
37 181
299 347
80 228
31 201
401 124
173 113
443 60
166 313
41 223
155 364
46 316
43 157
346 341
88 119
242 195
183 320
102 422
270 234
0 153
176 398
294 96
28 372
125 92
16 327
349 341
158 19
224 149
372 1
280 381
178 411
30 407
419 18
50 55
311 93
276 14
99 141
76 373
96 12
425 305
378 408
404 404
60 36
159 106
384 208
56 378
364 445
421 114
248 215
380 71
271 87
338 194
78 398
214 25
208 72
421 149
325 78
184 297
197 358
273 80
237 361
114 262
293 104
121 136
409 17
188 438
326 165
6 426
360 326
308 322
68 283
258 75
304 204
204 145
51 303
30 34
424 49
190 148
239 345
120 176
213 293
219 442
425 446
156 72
132 412
342 91
441 85
194 299
370 103
240 337
403 237
230 107
450 44
92 120
381 96
67 344
313 306
281 3
217 379
223 34
197 360
172 232
217 309
438 332
7 86
129 391
158 70
16 258
373 153
134 375
355 145
144 141
192 61
133 161
113 341
206 253
379 180
274 307
94 275
161 178
199 124
41 132
175 372
409 77
382 1
450 381
310 399
180 372
151 309
391 276
317 335
334 302
136 76
358 334
296 115
23 392
42 69
335 342
97 226
357 58
321 372
137 254
272 105
170 4
26 141
408 233
316 330
178 40
450 394
86 258
122 262
149 87
10 153
6 102
184 216
377 355
178 162
441 31
286 243
22 191
93 79
291 25
293 156
255 1
313 370
174 227
13 247
4 36
11 450
222 56
140 417
388 111
327 330
63 169
253 192
423 297
104 230
56 299
396 120
99 236
247 400
386 204
257 240
45 126
207 187
347 47
47 130
125 133
268 381
115 36
353 9
248 96
201 343
426 227
361 139
99 399
368 25
49 186
248 94
356 372
352 373
48 319
64 126
196 9
261 135
276 255
173 4
215 228
3 183
350 350
294 100
411 257
276 346
342 32
165 264
73 111
108 70
3 26
215 84
170 42
52 13
223 13
59 18
103 69
366 71
253 166
95 389
157 115
171 265
83 366
427 328
175 157
73 441
178 131
335 255
47 41
28 15
86 252
316 303
25 412
216 245
85 282
233 289
12 171
178 45
312 74
252 134
66 75
285 2
65 131
133 424
6 291
132 406
206 101
102 158
135 99
341 52
341 314
386 147
113 252
334 14
361 387
343 381
100 413
245 20
300 139
421 168
90 353
8 437
424 71
191 374
147 291
117 188
319 399
306 431
371 352
368 408
433 143
179 55
361 266
442 389
143 19
85 187
148 286
398 402
429 180
154 222
56 270
439 15
152 100
259 132
407 0
415 173
146 248
368 212
356 302
232 257
265 190
440 71
306 135
76 340
5 261
178 111
416 277
193 444
368 256
375 358
14 249
97 380
61 364
431 262
259 189
135 159
373 407
192 273
243 363
192 223
39 333
162 263
98 345
373 117
134 325
171 22
77 407
153 341
305 116
335 136
232 150
192 86
147 429
156 273
200 136
217 246
333 62
365 21
437 124
321 357
288 228
421 304
153 157
157 232
289 55
285 61
367 419
3 245
409 436
205 324
300 152
235 270
428 268
21 212
273 70
286 277
95 402
65 248
7 163
60 250
22 87
436 52
153 360
155 439
135 393
324 211
207 152
7 63
148 183
155 193
173 194
128 272
15 271
252 428
221 112
308 420
292 296
345 388
108 326
149 229
201 386
346 284
145 347
64 42
5 256
289 351
104 383
40 405
398 4
258 254
104 351
226 154
96 112
276 33
16 126
330 254
79 55
119 208
13 434
442 50
147 328
44 314
305 333
442 289
429 91
204 125
29 143
101 338
407 55
24 47
375 349
159 1
233 251
446 126
230 341
179 319
78 138
227 205
281 156
127 285
267 115
153 211
415 321
73 76
135 114
349 28
287 209
23 72
110 359
289 121
183 240
318 53
96 14
349 248
290 261
9 425
210 413
216 343
387 383
25 246
428 165
427 94
208 374
173 313
313 149
439 22
353 376
220 161
105 214
172 194
363 355
300 412
381 168
156 295
394 267
414 24
172 295
298 185
367 295
450 43
168 42
337 412
289 16
11 412
171 33
394 308
440 141
364 175
1 57
390 296
80 235
44 280
107 34
367 344
201 49
437 295
272 194
198 175
177 145
347 208
64 98
266 317
383 121
39 68
385 426
394 307
392 277
45 107
193 199
139 405
83 339
261 85
23 309
3 119
373 35
99 341
257 346
57 410
70 134
191 322
322 71
227 341
142 391
265 90
284 376
56 371
311 76
174 45
192 158
336 53
293 342
66 276
148 58
60 399
103 241
225 21
234 223
386 278
398 248
227 148
283 435
149 164
426 336
104 188
356 304
76 387
410 340
122 368
422 314
365 400
91 93
211 175
162 347
316 194
168 308
183 213
447 170
15 10
286 132
448 213
350 29
122 248
212 159
435 300
415 141
133 37
113 66
68 139
385 80
209 51
215 44
444 426
174 411
47 441
148 117
445 212
189 415
329 292
139 385
253 184
294 258
175 52
393 426
32 364
207 126
17 416
238 61
48 18
356 443
87 220
197 323
126 392
301 297
446 407
63 200
365 31
35 40
74 344
385 48
234 93
117 251
309 282
339 239
369 384
84 295
240 319
34 300
292 442
173 285
219 62
204 204
189 201
276 385
437 443
441 70
303 331
156 178
263 301
97 355
222 252
440 429
352 369
341 417
376 50
437 157
284 296
29 60
246 172
445 72
99 283
372 387
159 69
296 245
44 227
16 243
231 440
197 188
393 419
16 198
257 231
145 353
180 322
441 379
199 318
326 172
387 440
378 303
313 11
409 184
165 174
443 108
158 387
359 413
64 331
64 7
402 189
95 25
159 23
208 32
391 411
203 21
442 17
158 98
287 91
313 161
304 415
0 165
450 116
168 107
240 247
280 181
79 357
201 215
437 377
19 431
19 203
434 66
313 183
432 181
297 405
269 311
224 399
310 275
409 33
414 329
46 173
260 201
272 180
418 73
201 302
61 130
215 109
68 108
99 133
307 208
283 231
436 12
61 387
387 196
275 408
123 303
166 400
338 415
161 368
1 328
345 138
68 60
292 316
375 1
347 11
124 256
107 27
159 16
62 356
181 216
160 337
212 4
374 443
438 132
38 133
412 120
382 188
329 99
289 186
169 375
379 328
197 16
164 238
367 209
81 243
427 245
208 438
103 399
310 103
441 296
145 54
403 222
389 129
0 0
143 140
394 437
285 250
112 122
33 296
77 210
73 131
253 339
261 16
169 281
276 154
53 144
334 68
64 105
206 290
89 265
227 196
411 105
421 213
26 344
405 182
13 210
158 27
2 298
233 92
90 161
49 61
164 168
56 407
47 395
247 351
83 239
112 204
82 137
245 16
138 402
310 321
14 321
82 170
90 363
53 344
95 77
135 174
61 225
268 36
64 226
84 271
183 307
402 388
124 350
109 230
144 130
421 342
305 93
211 344
404 417
298 407
75 25
155 5
45 33
208 54
118 204
90 148
272 57
337 234
171 214
432 87
220 168
346 430
347 348
176 392
235 445
300 367
121 385
8 163
310 21
218 84
340 436
381 348
113 164
172 234
33 428
307 265
36 35
158 43
157 9
176 195
40 177
402 385
268 2
49 112
307 254
130 249
250 17
389 4
408 430
53 319
209 280
8 286
337 344
65 71
281 372
143 66
244 131
370 347
366 92
112 376
61 129
416 21
428 55
326 435
93 254
238 86
330 261
300 144
4 150
184 100
370 198
334 198
96 154
27 226
68 303
279 412
412 332
154 35
278 430
358 204
118 83
178 348
249 304
330 314
176 342
233 341
204 228
187 56
184 99
46 94
208 22
82 306
400 82
236 260
362 68
275 317
127 274
266 381
355 308
396 174
351 94
442 28
254 210
240 14
193 105
404 271
72 144
180 196
71 159
112 291
80 223
325 33
303 23
352 208
339 209
300 134
281 313
115 7
69 332
352 85
449 317
98 231
230 379
234 287
170 206
171 358
203 268
36 328
90 229
329 0
4 100
380 237
64 310
227 65
148 68
150 261
114 133
251 167
262 322
379 280
76 115
306 192
33 181
4 46
105 66
342 28
105 297
26 341
269 68
277 382
70 417
384 214
196 172
61 107
404 256
33 122
127 379
285 291
241 412
164 351
287 176
386 189
215 253
427 249
40 386
344 131
99 315
220 267
413 409
319 274
92 117
73 48
402 217
151 440
101 164
199 262
435 73
282 311
200 96
109 85
87 338
196 8
381 210
367 313
87 161
366 0
134 329
267 292
326 428
112 1
420 174
201 174
397 156
211 263
434 165
119 37
439 415
385 444
312 366
11 405
48 96
390 87
215 197
343 245
432 288
278 120
11 24
415 5
299 28
329 24
58 213
166 18
104 302
11 296
339 313
217 307
224 262
204 36
171 431
108 265
4 416
7 228
26 13
429 330
447 15
406 413
43 249
400 48
3 202
63 13
182 197
123 197
93 418
168 62
397 422
351 115
68 82
99 416
246 254
89 28
228 363
226 244
352 411
149 149
225 161
306 399
154 354
267 244
285 28
224 402
366 26
193 337
237 214
23 167
138 361
304 395
339 249
108 211
152 353
92 258
309 242
87 93
147 10
183 112
208 448
253 439
221 340
167 7
433 380
1 143
439 141
326 286
202 37
32 28
149 178
264 201
1 110
268 196
29 247
77 220
172 336
55 347
309 438
287 186
41 256
416 94
189 18
359 284
438 261
82 157
289 200
314 194
411 434
293 387
334 396
317 189
149 419
169 401
152 373
45 223
217 257
446 271
224 434
375 100
417 122
288 424
46 426
90 123
129 35
450 444
106 429
116 334
198 435
142 405
412 180
317 192
362 367
127 2
14 353
6 335
382 120
302 259
441 441
128 371
145 445
146 253
207 221
145 48
148 327
152 93
196 302
214 430
262 281
293 178
377 48
211 260
179 371
135 251
51 287
221 244
111 171
97 127
405 171
34 297
294 372
38 251
266 339
38 99
159 122
37 391
317 137
321 169
20 210
362 156
70 42
179 350
342 443
374 59
293 278
427 222
222 141
143 4
3 162
183 241
411 218
93 274
75 219
303 320
220 396
191 320
360 238
348 37
13 25
111 374
433 348
364 340
351 253
247 318
183 147
124 313
168 263
55 53
60 218
308 438
91 409
72 279
444 177
110 87
415 417
69 268
423 285
370 224
38 192
34 172
426 169
435 359
85 447
335 310
208 62
175 387
427 59
446 373
7 437
228 328
425 357
82 369
260 173
66 343
240 289
258 87
58 192
295 216
71 121
164 404
442 221
347 305
330 4
122 281
249 391
422 135
380 197
268 174
207 355
409 97
331 183
377 5
392 333
255 212
312 100
60 356
304 70
406 426
224 167
99 104
103 310
291 295
321 416
310 435
181 291
4 276
197 52
242 248
138 3
224 414
238 383
201 326
85 28
387 179
156 212
360 351
215 32
283 122
433 148
307 147
382 296
175 251
23 375
136 318
399 217
373 331
400 315
414 270
126 345
306 14
420 90
53 226
129 15
337 341
92 384
52 11
343 347
201 318
12 54
134 246
299 248
401 90
163 264
134 386
84 176
218 248
339 107
72 305
324 393
449 395
353 377
379 387
226 149
79 119
196 324
100 94
273 338
174 161
166 84
281 59
254 37
246 234
174 138
224 223
115 237
25 382
376 328
181 444
415 396
267 358
39 115
173 228
257 381
222 384
435 193
440 445
427 211
188 431
339 231
279 383
373 100
34 427
219 89
400 109
165 77
403 444
315 164
243 122
8 435
207 160
87 262
30 447
136 0
425 312
17 265
8 72
151 55
318 119
224 123
166 342
2 365
378 162
57 347
142 80
166 176
330 310
220 178
174 255
31 423
448 290
406 197
333 259
388 166
394 169
54 156
209 233
178 50
303 410
311 165
271 313
137 25
206 213
79 6
355 33
215 371
55 438
170 46
408 404
180 0
131 18
219 71
364 381
66 170
98 38
325 387
31 442
339 366
314 275
29 153
66 300
245 278
254 131
193 276
334 79
446 401
70 250
440 56
150 52
334 407
308 108
1 152
187 316
356 423
392 160
356 45
37 99
234 255
125 321
168 167
290 116
52 289
30 259
284 18
156 251
200 402
277 220
278 346
296 219
325 151
437 439
439 335
17 16
130 79
180 276
235 423
160 404
16 44
430 340
139 97
46 108
417 208
376 287
43 126
415 283
224 184
147 184
389 408
405 3
367 33
37 229
321 236
267 449
60 261
100 267
257 156
109 152
249 60
161 336
68 357
205 4
85 151
419 248
127 134
0 303
70 307
234 6
323 9
82 327
132 392
121 282
328 57
415 360
154 239
136 320
219 26
166 275
117 67
229 79
100 69
375 66
84 167
431 68
417 158
353 45
377 198
92 271
398 309
202 398
48 365
230 264
169 14
185 9
341 184
125 6
397 16
220 444
96 330
232 385
12 96
293 437
385 236
415 287
382 378
335 443
266 333
185 307
65 30
141 0
152 422
309 216
91 327
341 441
394 376
45 194
133 19
415 329
57 338
335 432
205 139
393 122
295 434
422 119
153 442
293 385
395 379
179 271
63 326
223 331
134 137
99 209
377 351
206 82
371 386
228 245
404 182
37 411
330 134
177 88
100 145
194 252
221 36
425 12
86 111
71 114
410 71
284 4
286 210
346 14
19 48
54 386
412 397
224 331
84 324
102 124
409 308
68 260
277 78
241 92
195 72
246 190
174 62
375 175
138 382
389 96
128 392
283 194
249 414
84 95
251 263
62 351
146 447
363 43
264 21
376 391
44 290
146 130
253 332
281 428
218 372
261 184
73 155
291 215
292 373
150 332
274 427
42 52
168 444
371 144
110 274
49 203
435 260
312 65
400 233
146 37
337 383
93 127
81 134
390 122
13 400
248 309
220 47
218 151
166 121
78 22
328 235
418 332
202 99
335 215
259 201
112 23
410 437
179 61
302 397
112 51
252 355
77 75
298 330
240 418
55 81
207 274
234 205
215 433
103 291
310 294
99 221
353 399
232 5
310 118
187 363
170 63
398 105
57 362
140 213
416 54
176 403
193 449
189 233
364 393
109 185
185 98
353 97
37 226
370 340
10 86
293 246
405 322
71 145
121 36
105 280
414 19
79 227
194 57
269 133
381 241
182 214
207 107
62 67
136 97
318 262
80 147
401 315
390 246
274 421
104 297
205 252
126 414
439 368
439 71
55 277
23 46
142 196
444 60
272 28
374 199
22 9
178 56
85 208
83 192
374 322
210 261
289 160
409 314
97 263
83 213
366 304
398 48
15 58
83 1
77 232
363 21
83 96
243 389
122 420
326 210
230 437
57 62
344 200
40 132
30 7
146 249
94 369
389 115
142 82
350 124
146 3
413 267
218 67
88 435
352 294
11 327
68 340
47 273
423 384
412 2
97 365
167 232
292 401
98 292
180 269
117 341
207 32
90 138
171 192
68 350
4 365
270 360
104 354
347 359
151 321
340 104
132 237
207 30
124 430
336 263
280 12
234 446
320 419
232 348
367 237
53 113
83 280
432 169
313 6
255 33
227 339
106 167
449 102
414 238
358 94
179 406
120 399
154 56
185 371
51 55
87 312
33 373
19 214
181 122
444 435
97 221
131 444
127 89
308 253
260 193
409 439
134 142
367 219
358 337
247 70
316 242
0 295
209 384
153 300
115 109
3 223
4 362
90 430
136 204
139 168
345 403
348 54
361 415
50 317
346 44
284 337
286 364
266 219
320 407
363 256
41 181
130 424
180 45
302 295
174 432
99 255
239 431
265 360
64 378
87 417
100 52
213 116
207 245
194 382
100 329
252 141
232 300
122 20
3 228
53 314
40 302
125 95
50 169
243 118
167 371
293 26
2 83
49 111
154 2
421 344
186 138
182 450
182 355
369 266
261 399
162 355
382 308
270 300
324 313
282 51
127 209
365 260
72 319
379 310
69 423
118 278
162 238
166 103
176 117
387 259
80 213
422 136
372 444
146 407
245 184
430 162
377 409
114 31
94 89
161 361
408 196
274 29
128 111
32 132
39 220
395 372
12 125
339 53
13 277
227 193
169 159
258 201
239 379
164 32
243 89
324 181
393 140
120 70
19 43
262 64
72 421
412 121
294 191
92 186
156 386
234 41
83 261
413 196
203 431
414 212
412 108
70 416
216 180
360 5
361 211
430 161
138 279
231 166
373 64
314 107
305 219
88 440
345 174
223 32
175 349
272 113
98 399
97 152
153 201
429 224
47 99
90 105
103 144
307 82
175 333
360 24
292 408
142 278
392 224
188 121
341 149
400 85
187 343
421 144
289 225
301 436
137 363
369 371
51 308
3 13
207 211
27 136
151 39
351 163
231 367
367 363
433 238
311 36
388 34
42 345
228 275
296 362
447 50
274 97
256 285
347 250
3 270
240 421
39 345
170 74
274 103
135 371
350 13
405 262
74 377
443 109
111 407
281 66
42 127
167 235
99 344
334 365
403 47
132 9
67 422
100 158
183 171
23 73
109 120
61 193
303 324
95 194
397 443
260 18
229 62
409 84
100 201
356 387
426 267
86 304
306 384
352 392
289 341
318 270
406 67
291 328
409 140
39 400
136 58
164 186
217 284
313 436
409 351
61 174
297 408
315 65
104 315
137 138
300 271
367 276
132 423
68 258
139 83
371 440
184 10
416 142
403 179
91 333
74 275
33 398
299 35
227 385
295 144
60 432
55 382
341 116
199 339
122 109
316 135
2 177
75 422
437 278
358 255
44 213
39 429
439 13
170 197
254 106
98 268
384 248
64 33
224 195
403 394
203 410
79 107
227 432
36 306
212 384
266 30
330 39
259 140
35 278
377 109
154 248
135 247
124 46
145 194
266 357
414 264
383 1
407 145
217 208
304 300
359 70
390 69
346 188
201 84
165 133
353 382
255 16
34 49
123 226
396 10
29 373
91 273
197 449
109 102
178 340
334 12
241 409
65 185
419 200
410 229
119 283
91 92
323 49
77 443
9 340
105 220
149 254
172 362
346 293
368 77
379 304
250 85
76 95
420 336
133 350
340 54
298 319
166 30
56 126
36 288
52 134
433 242
65 430
128 76
266 443
153 59
393 285
441 403
128 130
31 82
147 370
171 418
272 20
406 234
263 115
185 4
348 272
240 301
413 286
30 391
130 281
210 103
443 250
282 59
8 242
391 374
421 410
50 283
187 243
132 431
234 215
336 46
35 393
293 253
437 69
157 129
261 440
80 277
193 443
218 238
160 265
108 291
398 440
105 7
431 316
65 329
364 193
445 294
235 247
38 137
61 61
261 437
83 402
46 434
106 401
284 0
442 146
117 77
363 185
24 320
79 299
166 392
244 413
122 48
166 16
5 81
49 163
45 111
349 19
385 49
246 259
339 126
0 352
370 10
94 299
373 348
65 267
129 299
96 217
367 40
168 372
68 387
395 124
450 174
223 326
168 203
311 14
312 353
408 129
315 286
302 155
189 299
373 10
369 142
440 324
399 413
175 16
184 26
83 322
101 9
132 30
365 296
212 212
279 196
154 262
240 413
260 410
19 365
174 332
302 399
144 363
423 119
6 265
110 443
181 328
219 428
343 280
211 386
406 38
218 128
166 61
420 368
12 98
206 246
69 40
160 3
216 293
342 299
254 417
31 80
294 158
374 196
438 252
198 382
347 59
165 353
234 51
379 46
398 303
43 162
44 201
302 189
15 17
411 358
9 222
278 75
145 134
258 282
442 316
250 235
366 369
155 39
263 41
145 406
388 289
242 110
266 444
297 28
440 164
224 279
70 12
392 61
293 405
295 122
420 361
240 91
72 19
325 260
393 114
209 354
349 201
254 103
122 75
215 260
120 277
319 324
24 182
6 208
228 366
209 339
61 443
104 411
211 443
355 328
236 151
441 357
195 283
269 346
192 38
313 230
271 76
40 91
135 415
35 48
76 336
194 302
403 353
310 73
121 263
437 398
253 2
276 111
130 437
383 264
86 159
344 162
161 388
36 1
59 337
236 228
167 419
10 26
100 444
303 201
202 203
443 343
437 55
226 349
366 397
423 54
17 346
65 321
42 320
260 273
50 328
379 317
365 391
180 166
118 114
159 335
134 64
365 131
240 48
204 22
279 1
16 302
202 400
211 158
186 429
164 395
225 253
421 71
317 280
234 340
51 236
115 209
373 232
360 91
354 374
68 306
394 213
419 62
116 201
126 128
417 203
4 409
117 204
405 109
291 355
257 419
306 339
334 37
295 166
425 137
12 76
417 247
320 56
350 19
70 287
46 134
231 46
219 312
432 107
202 369
262 378
108 324
136 403
44 409
345 410
379 279
322 36
208 73
426 195
242 158
24 143
365 152
6 343
88 197
440 415
0 51
365 27
125 23
191 160
281 411
101 248
394 117
262 283
257 408
323 230
347 179
440 311
78 159
105 236
148 438
43 133
145 319
342 433
438 221
89 386
137 191
78 307
425 350
444 266
423 293
143 392
120 72
411 376
402 29
436 420
197 365
392 418
429 435
39 384
241 137
118 396
189 269
450 154
90 315
234 192
219 154
88 107
293 314
387 331
444 123
95 58
399 82
189 204
144 84
336 202
93 367
170 34
169 47
150 264
357 198
76 237
136 275
208 215
322 101
183 288
149 24
320 340
145 120
343 289
373 333
168 14
305 132
220 205
141 396
406 250
49 59
125 134
168 244
72 20
388 450
102 152
395 306
407 325
141 324
37 240
48 404
443 100
339 167
106 420
173 23
175 112
352 406
96 223
41 410
82 360
276 450
133 311
13 175
251 423
32 269
117 144
90 427
292 105
243 343
413 440
364 80
132 354
58 321
58 182
242 383
394 138
393 92
24 248
308 31
315 24
198 182
106 220
246 91
317 296
178 48
121 155
334 158
285 344
261 230
170 277
252 261
107 260
19 353
353 33
104 129
19 13
203 442
369 16
413 62
125 360
224 104
231 92
344 13
239 416
333 250
40 185
386 363
201 290
444 429
282 440
407 324
323 111
336 31
239 324
355 19
164 102
136 337
341 101
269 413
198 377
236 110
165 53
17 42
345 436
37 43
155 16
177 293
5 130
137 385
183 107
143 423
297 248
263 381
412 311
390 82
267 309
331 205
356 150
134 19
120 440
0 34
412 372
71 238
194 103
84 328
256 130
194 237
228 301
361 154
220 86
204 279
197 244
196 323
143 282
114 176
282 116
243 170
161 244
428 327
328 376
182 340
127 203
312 388
316 311
51 285
36 270
171 45
450 266
394 305
218 23
47 106
160 277
244 144
198 160
371 164
166 317
418 182
209 356
371 197
176 30
105 344
41 241
229 5
208 417
400 264
427 45
224 35
15 32
199 292
258 330
378 416
125 56
412 95
168 437
208 173
165 223
296 395
168 350
59 128
319 348
371 113
261 72
7 189
394 318
158 29
352 287
184 338
431 49
150 84
443 152
158 117
419 26
265 234
335 26
51 277
33 255
129 300
10 251
186 406
344 442
144 346
156 360
62 97
146 140
362 302
107 409
398 7
148 272
142 81
324 198
440 26
223 401
91 96
108 35
284 198
291 10
374 174
270 225
123 438
266 248
9 447
435 212
215 329
233 259
445 443
32 134
46 338
106 63
186 229
374 138
315 321
403 88
52 128
432 7
356 426
319 173
372 289
140 126
336 25
16 237
28 100
326 107
305 346
133 216
205 254
130 105
113 226
101 371
413 31
279 5
359 46
340 309
434 234
129 73
32 232
27 106
26 330
436 93
243 102
399 420
220 369
326 24
358 42
268 77
195 253
63 60
172 22
314 185
427 105
65 429
58 326
259 59
150 287
24 303
266 230
85 311
218 98
252 139
190 173
344 98
194 447
61 6
277 22
14 254
164 71
392 55
35 395
184 114
259 335
127 190
180 28
134 415
276 424
429 204
315 81
344 193
415 222
28 76
136 361
3 414
201 435
90 410
210 14
322 295
283 420
355 334
293 407
388 180
281 360
243 394
97 69
2 434
349 344
255 198
276 38
328 210
179 100
172 164
138 135
82 68
429 277
325 150
88 148
65 283
340 155
42 117
109 157
250 365
313 339
42 277
399 392
18 256
100 23
96 178
409 297
59 44
85 435
434 79
369 411
81 303
219 356
125 222
418 353
323 388
259 369
293 251
190 51
118 271
145 211
416 395
310 111
24 345
199 3
159 222
255 327
439 227
146 433
345 189
354 331
326 365
95 436
145 135
201 411
333 245
344 23
358 112
20 137
341 30
299 400
251 321
117 139
4 415
321 396
369 113
360 386
444 299
34 415
413 184
86 140
274 52
21 438
14 56
429 288
7 140
365 56
63 62
166 149
323 65
450 400
323 308
309 29
266 362
198 183
194 353
159 13
207 323
316 260
95 297
354 216
169 7
91 251
168 143
223 405
59 33
199 433
104 337
331 81
92 248
184 349
436 317
94 165
143 71
316 58
156 202
13 227
316 30
347 166
77 25
259 182
241 158
182 99
434 285
24 125
282 340
68 138
31 364
70 404
165 359
156 401
419 414
193 241
88 152
53 189
403 221
293 378
319 48
151 212
10 248
47 121
233 444
138 205
323 324
330 382
282 25
418 384
265 101
406 79
340 409
402 426
424 328
227 250
371 190
331 287
278 144
55 326
295 40
126 382
198 32
265 249
438 303
19 272
32 338
155 83
422 19
131 432
209 281
146 85
210 364
210 418
111 1
309 0
410 131
100 1
7 260
105 224
400 334
300 212
13 190
281 447
241 298
91 370
370 388
11 353
403 355
1 196
13 361
450 317
61 313
180 69
412 177
169 442
274 448
223 214
27 322
428 185
161 284
161 100
163 343
243 62
308 431
105 9
87 348
176 222
87 248
114 171
203 241
24 82
273 445
199 296
119 126
216 188
294 73
246 311
34 247
403 248
421 83
343 52
53 165
417 211
60 53
115 404
353 348
263 156
361 252
243 316
345 184
292 195
365 387
402 126
183 6
104 423
92 381
243 72
115 312
395 265
13 324
82 278
410 255
202 132
226 184
400 74
177 168
329 330
0 44
90 431
244 36
13 396
282 77
415 148
50 430
62 350
358 264
390 271
417 80
148 224
394 338
228 175
179 440
224 275
96 366
301 253
86 298
351 306
153 319
302 307
166 261
260 427
97 249
163 32
437 92
218 299
165 243
259 322
49 36
289 135
100 339
387 183
419 212
127 261
184 159
98 158
377 348
11 135
97 61
180 349
334 7
388 381
89 30
82 286
334 223
62 71
281 214
351 227
156 377
161 116
41 197
123 7
433 108
85 98
337 104
61 276
293 271
264 374
143 220
369 224
141 232
115 92
102 66
333 95
306 279
177 221
41 80
300 242
359 383
66 400
217 263
221 152
450 178
326 33
398 428
380 302
109 182
248 40
12 147
174 174
135 349
73 160
216 336
388 163
360 412
385 340
280 116
415 49
313 99
114 245
149 125
19 81
356 438
27 140
383 145
246 58
372 243
429 37
403 266
357 9
446 31
371 139
123 406
118 348
435 188
284 106
218 420
331 427
170 405
17 420
82 366
222 138
138 109
395 177
390 110
249 156
411 190
121 120
339 431
194 348
396 285
43 239
393 102
61 441
226 391
169 417
427 259
161 340
369 60
255 55
419 355
74 257
73 290
359 201
77 178
25 213
10 374
379 232
401 401
169 38
411 154
319 260
5 137
66 220
113 243
328 247
296 417
166 435
215 373
337 411
259 5
60 348
193 412
409 170
88 421
94 65
272 255
400 150
144 22
164 322
111 410
247 234
66 185
2 443
21 179
336 389
401 342
408 345
183 335
427 36
445 176
137 321
240 266
427 226
370 214
15 447
388 91
408 149
298 448
247 112
192 259
217 403
90 124
23 60
156 129
273 390
151 195
131 106
20 15
124 338
67 5
303 77
204 80
251 54
38 305
194 234
224 293
7 391
90 260
32 274
312 373
181 278
423 337
340 119
364 450
349 284
70 257
434 202
324 340
439 448
400 294
324 237
249 399
429 261
31 437
148 253
374 66
371 125
281 304
143 136
347 184
436 279
33 198
145 422
402 127
404 422
103 110
104 374
256 171
391 335
119 274
408 277
78 68
9 99
388 371
405 278
87 206
159 394
273 149
27 34
201 131
349 423
148 374
444 65
47 20
205 326
284 16
223 336
287 326
197 203
387 217
365 301
74 20
152 41
306 156
214 342
11 322
268 387
418 341
447 234
208 257
360 172
0 156
283 348
130 416
175 377
198 90
173 130
224 322
190 36
137 95
404 288
138 418
146 214
244 115
300 435
326 157
319 278
108 216
425 17
89 359
55 430
444 313
389 377
223 77
404 132
226 283
33 153
69 104
37 243
263 124
116 208
450 419
351 84
410 38
171 16
24 246
119 57
14 306
324 202
27 36
44 149
445 147
90 343
194 331
169 170
230 231
119 129
121 322
48 300
261 305
208 360
291 425
389 295
73 95
115 45
368 236
312 385
31 79
305 43
155 316
32 70
92 135
352 312
100 143
257 136
28 37
182 424
251 33
363 284
1 226
145 278
245 112
4 101
350 234
340 413
178 383
267 427
288 51
230 263
419 13
164 1
143 129
65 218
302 430
34 7
94 21
268 207
389 413
67 444
12 400
398 244
106 256
248 304
389 252
339 408
72 441
159 178
364 288
79 268
151 347
290 195
84 227
108 385
157 361
392 214
164 94
232 198
10 358
446 43
441 160
254 310
435 37
197 132
285 58
433 374
313 163
383 331
64 216
392 211
6 157
50 70
227 314
185 108
362 140
422 11
354 387
219 259
183 193
80 82
133 430
412 449
414 268
426 426
448 421
158 93
354 20
392 329
93 397
26 298
198 73
38 384
159 147
152 403
405 258
182 88
111 243
29 350
57 48
393 228
172 437
105 443
418 276
333 64
35 233
24 376
301 318
424 362
245 435
181 409
150 200
350 9
208 210
369 208
187 19
429 16
322 144
382 242
103 394
70 91
423 123
434 169
190 39
213 446
384 131
202 365
9 145
259 40
28 336
289 212
76 177
167 233
356 413
43 52
76 56
164 131
412 16
64 383
432 63
334 46
392 389
94 384
155 100
420 105
420 206
263 4
380 350
140 16
109 51
326 340
34 143
99 380
379 137
157 281
418 340
419 197
220 111
143 425
58 122
217 355
270 20
380 299
27 255
254 38
281 70
97 409
256 69
147 13
319 22
342 117
17 89
430 156
218 186
41 329
246 107
150 321
167 393
138 274
160 328
308 21
405 187
70 113
253 204
66 405
428 447
265 207
160 208
270 311
138 272
368 182
373 87
180 121
22 112
213 55
222 316
145 411
108 436
394 325
82 236
133 169
294 220
263 182
54 376
49 353
40 48
183 121
447 252
252 41
233 178
298 83
100 268
182 321
40 128
345 393
269 226
372 230
82 240
394 365
151 124
310 77
264 354
409 422
189 27
175 388
275 120
392 284
354 105
417 342
174 175
258 250
240 259
337 127
395 358
85 283
211 273
240 439
301 15
404 25
169 141
40 353
162 134
182 230
248 240
413 310
425 363
326 78
67 399
338 63
293 318
168 429
296 423
273 299
36 408
117 226
194 198
314 191
318 218
368 3
52 417
379 130
144 240
411 409
320 7
324 60
49 212
225 96
23 63
225 43
105 120
273 38
146 297
69 393
194 6
85 24
424 421
22 139
347 380
281 77
43 98
163 145
288 31
153 329
216 371
354 23
90 227
135 195
289 396
188 212
18 171
290 182
420 150
24 399
44 430
270 310
2 299
332 112
194 123
415 416
368 84
62 167
42 133
335 409
394 105
125 297
256 224
374 31
148 61
276 139
256 335
316 161
40 126
325 166
83 105
274 94
172 293
195 252
52 62
398 136
319 381
108 268
140 63
361 378
117 440
99 148
10 159
0 436
72 105
82 224
150 127
17 431
171 175
214 235
51 174
146 177
333 431
249 280
356 36
395 108
369 391
379 1
128 178
387 157
164 130
23 333
158 441
100 402
312 185
441 186
348 437
87 170
1 111
81 164
0 219
384 353
193 334
174 326
319 362
405 330
374 433
319 289
78 315
377 219
132 390
249 120
48 346
76 291
286 308
53 253
348 66
226 161
168 274
174 259
103 78
52 77
377 159
263 110
129 417
360 420
227 394
379 188
149 177
406 171
122 307
36 359
157 243
199 127
197 221
275 148
372 309
272 269
228 225
404 66
334 146
81 90
30 395
335 119
304 322
57 103
399 448
315 260
347 156
431 397
178 176
17 320
366 10
316 147
294 136
31 434
175 314
360 133
380 372
194 351
303 20
435 213
127 133
212 148
138 314
374 373
136 303
283 330
71 408
273 28
312 377
395 137
155 315
262 405
326 149
369 158
22 93
160 20
29 371
242 358
264 317
338 425
375 449
215 167
99 194
187 361
19 224
410 160
290 337
74 48
284 118
4 436
382 257
278 119
202 307
144 116
248 245
194 150
121 206
356 20
151 189
275 344
87 5
211 385
173 366
339 440
428 111
215 231
368 268
321 99
234 176
380 243
260 281
320 72
190 406
4 381
249 213
113 138
301 243
42 210
321 167
258 160
115 222
405 332
76 39
78 333
377 74
408 75
430 136
347 213
224 143
72 140
170 292
238 178
347 199
209 65
173 282
314 251
37 434
234 24
400 34
269 320
366 200
247 176
436 195
335 35
337 210
301 299
161 206
215 221
171 73
299 235
2 50
348 86
247 201
320 131
338 362
66 156
315 347
399 149
235 1
233 76
166 410
315 417
279 221
52 149
434 248
43 360
255 302
153 328
179 316
122 314
189 438
75 319
245 66
350 51
178 281
161 435
369 270
29 317
346 265
160 434
327 111
229 161
194 309
155 286
102 318
216 119
32 284
210 2
13 410
7 75
309 25
229 301
124 181
297 96
355 358
64 197
377 434
128 70
187 13
141 311
118 428
16 411
21 57
412 153
244 77
352 150
243 52
202 325
288 82
151 237
174 309
262 82
335 251
69 285
415 365
296 307
418 314
15 360
19 41
240 108
372 183
237 71
400 399
327 73
216 398
17 13
60 252
299 209
402 56
218 403
24 83
153 406
204 355
311 413
71 448
142 64
109 68
138 73
402 155
107 123
217 135
28 297
270 89
47 255
77 205
305 85
205 41
192 79
308 439
376 286
385 90
224 17
348 310
246 145
386 432
265 11
105 433
308 194
192 319
315 388
234 87
72 434
128 102
422 139
95 34
95 372
114 186
228 271
311 189
400 171
168 358
248 299
170 6
89 328
34 332
230 361
96 318
439 176
338 343
135 156
378 225
46 406
210 99
278 291
332 122
427 90
411 155
1 315
324 290
311 231
141 203
403 75
344 435
13 22
141 116
324 312
437 375
186 136
15 418
46 344
122 195
417 9
26 224
406 96
390 441
188 315
9 257
155 73
1 97
82 134
285 76
182 189
44 140
197 414
447 402
304 324
200 23
312 16
334 237
39 309
400 224
26 244
42 187
374 18
405 151
37 427
91 229
231 235
332 87
51 145
225 438
353 54
189 331
135 109
198 45
32 3
344 313
4 215
307 200
121 192
390 204
169 249
23 194
235 313
339 170
18 373
343 437
53 159
239 158
164 232
24 160
249 417
421 404
24 117
422 406
249 41
353 22
418 196
351 276
206 196
253 426
2 268
310 188
299 200
179 177
402 13
166 265
256 55
366 61
10 202
23 132
195 357
173 10
169 302
305 165
284 381
137 168
0 129
125 323
219 253
70 230
25 146
215 282
365 166
224 173
146 88
183 290
388 375
68 232
426 448
445 36
303 450
46 427
74 210
436 281
439 244
267 1
193 210
96 104
261 229
53 410
344 302
237 396
193 138
353 139
110 54
80 423
365 344
364 74
15 379
2 139
133 412
392 163
394 232
266 329
196 80
211 97
144 91
383 95
320 110
314 356
18 205
346 11
450 300
316 450
323 71
195 377
218 417
234 425
362 376
224 164
18 284
136 211
134 31
337 119
429 207
424 38
381 204
329 17
345 115
132 152
445 404
23 398
185 342
146 129
205 229
54 141
64 28
40 45
450 446
337 137
350 71
135 166
271 116
411 310
229 432
145 1
84 60
54 49
161 115
71 9
214 104
282 408
370 212
450 341
376 254
408 155
156 193
234 419
43 403
382 102
296 238
380 127
175 109
250 362
376 248
30 169
187 25
325 99
138 333
232 235
106 218
257 99
377 295
386 445
121 255
294 279
331 208
351 428
181 116
261 209
80 214
347 409
284 30
44 155
57 79
365 223
170 329
198 151
301 208
8 355
120 55
254 107
328 446
186 173
327 137
185 237
75 383
250 439
35 155
209 336
29 46
320 53
105 114
353 432
143 360
275 50
252 160
98 85
229 419
99 338
108 342
63 78
253 388
192 26
288 164
302 362
164 288
66 402
95 1
434 104
179 194
243 58
335 205
191 348
437 219
364 127
436 99
322 316
289 429
295 93
322 356
266 38
358 173
124 208
26 400
55 58
304 197
117 142
165 204
189 234
391 11
59 442
148 35
271 350
321 130
179 423
431 399
302 78
173 84
351 436
432 413
374 90
64 145
386 325
246 149
94 449
334 432
34 74
288 120
432 75
9 86
146 308
403 303
387 106
310 305
70 297
219 226
323 108
136 225
429 264
242 90
378 116
256 141
103 1
154 278
10 252
89 331
26 350
275 197
388 348
47 351
58 245
349 410
217 429
375 21
95 157
362 142
359 91
416 167
316 129
77 9
350 224
225 222
229 238
326 95
365 278
79 63
403 215
318 189
436 337
92 56
77 285
114 39
146 233
398 103
415 28
52 346
225 347
239 16
274 203
441 402
338 106
427 229
385 408
330 257
158 378
436 178
82 92
65 80
116 241
80 268
391 61
269 423
163 364
370 413
363 92
272 279
322 120
201 79
246 448
145 376
39 119
187 185
279 353
156 387
157 287
214 329
383 343
103 313
275 301
135 206
442 311
317 181
431 347
9 417
20 92
75 107
76 139
377 386
75 117
173 231
32 59
195 277
6 27
112 414
118 371
22 322
265 448
352 10
277 0
23 406
21 417
398 266
3 340
60 425
262 231
10 434
57 52
381 363
290 439
43 225
112 330
93 296
407 443
84 164
331 32
179 246
159 47
438 12
374 178
207 136
123 292
80 317
52 419
381 103
71 352
212 97
405 260
389 331
160 220
407 408
118 285
142 106
293 229
359 243
133 210
32 58
85 57
129 59
112 55
189 257
322 146
295 369
71 241
407 136
68 198
116 224
61 348
348 385
417 344
343 5
373 270
390 323
360 52
156 97
142 294
297 285
124 258
238 309
404 60
235 262
70 252
394 301
184 264
349 267
347 219
286 188
63 171
311 178
43 144
206 10
131 129
88 389
287 225
93 268
198 203
438 150
140 211
296 386
276 328
66 18
135 40
65 139
380 254
37 63
112 229
145 230
396 385
88 298
8 225
357 301
258 258
257 31
329 63
45 438
251 384
95 356
257 363
338 443
361 71
383 198
375 6
431 96
240 122
359 341
80 363
18 359
318 334
114 269
447 140
440 144
199 274
243 90
191 98
354 291
197 109
123 408
80 26
285 289
119 111
124 58
282 348
21 109
187 30
294 231
242 147
423 194
399 232
277 152
291 225
328 85
390 266
136 394
245 168
234 297
257 264
61 97
195 184
293 93
217 34
57 0
79 327
95 393
118 409
126 76
9 85
98 171
264 81
395 408
405 155
226 437
214 450
366 181
210 298
219 24
41 93
316 34
279 427
237 235
36 444
279 366
100 24
369 316
402 427
190 330
381 109
215 83
10 403
329 137
393 60
139 281
253 157
64 346
64 24
282 377
276 153
434 7
333 197
428 406
187 141
250 129
49 81
359 89
437 415
219 324
380 366
204 286
351 11
399 430
357 340
388 359
154 317
134 91
166 166
355 121
39 29
135 165
332 93
334 437
99 91
301 81
63 361
410 266
382 197
100 414
420 382
140 10
432 196
304 205
29 16
230 158
168 339
206 185
269 6
358 312
178 44
96 23
159 281
180 252
414 313
5 125
105 203
247 290
35 391
42 410
325 270
191 332
296 359
382 88
72 292
327 130
129 402
419 430
92 164
267 405
205 231
209 229
9 26
175 426
445 98
13 303
71 341
338 283
412 296
195 399
146 123
134 0
20 182
254 82
137 124
22 379
302 448
142 187
132 86
114 5
244 124
333 146
143 305
263 280
262 354
279 127
191 196
227 58
281 133
436 349
449 202
72 221
190 433
35 116
183 415
300 306
101 116
239 338
152 48
227 287
269 119
445 105
153 224
273 159
307 146
396 284
268 55
87 334
184 131
84 229
239 8
122 256
120 96
107 197
26 352
363 41
406 220
376 25
343 278
303 84
324 428
63 385
116 53
265 59
103 45
403 270
162 394
98 275
121 328
157 313
237 324
178 414
156 62
347 443
36 176
227 37
250 271
235 343
363 312
274 238
220 222
424 156
175 219
335 206
14 297
344 51
326 437
106 107
388 139
440 336
420 166
95 323
29 79
319 314
41 420
134 293
400 428
23 190
124 207
239 57
40 15
35 49
358 252
259 160
311 449
313 209
80 31
187 219
354 155
292 326
60 265
383 429
66 284
194 19
361 349
15 419
178 61
122 433
383 433
417 4
316 88
400 250
313 34
279 201
358 241
106 32
214 207
284 107
13 294
388 194
409 243
131 284
105 47
41 404
49 47
177 233
415 122
227 82
311 118
258 68
70 107
403 51
322 56
306 447
44 125
6 224
317 427
46 437
88 26
40 94
197 410
161 207
248 80
340 23
122 427
367 206
419 415
118 14
179 174
184 2
32 230
415 32
142 50
96 254
364 352
294 235
215 210
162 53
251 227
433 93
36 93
60 60
161 156
322 449
181 450
85 91
139 450
445 321
272 268
201 310
360 128
63 353
202 69
66 30
222 423
299 382
56 350
87 317
425 437
25 341
290 314
450 229
445 61
56 29
22 374
435 181
189 243
430 39
182 304
48 223
40 398
137 356
273 175
52 332
97 376
112 27
95 362
259 385
233 17
329 393
419 11
91 221
425 160
141 372
137 108
436 177
305 130
19 52
438 351
213 245
345 249
354 13
175 359
424 143
273 9
282 231
226 322
139 50
418 352
224 131
71 295
144 188
367 119
394 238
29 132
126 363
343 56
150 65
340 327
116 124
190 440
273 32
258 36
329 13
260 361
333 299
54 420
122 55
383 357
8 31
280 374
196 130
19 246
200 73
265 377
128 172
257 295
169 384
445 113
416 17
112 153
200 64
18 10
258 414
122 329
89 27
74 343
27 250
210 150
249 91
200 219
254 36
39 375
135 8
145 8
224 337
69 36
354 308
280 314
245 268
106 251
251 16
267 327
127 244
433 69
51 351
368 178
216 281
214 266
412 29
221 57
428 444
223 5
67 358
272 184
259 122
230 215
232 63
56 234
299 374
450 356
0 144
1 178
66 154
373 204
395 439
151 318
286 202
433 182
262 276
215 177
74 426
4 227
319 354
81 314
24 400
435 162
13 337
280 393
426 417
358 242
95 429
69 119
216 310
227 190
57 387
176 98
379 60
420 440
377 416
409 380
57 183
192 63
135 123
145 339
422 0
380 261
449 28
50 117
234 106
305 191
248 81
172 352
207 93
195 248
81 371
212 310
374 442
94 176
414 144
339 12
448 399
385 329
38 62
143 228
138 77
71 336
213 374
359 51
276 43
221 231
303 33
220 392
78 180
407 67
161 205
173 25
108 247
153 41
318 210
21 375
192 444
369 81
249 394
159 61
168 138
358 150
209 428
238 38
357 311
135 405
206 92
331 62
313 374
380 158
243 187
385 263
104 418
340 358
170 234
195 281
216 279
10 412
4 57
363 11
94 308
149 406
364 190
31 195
315 146
144 36
301 371
9 404
151 155
362 362
448 211
70 149
367 316
7 43
107 46
80 294
153 359
171 333
271 273
253 21
93 129
373 295
424 398
318 185
117 70
171 313
354 114
113 183
65 170
4 280
205 31
435 250
347 446
310 181
401 24
420 222
360 200
297 277
284 71
160 185
308 126
402 55
6 166
139 86
392 149
126 12
119 240
156 91
421 290
28 193
417 25
147 300
403 336
430 70
87 210
7 50
395 26
147 49
426 193
339 70
58 386
32 54
389 347
188 142
139 233
60 254
158 181
78 355
187 145
157 88
166 115
55 18
332 248
5 36
358 148
355 147
76 117
44 323
312 281
165 196
137 231
124 168
131 436
56 377
28 389
353 199
368 33
186 101
79 358
102 119
62 72
273 280
284 102
64 173
189 64
125 29
185 264
373 389
77 437
384 395
109 443
395 254
426 97
318 398
302 11
19 6
121 305
355 135
429 377
424 302
31 366
189 370
230 418
72 290
385 322
58 67
260 160
322 152
367 160
162 137
226 282
373 384
290 137
199 22
413 228
167 260
61 147
227 435
84 384
263 1
284 284
351 3
111 312
264 89
334 301
114 58
420 377
421 294
180 447
6 417
96 190
402 338
207 382
326 284
271 91
358 234
44 447
88 219
280 185
297 236
200 447
296 109
377 169
9 90
379 368
438 232
362 273
261 83
186 437
65 368
447 151
22 339
240 64
289 154
267 211
230 17
151 138
235 135
135 21
178 389
325 442
42 243
380 275
93 15
224 169
237 137
162 349
53 237
45 436
279 339
170 40
149 437
377 14
147 231
56 8
398 51
137 55
171 58
253 266
54 429
235 422
269 20
160 57
306 220
175 18
173 6
317 414
149 447
275 130
3 135
441 258
68 416
332 43
57 199
22 221
214 414
205 156
443 388
236 146
200 204
382 394
172 185
370 102
1 397
398 281
423 60
217 121
442 175
205 323
364 215
29 354
116 345
100 105
375 107
232 295
202 67
135 211
353 304
288 359
57 33
133 259
151 450
244 60
189 435
151 224
164 146
166 401
110 406
290 330
108 179
342 160
365 431
16 360
7 227
3 422
128 419
109 210
19 96
23 289
257 294
27 196
60 306
117 224
206 17
293 276
31 196
321 182
250 126
71 95
413 215
205 292
396 135
161 396
88 243
289 350
416 9
365 310
188 296
31 66
398 327
0 405
385 377
212 371
309 345
383 377
153 363
159 15
144 316
398 295
60 299
37 136
253 73
286 351
411 156
203 374
163 258
115 148
38 67
314 446
299 119
136 276
349 95
421 415
22 157
162 174
237 282
18 132
176 167
373 376
372 102
367 132
20 333
94 426
433 18
69 310
131 6
111 45
211 239
290 117
179 382
390 111
78 125
27 97
306 210
243 436
195 50
158 103
211 176
323 74
370 280
162 336
389 418
25 410
69 250
37 420
35 286
417 7
220 326
56 158
27 448
319 326
215 19
94 415
155 252
406 3
384 65
8 142
12 9
272 68
127 412
80 312
369 240
140 366
310 203
428 0
376 170
276 232
16 265
347 390
370 67
214 79
252 290
204 278
361 277
124 246
440 12
8 51
375 101
237 441
119 102
127 155
247 294
395 155
6 400
403 347
412 59
412 142
344 389
200 95
270 148
84 118
441 420
51 318
73 296
346 256
95 294
157 269
238 439
223 281
139 332
49 391
202 147
94 102
368 204
304 115
189 173
224 218
356 30
201 70
101 246
144 282
137 88
69 93
113 393
233 396
370 114
367 323
235 102
306 52
367 43
395 123
445 148
440 205
350 427
59 271
75 445
370 389
35 162
0 137
152 70
311 356
156 284
304 127
168 261
175 413
383 339
219 103
104 286
196 28
52 142
195 102
369 92
351 203
216 184
356 76
15 200
299 89
323 312
248 19
181 222
450 190
300 91
447 448
143 32
230 8
40 58
296 267
64 155
54 381
375 445
351 65
233 387
56 251
282 148
299 45
391 111
142 381
233 383
63 48
281 256
321 352
335 187
216 13
343 190
46 15
295 111
389 111
389 287
104 221
5 17
250 316
327 416
356 133
130 115
42 7
405 445
334 138
114 243
3 432
59 263
363 68
277 339
367 307
306 207
29 422
55 8
153 259
284 331
111 252
92 404
36 203
332 433
438 413
233 322
5 328
392 340
126 66
434 342
3 3
39 327
390 312
399 67
59 328
296 342
373 349
380 285
272 111
433 386
389 50
180 228
440 384
108 352
307 170
109 260
190 68
405 153
2 416
195 175
122 133
244 186
375 125
328 70
37 130
37 179
74 103
243 313
256 317
84 382
381 411
40 92
214 119
391 248
158 277
259 253
250 259
37 94
327 325
307 143
378 91
291 78
440 183
407 329
80 104
83 215
94 12
133 281
246 256
427 363
289 360
344 116
159 258
46 285
124 35
411 361
396 381
71 274
156 339
48 129
369 355
312 271
253 223
56 77
21 215
199 303
90 298
251 394
432 365
55 172
254 208
379 444
147 254
336 118
30 4
145 102
357 309
209 35
368 166
158 390
434 88
229 414
301 31
102 204
43 145
422 416
408 301
231 368
428 25
228 88
195 228
96 279
118 146
102 89
342 215
442 262
119 331
297 73
137 411
79 347
370 229
26 280
208 446
133 242
316 354
60 320
420 103
147 144
287 113
289 433
180 109
107 127
220 250
256 77
114 382
21 113
208 393
87 392
417 387
283 55
147 121
374 355
348 363
433 158
113 142
212 222
263 225
404 272
253 225
346 0
285 406
27 15
214 123
15 167
128 300
196 366
7 236
297 254
328 207
295 337
377 362
295 116
42 21
55 203
364 436
66 381
140 345
129 275
410 293
113 327
204 393
197 329
331 288
218 142
62 342
183 13
96 280
359 157
314 62
82 389
283 121
292 152
136 187
315 351
245 424
369 437
57 213
301 283
10 119
28 384
361 278
361 1
62 12
50 315
34 43
154 8
268 419
186 351
98 335
359 271
144 332
254 201
307 112
114 376
194 75
335 248
358 88
353 2
376 450
342 68
307 94
166 180
203 128
271 324
413 173
313 159
372 337
91 227
116 447
171 374
239 47
350 411
90 293
386 401
289 11
129 338
8 370
200 304
334 34
435 47
91 257
434 99
248 213
206 286
274 6
389 72
79 384
28 113
330 71
256 24
131 171
326 338
448 51
407 62
194 107
374 35
115 94
231 30
262 144
362 191
229 133
206 410
161 32
379 80
84 448
329 373
441 143
278 246
155 275
203 171
347 429
203 427
177 343
331 256
21 208
299 108
183 202
163 140
230 174
438 47
223 351
210 306
331 280
443 13
97 286
423 303
129 376
92 342
385 248
79 348
327 174
168 249
352 360
208 249
105 324
150 276
46 184
37 177
253 178
311 262
164 66
62 13
123 89
381 415
375 248
36 120
90 275
375 12
430 429
188 331
31 219
250 309
197 377
34 246
174 5
77 36
30 273
392 78
56 359
415 116
421 325
414 318
199 353
438 415
191 82
324 7
291 397
223 366
322 131
442 70
91 249
386 266
224 138
211 60
30 60
182 19
252 281
267 416
329 120
15 318
228 321
103 314
49 164
222 71
286 405
165 347
200 197
234 154
1 407
78 349
418 390
376 373
34 321
338 13
302 127
377 42
350 92
121 101
5 288
113 228
173 419
256 201
313 144
266 165
295 58
49 49
184 341
216 393
389 43
447 172
389 311
427 388
76 189
336 426
108 68
158 368
142 224
100 28
244 53
272 333
3 401
110 160
213 388
295 96
123 38
406 385
232 341
281 192
132 246
353 3
140 354
265 317
190 320
412 68
250 433
131 397
231 335
151 272
43 402
301 78
140 101
157 83
238 188
448 8
221 408
74 196
23 332
299 446
169 166
116 320
66 396
253 343
238 413
432 40
345 157
393 220
263 76
54 449
356 324
244 239
200 408
237 73
130 397
231 163
298 181
66 238
238 354
277 285
443 34
285 150
124 231
315 445
436 19
436 147
45 381
161 96
46 264
153 437
311 294
0 27
65 431
247 192
55 20
39 431
305 238
389 38
263 149
214 231
140 399
36 243
360 333
114 264
78 24
8 36
87 97
259 407
423 241
90 36
239 33
149 193
261 77
21 301
268 78
198 395
306 379
312 61
367 429
100 197
33 138
237 138
334 281
169 316
195 86
444 437
123 450
222 74
95 231
427 220
238 391
212 130
377 435
208 79
22 154
140 377
290 201
96 74
439 273
254 150
132 233
4 138
147 98
65 278
407 131
403 426
48 336
71 156
124 119
213 203
329 144
157 305
18 41
401 348
410 102
413 155
231 9
312 124
417 154
281 387
334 368
371 424
110 76
15 432
321 70
280 71
1 304
374 333
285 299
89 40
220 63
396 448
298 222
238 322
100 14
416 347
114 49
278 385
346 291
191 175
201 181
449 144
312 363
176 381
371 191
430 347
273 288
123 423
118 67
207 78
296 311
190 195
122 265
422 49
178 71
219 273
45 245
95 398
37 418
135 364
137 282
412 162
362 435
194 387
161 125
192 357
296 138
214 338
215 125
142 27
421 169
108 21
115 418
283 211
390 430
248 361
132 347
214 381
418 262
442 267
258 249
413 40
75 344
307 267
191 347
84 51
20 266
247 221
22 290
250 279
84 449
268 440
408 331
208 216
79 379
255 98
83 80
96 3
89 154
40 361
233 325
112 375
84 29
429 9
439 118
25 405
0 351
365 162
284 145
160 19
301 248
138 227
30 17
49 173
58 431
404 385
18 285
387 327
142 109
175 60
237 292
183 332
145 105
312 352
350 214
154 323
391 195
388 403
300 34
121 17
147 90
208 314
365 318
150 339
170 24
268 306
449 12
444 72
173 237
35 12
41 158
53 363
293 233
379 388
23 97
261 344
313 107
275 149
158 161
352 284
239 414
278 378
1 162
245 106
181 368
307 256
86 245
287 94
409 321
302 36
93 167
253 115
269 163
426 410
382 133
195 378
310 389
71 120
164 272
282 275
270 41
283 398
162 110
159 21
26 95
332 449
337 209
298 374
424 242
399 423
446 265
367 187
130 50
94 245
199 229
396 298
25 363
4 299
337 361
58 152
163 268
90 13
412 331
396 28
328 352
444 325
253 257
251 213
289 272
250 124
427 418
71 82
96 436
122 268
323 163
337 257
89 211
36 113
66 182
410 341
196 146
284 241
231 380
11 102
88 267
99 25
408 394
302 119
151 121
387 364
125 369
5 298
77 47
323 161
415 103
46 14
310 229
334 320
172 335
214 247
222 315
391 404
354 376
13 349
242 163
25 355
191 444
199 167
346 10
31 127
163 159
106 165
324 70
219 270
84 363
403 203
22 257
52 233
321 165
359 346
67 142
224 93
130 42
259 268
111 434
450 424
39 236
170 429
413 383
214 40
385 398
53 0
134 186
363 391
429 28
304 270
196 420
34 340
438 389
386 122
9 302
89 388
363 325
391 88
215 94
258 131
6 143
2 181
304 228
13 286
359 368
262 126
260 90
388 341
342 52
227 352
275 160
157 295
216 349
55 341
333 384
217 212
183 159
324 88
16 420
430 377
359 240
378 330
387 339
127 303
151 57
89 399
339 407
6 162
78 291
256 35
162 95
284 39
40 448
55 90
58 344
418 366
96 181
84 220
231 219
110 45
142 238
158 5
220 98
376 441
263 67
299 187
137 57
420 444
78 177
47 83
193 325
283 223
251 88
408 8
192 326
395 33
257 305
175 14
21 267
382 9
450 187
314 277
412 227
419 418
200 229
357 378
160 174
143 20
312 50
104 165
294 9
431 196
449 383
289 29
135 56
244 215
421 8
173 111
250 251
335 87
440 276
144 161
427 244
227 154
389 315
218 90
258 222
258 21
75 375
78 418
242 412
124 355
433 241
204 425
307 361
140 315
445 288
271 86
333 398
378 149
13 431
409 416
215 27
135 50
25 192
360 153
163 391
301 411
229 254
409 156
17 116
442 44
200 140
450 431
295 268
164 161
321 336
43 341
287 195
81 126
278 72
277 227
86 431
240 351
294 340
13 77
296 285
159 235
103 185
248 9
431 53
266 97
133 280
414 305
206 3
325 194
179 51
271 374
273 225
312 76
312 129
132 87
41 269
415 105
377 133
158 320
106 396
146 319
157 294
424 179
441 153
398 130
263 46
100 68
382 44
331 163
205 151
281 270
77 383
258 185
107 395
431 99
51 419
280 28
430 307
180 443
40 152
384 335
259 289
333 246
291 122
449 412
215 338
413 416
339 199
95 422
254 318
233 348
312 175
316 104
219 342
313 92
445 246
286 207
343 63
215 85
446 70
120 361
406 111
438 161
17 93
183 43
36 282
127 376
132 10
329 41
14 365
391 62
166 294
56 162
113 38
420 177
169 361
275 248
239 208
15 434
189 24
173 358
17 184
238 387
265 158
117 419
146 359
184 404
199 208
316 6
392 59
200 278
312 336
282 210
238 29
332 448
111 432
149 418
346 431
198 187
179 284
251 282
53 204
168 338
218 419
334 8
191 119
424 101
126 364
384 39
0 205
323 90
442 212
322 74
152 112
193 292
380 150
232 335
238 221
65 352
432 297
315 136
75 147
300 253
139 58
229 227
343 163
41 190
207 333
41 85
179 330
143 24
146 374
0 259
16 107
360 354
295 397
327 320
239 236
189 55
240 96
120 215
252 199
269 445
79 187
401 80
141 239
151 107
300 13
358 124
100 125
420 59
176 426
92 28
313 97
399 374
148 82
324 92
220 31
352 86
448 360
4 10
369 277
335 344
20 400
338 37
236 108
226 60
185 72
290 343
266 262
140 340
197 150
305 345
328 74
102 67
232 406
265 275
433 437
444 142
144 408
212 174
394 88
115 19
168 283
117 110
208 367
239 356
94 182
364 406
64 284
332 104
394 65
309 124
162 359
360 204
174 98
365 258
169 85
303 24
190 349
35 88
251 409
43 448
209 1
417 279
70 344
42 185
385 394
17 72
99 77
31 299
272 391
395 401
181 437
224 274
120 221
221 234
313 430
325 129
262 414
189 301
25 144
404 392
447 17
0 214
244 284
62 284
255 202
319 430
77 254
153 28
16 204
3 125
153 298
176 315
193 429
78 26
376 142
224 446
302 10
77 412
267 324
55 274
54 396
14 166
419 70
28 199
193 94
417 191
144 93
25 368
396 106
20 94
136 357
217 82
127 153
322 185
184 315
408 359
420 121
133 202
31 64
184 220
304 387
388 221
121 204
237 76
300 31
86 294
443 58
106 192
217 226
277 171
78 378
316 22
53 157
358 82
196 266
371 154
358 431
410 7
357 228
218 122
79 273
243 49
342 380
234 395
344 14
141 344
325 231
243 321
119 0
174 201
50 319
169 172
152 206
303 297
441 395
304 27
413 297
187 35
175 91
294 78
313 35
74 317
323 285
357 172
182 8
449 370
105 157
381 316
289 393
208 321
167 311
265 228
152 286
409 111
273 66
2 175
436 70
270 430
213 239
277 244
223 379
280 251
184 393
112 250
42 336
197 397
263 31
291 236
67 305
450 224
149 5
347 312
150 31
45 443
161 404
434 296
136 422
107 366
15 181
234 249
260 423
449 311
429 334
229 326
226 229
155 235
285 141
204 158
247 138
298 356
313 308
64 235
266 88
21 283
70 312
43 378
298 42
438 238
40 5
62 168
368 120
50 402
162 40
87 43
291 59
371 56
364 34
422 289
193 46
351 251
31 236
266 93
4 34
232 81
128 410
111 135
406 263
141 285
329 6
204 185
331 442
348 435
196 90
133 101
290 144
9 263
20 144
347 450
279 142
324 94
318 268
376 288
108 377
266 150
343 422
429 441
197 129
285 35
49 271
165 402
277 33
176 236
267 146
4 357
18 42
30 241
141 9
258 144
175 409
345 260
412 88
123 393
139 438
359 49
146 217
134 225
157 162
196 246
132 128
78 193
190 222
252 194
450 77
436 398
67 256
143 5
203 270
82 345
423 249
203 198
401 428
410 351
317 324
280 411
218 140
161 191
63 1
194 21
14 250
142 216
4 411
103 321
338 298
427 86
57 398
18 303
115 394
101 144
69 58
269 157
432 362
207 270
405 195
53 306
359 22
425 134
110 349
146 21
158 153
49 71
116 187
186 237
214 50
15 100
448 344
190 108
280 405
225 160
119 385
298 233
65 11
264 437
371 309
295 146
283 324
242 96
148 391
91 14
4 433
288 304
352 123
157 240
416 247
292 11
62 408
360 432
117 427
66 69
215 42
217 401
223 90
398 389
311 79
354 166
126 269
174 90
378 278
76 448
303 273
291 369
4 401
285 268
8 221
19 321
22 253
145 22
119 362
223 96
311 143
289 60
238 312
319 118
411 344
346 448
382 70
107 133
328 448
146 30
88 176
216 84
148 134
181 142
164 266
122 403
77 336
227 267
68 411
365 105
416 184
189 2
286 346
117 68
294 359
154 81
409 266
401 382
66 85
297 234
250 195
224 22
380 419
112 17
21 156
368 5
2 11
98 125
105 112
402 252
50 65
394 247
366 140
251 443
192 328
70 100
429 150
61 169
238 197
383 254
129 7
415 68
373 175
364 89
139 80
402 95
280 144
383 418
321 308
313 66
277 181
363 186
447 338
209 125
92 126
66 323
105 5
5 245
161 0
308 430
126 276
368 211
351 103
439 385
127 192
250 220
235 20
437 28
167 112
373 31
179 301
306 84
365 1
406 222
404 172
344 209
149 332
295 273
271 450
123 153
12 442
172 281
170 204
119 399
144 392
183 401
31 142
13 180
365 66
209 277
395 19
320 301
437 345
192 332
338 32
0 213
134 355
340 184
150 41
240 273
314 214
105 227
152 262
272 5
278 10
352 349
48 218
165 326
293 223
363 326
344 22
206 179
403 61
417 51
429 203
146 92
198 236
23 197
186 287
295 421
380 151
214 37
236 327
431 212
410 117
232 173
15 328
175 25
182 353
276 407
337 126
171 112
412 343
118 74
53 44
148 51
266 284
195 153
365 306
265 123
228 399
332 259
412 251
233 182
64 406
93 310
95 233
323 386
70 367
63 155
45 203
324 359
150 22
264 38
23 43
332 25
195 430
445 221
156 248
280 118
86 224
0 336
399 3
285 227
76 191
15 119
139 382
280 355
220 188
267 138
326 9
83 313
298 400
142 112
86 14
290 436
323 3
369 182
26 211
30 419
139 426
366 309
260 103
268 446
148 282
174 238
199 55
393 36
116 386
237 428
37 199
330 19
124 148
450 162
51 111
147 317
440 17
319 266
362 132
314 367
248 196
178 302
162 254
125 271
170 193
380 314
374 155
183 405
198 157
300 234
28 415
294 363
224 92
13 314
293 288
1 258
440 9
243 284
250 209
313 372
423 138
75 385
18 268
329 356
127 56
385 11
43 149
57 150
315 322
252 343
101 161
151 125
31 92
367 301
45 275
234 256
232 395
67 347
93 2
131 330
378 108
99 51
179 274
226 91
258 159
13 204
125 261
392 104
77 381
64 259
355 253
137 359
220 208
67 138
29 440
284 435
309 357
409 272
436 141
161 238
206 401
58 424
199 427
170 301
286 114
348 229
106 114
77 37
69 9
317 221
350 83
219 21
284 45
419 181
105 124
382 61
425 291
440 275
286 197
11 96
63 43
131 431
306 427
84 127
283 93
400 163
223 223
290 282
185 256
403 66
414 308
233 302
375 407
47 253
448 89
353 147
79 412
62 421
282 187
414 5
140 309
101 78
3 334
12 160
366 436
346 335
5 267
57 426
121 49
18 409
256 449
287 102
57 228
347 152
249 395
250 426
145 300
432 438
267 410
113 403
75 440
149 354
285 233
430 184
63 444
118 142
32 226
57 249
345 397
294 172
381 386
188 14
254 427
241 287
227 390
359 80
88 296
224 437
412 306
96 292
122 449
116 266
152 368
218 393
172 86
351 170
397 413
321 133
323 216
274 75
238 239
205 288
244 387
75 300
332 415
303 80
31 311
247 253
18 340
15 69
41 257
415 281
400 75
388 49
122 440
296 25
393 214
118 357
151 153
381 389
435 76
370 135
385 145
143 318
187 106
307 50
0 31
113 280
181 377
189 242
312 47
212 182
400 442
191 422
121 107
444 238
81 434
80 1
243 330
6 83
23 106
327 438
116 125
283 302
106 57
4 230
214 137
62 370
355 68
355 233
73 277
255 335
430 247
247 71
292 186
63 59
401 15
422 97
445 366
140 82
67 20
370 125
408 114
161 412
74 295
396 159
442 164
149 202
393 334
121 169
166 151
296 76
153 27
4 195
7 211
397 449
228 6
66 197
370 355
239 423
126 229
251 379
270 172
119 163
427 96
435 285
146 16
356 154
269 54
175 240
205 20
233 64
221 155
49 200
432 396
63 297
44 1
198 189
157 275
410 135
442 350
426 143
310 102
374 339
449 2
199 126
4 51
173 145
381 405
242 215
228 193
344 337
239 332
91 393
138 69
299 158
378 282
31 58
79 343
264 177
395 295
409 40
418 117
181 265
126 372
207 445
244 30
399 118
332 334
311 38
339 437
420 39
74 266
33 335
209 196
131 238
211 379
111 209
8 340
8 48
282 305
141 124
229 377
64 218
108 26
268 325
163 285
19 226
352 158
80 411
21 353
288 438
107 372
389 118
157 326
145 92
376 63
375 313
331 2
376 246
19 247
179 347
399 251
177 103
185 273
198 68
32 270
449 278
377 376
275 191
272 19
432 262
125 160
443 50
170 118
261 393
229 80
300 206
132 7
402 370
257 36
184 96
204 349
143 419
137 210
276 105
362 150
394 272
231 67
329 424
221 121
2 386
113 286
32 298
91 303
295 380
188 15
347 160
196 49
394 404
5 354
269 442
25 374
104 398
22 40
275 312
40 408
243 2
255 244
387 376
368 99
185 59
239 0
62 130
244 106
32 311
247 334
75 20
74 23
322 222
114 391
403 334
272 53
249 206
429 122
185 179
190 413
396 75
333 162
110 175
124 310
141 166
46 193
384 372
19 280
405 190
163 378
88 244
97 354
221 26
252 44
385 269
160 12
91 10
227 284
94 110
331 54
242 114
144 165
111 8
301 420
196 5
311 435
65 238
105 69
90 213
16 54
184 198
442 192
55 242
351 106
325 20
80 224
363 402
136 336
132 150
138 390
419 401
146 321
367 324
66 174
175 180
327 244
218 28
225 373
12 45
318 311
283 380
29 93
301 414
434 260
62 133
93 375
33 403
425 430
182 238
237 29
354 339
141 167
396 161
431 332
88 288
372 17
128 342
197 264
245 6
159 45
61 384
440 0
222 33
88 125
277 126
275 369
41 244
171 251
182 368
199 165
19 168
163 389
113 184
10 144
269 233
10 66
103 54
66 121
252 299
95 149
110 339
426 126
151 327
156 336
330 441
288 275
156 292
296 204
284 322
181 417
242 342
25 66
118 444
104 135
289 83
166 29
71 20
248 135
431 343
301 227
32 308
149 84
277 297
143 254
333 411
385 372
111 400
446 240
246 282
380 226
195 119
330 167
37 74
340 357
131 261
72 142
409 280
392 76
405 417
449 50
185 200
437 30
412 5
309 286
45 143
259 223
308 413
321 51
431 128
157 199
94 395
185 388
287 93
93 159
21 36
321 119
314 279
340 49
1 250
366 201
46 38
171 447
327 412
218 379
141 278
120 407
37 149
304 274
148 100
83 202
392 313
210 322
135 414
155 173
444 384
315 139
272 81
418 139
217 155
441 436
46 206
229 363
67 255
135 35
386 241
271 259
228 50
242 330
174 192
178 113
42 430
373 326
278 403
234 216
447 267
334 22
415 402
375 394
450 250
444 170
119 162
432 337
159 421
159 445
48 232
83 74
423 277
167 395
0 18
308 121
404 111
342 83
168 305
61 386
91 202
373 92
437 49
419 276
144 175
234 448
56 64
195 392
308 80
43 312
349 63
169 366
235 136
5 97
3 348
182 87
87 382
132 163
23 219
220 408
377 266
273 43
169 18
239 45
347 333
288 449
74 68
446 306
425 60
85 73
280 200
291 252
185 127
75 401
212 334
303 301
208 407
284 140
414 202
338 115
179 437
37 26
327 183
276 227
81 334
291 50
109 331
248 99
79 80
33 289
416 379
107 113
378 22
143 444
139 150
79 256
269 132
283 354
348 0
108 310
47 340
296 90
29 123
429 79
150 266
145 68
180 418
210 410
300 289
184 187
113 107
245 388
225 446
30 192
38 284
36 417
39 383
182 381
123 369
430 337
380 164
448 114
293 336
121 118
360 434
368 18
187 376
35 352
221 348
261 450
338 94
254 79
251 172
202 318
77 284
17 373
395 11
195 264
48 345
246 305
299 238
212 143
310 332
68 224
382 328
433 98
253 31
133 310
435 142
132 373
288 345
193 41
8 428
163 96
416 366
378 365
93 208
408 280
275 402
137 347
444 122
39 207
376 272
349 240
261 225
323 226
441 127
94 434
378 256
439 194
390 8
78 133
387 14
191 403
118 235
103 261
379 61
192 140
89 433
5 45
408 91
272 278
106 13
177 40
314 415
344 382
35 281
361 65
367 387
53 29
200 328
186 59
41 373
101 45
31 322
153 253
38 270
35 75
420 204
408 279
283 283
204 39
153 390
243 449
169 409
12 397
386 162
310 381
74 423
286 426
217 38
415 175
38 382
32 53
333 441
106 149
137 128
304 342
76 249
63 226
105 303
159 376
319 363
284 5
424 212
81 52
316 275
444 16
296 444
66 386
34 133
348 20
356 295
381 235
68 317
201 361
106 371
361 306
144 385
116 188
19 342
22 239
70 225
276 161
382 255
428 329
205 339
438 29
210 233
342 313
152 446
16 286
435 366
386 305
39 141
441 385
429 78
401 0
307 148
55 122
157 42
428 156
315 421
333 76
71 373
17 261
298 25
305 75
194 406
436 370
38 70
76 334
76 413
79 245
239 117
42 203
24 176
341 167
25 335
376 281
422 16
258 136
236 246
116 62
224 5
145 69
85 34
387 271
136 131
34 371
7 397
89 267
321 404
241 166
180 156
410 44
55 33
90 27
40 422
40 393
1 2
398 170
259 396
245 155
385 27
80 354
283 426
295 37
110 418
372 104
242 173
47 184
143 125
103 191
245 229
395 10
330 45
146 78
277 267
49 295
77 93
241 131
326 282
138 167
382 364
392 387
350 269
234 143
212 175
383 139
350 438
279 104
403 96
349 189
423 151
243 350
417 433
14 302
421 11
390 129
414 410
414 1
406 55
58 201
419 236
174 75
262 415
373 36
256 121
85 249
159 153
245 108
27 244
449 258
116 25
431 145
317 440
140 47
213 259
408 225
426 366
88 97
163 404
85 403
243 234
38 386
426 121
129 446
407 102
357 388
191 34
8 200
299 192
439 260
418 292
343 164
163 131
47 361
10 396
384 426
75 447
288 250
40 88
25 92
206 28
434 122
43 280
188 249
434 231
87 41
2 189
51 129
178 422
85 395
27 45
82 40
59 409
430 323
351 169
375 154
76 31
31 256
180 352
154 125
354 391
423 46
258 33
217 301
344 279
277 235
239 229
188 281
235 424
116 438
323 82
96 37
91 268
255 430
248 374
56 280
431 435
315 97
245 391
254 270
42 151
411 241
339 158
188 266
248 69
285 178
337 317
167 18
272 192
35 178
242 312
410 352
320 207
415 331
300 362
108 76
400 44
107 13
227 171
341 283
55 154
111 302
449 29
440 120
240 93
316 396
164 37
176 25
408 113
426 349
260 435
101 79
256 243
168 28
417 354
379 416
422 281
412 90
83 26
220 141
29 343
218 431
81 63
432 300
21 430
124 352
55 105
279 228
395 182
115 243
341 348
36 149
423 373
298 340
142 307
15 290
273 417
88 313
436 179
427 186
98 393
402 32
246 33
428 208
430 186
361 343
203 317
341 125
198 256
384 170
215 416
76 267
60 199
184 68
208 57
167 412
348 267
41 390
184 380
432 375
302 433
133 77
425 434
262 277
240 275
327 215
299 383
64 79
40 63
281 395
189 31
399 56
351 92
28 116
389 309
251 224
440 171
223 80
54 186
282 429
109 24
262 168
53 119
442 92
295 27
398 325
356 318
21 153
6 109
24 404
442 46
203 439
60 206
176 75
28 282
288 394
397 328
432 229
239 12
161 95
330 70
301 67
295 5
44 357
321 136
292 284
208 20
416 299
235 142
236 435
213 192
25 238
428 91
406 268
280 435
63 388
407 436
411 383
176 155
63 398
53 124
250 345
50 291
305 297
39 1
395 278
382 439
23 105
447 230
317 363
133 94
233 379
132 399
9 391
174 236
134 309
297 223
30 315
288 367
353 343
160 248
94 83
233 254
139 242
150 7
116 278
237 147
317 322
233 362
133 390
251 55
162 375
72 163
316 18
41 26
204 248
75 56
286 227
425 234
198 432
124 361
87 129
106 41
100 103
8 364
203 240
293 312
55 88
366 442
397 356
429 343
425 183
220 179
213 64
61 278
148 413
131 144
163 45
16 235
347 79
361 247
82 18
185 360
263 140
194 5
414 310
150 224
4 113
123 360
364 263
377 105
332 69
92 66
116 68
361 403
86 31
385 142
298 358
428 395
329 142
343 12
10 172
72 156
84 102
59 380
138 307
14 262
347 231
155 187
240 233
432 26
284 233
179 359
111 4
437 427
330 440
19 92
79 143
125 206
289 377
318 14
349 80
320 108
386 245
173 423
128 37
292 92
124 342
119 364
301 424
408 227
434 442
400 401
131 84
143 324
224 61
306 273
447 71
154 20
215 34
366 337
152 445
31 206
101 238
329 412
43 194
222 227
110 138
309 178
174 94
65 228
234 95
24 232
52 226
233 136
405 329
13 284
14 277
84 163
361 368
363 150
155 282
244 28
245 423
42 27
42 186
274 153
97 150
198 275
343 37
249 194
223 94
201 438
60 166
148 20
248 303
250 117
187 163
425 285
339 220
51 13
169 2
318 171
201 284
309 268
325 62
413 6
183 109
194 213
395 120
56 403
261 8
196 330
325 37
266 342
400 368
397 255
207 318
26 304
335 415
29 200
229 87
160 59
259 244
49 216
360 330
63 45
143 306
276 217
411 436
222 436
354 112
357 193
37 404
283 217
154 302
215 431
364 108
25 168
302 174
168 326
302 319
437 272
420 277
62 6
335 442
7 32
18 325
175 407
412 374
180 258
262 90
73 378
96 222
305 18
39 234
317 90
96 198
93 119
391 233
342 365
360 192
305 331
448 73
341 100
426 154
39 394
93 417
347 341
124 77
316 323
134 61
441 88
62 41
341 130
390 283
271 352
370 309
362 333
304 218
181 329
80 165
19 197
221 141
115 22
43 57
88 21
92 445
104 84
43 221
323 140
3 218
380 140
428 287
438 97
276 410
272 411
308 22
203 197
359 128
435 125
42 145
279 188
229 65
107 227
108 438
28 268
310 74
278 445
43 250
161 346
288 113
220 56
145 61
209 294
75 257
49 230
295 213
418 443
372 254
449 161
169 440
132 29
175 427
156 283
120 27
335 200
348 444
289 142
179 435
126 281
153 397
427 343
109 397
88 356
188 100
104 92
65 397
376 297
311 341
340 384
1 62
143 75
360 81
17 87
354 118
298 302
448 302
70 262
352 257
340 250
185 183
353 20
366 320
99 138
215 234
284 238
321 237
331 274
389 142
195 372
404 309
83 232
370 242
303 379
128 197
103 203
369 299
408 217
234 53
378 318
398 156
158 20
265 210
99 241
297 381
405 209
27 450
198 248
36 397
376 96
20 25
214 42
88 93
312 204
327 7
15 376
436 38
233 374
59 303
359 100
36 257
110 2
156 38
423 74
287 10
334 59
219 97
391 259
85 299
220 352
121 140
332 427
232 305
197 37
140 110
208 309
183 236
181 63
420 173
209 311
22 326
333 265
314 157
314 437
248 362
430 384
96 390
336 276
6 375
136 391
287 382
341 81
332 171
307 99
159 444
311 166
60 119
269 167
208 27
84 309
297 421
82 428
9 248
430 68
323 189
287 101
265 430
182 114
322 51
244 142
169 191
175 355
61 36
317 233
413 302
354 150
36 101
352 358
298 162
382 118
431 39
79 261
217 444
231 242
316 266
29 383
293 118
54 292
224 422
49 25
289 43
407 240
221 263
211 369
368 335
272 432
444 261
67 326
9 147
75 437
349 62
404 430
440 179
179 80
324 397
217 164
153 448
88 413
224 33
223 87
193 313
80 198
3 81
105 133
194 52
146 387
55 176
79 17
173 436
29 42
117 150
368 63
354 61
13 293
368 149
197 438
96 387
9 229
168 267
63 367
66 317
423 140
230 116
24 358
7 178
202 20
181 137
396 220
375 170
82 113
117 0
278 245
430 81
410 419
189 101
122 448
267 400
314 105
387 170
381 392
326 445
84 212
166 239
264 277
415 231
287 367
384 183
96 31
178 75
160 207
419 408
73 442
21 22
341 204
73 266
270 91
213 404
179 12
263 49
51 362
177 160
450 309
339 335
448 418
82 23
279 330
303 242
391 323
358 77
363 120
89 439
398 204
429 419
437 99
339 61
247 120
278 303
145 224
199 147
5 302
190 122
72 352
311 286
195 69
333 127
189 302
313 328
129 232
65 189
234 203
347 3
20 82
349 429
87 87
127 58
93 421
240 374
268 46
29 425
337 136
275 270
146 382
447 199
315 61
238 377
274 301
365 341
400 95
229 352
149 253
271 405
81 377
72 287
18 125
84 399
392 167
31 52
405 198
410 320
405 296
322 211
312 279
42 48
243 107
247 52
31 314
304 341
227 162
269 152
417 20
298 9
172 88
113 59
240 430
6 64
27 30
276 136
64 46
255 39
10 330
408 76
285 65
275 156
130 143
324 68
210 333
206 236
421 396
136 344
16 80
342 51
75 94
302 112
42 99
50 321
216 319
201 9
250 135
278 332
89 286
400 267
244 257
295 66
204 192
244 281
131 329
436 324
0 390
267 204
174 280
103 10
366 34
449 129
191 286
161 101
198 321
201 245
303 372
238 137
365 446
81 241
334 268
198 355
239 243
439 29
103 108
34 203
47 190
299 306
74 381
240 220
405 6
151 71
250 212
281 281
412 98
252 185
7 20
446 230
223 120
277 422
412 61
46 101
262 270
276 447
419 314
259 221
282 14
4 387
280 123
96 24
29 446
9 400
174 250
43 323
401 284
368 316
346 201
52 203
199 45
283 423
334 229
51 15
380 358
113 39
50 12
180 396
432 341
398 365
199 112
433 110
158 298
248 310
64 272
244 235
105 322
106 244
151 219
167 365
116 368
46 170
75 370
342 80
29 330
333 71
320 230
327 236
19 16
404 206
364 266
372 82
55 332
68 103
200 428
237 201
115 162
141 272
351 139
183 266
404 305
166 146
190 129
22 17
0 216
422 161
158 428
301 229
227 206
334 441
197 154
12 28
117 103
437 431
318 66
137 386
315 447
364 360
6 332
105 40
156 448
263 297
102 207
147 341
265 54
95 18
222 139
441 231
333 316
40 255
221 294
119 88
340 80
281 42
349 121
132 368
307 221
213 440
136 348
44 356
429 283
427 26
19 430
288 30
6 96
272 371
340 286
228 128
140 428
133 133
417 137
109 249
80 347
434 238
272 54
233 439
341 13
288 232
80 95
83 231
395 80
384 8
2 309
330 361
31 53
88 343
376 38
115 247
89 351
260 62
197 100
393 365
252 368
225 66
46 41
236 226
84 108
354 135
54 428
210 242
208 104
245 296
157 216
66 49
303 246
47 46
20 294
187 168
200 269
37 403
431 246
421 69
296 312
283 304
189 152
2 245
272 396
128 315
183 37
367 136
46 289
432 295
379 203
234 20
394 289
205 381
169 340
248 295
391 290
295 46
356 377
204 141
120 263
115 194
56 277
287 29
294 332
216 271
255 107
276 344
366 52
148 169
213 19
127 214
389 254
411 108
345 280
384 56
30 351
113 289
337 359
123 75
213 9
56 85
412 237
449 422
181 166
426 216
216 43
15 295
320 126
214 315
394 445
301 236
409 354
402 182
388 144
88 179
283 187
298 93
259 114
351 136
135 22
252 249
234 334
222 209
430 190
93 87
171 208
117 156
266 434
284 224
428 384
354 275
38 276
259 352
175 17
3 40
143 354
277 301
317 216
194 241
435 307
59 382
195 176
101 376
400 56
364 398
171 339
406 322
335 57
327 329
197 83
403 188
404 155
264 236
436 90
276 128
273 136
329 188
3 120
77 54
11 49
396 64
13 115
157 80
208 318
105 163
251 90
171 262
384 383
163 40
371 251
438 126
417 332
353 435
229 389
160 22
76 376
20 21
343 64
16 73
65 208
212 401
97 122
250 373
17 222
259 446
296 105
124 354
123 222
204 249
367 190
180 119
189 14
35 68
339 325
239 128
379 386
101 70
72 246
171 181
293 347
29 12
446 276
238 218
89 344
352 270
373 306
234 110
361 116
397 441
332 159
359 299
323 287
161 224
142 276
49 48
253 448
219 415
285 31
208 86
290 333
449 234
204 292
298 334
440 245
72 383
271 346
230 422
234 79
174 354
400 362
309 355
155 391
205 191
372 205
66 53
345 226
62 217
141 422
429 240
138 45
202 45
168 129
67 397
15 124
74 354
280 305
262 236
423 278
80 261
150 69
138 449
126 59
150 429
161 417
296 252
219 68
312 146
10 13
223 146
152 307
294 61
59 333
35 290
11 80
206 450
416 67
382 414
62 88
359 204
337 17
128 303
115 108
177 428
368 376
40 137
226 150
314 445
116 346
33 370
90 234
228 278
330 417
426 17
80 160
385 70
420 92
58 56
305 94
76 178
157 148
437 245
361 250
54 35
15 422
1 368
446 409
88 415
303 93
138 52
374 389
274 222
327 77
321 152
312 416
88 423
383 100
258 2
358 444
201 173
206 76
226 37
162 33
221 64
439 139
442 120
288 134
16 397
37 21
268 328
229 88
239 221
64 165
253 110
341 419
24 162
186 384
87 411
236 300
250 63
291 277
182 288
390 66
268 51
60 282
331 375
137 158
97 115
77 182
173 386
288 258
201 23
14 242
346 402
244 161
302 355
213 303
160 262
79 448
420 226
373 161
52 358
25 136
188 327
34 178
149 128
199 172
185 436
315 326
228 291
89 317
140 250
266 283
333 322
225 441
24 392
243 53
124 195
447 146
360 252
156 343
373 395
163 65
102 227
84 89
372 80
49 421
325 190
158 123
333 261
339 22
213 6
337 171
117 59
423 66
128 418
276 118
74 192
130 194
140 45
236 433
17 201
361 373
164 211
372 272
204 268
334 212
126 395
240 53
363 222
259 294
65 309
360 343
117 444
25 108
362 424
146 43
12 407
392 133
143 443
147 363
50 149
355 129
251 325
63 197
278 131
105 397
90 14
443 435
52 146
435 264
52 444
326 412
384 334
381 58
108 178
264 2
26 98
146 219
231 193
280 319
449 414
110 22
180 217
2 215
114 332
39 424
185 117
253 114
214 210
167 285
101 52
188 80
307 439
176 296
236 153
161 14
55 371
277 158
312 378
128 256
317 56
414 374
225 185
295 23
218 390
23 391
129 157
283 244
344 274
300 195
363 102
125 382
284 439
83 444
284 79
444 425
412 389
210 318
111 255
123 375
249 387
60 113
355 203
22 58
258 298
124 125
160 157
158 125
376 145
335 186
225 273
197 138
196 442
317 386
204 298
2 360
128 121
273 330
41 320
62 314
220 226
166 296
148 390
73 150
384 206
321 316
200 193
245 178
448 118
125 174
119 436
130 94
35 114
100 287
92 367
155 442
224 441
319 34
298 43
249 220
30 30
111 183
267 256
68 213
121 227
438 46
240 65
110 112
177 260
41 442
78 117
144 11
427 252
226 422
406 339
375 11
158 132
351 246
434 185
108 99
136 321
320 63
68 134
335 355
168 117
375 116
88 151
73 170
31 273
197 114
350 266
161 420
297 56
13 364
430 305
346 264
115 97
238 353
392 315
197 78
313 262
197 225
111 301
417 46
66 440
220 277
75 155
421 407
86 239
155 56
112 230
243 15
106 299
386 267
417 258
132 83
287 116
165 252
80 122
435 150
297 434
345 219
55 148
167 283
342 134
403 324
358 224
290 64
384 54
105 85
437 123
344 59
421 66
76 11
260 120
289 283
3 437
400 190
8 383
65 181
349 119
334 313
389 379
418 164
27 176
278 398
87 309
188 203
275 163
99 375
286 100
177 312
242 439
116 82
66 155
411 432
296 274
200 412
437 186
56 394
44 300
305 349
116 257
85 189
63 252
295 50
11 338
397 273
71 359
109 304
44 437
182 367
19 4
270 446
318 122
133 132
141 128
117 39
225 191
396 421
392 68
38 150
0 323
19 307
362 20
80 433
383 176
442 169
223 419
291 331
229 311
166 437
191 324
2 68
140 0
154 338
442 256
259 4
359 444
33 302
361 446
257 96
193 388
412 347
142 387
412 213
107 447
295 97
88 240
237 375
102 161
221 433
34 275
352 378
259 326
202 347
416 260
55 68
390 10
22 442
301 423
56 389
236 131
145 55
353 32
12 376
260 434
386 233
417 77
30 449
11 130
248 392
340 203
434 188
327 365
153 47
251 38
69 378
235 129
156 217
30 234
115 299
287 104
167 261
217 233
274 430
273 209
320 360
91 147
107 271
372 173
147 396
356 131
74 408
253 156
419 438
205 77
212 131
65 93
250 246
376 313
106 234
152 61
167 157
48 13
330 113
358 240
314 243
449 59
361 13
424 417
180 241
130 51
176 88
48 436
18 355
184 281
314 65
128 420
32 397
14 160
442 419
82 434
444 305
25 434
180 118
198 318
36 388
331 314
362 430
283 407
131 445
101 41
21 0
280 15
414 127
256 280
6 348
446 305
349 370
346 392
276 89
317 336
397 150
145 310
183 203
386 21
344 149
46 263
421 105
403 212
123 428
338 334
426 340
229 344
263 33
50 226
302 84
2 208
412 132
291 446
336 38
109 189
292 276
243 7
172 287
323 34
9 333
338 144
103 64
234 357
437 10
154 64
181 229
391 400
138 310
164 193
39 420
78 86
252 179
49 125
191 301
44 163
221 34
37 191
218 263
75 350
304 262
293 121
260 294
363 253
2 121
53 291
221 6
178 306
81 335
292 170
106 334
238 438
434 383
418 321
328 364
95 16
201 120
7 133
131 133
446 270
199 14
35 333
328 375
346 235
223 196
371 357
87 293
318 224
278 299
311 156
127 169
438 390
151 298
262 381
192 122
32 257
106 272
235 111
405 436
391 188
240 424
265 389
54 195
140 331
204 47
355 255
310 22
184 195
196 104
314 144
108 100
146 354
4 93
357 13
326 79
213 49
180 381
348 84
423 78
363 352
25 252
12 274
138 124
117 135
87 38
428 302
11 87
10 435
157 124
369 285
321 141
9 64
165 150
352 55
441 229
3 139
253 429
134 151
150 32
203 278
54 337
148 102
100 136
30 182
246 349
412 92
345 136
186 0
218 100
299 387
384 211
99 60
150 416
30 347
305 434
417 115
40 289
326 254
289 239
388 229
312 160
73 41
130 17
269 382
427 308
185 146
131 409
96 362
337 177
39 365
179 256
289 53
401 100
25 104
305 412
387 416
27 5
91 217
94 288
138 350
195 292
249 413
55 343
205 413
167 397
245 303
426 285
60 401
361 153
237 115
116 42
251 449
135 131
267 308
18 183
14 150
262 78
267 81
208 59
231 23
273 65
418 49
295 114
436 23
414 404
48 363
172 423
399 270
104 363
435 208
325 329
35 145
307 294
219 299
134 146
129 37
352 409
26 359
14 133
230 434
419 61
80 59
380 397
93 163
201 207
356 329
96 116
307 108
347 84
41 406
45 388
371 188
196 351
339 419
385 291
55 138
158 215
172 0
432 81
313 220
69 81
367 254
287 194
28 13
435 98
183 381
444 218
241 330
13 46
388 134
214 203
185 299
43 31
427 102
426 133
269 246
297 367
128 430
263 38
411 113
121 242
26 226
213 190
361 149
194 308
223 200
224 11
125 47
297 30
195 3
112 305
227 426
59 59
129 86
277 390
369 174
148 124
78 389
295 446
106 127
158 314
68 194
341 403
374 87
399 224
169 184
226 165
3 280
431 305
352 203
327 66
183 393
341 418
164 300
187 52
252 226
378 199
306 95
149 209
326 270
42 283
238 152
280 179
125 255
169 51
306 322
202 332
199 447
270 4
367 241
168 19
409 293
265 62
395 219
125 270
203 352
187 67
418 28
444 249
85 239
339 295
233 91
353 206
249 9
1 441
188 24
68 294
240 195
104 27
153 200
118 316
272 60
148 407
427 179
54 433
429 214
78 265
6 205
405 135
414 78
436 223
335 64
275 231
420 392
407 272
91 407
264 225
95 405
144 111
38 320
144 69
122 99
130 68
430 27
276 97
36 334
302 252
351 244
25 344
283 62
447 184
215 424
269 329
422 256
191 232
167 250
381 261
138 46
186 114
112 40
5 377
415 18
322 1
51 148
216 446
23 301
220 414
337 86
430 363
144 360
270 447
57 383
136 237
137 208
309 382
393 231
181 413
157 36
323 81
448 106
222 65
287 86
19 304
336 173
22 450
316 316
167 408
93 297
181 394
83 426
307 378
271 414
141 246
2 182
203 429
68 305
193 131
103 121
1 221
218 405
357 174
24 409
190 178
207 48
405 257
107 172
46 299
389 21
200 327
362 208
25 248
391 319
193 72
27 87
418 279
23 387
200 341
448 235
309 199
256 83
86 123
109 111
44 199
114 395
300 16
70 377
42 4
245 32
370 53
166 271
428 183
294 76
374 10
140 183
346 74
11 63
261 109
435 201
37 0
18 333
415 353
190 117
436 209
46 65
21 23
64 146
351 339
225 354
83 254
342 214
287 127
429 246
70 395
198 367
98 261
101 446
123 414
317 392
422 312
103 57
254 365
268 295
357 167
269 393
277 8
140 78
326 74
221 327
389 34
133 384
296 47
305 172
344 339
41 378
285 277
386 268
71 31
357 32
353 423
206 242
157 427
224 121
320 168
392 63
446 392
91 263
349 261
411 433
34 90
407 306
442 263
310 376
359 380
359 114
228 112
130 244
0 284
117 95
100 188
19 395
143 104
55 60
161 39
238 207
177 150
100 90
356 61
433 409
201 407
151 181
37 62
444 145
227 126
437 393
200 156
349 55
149 320
337 291
267 397
77 398
248 390
386 232
245 385
264 170
354 318
246 138
266 56
26 55
40 313
16 254
177 181
449 272
227 21
339 66
361 22
253 186
429 43
416 348
103 373
406 297
221 421
385 255
353 186
59 213
93 227
164 6
215 189
327 354
112 164
415 123
398 442
60 230
280 161
402 107
355 126
389 250
210 201
446 187
120 365
170 243
256 318
392 47
5 218
412 135
199 267
354 351
318 424
449 3
326 105
297 255
35 3
201 250
333 363
129 442
11 396
267 423
262 443
186 389
326 164
55 175
264 252
146 171
356 77
163 8
52 120
215 395
394 231
302 444
320 114
358 269
247 65
349 115
427 106
275 281
289 47
86 100
282 279
180 281
362 326
50 162
436 300
154 180
322 169
314 234
266 375
381 117
120 270
291 212
227 302
10 316
341 143
445 438
376 103
160 98
317 276
443 203
346 119
16 102
256 373
393 429
389 81
221 313
410 263
187 116
353 353
152 329
293 152
27 141
167 4
239 197
210 83
364 147
443 445
293 218
373 273
251 26
330 24
55 11
0 169
390 80
122 164
296 159
43 273
0 223
245 349
35 371
384 107
265 81
139 312
366 81
414 381
279 232
3 196
94 172
290 328
176 197
11 132
362 436
54 201
270 181
267 139
242 193
181 241
59 364
36 70
376 366
21 125
189 303
116 234
144 238
63 377
238 100
228 84
11 65
159 241
88 36
288 70
197 185
313 118
233 291
323 50
97 344
222 215
161 186
403 445
53 292
379 258
38 328
431 134
357 410
13 82
254 440
440 81
243 203
272 193
151 319
450 136
400 421
208 384
30 79
193 421
37 280
163 139
390 152
312 148
66 450
430 367
200 174
21 237
350 77
114 118
56 43
248 84
189 190
42 288
420 431
259 283
256 7
205 226
147 304
56 135
390 49
410 237
256 169
62 304
29 309
412 194
23 247
394 269
419 288
36 242
298 208
261 385
93 67
46 217
62 103
361 42
97 280
236 237
256 307
134 271
18 100
131 32
413 34
248 441
131 372
65 375
198 113
144 42
140 3
138 335
175 27
251 421
11 13
139 138
349 345
18 64
310 427
430 410
259 165
82 449
118 292
343 143
283 208
186 331
90 11
307 374
74 14
147 110
268 219
67 2
305 308
269 134
434 211
302 393
269 431
123 410
49 93
441 410
41 401
361 227
356 16
91 144
186 79
304 10
76 412
394 211
270 347
403 182
176 70
12 304
115 64
13 219
209 43
343 409
162 234
55 251
78 367
182 2
414 339
208 311
183 261
39 248
85 405
79 298
295 381
250 149
185 353
153 98
105 386
415 132
43 302
313 204
383 55
96 38
299 113
272 83
315 91
289 274
37 166
178 289
45 40
145 409
35 46
197 420
232 448
73 147
39 69
357 386
30 116
176 44
364 118
172 181
388 35
391 102
119 286
34 256
337 121
203 262
148 22
159 70
171 353
58 443
346 391
150 88
300 281
228 8
148 126
20 56
48 374
433 211
362 159
434 427
262 323
205 66
327 60
381 161
185 238
410 317
330 416
138 16
340 374
215 295
442 412
111 328
149 442
258 17
277 135
78 357
188 377
72 16
84 315
209 12
342 183
78 400
13 240
320 368
311 446
221 20
90 174
300 337
350 347
288 41
361 101
252 54
141 334
413 387
191 288
233 1
392 425
373 425
110 286
67 156
301 158
187 131
250 417
247 235
367 391
23 3
320 90
13 28
14 348
150 92
436 126
48 332
68 398
33 101
250 142
45 409
43 115
89 173
353 267
235 202
253 50
97 341
424 301
147 106
56 263
41 5
307 93
38 447
305 52
221 28
0 450
234 142
274 310
328 400
69 198
132 135
228 109
99 413
19 368
48 33
415 382
72 280
119 313
98 251
293 287
330 372
244 92
155 300
238 191
68 315
31 117
364 371
352 13
285 257
280 49
239 295
375 156
335 183
34 157
212 22
52 200
393 397
110 413
360 441
196 19
145 20
201 147
181 318
107 3
361 390
380 341
181 420
113 90
162 273
210 168
355 16
14 344
104 116
358 360
405 86
104 288
316 91
76 43
331 26
401 261
409 94
178 263
93 307
17 441
415 126
50 69
97 403
311 328
148 379
79 331
91 211
242 394
62 293
127 55
199 420
11 209
444 34
48 388
404 352
206 264
246 1
12 405
342 164
25 409
300 213
243 85
115 261
438 1
64 101
188 278
388 284
200 109
38 139
70 34
146 367
131 274
56 104
350 293
248 389
79 32
131 358
6 383
416 274
175 115
300 40
86 257
148 376
107 365
80 98
175 145
59 209
29 32
114 110
307 236
365 288
304 30
310 270
372 42
46 324
63 320
428 137
408 190
449 230
239 193
128 90
1 15
127 354
168 87
280 107
352 207
194 41
226 268
236 350
328 133
113 322
165 210
400 199
123 8
21 244
263 126
106 381
317 246
370 71
274 250
226 361
149 361
96 165
207 11
134 318
265 296
184 334
418 79
391 200
388 417
380 148
379 13
26 351
390 411
6 47
124 273
12 297
270 49
54 198
403 341
441 213
330 27
201 32
419 286
192 429
339 38
350 390
364 255
274 188
390 333
353 192
262 205
418 74
337 14
56 41
150 133
405 121
189 72
84 46
324 365
334 1
297 32
49 171
29 238
391 440
450 206
155 62
405 307
226 214
343 414
358 411
244 261
407 349
220 121
181 293
301 101
415 411
248 184
209 113
2 343
124 334
337 106
173 51
268 259
159 192
290 206
198 348
326 201
442 84
319 365
339 375
299 274
156 307
93 190
449 67
19 266
35 67
318 137
20 397
139 236
350 85
187 210
361 127
281 336
298 367
425 257
252 53
251 283
363 428
48 339
176 144
175 22
382 411
102 320
46 412
383 66
93 311
303 134
47 377
337 286
251 318
30 401
177 8
264 224
422 296
78 168
428 57
269 191
222 266
398 291
247 77
354 266
396 188
69 141
25 130
148 236
221 405
256 400
311 227
398 346
237 228
364 53
142 279
3 122
33 136
12 368
59 285
65 281
31 20
151 211
58 302
140 362
100 383
97 250
197 425
321 391
81 112
268 234
323 250
229 260
218 170
414 166
301 241
205 396
285 345
51 307
181 423
407 177
343 95
161 73
176 71
100 218
104 375
364 299
96 317
320 422
224 100
321 332
369 406
120 67
131 121
383 4
363 143
296 175
366 322
102 79
326 68
273 135
263 423
353 16
420 348
108 193
132 89
297 440
258 431
432 320
19 319
11 106
118 303
307 37
433 435
159 176
201 203
167 402
11 271
23 172
355 175
278 319
201 212
221 1
120 167
70 109
293 333
124 343
69 294
103 5
235 12
302 166
211 11
116 240
392 121
252 445
211 358
35 62
104 176
174 39
36 148
444 283
401 53
142 120
133 392
181 125
395 101
141 233
123 424
277 183
226 315
66 338
321 216
310 274
427 421
168 255
86 330
337 220
344 107
46 321
9 51
354 363
395 335
178 287
411 294
227 448
321 239
188 22
290 228
21 424
349 293
322 438
396 68
356 188
216 436
45 234
155 415
61 53
118 257
0 33
408 180
126 22
406 381
368 188
397 423
279 415
279 429
226 247
202 397
443 304
306 79
145 252
166 134
328 386
400 35
439 303
94 284
22 51
182 259
281 303
40 329
246 4
113 72
415 156
289 105
155 141
61 246
444 189
174 91
280 343
275 189
415 424
199 399
268 239
253 377
31 148
303 253
175 187
52 140
290 308
206 153
243 200
362 357
49 354
115 182
254 48
281 271
367 359
193 373
53 399
116 390
294 89
361 118
316 165
108 60
116 166
51 266
378 366
426 167
232 437
307 5
307 33
69 380
419 315
331 65
206 444
101 136
172 218
125 302
264 321
187 369
426 149
70 208
217 126
312 354
228 48
234 378
376 94
435 216
144 189
298 112
314 252
414 30
14 413
167 62
447 68
47 153
41 291
147 301
106 235
329 350
1 27
117 249
311 96
350 168
92 436
439 384
291 257
344 198
258 194
441 38
33 23
387 80
11 223
195 341
199 411
242 407
260 251
426 148
114 103
45 282
272 161
340 347
307 91
16 193
103 125
305 168
219 223
58 378
413 305
151 328
287 371
186 324
115 282
75 135
111 385
91 197
202 52
230 27
124 292
252 388
242 39
391 50
188 184
119 405
96 234
302 388
251 299
281 223
55 79
207 111
367 396
351 348
49 85
308 418
239 296
12 25
305 192
287 205
12 435
329 288
140 141
236 147
154 217
349 294
107 58
147 444
200 58
164 348
377 158
222 375
56 317
286 141
347 32
323 358
306 180
139 61
368 72
283 441
432 27
107 180
446 50
416 122
348 109
234 83
377 269
116 387
71 256
95 48
378 113
105 185
291 413
257 97
183 79
174 80
344 330
426 334
187 403
146 299
84 156
270 100
96 297
91 312
392 347
329 331
103 414
403 69
250 193
106 399
205 434
63 14
138 357
117 222
119 172
87 304
47 205
387 158
159 255
204 391
366 63
114 294
338 392
114 253
217 98
305 312
350 177
122 69
42 319
263 353
47 182
126 123
405 24
260 444
421 310
51 144
107 29
283 191
41 228
101 366
293 80
373 436
358 328
157 381
88 337
411 86
33 165
211 234
390 168
249 369
386 222
139 377
397 101
327 159
194 85
79 411
328 268
86 4
320 122
272 425
406 119
230 194
46 8
249 190
41 82
354 449
273 301
381 64
14 384
306 125
270 269
349 195
217 100
19 83
253 272
10 235
202 0
366 104
41 157
67 155
313 248
440 86
341 99
88 221
202 58
211 257
107 222
251 76
174 351
441 416
10 424
75 29
241 385
184 176
197 34
269 221
44 291
71 354
421 379
449 126
199 227
183 436
148 196
392 155
298 297
410 181
21 138
325 304
131 83
168 411
450 119
436 293
152 154
362 113
426 385
147 271
241 318
95 334
446 148
310 228
347 10
434 409
238 217
34 319
185 47
282 241
194 268
82 89
239 192
424 356
11 380
278 125
99 436
103 257
263 199
271 328
130 370
43 374
383 69
320 214
4 369
25 59
105 299
65 416
271 334
72 229
171 378
144 337
258 259
283 154
401 167
69 47
126 418
341 431
191 265
200 55
30 0
127 326
80 273
277 81
382 16
44 82
430 175
366 239
115 86
368 446
187 352
60 15
369 426
450 334
143 253
28 189
121 267
160 209
410 418
174 358
241 185
108 284
333 249
178 149
168 166
281 294
441 287
307 78
148 53
130 394
289 390
415 112
404 87
36 177
7 342
31 408
104 130
130 266
141 247
191 413
83 46
422 182
444 149
347 134
204 44
46 273
238 308
86 79
74 413
290 55
413 2
377 102
58 264
34 41
215 121
181 344
278 386
252 189
159 413
423 132
134 47
436 310
175 13
410 97
5 219
185 53
34 98
84 245
45 1
20 5
124 191
245 299
175 28
134 55
61 331
28 187
178 280
427 111
202 184
281 229
293 346
235 127
309 305
82 395
95 160
289 144
247 265
198 373
100 12
83 132
60 130
281 206
397 136
108 349
246 260
82 269
428 317
210 58
418 138
84 200
173 35
291 439
396 108
312 36
78 246
219 430
198 52
362 119
304 246
52 344
40 283
11 302
446 181
235 364
236 392
413 4
416 400
36 19
57 435
178 388
150 412
140 79
194 142
299 16
295 448
116 1
418 257
435 105
274 21
173 441
186 428
281 52
74 311
230 326
353 379
59 365
107 142
1 292
150 413
70 324
131 250
286 120
248 421
400 98
330 16
262 375
358 53
176 85
1 69
48 116
15 3
261 444
132 104
233 369
176 54
190 115
146 183
165 121
44 188
272 231
368 109
304 235
254 312
447 40
17 33
321 310
184 15
427 371
93 117
258 446
403 419
314 310
295 390
231 265
261 413
166 274
367 265
410 144
291 336
97 68
279 313
204 194
142 328
78 119
8 22
278 14
192 395
316 351
187 161
335 210
37 407
145 111
363 439
20 68
303 192
2 107
182 43
368 229
319 161
104 299
91 430
385 105
169 321
305 105
50 310
91 391
380 338
143 113
53 87
450 192
191 127
381 334
402 251
173 290
274 417
294 180
141 118
168 254
28 424
262 141
120 275
7 174
311 209
288 122
367 367
196 202
39 211
122 366
447 357
108 27
425 364
156 149
58 154
316 367
0 313
257 418
387 350
3 449
188 54
391 402
344 349
325 72
179 259
262 209
274 360
241 51
293 179
173 426
44 235
50 364
347 39
339 103
248 149
378 37
363 237
241 16
323 219
442 243
176 240
415 302
153 16
335 224
110 294
294 51
228 274
12 317
45 211
227 32
11 303
372 292
416 154
246 324
296 406
304 442
40 170
182 316
17 219
423 250
157 397
59 93
385 253
167 373
51 155
422 232
92 217
139 262
68 378
303 36
95 128
182 433
76 240
168 172
373 194
373 422
315 69
359 159
193 173
368 260
97 8
219 235
194 312
420 20
32 121
135 193
149 221
296 65
396 349
53 285
51 406
248 258
11 12
250 78
349 312
237 116
238 201
214 229
105 198
38 268
124 293
394 384
284 312
142 130
282 371
421 26
76 40
357 317
137 415
155 71
445 299
82 323
213 363
292 374
391 364
336 339
33 253
181 309
267 243
20 52
2 161
144 372
407 82
167 110
319 151
78 164
322 376
5 150
129 5
110 420
79 5
175 371
135 17
148 132
269 433
403 359
42 192
238 249
352 190
439 286
204 14
273 49
99 379
244 322
399 252
330 186
233 39
436 143
231 392
151 335
386 50
314 236
310 317
237 66
194 259
77 434
377 124
32 427
110 157
354 277
82 245
247 16
175 362
181 326
316 90
110 212
450 96
328 223
401 257
444 67
23 221
240 129
109 316
445 21
50 281
431 368
333 109
130 54
119 342
7 199
179 421
436 101
288 144
308 365
65 435
393 111
224 241
156 431
190 321
403 357
49 63
15 205
23 137
4 61
335 371
119 206
397 429
231 415
10 407
272 95
65 403
416 99
433 328
242 150
33 30
140 275
260 269
356 92
109 292
60 293
263 228
268 68
36 23
297 356
377 320
343 320
186 436
201 102
282 170
22 447
126 326
375 361
370 112
10 29
373 419
402 71
101 23
307 101
269 83
276 431
436 124
124 180
318 50
24 121
234 420
329 431
88 419
76 96
235 369
449 178
354 247
4 153
258 241
355 385
254 59
96 374
248 108
327 22
307 376
160 193
292 94
78 247
397 158
345 15
204 119
85 83
46 169
444 306
280 240
411 184
449 397
377 259
316 350
351 189
405 65
250 429
259 224
110 171
184 339
348 423
192 103
51 122
211 107
243 92
250 325
184 7
291 136
322 137
272 403
286 91
0 113
189 28
221 437
135 25
254 217
226 96
337 84
258 243
280 293
202 8
23 32
370 370
52 410
223 328
80 140
41 301
299 429
360 112
358 414
196 82
10 112
171 245
112 251
415 24
382 341
96 307
446 293
351 38
419 267
336 328
64 347
158 251
146 437
47 435
377 90
178 355
305 166
221 25
70 101
370 96
228 270
47 294
239 15
170 177
293 55
47 87
318 389
285 275
297 299
156 400
149 70
308 442
223 169
365 421
26 383
156 203
106 190
256 181
66 342
155 99
29 66
67 321
43 377
234 61
423 165
287 153
150 363
442 6
3 38
172 199
369 396
145 38
55 250
298 119
144 390
393 17
236 299
367 299
315 338
10 161
259 155
389 393
352 386
92 43
365 263
265 315
44 183
370 428
361 17
122 34
358 277
389 146
46 303
206 392
348 120
105 341
384 53
204 116
358 426
38 213
195 340
69 214
84 201
258 246
330 183
264 359
259 353
46 47
49 249
102 11
3 409
191 219
308 186
92 83
148 108
63 37
216 423
116 171
25 199
302 121
9 449
103 30
109 283
292 233
349 290
11 94
310 408
7 89
230 421
425 230
157 119
19 120
166 315
123 50
411 22
397 432
305 118
402 187
381 122
402 237
152 257
23 12
310 162
378 31
133 421
325 93
261 442
375 225
428 272
384 316
363 293
64 168
40 292
3 376
7 135
423 341
261 408
294 102
42 259
363 445
340 275
246 116
114 136
122 67
305 32
318 272
365 23
264 57
282 303
412 307
329 12
272 102
344 205
357 443
357 231
141 123
86 254
423 381
339 84
416 73
241 128
430 152
103 397
234 207
55 166
182 83
135 83
173 106
361 245
425 404
328 52
444 243
371 7
437 147
68 324
374 419
252 449
40 101
134 249
229 173
246 185
130 181
266 408
450 132
396 40
282 218
309 406
331 408
211 292
370 311
398 246
14 379
322 256
285 343
139 275
229 277
330 163
412 4
255 213
164 279
45 364
324 295
344 297
126 249
84 41
120 77
396 345
410 283
393 236
257 250
283 297
345 88
56 2
342 129
138 408
62 417
123 381
441 370
45 246
330 315
410 73
367 348
249 300
214 2
399 409
265 15
213 400
324 439
422 279
295 317
436 381
212 96
447 113
432 387
228 119
437 151
37 41
392 419
59 181
268 125
394 342
55 320
450 408
83 337
324 17
242 269
141 320
446 377
31 224
248 425
63 18
248 277
31 278
367 432
355 259
354 289
215 268
358 238
6 171
320 370
207 94
170 431
244 14
283 11
34 83
21 443
36 279
256 267
216 317
242 322
84 412
183 246
219 296
119 113
133 187
115 172
226 157
235 232
103 136
177 28
403 64
178 9
247 28
270 82
81 62
130 436
444 322
392 134
45 270
329 71
89 245
411 225
124 49
283 414
401 79
438 272
89 360
288 327
179 11
338 196
263 20
438 325
35 9
199 204
182 237
378 316
384 80
291 262
243 67
25 135
19 18
88 300
300 223
244 109
326 251
26 124
211 299
218 93
438 7
301 26
449 411
33 324
188 441
409 432
423 55
299 413
26 161
7 173
146 397
155 168
349 417
344 429
44 90
155 416
383 94
326 258
349 302
128 431
317 399
152 168
129 308
178 362
61 430
443 449
78 19
385 424
254 244
189 351
258 193
218 92
109 139
112 133
27 149
437 315
141 71
344 355
302 59
94 80
225 344
143 340
58 365
186 270
205 47
414 131
431 291
422 51
58 241
63 222
177 16
62 333
21 206
214 110
197 368
392 260
356 407
98 142
23 115
269 372
37 401
112 407
302 126
87 166
361 256
67 367
114 346
258 253
266 365
213 121
343 304
374 226
293 310
129 14
313 297
16 399
125 310
425 201
82 297
320 137
439 25
412 294
431 420
422 126
433 321
173 450
254 284
19 218
233 426
184 275
7 441
57 146
354 368
386 108
154 434
229 61
333 151
291 450
348 170
301 403
232 405
244 130
106 300
292 56
221 53
18 194
397 41
187 334
50 403
48 185
60 352
96 430
447 282
244 208
122 30
247 30
284 193
41 213
371 15
250 352
280 253
327 116
225 375
72 24
182 208
252 431
304 435
5 86
54 24
295 299
338 197
305 92
163 59
420 253
218 116
195 20
428 328
153 12
440 328
153 393
330 285
108 90
324 348
271 123
367 191
171 106
234 449
339 150
71 426
169 257
145 397
255 63
83 216
280 447
130 308
264 16
246 23
242 80
211 118
186 53
44 245
298 351
22 14
134 5
163 41
39 305
424 110
75 377
80 163
251 69
156 391
130 263
151 404
13 311
71 311
331 433
310 413
448 57
436 128
171 382
15 147
52 449
306 122
407 150
369 251
339 164
118 154
395 328
44 311
158 386
423 221
366 377
266 94
48 57
176 414
219 205
363 393
447 332
123 340
261 323
437 196
386 257
381 153
115 39
157 346
92 332
376 116
155 134
73 440
19 5
393 284
286 302
172 433
321 435
305 228
337 184
78 84
17 32
420 58
169 318
247 282
340 285
21 269
313 378
185 445
367 134
392 97
248 145
434 226
1 43
94 106
418 254
351 425
204 199
288 316
369 290
40 399
299 69
242 72
405 305
337 59
352 187
221 292
447 300
282 5
137 423
120 161
228 92
227 153
276 178
327 418
18 307
23 198
289 260
368 47
196 214
260 175
138 337
219 309
323 87
437 81
429 166
374 17
341 115
195 123
138 110
85 377
251 118
222 10
287 97
335 305
64 122
14 240
326 402
147 29
96 174
181 140
175 34
410 407
304 18
249 260
294 108
165 60
244 76
385 375
438 152
267 446
268 105
235 275
77 45
153 94
359 356
327 389
432 48
80 49
315 180
131 365
246 429
102 295
176 123
240 385
435 104
170 16
33 177
47 111
352 353
276 387
250 444
238 47
151 245
54 415
271 57
341 88
426 364
194 381
307 203
79 158
4 398
50 34
72 299
119 335
60 408
59 281
384 134
364 298
203 353
444 272
334 161
4 119
67 35
220 398
105 363
262 390
92 74
97 87
96 340
142 7
123 315
408 365
117 296
246 163
344 374
291 22
387 138
420 385
274 418
214 285
83 368
176 253
309 332
132 210
339 108
316 190
242 329
301 46
427 369
300 353
64 439
400 385
210 101
104 77
97 282
447 222
412 440
381 242
317 261
183 190
427 155
418 349
377 177
415 357
196 370
73 306
34 347
232 369
93 199
105 431
240 217
196 62
194 100
135 124
437 349
85 361
234 145
438 407
422 155
367 69
190 65
430 290
288 278
7 31
313 366
171 430
388 283
277 62
83 307
211 254
160 7
218 277
82 450
368 88
98 4
286 382
347 272
375 68
1 406
308 370
362 27
383 316
188 165
262 298
124 365
90 39
156 300
63 315
72 198
345 66
417 366
370 122
226 43
177 146
142 113
312 30
284 390
347 141
428 116
227 282
92 230
268 408
366 378
29 240
357 64
171 331
152 103
281 135
304 104
70 164
391 193
320 329
414 100
39 441
262 164
447 331
31 333
113 93
154 173
33 445
260 75
53 416
162 224
231 408
407 106
15 255
33 353
99 134
318 209
279 82
9 138
392 257
212 67
420 0
73 74
140 373
177 301
434 297
220 219
373 126
438 393
175 156
158 412
119 375
330 184
175 305
45 353
71 376
320 105
288 89
270 329
213 384
44 249
175 190
308 326
30 102
427 254
71 225
228 189
417 168
242 424
256 281
294 248
296 366
104 246
427 336
379 19
421 186
133 303
139 339
376 358
85 146
418 142
348 177
138 424
53 152
370 295
268 242
443 403
196 38
244 224
161 163
139 276
169 374
107 400
187 95
164 188
223 433
28 80
126 241
18 97
23 118
335 236
299 37
371 86
242 60
51 409
260 240
176 241
343 301
147 195
379 345
444 110
144 324
203 337
341 34
442 173
124 345
130 129
186 96
134 35
295 163
366 174
89 269
192 139
120 125
70 59
5 284
187 10
320 427
362 226
331 17
9 424
407 148
161 27
278 345
114 333
327 170
354 63
84 73
317 21
385 342
200 70
423 348
308 155
320 234
15 144
192 303
401 209
301 120
280 287
64 51
299 232
211 417
159 179
303 90
153 236
381 440
292 75
365 85
105 416
442 161
219 317
378 39
65 140
443 245
241 366
380 300
394 112
69 314
89 143
210 436
43 58
231 55
81 269
348 90
322 11
254 294
435 330
346 251
372 392
90 269
171 59
175 249
33 413
223 58
443 396
253 315
341 378
313 358
72 146
318 141
231 213
231 20
214 82
407 53
49 9
217 102
310 95
203 160
446 1
360 178
118 118
398 241
360 291
340 278
13 278
407 404
373 424
27 408
2 2
139 449
434 179
166 3
117 194
64 80
228 337
6 368
382 154
207 237
336 35
388 57
43 276
70 201
184 174
44 123
398 197
138 129
99 4
239 251
199 298
163 201
20 24
339 6
66 354
428 47
397 412
9 252
109 177
236 31
220 144
227 386
350 346
420 297
16 278
5 356
305 354
436 237
330 210
169 181
58 244
306 402
421 58
215 235
390 433
58 125
1 67
66 322
136 37
16 53
332 178
64 162
158 109
158 90
411 253
419 445
345 22
27 417
277 160
325 19
305 216
132 369
216 287
390 304
191 335
133 103
60 73
48 378
228 25
233 160
107 438
65 90
407 50
271 94
70 222
364 138
388 412
371 270
304 101
160 238
356 12
449 92
52 241
416 115
98 130
154 426
108 414
251 150
123 433
202 362
354 81
384 358
391 47
367 380
349 29
207 114
12 0
307 429
198 253
389 374
340 218
62 129
45 61
412 225
241 291
128 285
239 123
366 365
131 194
218 259
57 282
216 107
191 124
367 60
132 85
96 176
252 320
296 336
369 356
256 347
68 292
41 296
243 290
277 10
371 95
435 167
209 224
202 4
206 174
380 286
302 431
39 401
208 148
28 292
118 161
184 215
394 216
342 96
267 34
191 92
140 9
285 171
287 222
106 30
51 450
287 360
450 120
73 192
306 232
72 400
143 362
277 430
148 264
17 203
119 155
286 279
442 87
127 22
438 363
309 147
43 215
307 226
228 367
436 51
339 201
70 85
229 290
18 251
403 7
203 327
264 43
97 53
158 353
327 413
361 166
240 18
435 420
425 193
107 431
100 432
226 87
202 361
382 136
243 450
146 14
256 52
362 414
110 411
331 136
153 51
145 303
403 413
76 366
294 122
60 297
239 86
229 410
272 246
412 232
365 187
350 381
119 217
222 208
244 104
434 398
347 285
159 351
214 412
403 273
105 170
226 413
423 288
144 40
330 129
409 219
369 416
150 8
315 343
233 262
113 313
137 270
132 133
407 166
281 67
73 411
324 147
164 332
231 407
55 316
155 11
54 450
443 335
238 3
411 127
395 241
227 264
102 348
202 135
221 70
46 150
102 130
404 24
16 281
238 87
284 109
116 168
166 288
271 234
202 395
392 75
16 241
79 148
395 425
337 122
85 137
369 388
239 357
27 427
327 349
419 95
258 101
379 401
11 343
309 386
6 66
267 294
171 39
278 370
92 159
243 358
413 180
164 420
163 121
287 200
280 44
303 365
394 433
398 364
338 62
114 430
113 358
449 114
151 296
285 124
86 63
220 331
313 350
93 303
413 225
60 70
395 210
166 403
35 266
60 121
262 11
287 156
130 215
395 334
54 209
343 305
215 244
362 296
280 82
279 387
123 168
26 130
192 147
95 357
419 53
92 409
448 28
171 190
113 292
197 253
77 214
162 17
63 189
11 291
209 300
180 347
174 72
93 226
99 227
449 57
357 179
101 266
408 332
431 353
414 398
53 54
317 153
207 330
254 178
240 98
49 215
208 445
366 173
278 2
277 63
280 57
53 370
217 264
255 69
101 147
446 267
127 124
287 2
275 385
360 36
42 19
275 245
195 348
164 34
360 214
290 221
20 356
403 286
97 359
235 441
445 32
422 447
263 14
146 267
142 78
285 90
15 281
49 126
96 305
173 378
193 209
255 184
415 61
362 214
260 45
408 31
269 364
8 206
180 316
242 203
169 203
316 14
350 159
402 15
0 274
396 176
415 136
321 68
290 238
246 224
129 362
20 422
253 379
382 216
40 75
397 87
252 265
225 414
154 43
249 375
186 322
8 390
124 107
283 179
449 205
281 151
234 348
398 237
70 303
358 216
336 299
229 293
117 395
298 244
287 219
350 146
449 122
41 375
172 410
34 437
265 110
100 276
398 357
206 292
248 423
316 421
141 198
441 112
278 87
103 346
340 279
291 81
390 292
417 110
95 442
89 243
111 9
278 261
231 251
391 419
216 326
420 374
70 155
301 434
393 195
401 309
224 360
338 121
216 179
157 327
240 60
302 287
443 135
398 87
302 75
395 363
285 152
387 162
387 145
373 220
173 294
56 217
133 414
66 44
248 296
184 258
160 109
248 101
146 337
284 370
395 356
113 62
402 160
137 20
142 368
319 152
84 113
245 158
69 163
319 243
14 238
215 445
245 409
229 112
77 175
3 328
431 450
153 75
241 10
74 427
146 307
107 298
417 353
111 329
247 7
56 230
278 56
296 223
330 81
344 96
397 362
173 5
81 252
108 49
32 211
119 417
46 297
396 374
272 123
34 309
351 79
287 314
183 367
310 257
194 236
20 13
366 74
34 134
364 165
445 159
304 254
261 138
258 430
159 59
347 216
324 244
274 106
219 191
126 63
172 319
209 443
9 151
333 35
349 306
307 183
324 129
280 387
17 27
97 361
270 133
177 226
0 161
82 374
353 290
194 143
62 11
210 33
442 340
64 249
369 125
352 432
396 54
378 67
346 64
151 127
78 35
128 66
320 124
96 11
430 291
188 97
184 347
338 227
273 25
169 393
270 249
257 409
158 223
299 371
208 252
46 375
418 422
16 444
131 419
335 433
363 71
433 308
23 314
109 378
224 146
270 425
64 364
385 368
374 164
341 344
348 279
290 83
242 138
400 177
267 5
222 157
321 241
339 258
434 31
223 189
415 77
323 322
53 88
27 173
378 420
90 38
319 423
314 85
356 94
76 106
239 14
407 159
215 348
67 341
375 278
244 102
163 126
98 63
287 368
226 238
105 117
102 44
76 55
107 66
252 159
103 236
299 1
100 363
447 412
133 237
314 254
45 310
125 334
241 149
445 58
311 94
44 370
147 233
157 186
24 264
53 14
117 446
76 75
356 169
427 228
73 373
441 304
27 246
219 125
192 388
411 36
39 291
301 425
289 356
50 229
182 380
162 414
273 109
440 121
211 8
352 108
80 280
76 120
126 84
56 89
324 299
232 83
122 300
109 280
393 393
286 428
285 395
19 388
422 404
293 352
327 104
279 241
298 275
152 360
82 320
311 133
265 372
38 142
356 114
409 326
191 234
294 283
204 91
179 88
224 205
306 265
120 233
412 96
281 117
76 93
79 138
101 226
142 20
167 444
355 449
151 416
245 256
248 357
162 311
102 409
353 372
78 292
154 16
322 246
429 89
125 346
429 211
60 186
14 387
54 116
411 183
362 427
275 366
401 212
183 329
403 335
355 422
288 42
21 355
136 24
133 413
150 131
335 89
375 93
107 137
97 168
269 32
420 102
232 171
187 330
118 225
265 120
338 374
283 444
100 292
212 56
103 402
425 383
149 404
81 207
80 323
348 202
232 95
172 141
357 239
232 311
46 364
29 18
102 121
78 339
224 21
447 355
167 139
108 381
181 305
360 367
364 295
46 135
103 356
408 80
147 23
388 385
165 443
88 348
333 357
3 175
434 300
203 450
157 246
73 201
237 389
52 301
288 98
216 339
401 267
74 322
171 259
118 296
28 29
210 97
150 24
323 112
20 83
422 250
209 352
301 222
243 351
333 303
247 80
377 29
62 286
384 350
259 408
430 433
443 211
30 35
89 285
297 250
412 102
33 134
43 417
421 202
300 249
365 325
314 450
223 243
441 164
123 426
384 166
436 263
258 129
197 216
98 247
193 61
45 398
97 207
307 309
71 263
293 160
65 2
408 393
315 441
365 89
417 219
232 22
162 32
357 111
20 243
39 342
303 393
308 132
316 373
341 41
425 93
348 72
32 346
322 34
51 33
260 405
331 396
353 229
156 437
238 179
247 29
316 312
258 363
176 321
219 231
32 108
319 233
366 261
19 186
62 48
112 81
94 267
352 116
333 296
37 449
75 268
363 448
116 375
322 308
405 158
426 316
159 135
24 277
364 4
342 99
164 100
140 166
224 335
421 419
153 147
310 54
251 313
353 309
256 43
140 229
319 387
135 317
244 350
359 379
20 72
80 367
384 203
408 25
411 248
169 92
210 397
295 310
393 88
194 178
152 263
27 356
292 25
284 196
4 373
155 178
246 201
408 132
279 180
183 366
176 288
422 141
207 397
417 3
112 56
170 138
450 113
102 131
435 446
37 378
266 345
127 71
44 86
167 40
371 129
89 148
349 87
449 236
154 290
152 151
33 214
109 370
406 408
333 32
14 103
91 442
435 348
385 65
57 147
17 209
267 347
284 270
193 52
439 269
253 66
439 19
45 402
260 384
111 186
415 140
338 305
418 220
100 77
141 83
8 144
347 246
29 308
167 129
243 407
56 175
271 396
111 131
381 54
175 294
268 171
217 56
367 140
3 357
114 43
277 320
277 36
360 334
204 101
342 390
338 269
283 35
317 292
360 74
241 310
375 122
285 410
199 299
20 388
29 295
441 169
172 296
195 371
113 407
317 148
52 30
240 99
73 75
71 63
421 67
68 373
192 138
174 407
196 389
226 179
381 372
392 408
54 208
441 234
131 255
391 192
202 357
326 119
435 64
24 58
110 337
208 265
322 6
447 124
435 161
91 136
387 190
83 61
32 380
195 364
349 325
107 275
347 60
321 434
272 379
231 128
57 231
218 315
252 174
222 437
18 115
142 147
292 349
295 16
43 68
51 165
333 391
10 216
138 103
447 225
118 103
215 2
348 413
286 394
217 254
60 406
383 175
325 360
447 305
160 146
415 256
10 265
428 130
365 349
417 303
200 242
440 325
445 277
354 196
429 12
202 163
143 135
422 244
437 103
247 156
319 198
3 400
67 409
66 287
132 285
53 25
63 391
5 294
251 206
234 45
28 396
156 371
211 438
64 333
315 149
316 45
449 262
255 3
439 196
146 211
293 123
269 142
82 28
294 244
133 11
276 19
150 148
30 42
138 363
245 343
338 316
150 273
269 107
356 449
218 203
175 168
368 220
344 179
338 5
379 197
6 108
172 353
69 353
121 9
380 79
89 425
329 441
329 190
381 70
388 247
160 431
418 236
329 410
110 447
248 290
413 170
36 27
167 257
26 42
259 439
289 314
436 4
435 332
286 252
9 67
343 218
352 214
151 146
216 50
166 168
140 255
190 188
30 305
450 128
15 191
147 448
7 400
4 152
127 97
306 6
139 305
264 254
17 274
75 61
415 294
46 258
339 180
148 178
180 408
190 9
34 85
168 334
376 264
295 32
318 215
185 171
256 39
145 313
25 165
251 246
270 339
37 385
79 266
217 287
68 280
339 81
237 239
397 431
210 385
404 367
51 431
258 22
70 371
180 342
277 242
449 367
167 33
243 385
438 320
275 375
87 62
110 113
406 192
13 252
305 179
139 152
86 354
350 55
357 436
448 282
283 439
168 368
438 347
147 361
115 323
292 421
111 143
206 431
413 319
333 115
418 107
232 430
201 155
75 361
397 155
166 391
264 398
16 184
87 142
325 361
71 276
102 339
52 9
94 96
187 443
224 176
170 148
86 200
11 99
14 202
70 274
78 176
242 372
131 218
268 223
388 201
446 36
320 250
40 261
326 10
195 201
230 366
134 381
410 63
277 442
275 327
295 350
184 3
394 210
45 84
260 133
329 219
360 23
411 140
126 64
403 267
352 408
326 124
370 382
270 173
439 84
304 315
191 168
127 373
367 64
52 19
314 202
104 379
15 388
395 371
266 258
17 39
101 314
226 119
318 357
402 429
255 176
333 171
221 182
365 32
79 157
181 230
266 103
112 310
162 372
216 263
93 57
55 249
185 140
144 264
245 33
65 440
415 150
189 227
144 268
314 416
321 385
10 92
217 88
112 85
139 202
11 211
354 144
303 99
406 382
153 24
178 314
437 320
349 59
438 79
85 434
61 337
168 173
247 258
357 377
176 4
219 225
308 215
378 312
403 191
373 102
42 349
33 372
359 360
65 133
77 401
215 366
267 114
229 148
274 77
25 359
211 268
23 304
63 182
28 122
154 110
186 440
318 444
448 17
178 408
199 373
281 449
74 251
359 417
56 227
99 407
410 242
51 128
15 18
446 113
312 438
115 286
56 66
353 29
383 72
8 391
143 421
229 23
355 309
294 352
167 369
182 61
97 444
223 257
63 191
171 289
305 445
191 137
130 197
197 316
422 69
152 7
127 281
188 256
120 316
390 95
137 307
242 289
446 119
181 179
307 387
239 37
258 265
246 124
163 157
317 121
173 187
416 403
156 450
319 71
274 177
165 409
404 32
53 400
235 301
288 178
356 223
322 368
7 373
202 389
389 26
112 215
422 366
71 421
421 176
212 250
148 366
43 334
316 43
176 146
106 402
87 249
211 56
20 46
150 247
190 136
228 49
197 314
287 196
427 183
147 0
401 338
348 430
43 243
32 414
168 10
138 158
35 118
355 184
242 221
307 233
17 285
282 36
193 326
47 185
167 293
138 253
228 121
8 102
219 74
248 175
359 370
154 294
379 10
109 63
215 162
15 218
80 150
419 158
281 140
409 282
40 150
23 217
301 22
313 281
161 42
124 413
111 14
120 247
206 218
11 78
276 164
77 27
206 395
217 221
429 129
431 447
201 410
165 329
88 302
303 419
142 315
237 94
215 369
60 272
385 343
394 369
357 421
442 189
34 238
412 149
197 325
252 416
175 100
162 72
225 134
316 163
212 247
112 41
261 65
11 290
254 202
401 230
431 384
238 28
367 42
445 228
108 339
180 194
230 362
373 193
185 87
444 64
323 40
151 373
333 104
226 12
264 168
365 186
149 405
306 264
180 434
153 438
105 385
7 311
271 300
40 161
74 438
423 233
406 314
130 207
54 354
270 72
397 42
189 151
371 247
107 93
356 42
183 437
218 136
310 307
438 295
318 305
15 286
114 124
297 335
15 189
32 83
401 75
264 383
124 190
194 239
103 20
254 329
109 421
287 373
195 389
422 18
248 253
114 87
235 18
191 435
251 303
413 229
355 210
205 241
308 307
163 77
389 177
371 80
73 382
86 138
163 446
154 143
69 117
369 341
175 173
263 87
351 29
269 109
158 347
252 387
447 212
326 405
94 280
67 236
208 337
113 351
298 257
379 189
309 368
355 270
136 365
423 155
208 65
323 409
292 4
181 308
225 440
256 330
112 208
15 277
171 168
260 293
436 412
216 379
92 193
173 288
167 67
106 349
226 269
78 146
272 87
450 411
357 262
142 110
11 50
44 427
34 298
415 127
410 304
342 271
447 447
20 384
312 218
208 44
81 450
397 108
9 377
285 264
203 325
433 342
331 267
137 277
331 400
376 122
167 340
199 1
19 425
371 402
422 20
52 129
435 4
210 202
158 197
194 30
414 149
52 2
180 199
115 434
150 90
20 150
156 253
266 64
16 429
372 164
444 81
377 374
350 11
329 257
430 276
433 117
304 242
39 306
419 214
449 348
210 368
117 93
160 100
314 444
103 212
146 136
385 298
118 31
362 77
405 177
324 243
6 200
103 85
82 261
366 9
272 115
0 224
417 182
28 450
174 419
371 140
299 6
320 436
203 110
169 433
300 182
59 430
320 252
126 190
97 393
436 312
336 77
58 348
364 186
71 440
165 219
304 363
57 125
93 366
206 243
238 443
306 45
179 162
318 275
185 233
266 195
339 14
120 427
140 359
155 449
60 333
120 64
151 332
149 336
223 258
128 22
238 134
410 201
268 181
49 138
314 301
248 27
435 132
240 378
437 211
412 385
156 25
304 163
289 159
276 115
376 386
383 238
46 330
402 293
120 423
89 130
303 257
355 221
205 232
263 383
143 447
199 193
400 64
413 331
154 79
84 181
20 166
151 261
81 382
40 125
135 323
274 384
311 77
219 92
72 102
299 351
93 222
428 228
400 259
366 267
149 420
234 414
60 345
226 318
34 266
94 263
449 219
278 292
145 279
65 34
407 415
348 268
279 253
298 197
64 136
171 351
374 228
66 285
337 167
242 348
157 126
437 105
319 315
426 101
181 128
41 415
69 2
278 172
24 124
63 121
424 379
269 171
399 86
253 106
183 409
331 372
405 80
77 425
154 132
445 379
12 105
157 60
419 28
150 11
332 55
279 114
101 450
185 111
423 212
438 263
121 50
323 98
364 218
7 94
346 3
19 340
67 254
100 294
402 317
331 410
415 324
78 438
17 327
66 437
276 42
379 306
312 439
223 272
24 280
52 329
435 97
233 283
17 233
152 401
151 141
253 14
46 182
425 409
179 145
230 11
348 145
251 276
439 416
133 50
404 395
13 359
117 147
244 378
53 184
126 348
215 236
416 186
328 330
319 187
331 53
45 161
243 304
298 344
353 363
42 174
70 362
401 194
194 315
176 297
449 75
165 96
335 316
445 47
378 110
162 195
154 388
324 254
307 428
208 147
395 145
24 14
189 405
151 209
113 238
249 38
355 341
33 166
111 108
48 373
15 7
226 148
441 189
399 123
145 150
195 386
205 432
39 25
139 325
134 179
391 90
1 25
138 213
312 69
183 322
413 163
210 187
192 430
198 357
24 136
127 208
30 267
72 10
16 272
279 432
107 267
283 260
51 14
65 37
157 135
236 368
241 301
281 240
443 91
218 134
364 184
381 449
314 141
116 281
377 216
139 416
185 355
253 444
346 435
2 23
199 355
6 105
5 210
189 154
193 16
433 186
434 272
115 248
160 353
282 422
431 243
413 7
169 62
80 78
340 102
325 272
232 92
278 20
387 61
172 148
186 62
16 96
413 429
241 436
343 104
113 382
330 231
91 420
421 435
77 386
424 376
291 248
154 348
223 219
4 111
152 147
272 50
84 308
112 378
209 430
98 128
8 1
375 242
108 31
292 113
382 335
23 107
17 234
27 325
400 402
89 204
43 37
6 8
350 372
125 109
15 267
371 398
56 204
3 192
445 281
191 312
371 380
287 412
83 235
20 79
238 67
416 284
60 434
337 34
98 1
199 54
298 398
158 216
0 410
82 150
394 64
101 172
59 293
117 423
347 178
208 40
29 285
152 269
117 378
328 431
354 91
235 79
421 155
151 266
32 55
449 358
104 219
98 375
247 291
296 84
293 192
335 328
384 374
236 271
277 45
233 176
422 55
32 418
276 49
46 310
171 328
159 187
352 129
348 184
243 421
37 235
176 211
4 376
369 310
150 435
273 375
401 88
235 252
443 378
40 32
57 128
167 79
184 13
43 220
260 114
243 381
252 304
277 246
63 219
274 16
225 83
449 413
21 48
399 130
373 249
220 12
155 434
309 444
225 140
414 224
205 313
93 273
42 404
90 288
207 250
108 157
122 14
102 173
13 188
418 152
57 238
33 238
255 274
434 340
219 329
106 203
34 234
235 290
280 8
412 214
417 173
16 1
35 342
46 57
55 366
374 311
365 202
120 261
121 344
111 196
55 336
272 346
420 220
54 168
313 239
386 39
284 44
82 27
232 242
424 225
7 392
358 127
366 387
250 72
36 106
70 272
144 234
351 376
24 419
178 406
179 30
221 171
439 220
376 172
191 283
245 232
145 430
395 319
235 332
66 259
73 380
51 31
17 419
156 227
222 425
311 440
104 33
437 433
30 209
86 221
309 134
211 392
221 241
276 390
379 177
399 377
67 245
347 185
29 206
90 92
47 173
41 164
180 75
185 429
408 4
386 447
131 61
291 347
439 249
163 445
29 43
16 433
51 391
108 111
250 449
82 21
7 286
7 190
144 449
350 242
104 370
178 275
218 165
397 131
349 120
75 398
400 291
400 303
158 130
343 427
326 77
209 58
285 208
122 170
173 384
400 96
445 283
190 37
244 317
40 212
411 428
362 413
413 5
168 348
351 145
107 84
67 306
177 59
185 396
214 48
235 193
38 180
12 412
359 445
368 46
373 119
380 41
351 393
265 359
106 348
156 269
95 325
429 326
169 303
117 185
124 163
330 236
334 127
160 49
178 295
255 82
297 298
85 186
333 354
425 358
60 449
153 350
414 309
26 61
237 293
159 90
356 209
18 261
186 344
249 330
286 230
362 92
326 49
345 360
100 330
341 411
396 424
268 448
415 219
370 58
406 375
47 440
254 209
190 237
41 140
312 361
197 395
13 242
295 99
349 6
241 168
121 268
119 180
310 249
420 409
175 406
46 53
122 340
271 66
88 305
282 426
445 262
315 348
174 176
421 211
442 43
11 59
2 220
357 90
218 324
76 418
412 54
98 97
336 5
279 24
190 351
156 59
266 156
297 432
320 450
152 261
70 265
75 250
213 113
220 336
47 9
370 353
310 43
95 382
427 113
209 301
253 35
389 227
73 404
393 15
254 191
31 271
385 359
215 336
92 49
252 94
138 429
224 62
249 112
356 408
292 410
247 23
238 10
163 95
91 313
320 319
40 171
329 276
403 174
216 148
21 388
343 158
347 273
231 361
377 317
321 334
257 134
105 106
289 416
370 354
214 245
111 377
347 78
16 98
2 404
230 429
19 161
221 278
154 11
186 69
310 124
71 78
151 434
55 413
148 30
47 197
290 169
163 85
162 281
380 8
115 69
77 191
374 157
1 377
15 52
240 283
17 99
202 423
137 213
262 17
240 308
10 361
199 17
416 390
139 214
333 409
185 406
135 198
154 57
10 302
140 280
149 208
404 391
111 225
419 442
32 390
403 37
289 85
424 46
309 80
66 244
385 6
383 295
396 61
199 210
281 51
408 151
215 142
318 390
434 349
0 94
387 180
218 46
398 65
355 30
367 159
103 31
375 420
320 441
416 389
30 323
43 117
168 149
337 192
127 275
245 202
78 312
290 224
4 18
343 386
152 150
287 120
160 227
178 125
282 398
16 436
370 38
175 11
80 436
284 174
79 368
102 69
444 14
440 84
449 322
58 239
123 211
307 132
245 162
266 46
187 190
41 385
426 297
361 448
426 447
366 205
82 226
237 152
71 243
105 364
107 355
213 157
98 316
448 321
30 64
232 268
32 367
302 417
395 393
246 5
397 399
345 171
32 162
269 439
378 298
340 447
405 252
264 397
291 154
181 197
335 411
328 75
130 168
61 110
95 9
288 72
378 305
314 285
170 421
202 25
405 389
86 272
138 420
133 109
29 313
239 294
385 307
305 439
371 239
147 401
398 45
323 326
325 294
219 241
106 85
140 389
337 420
413 273
48 12
189 125
342 227
160 142
28 335
110 415
112 2
136 137
200 28
291 54
108 119
131 407
379 371
378 361
321 280
76 311
32 255
64 409
138 4
141 404
446 153
251 176
274 15
264 430
143 55
300 220
419 352
319 122
180 231
143 14
406 443
184 351
314 14
387 108
117 401
46 132
248 214
311 86
53 62
302 420
430 380
355 410
125 32
202 104
395 378
22 420
128 270
236 27
332 138
181 316
323 347
238 85
316 29
376 245
397 270
400 308
137 391
392 73
154 336
4 444
61 33
248 169
206 386
176 38
353 419
55 30
111 163
217 163
257 318
27 110
397 403
268 217
38 156
43 181
321 52
113 143
311 34
69 273
196 16
370 123
169 269
125 226
178 105
112 320
104 51
84 450
435 163
221 318
114 363
259 164
241 230
159 249
185 439
55 167
68 67
48 445
81 68
379 421
281 291
126 120
173 221
397 4
54 371
308 16
112 71
52 209
59 185
346 187
161 264
258 217
327 117
206 251
378 293
24 314
401 277
297 425
378 284
292 293
401 256
315 109
121 2
337 245
93 94
89 443
323 269
38 182
280 187
24 108
203 143
114 222
418 251
236 251
289 203
85 190
431 272
31 375
221 275
28 185
49 399
94 273
10 224
93 100
204 63
443 165
219 391
388 75
328 89
252 272
192 96
222 261
19 436
450 382
401 23
167 176
315 43
52 70
132 92
409 7
396 295
175 423
25 276
113 301
343 184
19 254
422 195
254 189
224 312
181 382
20 175
8 412
240 240
260 74
379 132
440 116
323 22
399 222
326 400
211 328
85 438
402 349
259 256
235 159
76 385
179 436
46 151
150 279
110 367
143 225
190 373
312 299
329 303
375 108
291 148
136 354
288 129
257 35
46 238
365 415
436 169
34 446
268 172
12 221
70 392
23 183
432 328
389 59
237 113
276 311
342 297
81 78
31 51
342 207
327 98
360 233
241 394
104 384
266 384
252 266
174 202
92 450
44 106
207 360
78 271
372 185
245 132
245 430
388 200
317 74
186 261
180 420
317 178
209 341
327 420
138 250
185 27
54 424
220 183
220 438
132 248
13 208
360 236
151 191
413 274
420 396
62 64
139 378
125 12
242 40
98 153
226 249
332 35
425 341
42 147
125 286
3 115
403 84
411 28
340 272
317 403
342 176
9 261
293 180
236 219
231 342
216 331
411 285
382 145
89 239
248 21
188 39
410 388
374 395
50 78
75 298
68 80
188 267
399 167
129 367
224 406
404 58
365 322
397 414
370 268
25 126
6 341
416 33
244 289
100 171
166 96
302 0
326 32
344 3
210 208
115 211
382 209
402 138
241 437
200 373
373 179
442 420
25 249
312 137
166 104
237 243
358 418
409 151
162 58
231 404
361 268
280 286
170 131
416 245
285 194
236 193
251 19
0 239
386 415
42 382
266 183
249 307
438 430
148 92
9 367
351 433
248 150
3 159
394 395
230 164
383 354
306 32
119 104
162 37
391 229
93 243
437 406
116 94
135 197
394 336
431 46
272 300
181 70
267 152
234 306
107 385
114 162
299 92
226 431
245 104
385 89
215 420
154 307
276 274
30 57
276 176
35 277
303 47
422 41
431 386
406 260
321 344
61 399
430 284
238 128
304 184
296 256
321 205
8 119
26 195
242 245
292 307
47 266
57 268
191 244
331 259
221 12
290 378
410 188
47 224
257 324
437 321
205 279
408 322
176 83
214 78
81 102
377 395
175 90
140 344
1 173
57 305
152 256
140 391
233 228
392 12
390 36
57 363
436 207
357 30
186 435
160 175
242 108
348 22
202 39
315 64
43 237
287 295
445 382
265 300
156 153
277 210
420 1
222 391
318 331
277 417
176 124
407 347
39 143
179 427
58 164
229 390
346 7
446 246
142 193
435 160
394 162
92 172
387 425
111 164
15 130
350 43
340 208
440 234
127 92
439 308
11 315
167 308
435 261
209 226
138 413
36 98
138 193
259 83
184 335
91 89
252 293
360 383
166 64
358 8
434 298
214 186
341 341
154 216
179 320
315 245
225 412
17 357
216 186
258 256
286 102
394 309
252 215
388 234
178 237
449 52
134 155
88 145
121 378
287 172
271 239
312 446
244 225
404 266
309 409
356 1
75 108
185 284
135 175
268 121
116 97
353 150
378 320
48 92
66 412
165 388
361 328
42 226
208 169
109 87
86 390
258 133
89 392
425 254
199 175
96 180
230 16
281 396
77 181
309 304
392 82
321 61
258 274
179 446
113 121
300 231
85 406
0 85
0 138
234 304
42 129
170 235
398 53
171 93
421 238
172 385
307 47
352 339
351 231
377 226
310 157
93 300
163 354
294 387
427 402
69 26
220 244
368 276
157 257
355 12
32 202
264 212
135 311
210 421
218 137
51 158
426 109
24 390
192 443
255 6
89 299
32 116
413 57
318 238
118 171
77 438
0 68
394 351
273 88
50 40
404 163
445 20
419 135
399 128
400 133
25 234
344 353
127 222
192 269
330 202
140 237
33 174
103 142
110 241
200 254
413 145
44 12
371 94
38 200
376 46
196 3
66 101
181 284
299 178
413 441
342 137
301 251
228 277
419 389
436 284
212 86
5 253
208 186
401 223
129 219
386 425
335 356
406 264
264 190
151 242
206 83
214 152
35 316
243 82
300 17
315 369
67 354
304 76
404 187
134 78
386 280
215 33
26 91
235 355
172 239
280 96
15 57
107 233
167 97
120 224
203 2
169 250
78 275
445 4
417 50
256 263
316 300
46 89
259 441
36 253
327 290
261 421
309 374
392 364
122 264
305 328
257 220
284 253
252 373
331 350
178 142
200 34
271 429
258 164
337 66
226 112
56 79
333 308
237 129
382 275
22 362
356 156
98 137
194 92
77 367
34 8
13 161
125 395
233 117
238 150
439 160
135 390
404 176
324 22
208 343
139 71
361 84
86 86
388 133
102 249
260 318
411 330
53 287
415 63
24 395
46 342
431 41
428 72
254 235
240 162
285 286
339 95
296 48
417 10
7 254
11 251
202 170
423 73
337 12
356 203
99 425
316 181
422 189
158 30
315 389
189 266
150 5
200 184
176 125
359 181
127 415
131 168
250 16
260 169
390 202
121 77
6 36
346 346
237 272
84 87
364 407
3 213
353 276
397 241
429 2
338 307
351 208
71 136
360 406
337 48
267 29
3 87
375 169
423 141
423 410
284 136
16 396
265 383
294 297
300 312
366 59
380 161
383 14
268 304
323 425
370 417
416 219
219 358
403 26
248 11
120 206
358 207
152 140
64 362
17 439
413 102
350 61
95 117
47 402
432 318
218 305
157 417
18 320
274 156
253 404
197 232
57 143
309 407
16 376
319 247
300 160
387 150
29 448
173 258
63 283
108 53
297 84
449 120
64 398
191 408
260 53
230 144
119 192
287 240
136 35
61 241
183 449
48 64
164 269
159 225
344 143
235 104
197 328
228 317
91 339
393 253
449 329
257 235
448 345
58 313
59 353
132 143
348 62
53 74
314 419
188 259
194 66
425 108
17 318
109 274
181 242
228 273
383 293
424 120
59 117
364 274
113 114
90 115
358 313
184 31
126 422
236 17
90 406
370 423
173 218
163 89
186 63
245 269
150 442
8 377
60 347
336 90
186 304
106 309
115 368
318 234
269 380
195 294
122 216
47 448
407 209
155 397
349 368
305 19
133 293
391 223
214 364
132 228
232 73
318 282
450 81
292 426
314 41
89 253
37 207
94 332
6 287
168 217
286 269
349 81
142 128
271 271
411 282
355 232
314 352
40 286
351 370
265 414
59 379
160 317
428 196
87 123
82 424
209 211
258 374
181 221
25 282
407 63
263 440
339 343
427 20
393 375
81 37
169 370
249 84
218 146
278 18
69 289
51 166
151 292
101 331
232 77
143 235
50 393
191 145
218 364
330 430
417 355
275 65
354 237
175 103
345 275
317 146
217 79
220 85
17 190
54 238
300 142
395 409
93 181
45 158
20 385
290 295
256 401
77 11
50 311
163 309
272 439
246 302
15 256
257 75
405 358
87 415
237 181
88 268
140 187
407 86
50 38
248 294
272 49
146 90
298 335
192 85
165 307
309 77
52 305
108 392
302 184
335 332
203 306
72 369
240 335
267 307
243 4
240 348
387 151
333 228
1 426
74 398
134 37
397 313
386 388
183 136
261 112
128 360
26 9
314 171
439 120
13 343
39 323
294 149
180 391
369 91
356 217
329 234
167 228
75 192
14 444
428 53
292 308
177 19
219 416
301 370
104 113
70 61
340 2
376 85
44 53
83 150
48 292
18 236
218 97
67 280
277 197
45 349
379 260
158 22
19 23
386 243
432 138
82 99
241 243
124 72
87 219
422 237
362 249
205 215
212 298
48 327
276 244
97 72
357 3
258 19
251 168
265 217
384 101
167 198
250 123
287 419
82 223
164 229
200 59
193 404
116 199
311 30
65 343
100 211
349 194
376 187
129 429
138 268
305 398
347 327
371 356
311 266
225 267
185 281
186 369
275 426
354 263
36 233
109 406
342 234
381 191
81 380
320 321
249 229
81 323
442 222
319 291
224 28
268 192
416 298
195 410
69 323
160 284
163 148
30 426
14 329
35 339
81 222
220 22
224 412
210 106
305 8
131 386
341 170
252 232
271 53
328 339
432 204
72 235
339 64
333 399
222 48
169 129
134 201
444 131
95 336
241 101
72 28
254 245
421 45
133 444
112 338
19 434
394 129
98 61
416 257
16 127
359 401
302 375
207 352
418 109
217 314
423 230
434 370
363 397
89 445
349 45
24 408
237 105
364 128
297 374
138 448
77 53
256 446
440 219
286 162
334 244
232 21
375 185
322 349
323 328
333 74
58 205
262 233
283 274
2 206
99 140
186 219
353 18
310 311
357 408
249 339
188 164
448 437
53 300
228 178
323 430
77 329
165 209
61 329
422 61
428 48
72 124
399 281
303 251
3 385
69 55
39 226
125 200
64 275
79 375
286 135
244 214
167 341
400 316
132 204
212 352
27 53
107 419
331 43
400 242
53 11
24 107
31 60
423 311
168 432
374 367
341 446
130 378
12 386
292 274
176 37
141 19
35 89
386 444
9 259
401 84
321 166
154 244
48 29
3 407
351 374
49 283
34 88
324 329
238 195
37 164
253 309
60 418
352 14
2 194
405 413
247 134
7 53
381 9
209 155
431 304
443 365
238 189
184 384
267 262
374 141
72 384
25 395
354 255
413 107
382 416
202 399
39 310
449 386
243 380
285 140
382 431
254 315
330 87
178 268
271 345
242 389
91 228
159 55
335 261
143 338
403 242
45 48
260 332
113 127
14 265
150 67
251 314
95 135
210 369
146 190
223 304
317 83
410 75
11 39
274 288
423 322
413 300
250 224
279 256
223 312
170 38
159 254
282 334
254 232
376 315
92 333
308 133
22 279
352 363
342 284
362 40
199 182
132 379
247 186
398 385
48 355
231 445
171 338
333 286
107 346
425 124
112 211
21 389
142 354
410 284
184 279
262 392
351 67
380 200
7 350
102 218
29 71
10 260
327 156
443 202
45 186
312 289
89 54
379 450
305 102
410 248
305 185
68 296
280 359
251 108
1 255
3 4
53 283
168 43
334 186
355 229
242 201
52 109
250 446
375 315
226 353
255 360
310 437
82 341
135 213
54 225
81 175
86 273
421 311
341 435
325 402
430 354
309 324
41 400
18 59
252 93
179 23
266 411
325 377
39 24
117 40
31 306
308 403
51 289
76 347
58 15
166 74
349 166
226 152
154 258
115 408
223 132
154 78
52 345
239 194
282 188
77 314
361 357
91 324
442 182
13 137
90 86
134 282
252 436
343 271
130 441
250 19
35 256
373 285
6 248
255 180
202 90
308 40
109 64
370 391
423 419
41 135
291 286
449 218
87 124
307 354
98 304
47 299
235 408
6 68
76 273
15 403
287 445
247 68
331 373
32 324
334 192
180 273
315 150
293 299
417 386
387 427
4 37
63 210
2 40
2 227
250 159
29 172
446 316
211 40
358 92
443 6
329 131
103 18
317 433
384 428
438 250
329 369
275 0
29 222
118 339
229 241
448 79
106 243
297 295
241 106
297 350
346 63
173 95
274 328
101 40
395 147
379 384
111 425
311 33
94 63
80 86
12 115
440 419
153 444
447 227
303 168
113 244
87 310
327 40
237 419
229 358
285 189
54 254
265 436
135 146
115 155
157 94
37 131
347 1
112 445
384 172
90 365
394 168
391 53
208 220
30 172
31 251
144 356
87 425
367 24
280 205
114 117
407 74
441 375
335 286
59 343
118 181
400 110
412 103
232 410
203 179
316 179
383 216
439 103
144 391
148 96
391 344
71 16
407 52
281 422
50 208
442 230
72 154
415 76
134 74
241 9
85 350
371 147
318 433
270 142
434 143
291 171
370 211
25 88
279 390
70 154
78 356
294 193
223 446
52 234
440 404
86 218
427 367
54 301
303 394
408 152
25 261
18 413
365 70
40 33
350 259
322 382
164 350
437 154
15 397
35 249
306 443
301 234
213 332
354 409
19 301
249 133
255 287
150 125
438 90
88 334
182 53
82 419
80 48
3 121
202 153
234 308
53 352
344 29
205 439
422 324
166 217
189 364
56 44
208 385
445 179
314 74
218 158
21 58
51 247
292 175
312 437
185 91
104 350
162 217
81 331
334 438
217 210
268 360
447 383
13 280
248 172
176 331
260 301
255 227
11 240
378 134
268 310
294 156
233 5
185 414
217 21
164 80
161 312
433 133
58 263
3 52
26 411
42 414
379 359
372 409
107 396
32 18
3 27
427 300
141 367
371 370
319 227
21 405
240 130
271 418
291 164
373 302
194 82
267 409
295 414
41 152
371 83
180 412
269 13
432 188
299 212
436 146
152 166
445 255
397 235
306 319
90 110
199 392
173 121
74 414
93 293
440 187
224 338
363 246
355 193
173 247
347 161
154 266
48 125
397 35
242 400
346 116
281 401
56 195
219 183
424 257
330 400
64 125
324 130
5 177
354 147
208 170
100 406
140 411
260 126
394 337
445 412
110 155
269 94
211 79
91 77
207 101
1 166
106 207
372 446
92 377
115 11
205 377
333 73
143 62
445 308
232 48
227 309
378 63
65 39
126 77
349 216
224 31
155 400
179 297
209 388
215 258
359 174
276 100
401 366
322 216
6 124
307 166
151 402
267 351
116 370
178 329
126 184
65 101
156 270
421 329
421 112
233 144
344 113
208 272
150 395
38 310
52 438
168 275
443 199
58 2
322 65
33 17
162 197
377 314
430 423
239 286
348 89
324 297
380 5
432 150
147 160
287 68
382 140
15 171
266 448
24 253
357 335
98 340
1 444
91 2
395 142
139 335
67 19
355 447
293 198
333 102
391 206
345 241
20 253
427 319
11 434
10 108
371 262
372 166
11 226
178 165
397 127
252 425
390 213
349 441
193 1
129 434
395 63
13 12
94 124
1 227
372 334
80 114
248 171
172 440
445 25
124 331
24 420
285 164
286 183
362 170
282 314
159 247
255 449
47 231
218 160
365 204
76 210
259 252
446 345
83 271
206 349
210 391
32 302
114 296
313 416
285 117
397 379
235 385
297 352
265 222
116 356
56 112
335 229
414 327
401 442
356 102
379 160
158 180
169 173
413 269
62 357
42 121
243 209
168 298
96 349
379 429
77 274
120 335
44 380
378 33
280 258
216 136
301 36
315 341
32 87
283 289
216 412
395 412
361 303
245 442
293 217
291 447
44 428
313 387
149 108
181 202
11 60
413 284
249 23
206 439
377 368
323 106
111 304
114 402
206 428
76 82
414 445
162 412
102 272
239 218
433 250
359 256
353 62
43 222
433 272
420 114
162 209
402 150
245 316
223 139
301 185
373 448
47 432
306 194
311 366
401 390
234 47
204 75
266 25
138 367
30 436
312 118
178 85
174 53
201 83
424 31
335 296
233 356
94 132
240 132
384 62
243 111
0 348
184 352
169 333
81 360
189 417
21 100
408 222
271 165
434 380
424 165
395 446
319 65
346 8
213 186
126 135
130 123
390 331
414 391
282 195
89 77
449 215
267 108
373 97
163 136
137 149
105 160
233 130
279 292
247 280
298 328
225 420
140 75
98 54
252 195
303 205
156 432
225 103
370 42
59 15
295 296
367 179
26 127
42 40
113 212
361 46
343 413
111 20
447 406
223 318
243 176
221 190
76 371
93 412
256 395
98 3
271 112
311 228
187 267
99 27
130 24
364 308
191 394
214 144
69 211
383 420
398 154
397 102
290 133
38 339
322 40
83 282
0 47
114 365
431 45
9 81
218 223
312 164
79 116
292 196
52 362
73 25
401 329
330 56
193 20
367 84
123 201
309 44
354 307
390 345
163 306
53 111
360 450
3 417
146 58
193 43
131 427
83 385
440 422
190 96
288 315
158 87
209 403
300 349
279 393
259 333
198 285
378 202
175 224
93 143
366 419
129 253
132 356
240 0
262 9
126 403
142 287
318 58
47 308
287 268
420 5
126 35
93 252
130 8
395 315
188 214
135 430
268 130
422 357
83 25
449 135
312 198
361 401
200 105
108 360
289 89
47 251
299 166
187 390
330 343
234 421
56 268
362 248
268 257
236 223
238 24
132 193
381 136
73 346
72 107
226 92
162 423
191 91
168 119
33 377
161 239
202 336
392 295
364 231
218 274
30 87
371 22
137 266
358 211
301 384
359 166
294 313
224 290
416 295
86 340
19 245
31 290
331 235
112 188
349 260
80 404
20 119
98 302
373 375
195 100
0 287
378 191
329 248
334 436
17 166
180 267
47 248
297 258
214 250
384 181
231 56
140 156
143 171
45 212
309 101
212 101
105 282
304 120
207 120
390 214
193 264
220 107
87 96
88 155
191 184
201 138
71 139
147 265
148 24
158 171
162 156
372 67
158 259
414 386
17 15
337 376
186 233
208 15
435 89
279 426
315 186
206 267
96 94
265 80
203 217
320 215
397 97
311 370
275 144
407 178
409 214
388 429
20 395
146 390
105 351
80 310
103 285
30 399
392 417
364 403
78 392
44 48
23 395
441 368
270 78
265 253
35 157
170 244
382 121
109 252
423 214
302 177
238 285
391 1
257 364
220 108
120 291
178 294
339 327
109 67
251 286
138 189
205 114
117 331
138 53
31 379
206 121
403 280
183 145
141 243
48 102
344 360
217 179
149 334
10 387
74 320
250 145
206 346
237 187
221 403
203 252
229 74
221 203
407 46
352 25
170 366
295 91
133 209
245 43
213 28
46 439
76 86
346 305
295 62
220 263
327 386
48 209
43 39
317 422
14 332
143 349
440 178
185 260
216 34
242 79
81 272
172 418
161 285
39 51
436 43
35 283
161 67
32 80
273 346
295 142
269 248
113 417
73 345
285 94
194 90
386 28
91 109
60 68
53 154
425 211
297 176
196 449
20 200
213 296
89 393
2 196
293 135
143 181
413 338
88 291
16 188
190 176
90 163
76 271
394 87
255 126
232 141
221 242
125 108
143 445
286 233
127 176
260 89
49 365
129 172
365 266
329 265
76 438
209 208
114 324
302 233
100 446
189 394
412 316
109 66
254 6
250 374
257 266
96 336
52 160
148 52
93 350
167 65
384 213
209 217
16 289
287 15
249 388
319 334
253 294
238 224
39 369
200 13
18 437
284 364
178 6
185 424
123 370
291 51
36 381
402 430
75 71
260 306
16 130
430 34
25 145
84 15
271 164
357 79
123 383
144 162
303 408
392 18
414 303
14 209
350 42
187 280
295 331
402 185
278 312
163 296
351 321
321 212
171 322
125 69
110 355
182 167
374 413
351 50
292 210
236 288
374 231
215 368
149 127
219 90
445 245
356 182
314 0
191 116
117 260
384 64
330 47
311 344
43 294
31 346
434 404
205 142
89 407
266 319
15 51
51 268
0 293
70 33
360 375
437 302
391 280
51 107
409 175
276 184
407 163
18 391
114 169
229 256
26 270
190 121
439 328
79 34
110 196
405 288
209 142
6 116
450 253
118 441
408 425
419 68
135 263
148 403
307 332
379 424
155 156
439 369
163 443
126 113
46 252
172 427
446 24
163 415
221 388
33 417
93 428
211 359
321 160
268 197
147 173
388 67
430 222
89 224
266 78
21 88
162 293
29 419
235 402
230 84
399 322
286 199
40 106
240 46
251 1
343 191
100 76
431 237
156 80
119 344
432 132
189 289
284 402
19 394
234 2
169 207
170 381
314 139
82 292
448 46
374 104
413 423
419 123
346 417
267 162
278 388
213 102
392 238
97 64
19 127
318 80
22 90
239 388
51 432
349 185
113 14
295 151
209 29
101 250
158 374
218 310
210 123
96 439
183 223
292 169
305 24
188 391
32 123
71 202
130 122
0 130
119 188
112 25
209 28
286 268
245 154
11 304
198 337
126 205
24 146
45 198
415 153
361 359
360 173
27 43
4 24
72 17
120 218
190 229
450 283
335 82
228 352
261 414
261 183
157 161
61 347
445 207
75 119
348 264
305 158
411 135
360 319
181 109
309 281
400 36
287 259
284 17
206 388
287 170
21 228
69 33
184 18
133 182
327 129
395 91
265 199
109 262
65 115
190 230
244 56
396 22
269 276
202 26
444 269
444 158
350 313
71 379
191 363
141 176
10 168
199 323
36 46
395 373
272 243
190 186
441 119
337 394
349 128
252 242
39 26
431 409
224 383
399 43
67 91
260 61
27 130
413 58
407 370
367 122
191 255
341 140
363 386
343 327
121 116
144 377
433 253
201 266
279 33
211 90
325 431
207 129
311 314
126 305
366 16
6 273
284 54
145 28
112 302
155 103
160 320
328 348
395 221
13 24
49 100
128 52
79 137
74 178
431 155
119 420
77 18
222 347
211 252
438 312
189 363
157 398
233 74
234 301
151 330
421 15
227 366
100 256
168 353
407 190
329 404
49 273
298 281
51 402
405 313
22 399
314 72
340 198
305 241
88 403
288 292
124 157
9 174
402 172
18 1
118 413
262 133
157 19
266 214
213 211
420 21
389 437
142 433
332 221
371 92
229 449
73 397
345 145
26 102
191 113
333 105
403 167
441 67
122 267
321 351
376 291
369 0
261 271
25 420
273 206
271 90
232 223
259 293
356 221
78 326
35 140
128 273
237 149
378 177
151 343
418 108
314 29
438 205
306 312
30 11
126 410
437 208
10 305
98 177
55 9
91 133
412 31
246 447
297 383
143 54
184 387
82 45
158 303
170 363
192 160
78 288
359 73
246 352
203 376
58 439
13 189
344 74
67 176
302 326
123 449
449 270
204 12
173 260
100 215
153 118
202 276
77 356
130 151
9 106
401 130
227 213
45 335
90 120
293 77
446 332
173 105
360 398
228 402
262 448
25 304
104 198
159 382
97 374
223 265
442 360
51 251
358 352
393 73
106 340
341 136
396 292
353 275
431 432
124 378
39 156
160 129
203 269
161 319
100 386
398 239
30 408
8 306
355 216
187 58
380 415
51 40
94 179
99 197
429 272
46 1
124 176
138 254
158 16
410 275
101 327
439 181
334 347
267 19
332 304
408 206
237 443
177 53
291 360
157 403
309 65
380 102
331 383
264 271
395 170
224 239
23 102
382 332
39 252
274 413
238 388
122 166
96 268
199 251
412 167
142 179
285 89
343 127
350 57
269 88
404 292
351 195
264 182
23 85
55 314
226 333
215 448
210 158
422 67
159 168
438 131
139 163
415 371
270 379
91 159
310 393
240 13
182 423
233 332
119 438
301 312
364 10
267 236
375 224
406 75
301 186
62 140
137 109
265 64
62 295
167 93
85 407
262 2
391 256
168 314
222 162
291 308
187 202
12 385
160 25
199 248
70 351
233 166
149 255
47 12
334 134
126 202
258 202
284 313
104 222
388 21
43 123
373 426
10 283
155 94
235 82
241 337
445 370
210 439
17 52
217 185
288 231
405 22
179 221
188 437
66 313
426 312
183 243
131 228
144 362
283 247
159 348
253 84
154 114
423 256
386 217
406 440
443 432
251 95
97 10
10 365
420 109
233 343
217 53
210 222
134 427
409 262
82 344
374 216
336 8
431 378
23 71
111 88
309 179
12 427
245 242
353 195
53 432
248 26
91 357
38 37
247 436
312 75
293 269
331 388
339 373
360 240
387 261
74 237
306 348
11 66
434 233
148 247
230 132
424 23
343 210
178 240
288 336
57 203
119 76
57 96
103 445
399 358
29 437
205 7
164 308
399 427
435 352
166 353
48 250
302 255
241 46
230 432
116 344
365 60
212 420
329 64
234 392
29 328
77 298
270 66
173 153
323 428
449 159
297 114
223 78
19 261
224 199
46 215
301 246
353 421
410 346
319 282
39 339
131 87
210 44
215 246
183 14
159 277
230 344
406 407
292 143
445 356
364 131
371 437
304 144
43 313
166 183
93 191
235 237
425 140
246 314
220 57
426 68
168 54
377 444
345 371
198 193
301 319
72 1
164 148
22 16
252 238
199 246
192 404
433 215
395 420
434 52
418 331
273 308
61 442
399 424
346 104
110 83
58 194
243 172
89 373
164 174
151 172
250 180
10 343
217 67
298 94
344 66
114 374
225 11
295 219
240 84
318 222
27 364
421 405
173 369
320 412
5 180
276 262
438 372
321 321
93 58
106 5
298 401
411 343
166 364
269 104
359 191
9 382
73 286
339 301
106 117
259 327
426 343
350 330
402 312
329 426
399 7
98 228
345 322
103 260
437 386
82 371
97 142
10 446
230 191
351 366
278 357
302 225
280 259
5 395
343 154
316 108
427 275
288 26
312 1
266 320
288 47
71 152
108 0
347 382
381 270
358 39
131 350
124 202
60 307
223 402
363 396
279 308
220 373
132 380
198 74
78 32
393 431
388 48
166 12
165 350
297 164
127 434
55 13
141 115
37 296
299 288
393 215
58 353
269 232
94 364
227 167
232 261
39 28
180 59
70 116
274 62
385 25
322 4
154 24
187 252
382 237
345 435
342 292
99 85
13 134
223 68
110 255
436 270
171 281
170 352
295 286
347 72
46 353
350 35
107 76
309 274
174 307
189 434
326 19
239 323
325 237
415 268
242 268
316 76
224 54
32 326
273 370
83 56
242 56
5 198
140 114
450 184
313 412
176 444
14 50
11 53
107 100
115 446
200 110
291 232
84 435
404 275
139 376
3 351
328 161
438 315
240 31
224 260
393 160
238 163
327 188
216 197
185 268
115 78
305 404
31 47
4 15
234 102
72 265
308 317
220 25
30 400
219 316
307 303
107 153
383 183
223 333
413 150
232 196
173 151
444 419
221 302
442 314
21 221
320 199
406 210
166 177
43 345
254 104
156 286
285 314
339 233
375 212
190 126
159 158
95 227
388 9
312 275
419 396
245 359
300 154
416 24
77 261
170 412
50 314
107 303
345 290
362 58
390 62
226 117
425 444
216 341
318 329
418 423
66 133
94 439
434 315
386 258
194 280
393 158
342 260
421 296
330 110
218 17
32 186
434 274
406 66
356 22
310 107
367 62
175 237
59 381
425 232
29 83
259 170
388 266
144 17
107 356
370 364
398 148
274 312
283 1
405 227
206 357
158 146
233 38
363 291
142 140
319 138
239 280
11 165
256 78
41 87
4 326
214 64
376 193
396 183
132 80
54 184
343 356
161 406
379 159
228 194
311 219
133 146
313 24
303 383
81 109
30 21
211 138
124 259
166 368
171 296
142 369
199 66
347 336
45 209
415 14
40 406
160 231
167 60
234 44
247 298
441 285
270 376
375 221
446 389
379 314
287 25
389 223
246 294
6 34
283 238
293 350
296 249
219 40
180 299
217 243
46 413
111 249
200 211
88 327
423 290
262 172
99 103
111 53
160 166
403 155
147 440
139 197
91 245
182 135
383 27
221 186
285 413
299 87
117 50
382 322
354 90
328 246
87 112
50 303
278 112
364 65
439 301
351 291
34 187
289 409
0 232
233 314
135 314
265 345
402 30
9 276
335 30
264 269
267 354
269 114
135 301
324 333
310 42
389 107
259 405
330 366
365 398
350 217
335 193
166 321
172 207
275 256
235 419
232 404
266 19
395 29
449 223
270 431
171 195
356 189
6 106
88 382
156 201
431 238
4 190
67 158
23 75
91 213
230 10
331 83
69 344
126 415
312 161
310 265
127 109
132 338
350 402
175 246
211 96
383 403
382 82
429 383
1 241
319 153
276 393
150 80
311 210
133 364
66 109
10 204
409 294
222 294
139 64
164 415
444 233
80 328
225 181
131 114
286 379
156 98
336 401
54 187
165 65
360 145
323 18
309 18
132 334
79 99
113 129
327 83
402 232
100 85
188 337
432 158
171 98
336 256
66 248
6 90
77 203
116 8
258 154
228 371
208 83
379 272
433 313
136 180
388 218
54 17
186 445
157 227
361 81
422 292
142 152
249 201
146 381
30 222
264 335
402 166
179 212
52 224
365 433
316 407
123 318
361 339
425 381
285 373
173 329
270 170
187 402
110 219
370 174
121 146
143 26
23 284
95 288
348 425
267 133
203 355
448 349
168 336
78 343
256 37
190 374
331 309
254 282
0 218
268 106
67 432
357 45
18 175
431 57
83 386
11 155
277 57
252 64
164 19
398 345
301 139
327 406
267 125
181 362
66 361
238 378
153 32
87 420
446 385
42 290
36 109
4 249
358 442
371 181
131 161
188 272
164 156
362 73
284 32
238 233
20 307
422 80
311 237
225 22
427 3
323 355
241 420
178 448
203 401
261 407
239 264
448 182
346 172
105 373
259 404
169 115
117 236
411 289
362 349
21 222
181 8
96 205
158 176
365 298
191 6
389 320
14 30
217 55
45 175
154 58
106 277
334 338
185 193
357 356
238 234
311 259
11 169
426 255
118 55
181 149
384 165
64 144
317 291
255 81
152 371
0 418
80 85
241 75
292 361
115 169
185 220
273 173
93 435
207 222
270 342
296 339
97 405
387 84
134 285
245 354
182 195
169 227
370 346
18 210
2 89
406 14
233 204
314 95
108 380
150 326
283 145
182 350
177 300
107 241
163 195
223 12
303 429
397 437
181 343
144 354
137 179
436 274
176 143
120 383
401 344
121 176
71 140
194 229
237 222
102 428
235 442
435 141
145 30
419 261
126 181
97 291
52 12
342 14
157 87
5 342
85 324
271 359
79 279
387 388
93 318
130 372
5 297
53 99
39 21
431 401
102 10
89 348
5 87
411 438
429 223
238 420
380 379
423 169
55 449
210 133
26 220
355 66
428 427
95 29
73 88
98 344
394 89
366 199
355 265
391 267
240 183
99 18
383 33
179 197
186 169
243 335
201 204
337 241
227 401
314 333
168 58
169 301
70 298
2 395
212 435
77 417
135 16
191 302
355 29
268 34
33 235
433 338
96 137
184 375
447 243
331 313
429 47
169 82
441 117
132 317
179 202
156 301
355 7
205 449
276 35
381 322
285 238
188 287
84 105
98 126
422 44
305 89
264 424
237 387
59 217
237 86
233 185
276 39
349 151
339 267
93 345
41 273
242 302
241 24
429 56
440 182
378 264
442 229
339 9
93 370
126 379
141 65
36 127
379 396
244 120
196 93
347 2
381 11
14 376
250 226
154 111
135 396
202 378
371 312
141 378
295 386
392 354
337 421
227 98
17 108
383 327
300 176
245 241
299 295
110 172
430 144
91 400
228 79
51 177
189 196
384 75
38 177
406 434
294 417
356 248
161 88
192 428
68 244
428 150
26 424
60 369
3 111
113 48
153 318
287 96
71 273
203 447
315 272
443 331
44 449
323 408
423 344
320 248
362 284
410 77
225 320
160 158
369 191
320 350
42 278
17 132
312 93
141 218
133 368
25 388
284 391
321 399
351 423
426 278
328 92
219 360
55 2
444 157
389 113
45 137
401 234
72 57
60 416
133 26
152 450
128 147
165 93
25 43
170 145
114 383
380 6
253 29
180 207
288 189
405 145
303 189
85 262
47 270
421 416
292 238
291 227
221 315
446 149
138 245
351 327
41 395
343 254
420 255
178 426
198 26
276 194
99 72
272 265
104 378
155 130
274 339
304 424
392 50
389 119
256 177
171 409
177 400
84 211
225 208
37 217
438 93
349 112
215 237
18 421
442 111
386 385
135 62
321 412
442 31
363 244
433 145
430 393
27 258
388 168
424 148
211 182
178 189
425 144
173 235
312 405
438 289
264 300
86 69
59 288
387 311
6 87
91 241
390 184
193 4
126 17
420 262
187 73
412 89
35 63
2 85
315 15
107 104
417 335
327 263
118 386
145 74
421 267
173 215
390 327
76 355
43 272
15 225
148 378
431 417
440 233
326 196
219 32
341 304
63 419
412 22
276 265
22 165
431 256
244 240
398 189
32 102
239 438
244 198
232 126
379 367
244 399
349 282
243 356
155 170
266 412
63 237
115 444
53 436
450 324
335 349
176 291
315 395
281 92
22 97
294 421
35 418
375 287
52 416
92 162
406 114
47 357
373 148
119 130
118 308
396 422
308 119
300 400
167 429
83 189
21 394
167 234
40 119
48 150
337 290
103 214
227 114
384 132
190 208
115 99
148 432
43 180
282 155
43 8
49 335
362 261
344 175
213 359
201 15
44 422
121 119
85 161
257 32
384 443
224 47
259 311
23 415
209 64
296 218
135 217
414 128
346 164
170 147
251 230
449 73
441 384
215 254
315 303
27 415
237 422
171 256
412 247
234 321
157 378
163 158
410 313
396 47
160 436
98 434
423 450
292 301
125 306
289 238
391 184
399 55
193 374
426 251
168 40
31 9
132 131
239 62
441 241
27 358
263 243
98 362
374 312
291 4
303 265
365 299
33 144
437 210
165 40
0 233
284 209
128 27
266 221
171 280
342 334
175 341
276 417
9 40
134 38
90 321
351 385
449 288
127 183
62 119
166 330
386 366
434 105
214 188
425 414
337 197
185 334
53 46
169 103
6 91
431 207
262 301
333 213
174 28
373 396
32 84
445 449
296 189
404 253
14 176
307 111
34 430
337 398
336 387
69 320
430 289
303 78
384 405
443 173
83 152
315 436
274 38
173 2
437 226
341 414
46 405
140 51
272 75
329 395
182 250
333 251
276 95
173 236
176 18
97 120
142 301
399 266
6 286
159 36
318 207
318 110
125 415
198 325
35 197
305 62
13 50
435 171
188 226
122 135
255 313
382 270
202 115
340 58
191 264
442 325
97 106
327 80
384 345
331 119
75 133
60 155
86 275
255 103
345 351
440 432
50 37
385 445
299 416
145 34
196 7
101 370
186 184
151 49
204 412
224 365
33 178
56 4
40 362
429 305
57 46
330 266
268 354
383 158
354 323
136 229
39 214
296 171
27 95
102 425
176 404
360 241
197 391
330 235
365 401
297 138
173 220
11 202
137 97
19 413
308 87
234 155
162 393
322 274
407 424
108 166
310 411
41 102
51 390
31 272
261 55
174 57
127 106
221 344
340 29
110 128
145 60
108 449
205 208
136 415
3 128
376 79
252 79
297 205
277 401
394 171
253 371
437 293
200 421
418 140
322 68
329 55
158 253
358 214
308 9
333 201
309 64
417 189
257 366
112 177
151 144
367 19
407 227
108 270
274 167
175 213
336 64
98 367
424 361
433 286
314 173
49 306
159 304
311 291
315 1
354 282
263 427
418 242
150 386
131 214
439 8
130 220
238 416
299 168
427 352
131 292
361 35
203 342
201 38
86 336
298 366
48 166
39 128
326 442
111 185
376 120
423 217
143 252
436 102
297 195
398 422
163 395
267 271
168 31
241 263
87 422
301 331
113 65
319 81
277 323
7 348
245 371
20 447
229 25
347 0
143 170
154 186
143 172
97 314
43 304
422 214
44 200
130 154
88 338
422 216
263 386
126 448
413 223
113 34
41 74
20 312
396 416
381 171
348 337
24 230
116 10
315 78
279 170
179 21
322 8
313 397
220 319
164 287
359 85
160 377
436 287
311 392
90 341
151 429
49 207
146 42
6 435
443 106
66 47
346 356
91 168
17 415
86 133
283 282
390 385
379 433
129 3
130 138
66 165
6 32
385 261
331 355
371 264
382 176
304 147
325 201
240 232
126 412
293 361
193 280
450 180
297 127
34 18
241 136
38 351
66 251
61 119
288 335
155 68
274 294
190 57
33 239
111 194
351 230
252 413
70 266
49 315
380 42
201 96
94 297
3 382
114 86
147 243
185 23
82 257
413 301
211 148
267 218
368 125
346 91
140 4
139 231
34 72
230 235
20 66
93 346
13 390
266 416
27 117
31 252
159 12
414 412
183 316
262 207
405 450
114 180
444 164
248 266
223 45
64 381
122 199
324 142
445 286
37 101
374 336
322 3
371 243
313 174
353 395
402 3
109 94
56 207
12 340
387 191
448 50
417 438
282 17
180 286
195 324
158 287
79 189
244 149
327 196
368 154
204 45
335 8
45 276
39 124
285 105
71 127
56 68
4 197
413 403
20 369
213 207
357 159
240 355
95 37
202 279
234 180
307 88
299 275
216 246
151 368
116 15
397 12
366 122
173 44
166 414
11 180
264 130
11 331
105 175
267 47
167 137
300 229
36 30
216 99
236 142
12 245
128 62
306 416
201 294
243 71
420 433
63 236
317 35
60 50
233 63
316 171
430 189
327 128
389 264
220 104
358 54
160 345
198 19
222 82
14 272
194 326
250 272
20 439
450 388
67 169
446 281
248 420
177 180
52 170
156 426
72 63
54 94
325 251
167 72
432 29
424 74
426 444
169 179
434 34
380 368
140 228
330 360
118 254
195 54
268 61
221 265
57 73
294 88
172 61
0 279
361 167
120 117
297 61
103 411
199 114
53 356
212 39
294 331
17 406
195 360
55 17
364 248
159 204
183 87
290 212
123 425
366 288
217 360
367 311
80 437
99 300
365 54
442 244
202 89
121 158
214 286
175 3
336 438
56 32
342 358
85 280
154 226
178 77
302 354
185 207
198 396
212 311
109 240
91 21
424 293
439 92
358 251
68 441
320 224
359 321
191 365
300 193
67 60
384 41
129 217
400 5
440 172
307 117
299 42
418 193
297 163
273 418
78 278
397 182
288 428
77 358
103 192
13 119
78 192
132 165
79 429
434 249
301 69
383 123
291 363
386 270
340 211
216 208
307 297
183 439
139 76
171 336
81 302
50 172
267 7
230 38
305 242
58 137
391 271
20 127
341 412
128 246
5 290
15 111
124 156
358 297
373 312
389 268
435 222
114 298
396 431
231 428
50 100
149 138
153 188
391 20
295 364
409 387
438 423
107 87
440 312
233 122
189 315
277 139
44 279
131 400
56 419
11 411
249 27
341 18
432 167
113 437
327 46
190 380
129 163
193 161
291 320
57 217
409 311
223 450
365 192
210 127
198 323
327 434
368 334
67 401
73 167
149 195
68 84
267 253
351 449
167 162
131 326
308 234
198 259
297 289
187 331
10 376
404 202
212 10
182 181
331 431
413 353
215 381
90 284
124 328
249 302
215 303
366 48
279 340
96 78
369 446
249 428
180 131
404 16
63 39
164 139
23 323
406 20
338 358
277 291
30 111
271 276
26 192
378 10
123 114
35 417
4 67
341 434
245 363
376 258
301 12
427 53
299 406
27 449
118 354
381 336
148 197
266 148
294 144
385 316
362 304
78 260
170 430
14 191
167 441
399 256
352 258
352 61
403 193
171 387
109 105
408 108
391 27
231 334
309 56
242 101
157 5
374 382
273 289
140 409
200 134
310 354
180 409
58 166
128 295
288 137
149 308
277 236
222 58
389 196
223 59
278 44
69 38
363 316
26 163
447 111
447 290
420 406
163 31
308 120
206 209
35 130
212 128
90 52
298 118
63 386
333 255
344 259
5 277
22 335
399 304
239 52
179 264
49 119
97 17
6 107
270 319
188 411
411 146
191 89
265 21
157 157
229 51
55 429
86 188
227 30
266 74
367 450
134 41
172 340
349 263
144 145
332 197
443 272
440 414
253 425
8 262
375 417
325 103
83 194
356 54
367 278
289 439
270 73
41 46
425 261
198 450
130 34
106 121
270 114
68 407
296 251
339 75
407 97
38 414
142 441
47 98
80 374
308 414
205 445
412 314
196 52
409 210
294 16
246 142
17 400
162 124
237 399
273 427
34 194
86 368
446 100
168 77
132 424
307 366
157 263
130 224
432 417
312 221
81 235
216 445
366 325
145 390
421 19
259 196
299 279
219 174
170 188
314 198
331 126
347 422
144 89
374 183
147 147
62 222
424 208
414 148
109 99
304 379
250 82
425 118
402 116
143 242
335 121
14 423
427 373
29 167
25 354
422 172
42 169
450 53
284 392
338 79
122 59
321 155
24 300
437 213
213 145
320 191
123 277
382 53
442 45
355 124
233 9
26 43
378 348
364 267
214 227
177 57
222 55
54 39
24 405
383 385
161 172
284 78
403 85
179 170
306 146
438 335
418 323
107 210
138 416
55 39
175 201
368 429
301 183
153 172
376 445
320 437
65 130
438 165
450 260
344 43
120 388
384 40
170 284
50 92
228 381
281 308
325 34
256 159
39 90
97 352
297 124
435 345
124 409
446 29
282 442
61 191
316 185
229 387
443 76
32 295
300 85
236 150
67 450
406 207
213 393
230 308
162 341
91 395
121 297
152 433
90 311
165 164
89 264
158 126
351 369
388 226
271 59
281 164
202 176
292 324
116 174
153 362
332 289
153 50
192 433
240 97
36 91
437 249
264 97
385 147
148 97
362 148
279 433
22 237
266 369
178 86
16 206
224 150
340 76
32 278
245 280
283 185
440 223
165 416
178 135
388 394
411 93
254 366
299 427
446 132
130 387
293 390
59 9
269 62
388 384
427 378
32 374
388 416
191 427
403 407
219 130
182 20
295 275
328 366
143 311
247 17
173 191
14 5
438 125
329 96
333 143
99 152
430 293
61 299
221 276
231 230
246 422
27 348
312 210
5 100
261 285
158 371
181 383
74 179
425 245
436 273
181 52
338 104
347 321
28 235
282 360
186 51
339 358
5 308
262 31
248 319
187 392
65 42
414 179
361 151
261 234
296 205
250 438
382 399
7 425
398 190
53 158
230 208
129 406
133 92
388 212
13 413
82 436
208 232
291 322
124 330
3 54
137 100
176 435
331 200
261 400
82 299
409 398
64 102
446 284
449 11
222 351
52 123
387 412
58 437
182 63
266 385
445 424
229 217
122 364
416 376
264 134
352 304
3 146
44 266
364 194
375 386
372 375
337 272
343 134
240 449
206 73
344 325
349 426
107 203
23 170
197 401
426 440
36 134
193 103
335 298
444 168
269 260
84 151
359 93
369 211
61 30
241 71
118 256
204 208
121 329
366 244
324 71
5 262
65 366
294 240
51 434
334 63
225 33
418 199
432 242
372 391
433 362
129 85
3 214
202 206
374 267
415 73
393 394
228 308
156 322
256 276
128 281
71 40
237 273
203 188
277 151
344 385
93 314
378 440
172 357
35 36
255 21
194 199
115 228
436 118
45 259
132 82
206 314
135 398
212 112
233 31
403 173
251 316
328 358
269 381
349 3
54 262
353 41
249 15
173 15
203 357
146 288
160 245
145 86
152 30
203 91
374 151
308 304
306 126
178 15
304 374
77 127
122 82
112 327
375 189
73 39
122 179
207 55
302 25
202 229
236 427
27 337
446 302
432 248
321 33
343 279
327 257
268 241
244 42
107 307
418 388
83 112
263 346
155 376
61 195
262 84
338 58
105 225
138 209
206 155
397 78
330 169
304 253
267 422
165 294
241 405
57 374
82 230
312 177
257 1
219 143
155 423
330 238
408 62
214 309
116 220
26 288
9 356
262 3
79 434
254 293
426 77
320 223
365 100
330 60
190 315
202 81
420 70
375 262
21 368
215 72
428 114
381 195
345 204
29 414
189 231
256 326
117 47
297 191
222 67
29 431
114 423
23 405
212 325
251 44
154 253
433 96
343 267
27 318
309 233
164 91
300 302
267 188
190 301
211 279
408 29
281 326
126 194
47 370
400 391
301 206
266 305
263 92
131 71
427 332
107 61
49 220
319 73
324 321
232 429
395 350
414 4
166 369
143 61
196 308
118 148
2 380
100 307
207 369
154 440
325 265
391 277
435 337
309 95
292 280
242 267
111 450
70 119
351 43
76 155
272 322
183 292
415 272
26 165
92 37
39 49
412 23
198 250
21 128
400 78
374 137
45 121
358 275
198 235
85 309
151 226
39 114
212 251
216 248
266 200
97 58
243 164
111 288
309 151
287 410
194 184
121 88
326 101
345 257
284 114
379 136
370 147
392 130
71 234
128 338
259 42
188 379
380 206
102 189
406 71
351 120
228 383
175 63
302 236
201 387
420 215
251 51
332 1
102 394
81 325
109 119
70 55
57 37
384 230
232 355
14 124
183 244
27 112
22 113
80 424
304 16
290 63
1 428
233 101
282 274
397 91
89 333
157 167
103 189
70 422
167 325
199 69
138 168
306 252
288 251
255 173
157 320
111 430
391 205
396 270
409 352
320 369
111 448
263 142
266 352
109 359
429 371
355 266
123 128
119 238
119 308
199 263
355 162
419 363
1 81
440 62
400 406
256 448
406 238
443 125
193 364
210 200
93 218
12 348
28 444
23 249
359 38
139 249
31 351
275 33
389 370
352 195
407 172
184 14
340 14
183 291
221 414
231 357
167 116
142 439
6 7
3 364
304 90
71 23
426 100
237 46
200 153
349 218
138 108
242 182
18 416
297 363
408 207
106 210
356 214
43 106
359 190
28 406
37 353
17 310
273 449
29 392
319 415
101 165
365 268
425 270
61 199
209 152
96 341
191 169
3 440
9 379
55 52
111 323
144 430
192 88
153 76
393 354
281 64
187 348
26 363
425 76
177 383
72 389
167 269
247 377
40 280
76 172
73 409
188 390
124 302
158 354
431 442
360 179
179 204
390 166
90 150
445 81
259 96
26 66
338 377
48 138
53 224
381 306
343 167
115 308
152 427
366 93
330 212
46 357
191 399
140 386
240 89
387 176
363 283
6 54
55 411
412 383
167 347
425 114
84 257
386 277
333 318
257 155
68 339
90 318
127 36
182 376
14 129
138 141
210 216
338 7
120 46
3 103
223 305
52 250
125 115
113 109
55 34
18 388
415 356
367 135
33 149
200 128
386 146
112 28
211 65
231 321
48 100
341 48
186 262
231 394
437 276
186 297
19 267
188 273
366 134
283 307
284 255
411 94
258 206
128 32
383 437
266 218
161 270
253 43
276 342
136 443
251 133
102 190
354 225
31 151
385 434
276 405
48 390
386 288
424 378
252 137
274 297
164 394
167 36
28 22
112 77
169 358
437 119
127 151
18 269
13 347
194 78
50 423
409 52
275 12
306 186
64 342
405 446
387 89
20 80
310 10
375 392
50 292
342 18
247 327
261 274
419 382
36 160
445 223
381 108
297 130
394 181
358 62
394 226
423 10
152 210
48 207
345 61
374 399
144 448
226 65
343 311
97 77
247 18
134 240
429 60
263 163
115 173
219 15
431 268
221 256
27 76
196 89
320 236
431 65
125 177
87 184
23 185
51 387
110 384
6 402
65 360
318 429
421 25
294 404
145 72
377 340
311 109
75 21
117 367
24 41
40 142
250 288
24 175
256 411
397 161
430 314
180 327
99 132
435 62
149 304
387 197
12 4
325 22
400 59
60 228
211 146
19 310
311 100
208 325
315 254
322 128
172 308
323 206
309 16
435 437
368 113
154 33
112 210
209 308
275 47
162 99
249 446
345 160
443 56
72 368
223 1
107 387
307 110
157 180
124 280
283 272
382 206
388 124
49 246
283 65
189 66
14 24
379 244
361 64
140 144
304 168
53 69
263 136
215 114
361 39
393 292
253 242
3 230
49 261
279 368
385 41
137 180
139 304
148 280
121 162
434 175
95 179
395 398
7 309
440 57
341 230
179 417
440 190
378 77
202 64
336 360
2 413
80 283
47 271
343 282
381 158
391 28
120 303
338 272
286 154
60 88
398 437
140 23
226 55
348 359
60 372
94 7
28 195
375 219
103 348
114 265
222 199
325 222
380 325
56 363
85 232
221 260
46 262
319 437
158 225
256 430
369 370
387 408
169 418
66 110
105 3
129 296
170 347
258 386
123 290
330 326
163 425
396 216
146 350
255 439
273 76
156 233
61 88
159 117
350 182
117 200
261 295
193 180
327 321
422 259
357 265
71 142
113 117
316 180
103 167
81 221
126 289
165 143
397 84
294 8
103 376
190 23
34 63
12 20
225 197
256 160
358 305
302 37
373 85
218 123
343 118
130 14
412 377
107 47
312 127
28 54
74 30
295 280
196 291
32 280
70 350
310 251
338 420
321 73
281 266
55 231
280 105
267 136
134 163
279 67
320 376
5 157
103 294
179 431
190 160
79 174
187 432
49 413
366 38
236 321
317 220
35 358
415 285
322 317
155 443
185 265
298 326
176 57
254 362
197 346
210 42
393 420
445 11
215 124
202 303
83 335
264 264
80 331
414 161
341 250
140 109
231 150
369 106
358 272
139 419
275 51
232 323
34 129
209 179
398 344
293 79
242 250
297 43
448 44
380 109
353 345
366 30
232 309
425 103
233 23
404 42
17 352
359 254
146 144
29 279
356 420
443 316
425 253
163 363
388 282
66 239
285 71
356 139
397 295
283 22
204 434
229 212
391 156
229 92
203 56
307 139
260 76
190 300
309 419
214 6
81 226
406 442
169 430
19 284
27 96
369 347
405 247
126 221
330 264
246 386
107 54
102 345
293 220
202 3
133 33
234 369
374 276
369 447
305 170
178 59
403 122
310 267
377 243
119 378
361 441
136 447
119 38
328 93
347 165
129 425
231 298
329 156
328 347
34 222
350 38
86 44
164 99
404 15
401 96
130 292
32 220
129 258
387 266
44 94
362 228
196 87
169 79
1 282
48 238
408 243
298 129
131 406
83 24
333 53
443 43
55 450
422 286
412 231
185 444
134 392
145 331
189 324
354 136
25 327
102 99
235 263
321 315
109 287
369 450
140 253
13 179
236 198
162 324
351 407
142 267
151 423
236 377
113 87
252 220
131 359
295 22
269 11
46 79
350 341
419 103
152 214
128 286
398 433
234 240
298 421
0 420
137 18
97 412
40 86
195 398
393 32
139 288
326 155
233 440
393 258
197 266
350 435
107 169
232 360
403 294
287 208
365 215
258 285
341 12
36 326
352 220
244 396
426 5
86 343
383 207
170 125
131 198
218 163
146 309
210 296
3 172
311 406
402 170
149 124
449 69
445 44
175 111
119 251
109 47
23 445
441 141
102 229
289 164
13 358
32 448
77 147
437 67
426 415
257 14
183 89
213 389
442 301
46 368
429 342
400 266
447 444
324 43
264 93
128 231
365 291
77 96
154 264
404 336
130 2
22 437
307 179
389 249
12 388
231 70
12 123
445 258
383 135
70 7
4 305
400 19
59 103
144 156
184 358
8 314
286 397
153 402
243 180
355 96
135 261
401 224
410 146
55 247
203 210
322 254
308 199
314 176
231 257
89 102
288 354
194 366
4 290
175 62
440 363
368 321
177 412
148 430
121 439
445 274
323 143
117 141
64 128
55 395
220 439
57 430
153 102
365 315
436 135
360 425
76 166
387 220
181 178
159 44
205 243
188 147
28 44
63 15
77 364
117 124
360 102
320 21
221 8
94 292
448 4
248 432
313 347
46 423
384 238
131 12
115 79
173 341
309 142
236 130
232 32
401 413
46 49
171 18
168 328
90 130
187 3
440 137
123 317
135 136
65 348
310 236
443 242
263 407
346 419
92 65
352 381
278 335
361 338
179 322
145 291
326 12
240 307
241 122
393 174
390 391
182 202
21 124
71 415
255 210
413 81
350 94
115 14
13 317
281 138
229 40
328 292
270 259
269 43
320 267
41 142
213 324
265 65
14 401
84 289
398 62
110 311
337 343
73 335
238 331
139 2
157 18
47 131
181 57
387 351
351 225
113 91
308 361
396 313
414 359
184 287
65 107
396 127
40 235
208 355
252 196
123 444
116 146
412 119
422 387
435 135
9 318
55 49
356 230
31 41
158 283
0 209
102 23
110 67
23 227
168 45
152 211
386 168
44 372
90 422
165 124
61 412
53 378
112 160
126 235
147 200
386 106
144 351
400 403
220 239
195 128
106 394
376 143
383 109
338 260
89 124
356 341
101 96
199 259
46 246
157 358
387 433
177 319
406 429
55 405
328 374
41 217
22 185
135 294
27 419
321 373
239 83
401 112
445 118
221 44
343 101
170 194
66 305
296 22
189 82
91 188
188 35
340 107
296 126
361 180
22 445
1 260
236 375
84 431
49 229
52 87
113 278
221 376
67 329
131 263
148 338
37 416
93 139
268 299
192 446
278 423
47 219
47 423
43 83
208 400
397 288
73 228
364 51
450 385
78 128
141 139
282 379
222 72
293 364
126 187
284 2
341 351
425 382
267 73
31 137
187 431
419 386
408 249
125 353
136 168
237 329
385 299
365 78
93 86
186 18
92 423
0 353
167 277
407 244
448 143
264 386
402 371
238 83
133 250
431 129
350 326
180 393
95 73
403 363
430 346
213 232
43 28
86 297
49 34
319 440
369 199
77 99
10 247
360 163
33 62
271 384
118 157
235 40
276 126
248 230
358 436
217 31
2 421
258 203
90 304
207 205
435 31
235 216
115 111
266 394
31 202
196 365
194 245
421 333
259 67
37 3
104 2
73 148
286 14
109 100
124 211
392 205
306 405
297 290
380 282
14 158
353 126
87 146
194 277
399 38
155 304
285 118
16 301
159 302
225 232
278 141
95 299
324 380
28 201
393 243
178 276
382 269
409 222
336 429
192 154
450 371
143 219
220 138
55 295
85 206
150 46
411 262
425 427
160 34
164 412
334 389
195 122
407 407
251 140
55 259
380 196
121 420
256 212
188 133
268 393
198 391
212 206
249 432
96 231
237 242
144 216
358 85
426 299
60 204
119 150
90 305
223 254
124 281
318 159
65 335
426 175
352 340
449 407
76 84
434 103
74 146
330 204
93 327
256 146
104 93
346 4
63 248
71 292
136 393
259 204
234 68
163 371
119 108
256 374
110 209
291 338
234 331
263 390
234 314
176 22
25 26
369 175
262 259
0 244
291 391
54 291
131 146
252 168
335 238
26 120
36 224
1 448
16 260
436 291
104 342
138 352
305 275
188 202
133 257
293 24
136 181
414 45
353 241
210 235
346 214
189 108
270 438
66 192
415 345
405 373
283 153
390 375
417 312
412 390
380 250
85 390
1 132
368 344
224 197
210 43
234 253
281 278
134 90
114 441
146 153
181 301
117 166
45 156
448 121
189 401
51 449
334 119
415 46
231 358
60 443
24 398
426 9
411 220
66 407
198 389
48 171
73 152
225 51
240 158
130 19
50 73
399 350
32 32
250 422
292 103
290 92
213 16
172 237
239 124
431 172
150 112
331 392
18 46
21 287
400 130
327 230
15 48
82 159
324 50
241 188
240 125
218 443
107 340
21 198
175 216
126 53
260 365
174 110
124 102
110 215
226 311
203 351
154 305
380 384
139 74
89 6
198 219
273 227
37 245
63 289
24 243
311 73
417 391
35 64
188 85
16 239
330 379
307 180
48 387
428 290
186 225
1 239
167 3
81 373
305 180
60 147
231 316
244 253
415 301
74 262
25 291
189 248
433 334
258 73
145 236
141 193
29 161
294 424
253 369
227 119
140 106
324 32
219 149
55 187
152 240
222 13
128 40
290 109
3 244
95 251
76 409
246 96
319 111
373 305
168 410
221 42
294 46
302 272
80 449
377 3
374 383
334 340
146 296
306 425
415 293
111 367
53 10
296 99
295 242
413 243
289 354
265 368
87 223
354 306
108 363
151 441
244 441
321 193
432 38
119 311
311 154
103 443
188 414
116 256
107 106
144 414
118 405
411 405
272 13
69 178
315 72
116 260
26 31
391 130
61 316
253 302
264 96
383 165
340 153
251 233
193 65
110 239
148 167
134 185
197 247
425 330
227 85
376 321
436 233
6 254
371 128
17 120
380 204
307 312
102 426
272 239
404 0
201 253
87 330
389 9
280 295
167 406
367 172
76 414
326 152
168 343
430 94
215 185
128 438
21 130
152 376
307 98
359 292
315 273
2 105
208 261
397 79
416 43
126 160
172 124
16 20
379 281
276 82
248 312
48 120
198 2
173 9
353 320
89 185
1 373
344 220
164 0
80 57
138 355
87 413
402 420
89 96
355 110
174 137
351 345
427 299
439 130
248 177
313 171
342 62
352 397
58 118
111 382
7 34
446 80
420 201
302 364
13 310
274 122
298 240
381 421
331 421
10 277
40 89
359 71
359 327
249 178
271 74
401 415
112 350
103 71
208 181
92 161
209 256
214 420
48 240
375 253
20 375
125 292
85 27
200 48
448 180
343 183
161 127
56 220
340 108
305 140
110 199
273 303
447 261
241 17
196 56
114 286
316 31
272 442
390 447
254 418
428 236
268 204
143 348
178 52
224 269
414 340
411 141
378 16
57 260
366 135
198 69
274 84
276 413
277 164
359 439
195 217
397 14
365 347
111 35
378 164
7 385
250 256
231 238
95 190
404 344
309 370
101 368
53 108
93 53
169 446
382 389
408 437
330 92
431 290
339 19
20 318
229 107
421 385
209 63
222 232
382 65
399 262
444 260
227 176
158 238
285 133
123 404
153 116
223 380
115 37
141 76
184 41
150 170
431 254
172 402
71 149
67 352
217 75
429 286
4 404
386 254
210 170
240 148
33 344
436 347
332 37
432 42
52 361
326 197
105 147
196 325
86 115
17 278
251 66
16 408
34 181
390 439
147 352
194 279
161 399
436 171
369 48
373 67
198 76
441 353
432 223
299 140
298 298
267 219
260 385
71 76
203 211
99 290
72 285
385 384
114 276
235 180
369 156
177 50
34 348
34 208
2 406
244 434
9 180
94 194
63 97
245 376
157 153
181 146
122 400
202 22
273 430
54 147
252 305
278 34
15 142
300 316
148 234
355 2
100 70
193 306
304 252
340 334
434 197
177 175
120 338
298 447
187 109
229 2
407 107
403 15
320 158
203 313
61 291
263 436
223 412
447 54
415 446
341 75
362 48
405 421
384 222
170 127
124 429
363 136
121 112
361 176
29 299
356 41
17 418
173 188
399 106
304 333
193 314
90 51
71 211
268 41
158 128
128 293
75 306
184 371
27 405
23 290
111 212
155 319
313 198
92 439
197 7
188 258
313 443
324 205
279 122
127 278
312 58
92 328
338 265
37 433
402 288
450 370
324 149
153 254
305 204
344 60
404 278
432 274
261 286
40 370
394 343
393 149
433 19
181 355
306 141
171 354
383 77
257 13
445 102
239 184
410 140
62 365
55 283
172 343
137 250
40 394
254 158
10 177
251 417
227 376
343 185
8 295
333 376
28 353
41 422
227 327
214 122
35 446
387 153
112 138
259 257
135 163
51 140
127 82
123 405
146 404
336 49
437 141
302 434
150 277
224 216
52 255
379 445
33 287
91 223
143 184
239 292
182 127
405 418
327 345
118 54
387 147
407 170
323 274
276 432
450 125
137 80
395 99
39 73
31 425
254 157
342 155
194 317
413 340
206 426
2 136
304 364
421 110
144 232
149 130
445 170
370 430
15 209
134 316
302 289
387 310
65 237
86 57
184 407
92 241
168 414
127 257
75 213
314 284
274 319
165 369
218 202
111 279
440 361
165 428
136 16
206 103
301 195
276 1
429 54
273 297
247 163
69 164
146 195
90 231
211 384
62 353
180 78
214 435
70 132
168 88
287 139
298 417
399 61
7 73
439 221
130 71
429 32
15 253
435 268
222 244
49 285
242 23
158 94
147 89
22 358
229 249
49 66
73 141
267 257
64 412
367 322
366 440
140 433
154 49
200 143
195 352
398 436
13 69
216 116
131 50
106 86
168 116
443 282
389 430
8 14
109 290
88 77
329 425
166 13
308 2
216 291
259 103
85 400
17 270
117 414
28 206
37 85
147 92
259 166
338 416
165 52
36 22
350 264
434 307
124 136
49 403
135 161
323 77
57 283
46 229
145 17
443 399
183 96
42 318
144 83
164 362
3 134
383 313
69 326
416 85
131 85
320 261
119 337
401 62
272 347
87 45
192 37
166 56
138 94
369 390
264 360
412 99
435 316
125 76
291 155
241 182
287 37
267 116
391 393
26 218
22 267
117 163
339 372
440 289
45 206
417 297
407 333
341 432
339 241
316 359
149 374
12 104
267 375
371 406
413 77
270 115
203 271
236 450
296 235
231 169
316 264
361 235
69 41
279 181
225 79
30 264
159 426
316 178
192 241
268 188
203 200
22 105
450 29
106 382
246 132
430 134
110 366
174 74
134 92
29 55
75 212
4 84
328 267
371 61
351 296
389 310
240 414
404 262
136 343
52 378
441 301
131 387
383 356
189 15
418 128
124 108
261 102
196 122
399 416
174 323
385 222
141 35
306 419
249 311
269 379
359 347
222 66
400 230
221 52
133 6
18 177
45 356
76 262
293 373
297 300
197 136
18 191
198 283
98 218
185 71
331 124
250 389
180 20
255 436
110 363
223 297
360 22
122 305
249 187
127 317
234 279
308 65
220 43
270 396
98 329
134 256
228 413
418 438
153 136
169 357
68 421
2 339
239 327
171 388
149 181
260 51
73 59
279 414
248 261
391 95
312 29
70 376
221 143
284 302
60 420
348 71
91 437
411 219
428 78
184 190
247 321
3 450
444 80
347 447
136 27
80 410
339 390
118 180
214 67
77 153
377 10
166 250
222 426
161 133
193 339
401 435
95 262
74 150
122 353
342 16
60 259
357 425
351 429
369 154
293 174
303 332
115 202
435 294
370 17
135 59
317 158
295 442
90 202
344 204
255 25
353 338
306 58
281 205
23 220
67 258
239 164
128 216
285 81
304 296
172 438
300 131
48 437
75 137
145 443
99 200
358 230
353 297
201 430
420 15
139 328
220 301
79 280
234 129
379 64
401 159
219 6
286 381
29 198
57 136
388 388
343 399
333 348
424 280
425 142
404 301
68 278
342 279
213 278
348 78
174 359
450 329
357 97
248 140
271 14
105 383
50 327
4 186
18 309
256 246
237 420
370 233
371 445
92 435
440 78
305 341
120 23
114 377
323 148
222 431
35 288
379 340
282 52
83 371
165 344
416 193
304 323
114 432
404 239
398 203
75 339
174 283
4 251
116 160
39 322
61 388
49 51
439 394
147 161
270 291
378 167
212 279
278 396
71 303
77 394
110 218
51 337
342 291
429 231
192 130
120 252
265 312
263 401
69 18
51 147
251 271
105 208
217 150
16 353
94 95
82 336
319 190
147 112
254 142
394 161
53 382
433 301
398 66
204 5
108 85
220 416
334 422
146 286
217 449
307 261
219 440
175 167
192 128
22 300
416 377
117 207
111 200
186 151
252 432
23 366
410 17
367 106
73 51
37 417
416 275
79 156
319 346
325 309
362 4
177 75
148 254
72 435
429 445
108 29
397 62
55 398
168 407
137 140
414 322
158 81
291 8
329 192
316 415
151 356
44 400
424 405
290 180
383 173
165 34
149 198
181 248
450 145
238 45
17 306
397 39
124 410
286 245
387 380
149 188
316 170
282 405
89 181
150 45
387 97
344 433
167 207
163 293
143 6
371 12
376 28
386 160
68 118
0 182
197 28
384 177
215 339
364 43
65 354
396 245
85 197
259 429
271 441
237 384
334 221
343 247
248 397
423 210
265 367
438 405
47 247
316 61
349 82
121 39
96 225
374 416
75 343
85 251
150 281
345 245
164 107
96 413
284 55
82 101
201 39
207 213
364 245
48 234
126 328
190 153
414 156
117 313
226 395
21 356
108 243
446 63
145 144
4 104
405 409
55 281
52 436
7 324
270 165
376 3
423 53
186 158
176 290
293 393
7 149
159 344
45 75
307 350
21 278
316 177
450 245
94 0
179 339
104 173
164 240
106 193
227 38
306 358
42 383
398 254
397 185
170 180
303 311
166 248
125 173
15 187
148 271
347 343
335 330
347 278
272 155
391 12
121 231
176 232
102 449
419 391
46 46
325 135
310 425
90 81
25 241
250 445
144 432
397 19
397 290
296 83
152 208
213 396
218 322
52 121
153 382
209 85
389 166
88 185
118 309
284 151
169 219
166 243
373 201
329 180
277 211
217 415
393 367
199 65
343 433
102 325
42 250
20 126
268 396
97 100
91 224
363 307
186 282
448 275
127 368
290 181
41 389
136 133
387 53
355 55
299 52
26 420
135 258
10 105
443 240
33 323
401 165
58 133
59 311
101 202
233 133
384 90
448 84
139 227
189 290
262 343
218 312
42 400
262 96
146 420
448 287
338 318
74 201
192 360
249 109
133 171
252 191
348 67
141 37
324 80
122 52
244 181
222 276
185 195
14 334
20 59
280 83
407 188
50 20
41 233
203 444
207 284
114 214
34 365
255 238
427 291
419 233
90 360
418 315
103 79
258 399
20 360
147 178
385 389
360 279
393 49
105 306
374 185
417 169
99 371
133 347
41 43
91 230
310 134
424 219
323 66
8 108
398 209
436 172
0 122
194 96
341 309
120 121
25 229
151 271
175 324
446 226
314 302
423 412
16 214
166 35
395 270
228 44
157 271
71 42
91 338
335 394
214 105
169 322
144 246
106 72
270 370
446 195
170 142
123 343
323 301
192 330
13 131
108 398
184 330
221 138
95 300
192 296
45 204
403 319
369 68
39 66
123 250
418 316
354 243
268 391
177 446
338 59
207 167
58 320
258 14
422 229
132 342
364 39
212 91
166 133
17 114
372 363
53 329
273 17
264 65
448 204
321 339
446 20
250 202
442 393
225 102
247 83
382 104
444 101
354 69
247 157
263 17
191 9
41 249
274 410
69 199
36 211
45 31
371 447
58 13
433 392
246 17
115 161
198 199
219 381
153 343
201 208
261 128
368 126
309 398
253 45
331 419
319 222
259 35
267 131
53 322
285 201
130 284
189 442
157 57
254 93
325 407
336 253
320 316
176 270
12 363
190 198
424 272
169 28
368 43
169 275
90 175
13 342
112 168
371 409
36 330
17 103
173 362
193 223
324 140
158 416
148 410
172 142
88 255
277 225
330 427
392 382
229 275
431 167
220 97
88 115
308 128
130 404
8 264
281 212
84 422
175 376
300 373
437 171
328 415
355 260
420 49
416 363
35 357
419 298
377 235
38 26
184 382
108 3
305 157
288 263
229 262
214 332
435 358
332 219
404 347
222 122
97 411
397 223
437 83
266 52
299 373
326 226
38 413
118 407
43 344
386 18
62 159
263 328
293 64
336 158
172 16
404 177
346 246
67 52
181 296
155 219
256 301
248 413
6 197
70 157
445 225
364 270
232 28
379 171
13 266
61 9
81 237
228 329
323 150
26 142
176 108
111 30
252 76
440 31
36 11
343 272
401 181
353 64
110 174
135 2
166 404
266 272
432 401
100 112
396 113
124 437
246 341
329 401
323 245
319 112
176 184
325 117
0 369
105 194
163 359
437 251
292 61
36 84
42 340
22 61
141 39
231 173
352 1
252 422
201 447
47 256
213 286
444 55
214 121
341 187
249 359
14 448
366 39
422 77
330 69
42 435
421 222
151 255
261 357
11 323
60 92
421 313
269 438
63 346
250 179
224 113
439 80
330 243
40 216
383 325
74 264
23 25
294 366
151 28
367 52
213 242
68 392
113 8
11 43
32 41
138 113
58 356
269 292
53 269
301 34
326 131
225 430
172 263
69 259
294 83
372 405
106 398
215 20
393 271
86 209
45 34
186 127
386 367
36 29
139 310
228 234
426 42
337 378
364 280
387 270
115 70
165 48
83 450
10 448
86 247
130 449
393 117
60 288
275 234
388 433
363 269
231 301
251 181
426 58
268 169
392 169
92 116
112 318
260 279
432 89
254 46
295 436
66 256
61 187
26 14
233 364
445 120
389 125
310 260
191 157
324 54
412 354
170 161
118 248
199 430
370 362
82 322
35 83
388 105
103 11
395 317
449 26
448 54
173 251
72 433
12 19
155 435
361 417
180 91
136 175
323 419
254 138
387 9
261 398
166 72
6 307
18 282
27 57
64 340
41 358
182 34
390 5
18 197
95 45
448 144
220 119
231 387
322 206
414 447
298 313
0 78
312 182
246 357
222 87
107 308
239 80
440 293
431 227
27 391
275 34
60 181
103 253
302 204
171 263
381 355
158 295
148 290
147 359
200 194
381 156
51 53
17 332
193 23
206 161
337 233
99 184
210 198
192 372
303 11
56 353
176 154
288 146
448 96
392 268
51 108
5 66
339 424
258 350
217 312
378 407
254 286
178 266
41 120
428 333
448 227
337 118
174 390
77 166
318 223
48 88
235 206
341 397
112 347
235 74
186 348
49 431
149 4
443 145
326 26
342 70
54 425
57 61
447 187
126 284
71 345
272 406
54 240
436 190
168 208
145 399
29 332
7 343
266 174
75 124
120 29
19 105
220 146
58 50
437 418
227 398
1 49
6 296
256 56
385 177
432 272
169 268
111 391
177 94
227 31
165 406
124 327
65 78
89 281
79 162
165 366
408 40
66 373
229 12
351 124
109 20
153 286
348 116
279 175
194 420
309 363
27 446
388 318
48 151
155 115
204 179
73 273
238 241
102 0
230 176
220 13
220 84
384 123
153 209
231 16
427 138
132 371
424 404
38 167
198 103
434 97
408 310
90 184
85 60
150 113
306 177
285 98
197 31
261 170
393 97
125 248
360 313
177 405
161 161
363 259
163 257
304 266
0 111
226 221
217 407
28 279
82 36
192 169
409 158
318 309
284 199
369 77
421 4
437 255
263 177
419 292
391 209
360 332
109 188
160 340
355 368
337 114
69 102
282 236
393 154
113 208
77 355
449 207
9 111
352 216
372 241
369 397
175 194
77 200
262 29
39 223
202 315
377 279
104 424
33 204
195 149
262 409
382 324
163 377
57 261
202 372
336 217
266 85
27 238
251 5
123 353
242 373
361 420
356 128
124 379
33 27
235 258
340 173
262 245
189 275
162 316
309 269
167 74
207 175
262 333
345 401
397 124
446 103
174 251
7 303
355 64
244 433
40 374
236 9
353 119
289 387
278 419
24 379
321 34
394 57
134 298
83 378
51 360
450 383
335 3
345 231
195 435
386 80
60 223
415 83
289 280
10 336
378 129
331 141
357 365
8 410
38 9
82 77
51 367
198 16
5 239
177 133
215 204
257 178
18 299
88 307
371 408
2 259
365 59
341 207
315 159
439 365
338 409
189 333
19 36
151 88
81 398
397 242
49 22
64 389
433 165
446 445
407 129
167 248
123 332
101 214
406 438
402 151
396 9
197 162
373 399
267 44
255 29
175 313
406 281
210 157
188 421
330 187
317 425
30 44
449 212
63 371
186 172
337 442
350 196
339 421
41 250
267 187
269 24
236 156
57 337
328 370
435 254
366 99
21 106
16 370
260 265
299 58
255 51
34 198
385 137
418 449
177 13
241 249
294 360
295 297
275 92
351 42
43 94
439 212
251 202
325 383
271 163
274 253
14 411
4 198
170 211
246 86
5 175
92 160
218 25
4 75
31 145
50 432
413 133
100 148
61 23
405 387
218 154
353 63
107 212
439 450
289 167
19 414
155 1
353 409
71 195
81 249
415 124
378 231
374 147
320 322
17 367
413 277
316 252
364 55
389 355
338 331
412 82
202 406
101 94
111 208
36 218
146 76
441 323
418 428
10 223
114 4
51 74
355 333
198 99
331 434
191 254
75 439
9 337
86 256
16 269
114 70
194 148
201 335
90 226
345 188
169 86
273 432
136 340
18 51
5 305
28 260
147 40
173 17
270 323
205 30
216 273
434 206
44 362
311 114
233 211
445 266
182 343
356 34
334 332
209 81
227 151
141 441
101 102
73 396
387 299
293 315
297 341
365 81
207 421
24 148
352 385
12 265
437 340
332 217
98 288
61 295
252 91
403 30
158 8
315 68
400 347
168 392
206 343
170 308
304 175
337 65
371 26
184 81
229 145
435 227
292 267
264 382
168 270
226 63
389 279
30 68
58 289
69 445
390 221
73 176
444 293
8 274
35 196
201 309
403 421
60 431
85 260
76 187
126 36
88 352
286 113
56 323
17 302
329 143
68 390
11 64
293 434
430 2
238 339
130 101
17 90
420 169
219 206
244 81
284 144
220 302
250 92
146 346
79 191
343 365
444 134
1 422
151 427
205 176
123 238
45 284
222 307
306 228
380 205
149 318
157 237
212 72
124 407
155 118
209 450
195 80
418 37
106 78
399 159
409 8
131 411
13 127
418 319
324 196
197 336
172 90
48 121
39 117
307 171
295 179
170 107
109 41
47 58
49 96
34 27
443 67
168 313
66 99
337 188
343 35
140 35
325 330
347 322
68 27
338 249
407 59
76 220
74 421
6 233
107 236
128 165
385 110
75 211
28 131
56 390
174 242
123 259
249 171
11 282
385 422
280 143
265 442
366 110
431 329
92 103
185 100
36 62
116 103
134 40
220 436
85 265
294 344
258 295
16 82
249 343
164 409
112 351
164 398
126 75
407 192
69 437
85 278
439 360
119 194
217 445
416 397
170 219
315 390
28 233
183 391
352 266
369 167
81 414
352 405
278 163
206 52
150 12
222 286
210 69
305 267
28 30
302 322
378 402
219 265
328 444
286 130
47 327
314 159
197 59
303 398
33 129
104 251
443 259
431 104
160 378
413 194
375 188
305 176
87 343
32 335
407 51
143 267
227 255
212 270
296 428
118 208
374 179
373 162
258 365
304 448
276 4
111 140
352 189
305 350
343 22
33 286
429 103
333 262
193 197
229 374
97 308
131 272
275 212
305 60
273 428
419 50
219 272
178 296
345 439
351 247
247 306
178 259
337 281
435 71
238 433
202 306
129 450
386 124
283 320
110 36
122 8
372 284
227 178
104 293
230 423
407 275
279 59
399 282
352 106
57 166
330 281
415 237
423 154
318 417
82 340
268 131
421 377
117 116
354 246
182 203
55 97
95 237
130 427
150 176
339 304
217 166
283 224
360 42
180 439
84 195
386 79
81 253
75 327
350 192
260 329
133 324
114 48
410 444
116 428
116 413
261 161
190 29
377 13
316 243
71 223
254 302
362 88
287 251
1 88
293 261
105 284
360 321
421 194
362 136
448 202
184 342
45 46
314 266
195 259
40 296
323 442
399 151
437 33
123 61
405 376
208 242
71 130
442 282
14 200
372 209
144 443
376 40
353 212
9 265
20 257
167 415
223 301
218 311
325 257
145 372
233 179
3 312
415 311
216 93
225 207
262 360
92 250
176 289
307 19
285 120
450 299
199 16
353 149
268 359
87 130
68 374
19 242
379 30
159 418
435 134
139 25
323 80
219 365
129 28
209 55
138 114
143 292
376 357
253 138
99 318
46 19
254 25
425 422
170 418
228 290
164 299
271 409
354 268
11 129
382 79
298 96
208 201
107 405
287 70
66 58
183 144
233 147
263 133
85 11
129 158
7 170
157 81
117 332
76 184
50 168
189 294
54 37
257 390
98 156
120 441
442 140
145 324
75 326
355 228
276 321
88 429
114 90
214 268
446 174
326 441
81 346
167 303
293 231
103 92
298 130
6 366
56 267
86 407
421 390
99 351
161 46
364 386
215 379
46 431
40 250
404 342
246 153
57 341
53 379
338 371
205 95
361 342
183 214
138 288
274 40
395 236
33 264
44 253
269 237
254 358
58 149
103 312
416 287
274 431
223 430
168 365
356 3
239 237
369 439
108 329
220 91
401 72
227 315
189 155
250 99
65 88
257 296
332 397
256 262
389 414
102 234
270 139
158 425
302 105
55 78
5 25
381 145
237 154
413 352
361 87
378 125
361 309
315 215
374 398
301 326
62 224
287 351
216 419
208 250
426 235
104 232
240 415
141 264
10 167
279 252
434 182
339 17
115 405
275 450
397 272
129 117
357 88
310 240
356 419
400 363
135 11
149 448
101 146
124 149
283 100
233 219
235 228
109 263
414 365
242 326
204 322
79 170
285 162
340 331
318 423
256 325
101 44
331 448
258 80
418 402
33 293
389 79
258 117
68 279
137 325
5 209
341 0
244 25
250 405
214 47
202 9
396 31
360 124
110 59
69 77
388 360
279 428
95 289
89 166
43 370
171 363
182 103
445 445
26 240
150 206
336 335
352 199
420 176
291 29
75 252
417 267
14 180
300 244
154 378
186 298
48 52
440 151
217 39
217 345
179 97
177 49
327 288
371 195
33 260
312 112
189 304
390 396
335 436
417 27
55 330
200 273
398 211
21 104
275 140
376 100
166 25
103 420
275 303
56 10
235 372
147 169
243 116
192 183
250 418
415 187
144 221
377 236
222 192
103 284
242 239
343 87
62 256
67 67
369 101
288 411
443 157
190 400
76 304
215 212
378 57
351 396
211 105
377 51
269 391
278 84
404 126
293 394
140 64
382 60
301 341
343 0
18 270
331 64
261 236
450 225
253 199
103 398
337 310
407 277
103 9
39 332
321 71
18 85
233 233
37 18
431 293
68 193
127 122
176 129
7 384
13 363
83 294
322 347
325 53
87 190
55 418
255 139
136 311
341 181
229 137
205 290
256 157
53 49
434 116
90 420
283 391
280 413
418 119
221 120
337 20
120 251
61 227
173 277
199 74
95 290
15 43
156 420
374 232
156 435
346 362
305 151
226 419
418 294
74 29
6 314
116 237
292 234
387 200
31 279
444 407
241 359
220 218
17 162
54 339
215 359
260 292
205 64
274 235
5 118
76 81
83 142
439 340
426 376
119 31
193 7
191 11
345 384
151 42
440 302
372 130
86 420
389 92
434 214
402 310
425 51
137 420
202 117
266 422
434 419
171 444
84 342
211 122
445 261
17 294
263 224
275 258
449 346
325 203
351 80
45 237
8 104
79 443
367 319
377 37
32 184
409 237
402 257
172 50
224 125
308 291
433 273
259 373
273 106
422 262
22 401
288 24
197 334
17 426
291 86
280 326
139 1
216 387
94 390
353 125
215 46
118 3
159 340
256 204
32 429
426 99
420 347
433 63
75 217
145 25
122 219
442 410
365 57
146 121
157 321
326 55
246 112
384 199
237 264
332 57
26 37
444 113
326 195
397 327
393 107
322 15
382 45
124 16
176 379
109 422
189 139
109 291
103 117
408 303
1 46
406 447
42 420
114 375
127 142
138 312
216 79
235 153
228 113
316 390
259 358
341 437
394 332
424 410
448 280
408 115
293 103
60 175
81 339
225 36
34 284
98 160
294 401
123 65
423 92
332 72
21 311
177 350
128 406
98 255
273 323
444 53
429 395
325 366
277 322
17 308
28 55
303 423
218 398
326 132
281 173
97 37
251 122
182 154
159 360
311 47
28 242
209 206
132 191
309 155
312 318
401 298
285 322
304 219
389 233
207 364
86 333
394 99
290 287
199 37
91 16
200 114
229 41
305 376
404 180
423 19
148 208
158 296
133 62
342 126
173 434
400 408
203 95
346 353
24 343
332 177
351 368
387 144
292 300
153 101
446 282
111 110
359 162
54 374
136 317
64 329
447 35
108 122
254 237
160 70
383 334
204 239
233 55
205 164
377 77
135 64
117 3
35 45
60 111
344 117
70 273
386 52
284 338
165 305
355 11
226 274
34 235
342 357
73 424
171 104
360 253
172 202
443 427
47 285
84 238
39 298
250 341
406 99
54 412
173 327
223 151
78 10
442 186
409 421
271 447
357 366
306 310
183 269
250 437
286 159
54 19
340 120
145 95
234 248
31 39
70 140
123 25
365 189
181 340
222 324
23 427
102 177
334 390
137 9
189 194
441 331
130 219
250 249
3 378
123 267
356 171
236 361
253 275
372 203
251 183
273 268
191 252
29 170
10 399
96 415
205 62
79 144
51 47
261 272
385 264
296 257
307 313
264 103
59 179
81 40
246 344
276 124
84 68
75 442
289 399
307 137
284 267
310 194
401 361
177 51
364 7
245 122
66 195
185 369
208 94
316 248
62 247
102 291
432 405
350 100
193 114
164 236
31 395
171 11
258 83
293 419
186 41
386 95
186 220
6 120
275 135
414 74
298 410
32 304
298 150
353 67
317 298
350 60
358 141
137 257
348 352
25 187
210 145
161 430
247 386
446 215
353 247
277 218
189 91
45 422
199 144
100 425
415 182
112 16
102 302
185 416
254 292
374 252
244 443
29 441
347 100
446 312
301 346
256 95
101 400
90 4
174 337
132 134
234 138
406 124
370 131
410 377
26 56
15 143
422 179
153 342
111 253
232 174
433 84
9 389
424 32
180 80
318 102
169 312
102 51
11 375
107 446
199 199
28 228
133 233
428 23
177 251
387 78
285 394
96 433
182 112
265 343
178 37
27 259
240 165
375 130
117 6
403 83
57 178
382 440
450 131
421 59
151 297
8 258
307 404
151 311
253 449
374 414
142 416
251 147
420 113
178 391
420 437
147 82
154 75
60 278
305 134
375 264
443 31
379 78
227 84
279 344
35 402
101 357
38 7
239 339
162 275
281 322
78 313
147 68
237 326
336 181
429 348
122 393
385 244
417 423
437 444
212 238
134 97
63 420
86 194
430 89
371 358
449 55
221 87
153 204
343 323
241 22
110 260
245 375
23 101
328 171
359 44
132 147
283 123
237 19
89 262
379 199
126 266
90 24
25 331
423 254
203 187
236 325
38 140
266 261
227 201
394 8
44 118
348 23
19 45
69 27
337 247
110 412
234 430
183 258
124 393
438 45
24 169
359 106
331 204
354 110
149 109
351 174
1 28
212 89
205 219
68 242
186 421
389 427
357 310
234 136
225 152
106 231
262 4
352 354
184 167
296 197
301 93
161 405
113 312
183 173
304 312
278 392
315 365
295 141
132 319
240 38
138 32
21 295
50 377
283 81
328 338
52 375
305 220
445 441
382 446
128 93
29 367
88 141
8 46
54 0
95 81
212 242
147 246
282 266
390 397
167 449
194 63
385 258
447 25
12 88
264 104
70 204
435 192
386 353
290 187
407 332
267 37
434 275
107 258
85 62
96 177
162 157
134 1
228 430
220 347
230 435
103 34
120 38
167 279
236 348
367 374
193 365
433 151
206 255
391 213
228 219
97 404
224 423
273 278
303 442
352 134
310 380
350 59
191 380
417 164
75 353
437 422
221 170
365 177
232 84
188 146
212 416
30 121
193 369
366 356
140 50
219 137
393 447
48 202
332 155
312 194
450 226
91 366
182 140
106 55
37 84
87 212
93 95
0 421
2 55
13 8
14 89
426 319
31 194
41 9
67 191
156 394
358 108
205 108
418 120
237 89
364 392
381 47
221 316
84 414
298 316
412 342
236 356
403 351
273 348
375 24
238 231
284 207
408 348
320 305
212 362
47 168
394 277
399 441
214 355
208 285
184 163
282 263
81 321
47 261
110 240
223 28
119 307
78 369
366 359
429 162
280 376
338 332
428 155
237 373
351 363
358 374
234 179
319 435
386 197
371 263
27 284
297 136
334 333
137 48
372 434
247 93
391 359
96 419
203 147
245 231
359 55
3 330
337 230
179 92
317 271
97 128
222 370
450 124
372 208
285 191
408 250
195 23
81 292
121 253
135 173
439 434
58 279
311 264
285 280
70 82
351 375
305 371
189 103
57 280
317 161
116 130
14 244
415 96
118 311
285 331
402 139
243 198
328 231
53 47
307 364
131 253
203 365
129 292
231 26
165 189
89 411
427 380
170 150
86 15
79 210
25 264
131 59
433 168
194 33
205 319
300 382
316 379
57 58
253 4
116 137
294 333
212 189
209 76
40 402
206 289
41 188
72 43
99 228
297 397
250 150
176 343
259 316
245 418
173 349
403 106
173 222
186 300
216 140
84 129
102 98
305 178
246 301
159 290
140 333
46 322
23 322
258 370
269 150
287 74
130 47
140 125
88 295
215 426
307 25
78 137
224 281
255 181
108 335
127 256
3 199
390 306
31 21
76 124
408 258
245 438
268 394
257 108
172 375
102 276
82 122
419 293
63 52
16 427
153 276
309 301
206 15
150 105
153 170
400 423
321 283
148 137
356 79
335 315
426 327
311 343
129 366
401 21
219 172
178 346
247 2
349 250
67 217
390 136
390 45
430 422
428 89
99 68
226 343
52 189
225 275
140 71
283 225
38 33
4 400
363 176
356 144
346 48
443 311
201 316
69 234
336 289
189 230
220 195
378 277
48 273
4 246
132 298
305 33
47 328
66 294
257 400
255 411
42 263
102 446
449 273
174 372
5 107
72 224
137 74
426 124
224 334
409 27
21 304
225 399
345 162
139 207
318 129
343 153
376 350
299 214
408 351
25 415
244 73
53 346
370 444
375 369
27 264
320 273
291 217
142 173
118 364
432 147
423 371
271 191
173 326
34 196
337 46
309 313
404 434
355 146
319 394
225 201
162 326
249 205
46 80
39 272
252 393
394 273
367 131
264 211
312 263
425 284
291 38
247 199
360 257
441 125
393 210
15 37
258 239
347 372
79 61
15 155
442 442
358 44
389 425
201 378
65 432
14 72
435 400
443 433
195 200
356 163
173 307
115 328
101 407
320 74
53 170
329 100
232 232
180 4
219 208
236 294
333 223
193 320
274 41
163 225
430 44
341 146
32 181
232 170
85 148
263 244
86 149
82 438
61 304
275 59
372 172
371 84
58 266
123 129
26 20
433 136
42 312
151 435
195 101
319 146
391 247
89 179
177 106
418 409
324 212
384 86
198 407
268 179
67 44
420 376
63 100
418 355
69 142
206 38
444 254
378 103
106 335
203 39
338 294
58 300
380 43
112 385
446 41
26 167
317 308
388 26
162 136
278 375
296 202
165 225
83 208
232 449
165 43
53 311
170 5
386 244
409 385
166 126
225 159
131 62
173 166
152 5
358 257
185 64
140 390
242 187
191 262
113 131
421 356
111 333
45 227
74 396
239 95
167 52
181 175
223 101
40 199
61 361
328 175
311 15
201 363
292 87
26 25
35 191
378 197
174 205
33 37
313 285
20 368
287 67
245 29
15 103
277 421
21 236
366 202
440 288
89 376
351 107
49 380
241 333
52 38
274 137
354 77
27 78
125 31
75 331
268 151
271 212
328 157
412 21
424 210
372 377
350 382
94 220
1 449
299 280
401 399
151 96
298 332
265 152
409 303
73 443
317 204
130 126
71 395
198 332
318 315
350 282
178 169
150 295
4 80
234 433
223 422
58 98
115 34
100 40
8 443
229 19
398 419
425 14
395 40
282 302
165 230
113 201
415 431
40 130
251 49
108 286
238 395
108 288
313 276
431 67
235 340
430 52
432 73
142 0
307 223
22 36
177 340
31 88
29 253
95 367
240 253
48 242
300 8
336 14
145 329
232 357
302 33
386 443
175 54
278 46
229 430
293 238
411 359
307 128
203 45
232 412
35 302
335 191
424 254
387 156
142 366
135 54
285 380
180 197
208 294
231 413
97 247
210 254
300 49
178 286
427 18
286 198
7 9
210 188
429 427
318 322
417 241
215 9
268 400
359 235
286 110
290 356
272 3
423 80
288 361
30 128
144 137
318 42
329 358
290 274
219 287
379 363
300 423
5 23
340 437
120 94
338 191
292 98
320 118
155 148
3 335
364 276
224 45
248 190
252 47
265 93
257 184
116 121
77 280
38 306
178 449
264 446
189 411
400 331
408 54
353 430
124 199
10 242
181 144
85 79
207 124
88 308
369 203
168 90
300 58
187 29
176 373
87 118
427 370
359 189
274 230
283 206
282 259
363 257
193 291
428 31
82 118
362 402
213 77
223 70
427 117
369 233
192 190
359 298
357 140
20 216
122 242
0 95
278 249
219 438
388 80
293 215
161 70
14 439
118 121
437 45
191 36
253 202
92 347
222 412
159 328
227 446
187 46
441 282
139 37
178 78
135 394
163 435
419 119
408 178
102 103
252 150
113 419
344 78
439 157
44 347
403 150
423 153
428 352
115 98
115 190
272 353
124 183
97 373
302 58
215 75
82 228
356 146
416 8
79 145
172 338
248 342
435 217
179 130
237 192
2 58
178 358
17 403
128 385
382 178
81 106
297 343
196 258
407 9
354 309
247 325
38 252
314 418
316 424
322 26
396 21
212 147
69 194
256 268
440 125
351 130
306 356
163 14
375 245
435 156
169 300
361 237
13 128
47 146
199 104
390 28
3 74
355 250
2 192
317 385
341 29
27 3
197 40
59 160
96 6
166 226
222 427
402 205
63 316
334 49
166 307
379 224
295 259
133 309
196 229
443 53
171 445
52 292
30 317
36 163
274 100
305 146
300 109
64 317
280 270
229 116
192 447
301 252
63 228
114 403
305 374
290 418
416 39
253 120
292 108
389 183
7 155
445 110
440 448
128 224
142 324
306 373
73 62
103 141
234 298
257 393
281 338
319 338
158 430
81 130
403 317
43 76
123 126
374 366
205 129
4 55
386 176
44 351
240 325
37 49
421 150
5 341
344 80
201 408
281 343
439 185
249 147
339 438
315 141
147 409
418 149
156 341
166 67
113 308
51 23
94 368
89 311
122 382
214 153
22 33
215 100
13 376
438 189
59 65
248 448
343 219
313 178
126 103
144 173
216 350
359 118
366 294
420 428
375 377
128 146
301 130
313 360
416 430
361 160
62 255
68 17
278 243
130 410
128 60
71 36
135 108
293 328
37 10
448 244
394 40
99 430
331 166
339 69
172 172
215 220
230 206
308 64
20 417
82 124
265 330
143 269
211 162
273 172
55 267
226 253
369 44
309 137
278 256
64 135
173 414
196 131
435 147
214 124
276 114
402 93
305 415
438 373
51 151
385 5
146 138
22 213
265 76
22 419
52 427
259 37
209 40
173 280
175 321
335 322
175 378
164 381
219 82
215 417
69 271
183 389
358 203
63 245
354 450
92 199
277 405
394 110
248 359
173 393
338 276
74 324
106 241
113 229
289 189
56 124
305 7
130 86
58 361
150 355
316 244
406 348
116 135
14 26
347 88
296 119
399 342
99 302
393 326
22 126
320 418
328 334
190 279
293 239
423 122
388 89
325 409
328 216
172 201
87 224
42 50
429 398
157 234
65 260
9 395
301 275
283 303
397 404
132 22
315 227
82 3
142 49
348 415
138 230
297 194
255 438
251 268
301 98
68 155
310 211
248 252
367 116
221 442
359 257
155 47
231 151
410 330
143 169
208 353
87 16
395 365
374 275
414 439
253 71
163 111
92 262
433 220
41 321
448 256
159 374
117 128
373 231
21 370
247 92
302 342
370 246
370 119
13 146
246 18
180 83
164 144
304 369
165 9
35 379
118 238
441 284
208 80
387 128
295 276
396 235
417 47
247 183
322 57
149 416
19 441
205 2
422 10
53 70
404 449
283 31
443 93
377 213
4 264
314 311
292 217
276 331
322 205
29 120
378 394
100 289
148 143
205 314
411 195
413 311
229 50
396 107
24 351
131 449
233 245
181 274
386 84
433 279
90 172
70 186
100 126
278 298
55 285
385 289
240 389
380 62
155 231
251 39
151 149
188 283
329 445
65 419
321 13
336 377
62 414
81 415
43 383
21 266
223 54
57 191
194 396
255 41
173 448
133 307
26 410
22 158
295 353
364 338
324 216
42 423
210 118
257 15
168 82
45 93
122 118
302 318
393 405
292 41
136 322
5 50
276 348
441 122
277 278
411 47
360 70
352 259
62 153
368 435
378 269
232 116
280 58
370 431
188 362
94 350
415 229
156 104
188 0
237 315
368 359
240 28
182 95
419 254
215 78
109 114
370 237
267 373
189 374
357 298
69 124
420 147
353 127
382 444
198 172
79 124
260 323
448 403
12 121
23 4
221 229
349 186
172 380
290 388
269 18
400 304
274 292
138 370
20 247
432 351
418 363
353 287
382 138
329 320
391 204
405 361
136 255
99 187
145 167
317 350
22 251
272 241
76 103
323 263
300 355
81 322
98 136
250 65
100 175
117 349
54 204
210 77
243 294
433 123
300 51
324 259
330 1
159 104
316 231
281 442
196 344
18 430
415 369
67 146
12 446
316 164
385 123
308 218
291 415
18 110
89 336
55 151
290 229
315 247
272 321
394 328
287 352
364 92
82 197
447 353
0 443
283 161
79 386
7 428
350 315
105 82
339 18
243 435
308 352
339 206
51 162
12 275
192 166
309 78
14 338
439 292
201 246
155 147
305 362
107 120
39 140
449 299
138 234
165 378
334 352
281 350
236 85
424 126
210 236
253 361
425 227
328 99
354 238
22 106
168 153
69 401
205 419
264 392
246 154
65 318
411 3
235 381
144 103
265 237
318 291
112 311
251 242
289 408
269 126
21 338
21 126
271 6
226 329
23 112
446 374
286 30
256 188
95 150
79 186
141 55
110 141
235 292
286 377
355 42
209 66
66 379
435 267
3 252
40 317
158 291
277 325
2 103
446 204
386 209
351 37
382 273
108 231
79 212
151 406
249 62
105 285
389 442
222 167
205 96
234 56
317 79
429 92
176 81
56 386
297 110
343 98
247 252
108 406
238 168
300 424
361 185
2 52
236 388
244 366
169 336
244 221
26 182
110 88
379 322
259 376
355 118
151 133
100 174
279 93
161 236
215 97
216 449
164 252
168 188
163 61
33 366
151 26
196 11
416 198
105 20
362 70
404 338
192 214
302 265
299 449
371 449
208 213
69 370
297 142
214 380
6 304
298 193
430 253
278 220
186 223
27 370
311 11
175 282
192 298
43 177
254 75
60 313
4 282
204 132
323 273
288 176
86 430
365 368
224 277
244 287
340 368
326 422
323 220
270 108
287 33
422 5
251 386
166 127
304 428
205 436
410 387
372 440
114 435
173 357
28 280
398 356
381 450
323 251
310 416
111 202
109 355
242 2
272 89
156 88
393 332
31 154
250 343
40 359
415 71
275 170
195 111
381 323
250 427
333 289
364 26
103 216
108 152
383 221
81 140
28 221
443 190
178 164
302 175
55 290
208 303
224 219
394 184
58 177
394 52
212 322
225 279
281 48
302 242
231 291
433 424
165 361
328 229
416 46
57 235
12 347
24 173
103 32
330 233
183 81
288 310
324 67
273 350
58 168
232 130
288 95
241 364
143 92
231 203
213 411
31 129
363 225
441 408
179 148
148 48
305 40
95 337
152 267
268 376
118 345
7 365
284 191
342 376
243 66
218 256
311 23
205 189
376 177
233 446
31 217
138 116
368 82
396 209
113 247
413 92
245 416
325 87
126 72
433 243
417 333
36 376
371 105
233 223
402 133
51 154
311 222
387 410
222 144
225 155
309 32
237 380
434 292
105 86
27 368
310 176
320 354
139 240
242 198
258 302
320 306
124 441
155 401
93 323
98 290
333 22
8 136
355 115
30 170
81 67
210 308
127 147
85 140
172 439
417 393
176 14
274 56
114 68
427 202
151 7
223 16
320 5
270 316
351 280
230 242
310 448
202 110
291 253
321 153
102 396
31 70
204 383
367 200
107 37
435 133
280 154
363 56
76 342
136 33
167 126
174 262
97 176
44 92
164 210
205 412
133 57
210 366
156 74
377 128
249 326
390 347
349 283
13 192
236 324
263 330
424 12
218 262
222 354
374 117
63 157
32 192
433 200
181 354
427 445
2 93
42 344
184 186
54 154
31 250
221 61
333 165
421 414
272 272
108 443
440 374
25 194
433 251
252 164
422 152
225 291
52 213
182 388
430 382
55 56
83 148
122 140
329 363
292 145
237 398
301 180
353 356
300 386
210 371
439 259
76 324
162 146
276 448
238 20
376 398
284 111
104 331
399 21
150 16
347 55
47 429
272 14
165 144
56 375
329 416
419 48
429 30
375 348
91 178
6 176
442 252
281 435
355 307
268 447
21 320
33 318
294 195
31 416
440 63
215 340
390 423
28 106
91 90
128 180
14 121
152 98
331 401
214 54
73 375
25 262
79 390
284 384
335 61
151 152
208 48
179 188
39 404
331 180
345 79
376 243
224 364
26 99
442 446
252 250
244 256
397 275
43 30
382 71
275 123
164 257
259 89
70 108
168 324
14 98
433 274
377 141
287 407
382 142
189 99
241 195
62 156
165 413
252 14
85 150
249 279
8 440
109 450
264 286
199 423
148 357
295 358
396 27
179 317
165 115
123 257
125 13
102 429
217 222
285 110
96 126
68 422
252 170
19 20
360 231
91 192
157 416
204 110
159 105
306 113
436 245
356 246
307 318
7 193
376 344
363 31
287 137
92 132
271 424
403 344
441 152
392 52
157 428
94 166
130 113
243 272
88 106
254 316
48 307
83 287
237 306
368 29
156 69
111 359
386 419
20 446
44 152
141 174
265 52
278 359
122 354
110 126
116 139
445 393
244 49
153 287
136 7
444 391
291 63
166 179
369 33
56 249
383 285
183 343
314 429
99 408
404 244
439 429
171 100
177 167
39 224
377 204
286 418
183 340
18 58
28 425
31 33
45 184
409 409
275 180
127 140
393 330
437 168
309 85
87 179
0 363
267 356
172 79
325 439
418 146
6 178
62 68
121 235
316 403
75 185
2 45
172 12
101 3
9 203
145 66
311 21
385 60
372 113
271 298
168 127
36 346
224 193
260 207
335 197
72 314
168 183
35 115
382 402
71 443
348 95
151 115
116 418
426 40
153 158
191 43
357 447
25 376
143 3
363 158
245 431
91 414
92 48
82 41
243 424
448 294
153 142
195 394
175 96
218 184
402 246
29 203
0 409
316 366
16 333
320 298
282 184
300 165
313 327
272 104
449 429
73 249
46 394
2 238
110 342
267 55
429 168
248 411
157 197
206 244
145 42
230 122
175 70
333 346
2 166
84 70
213 22
367 405
274 260
97 231
46 33
258 4
48 375
352 165
92 343
271 242
331 393
246 425
259 125
80 211
255 170
154 148
304 328
404 361
441 356
257 144
317 430
42 10
359 81
155 214
274 204
417 411
228 327
84 178
83 73
341 404
211 403
395 232
211 436
77 230
359 350
369 100
99 28
163 249
289 434
419 19
159 133
10 415
231 341
162 338
330 391
288 352
371 157
175 26
444 421
60 248
158 230
26 258
7 418
45 298
235 320
3 187
230 278
306 66
387 414
198 133
179 337
221 332
383 351
63 387
23 158
9 91
22 181
117 417
66 7
298 278
328 377
226 8
307 103
183 74
390 431
289 17
325 195
214 77
334 248
296 398
243 403
354 60
326 449
120 313
159 167
410 27
37 53
213 364
152 308
135 151
50 227
308 300
208 222
236 95
442 103
276 279
245 95
27 2
77 444
183 418
76 333
222 416
11 247
407 135
207 305
12 70
71 189
176 355
447 173
368 121
24 261
245 166
17 448
305 97
337 16
310 31
235 377
351 51
257 219
250 128
56 422
302 257
115 21
167 11
373 56
146 366
93 26
119 90
5 54
146 137
47 314
25 417
438 166
192 171
174 124
68 205
14 259
382 93
24 268
399 35
88 110
43 135
148 55
223 273
140 240
428 274
85 433
444 292
38 223
382 366
59 133
233 321
86 170
57 6
360 409
126 107
110 178
153 80
428 87
31 118
251 28
129 388
239 225
383 92
38 40
445 66
37 366
85 312
255 31
47 193
55 385
128 54
257 113
378 214
98 127
152 392
253 78
104 388
340 429
437 391
132 47
151 129
424 334
68 176
316 237
11 189
144 151
408 399
332 375
57 278
36 371
260 390
366 194
446 446
439 246
172 233
192 7
134 82
249 308
139 172
188 344
445 199
24 307
307 363
446 252
45 358
291 226
442 78
74 34
251 383
193 150
137 163
307 450
276 18
55 447
321 350
282 400
63 394
206 409
159 434
154 288
208 177
331 168
35 101
151 295
435 115
316 33
164 315
285 166
81 264
44 30
193 257
131 52
210 45
55 128
85 59
183 92
172 153
138 291
321 440
281 193
296 15
340 209
32 444
296 34
191 310
253 80
293 447
75 322
29 424
155 205
423 356
128 55
135 32
427 84
178 177
419 148
264 122
40 156
119 198
385 116
117 195
46 449
433 235
384 187
416 201
253 254
447 389
55 233
82 388
39 414
255 233
219 333
82 357
314 7
385 271
203 207
228 164
251 293
428 299
416 168
65 331
157 311
278 207
249 183
232 270
67 272
61 284
344 379
391 180
320 24
387 292
367 269
215 318
58 234
388 135
79 446
425 423
154 306
121 445
410 10
223 39
373 207
311 297
403 410
181 228
188 216
444 258
46 201
355 371
348 250
80 36
294 192
373 19
238 52
150 345
50 7
173 379
27 180
28 119
212 154
447 329
296 338
161 81
354 6
231 369
368 97
97 169
328 371
333 276
262 200
90 254
58 290
441 288
103 370
93 198
168 162
39 159
360 415
46 185
168 3
163 417
4 410
54 11
137 211
393 288
113 13
224 358
353 329
6 82
59 72
291 254
350 10
335 426
178 70
116 252
37 241
276 141
415 439
330 365
224 425
85 342
410 400
93 330
213 301
49 232
248 291
275 210
373 354
133 201
135 280
409 71
230 319
112 244
119 7
332 210
119 225
445 285
170 47
142 161
109 437
199 424
204 115
29 33
53 80
283 318
94 336
110 11
58 231
432 157
313 58
102 181
420 278
143 167
46 331
373 113
425 180
260 344
303 279
237 96
115 344
372 449
272 393
234 130
18 273
75 182
48 368
431 2
88 4
228 144
240 341
226 45
126 325
441 44
149 217
193 165
439 2
95 59
381 410
448 325
4 232
246 289
64 276
239 246
252 227
209 446
103 330
388 47
196 301
136 386
257 333
380 15
139 30
241 121
365 412
427 163
220 20
269 279
273 13
116 312
183 15
423 50
73 105
318 286
349 34
126 286
39 418
277 363
0 366
17 355
381 436
284 31
449 23
447 349
176 169
349 99
433 82
118 59
64 371
215 95
221 338
320 82
411 80
321 431
394 182
157 312
238 382
95 197
15 67
249 143
84 244
147 406
4 233
355 316
85 306
217 69
407 299
441 96
213 111
368 305
362 80
279 148
40 218
246 215
284 203
333 359
403 277
55 131
260 105
322 353
34 408
276 222
320 49
173 11
306 26
55 195
256 193
227 215
304 111
402 298
354 82
352 356
83 427
29 395
13 246
447 450
427 415
438 225
400 125
406 18
383 408
306 365
215 5
221 334
199 187
86 84
147 331
386 169
232 13
267 74
291 216
446 224
347 75
96 5
314 57
289 290
237 167
379 253
286 417
37 83
130 248
138 87
176 370
197 168
319 91
54 157
223 369
269 230
326 392
176 227
343 67
224 172
197 375
428 132
123 274
287 182
53 426
123 99
423 320
418 334
142 277
442 139
308 206
404 6
246 55
179 183
211 34
71 350
327 33
18 138
44 390
194 427
346 133
251 368
221 220
261 181
165 370
446 118
195 356
272 116
105 271
45 170
360 67
177 52
249 334
403 442
418 419
35 247
102 157
86 119
210 342
121 229
422 84
2 291
26 444
436 110
349 360
164 359
160 117
283 116
262 214
173 177
345 105
131 183
141 200
150 361
342 88
333 216
351 87
267 12
389 422
33 71
226 400
340 106
332 290
159 305
411 175
198 398
119 12
87 172
122 208
197 208
309 420
329 118
219 288
273 31
404 348
292 58
434 111
253 443
123 366
213 107
250 302
292 74
263 66
371 91
98 326
407 180
390 20
390 243
153 416
188 129
142 235
172 250
104 428
172 285
128 399
137 421
37 139
136 356
301 235
6 361
328 309
324 11
430 257
330 42
222 168
114 250
378 147
62 406
415 254
225 82
148 255
447 248
245 170
399 330
25 384
89 394
214 164
418 357
359 328
117 154
27 235
390 299
450 203
353 96
129 151
72 84
162 235
393 268
245 295
170 339
166 187
341 169
15 355
131 142
337 3
14 393
161 437
417 198
381 390
423 306
153 295
319 54
33 146
159 111
191 200
308 156
236 447
16 298
238 50
177 134
379 135
132 220
348 113
267 275
42 322
397 107
377 377
41 128
1 106
168 370
106 156
214 308
3 34
403 380
207 208
201 297
221 151
20 51
166 377
2 279
340 183
355 440
21 59
206 380
220 238
193 322
364 319
360 82
23 82
203 345
309 49
76 297
446 391
33 257
200 180
305 142
233 199
230 32
425 54
172 9
373 450
380 69
34 384
416 240
209 420
389 101
205 406
243 103
198 371
292 387
123 31
253 368
287 294
178 219
205 242
4 440
202 228
208 275
389 439
142 156
210 263
56 28
281 78
259 169
266 341
390 119
172 303
381 358
290 20
58 225
125 401
405 200
137 244
0 318
157 284
270 221
384 175
7 358
15 431
338 345
229 160
160 51
29 230
115 421
258 445
210 4
33 274
237 79
175 344
150 134
397 243
438 134
348 450
388 303
336 57
406 149
431 143
275 184
82 259
98 291
398 38
92 218
16 133
224 119
29 150
331 188
205 18
143 100
98 43
129 165
334 353
30 373
329 65
275 192
426 304
47 113
76 198
351 274
214 298
443 172
303 405
208 30
240 249
260 0
87 279
27 428
51 278
415 448
283 419
139 84
275 95
387 392
407 402
323 222
28 110
302 117
43 256
139 370
223 311
166 106
248 162
13 20
279 267
290 25
23 373
220 154
134 66
48 210
328 69
314 129
439 317
120 304
179 179
448 234
425 349
316 239
119 336
25 283
368 374
157 255
320 442
293 72
183 115
343 423
383 225
78 162
171 115
178 146
368 175
166 154
205 40
88 225
352 52
224 263
416 345
165 237
350 421
395 172
203 118
133 231
73 311
292 272
66 216
267 63
190 27
106 436
195 418
41 391
10 340
104 332
193 256
163 409
320 202
152 314
423 152
101 76
340 194
7 106
117 430
117 387
183 358
4 7
201 292
170 353
174 427
88 281
323 151
143 151
244 59
421 167
42 120
96 428
236 92
301 114
397 391
107 162
72 275
84 133
313 134
108 304
168 222
438 420
185 142
312 251
247 50
152 304
357 403
345 32
130 174
60 9
83 21
394 194
199 305
225 235
0 397
67 431
206 384
322 111
75 276
92 374
90 265
72 122
13 312
157 146
376 56
150 25
339 182
407 346
199 5
20 131
381 94
192 283
207 281
350 220
268 444
361 114
391 421
105 256
323 398
303 140
404 427
182 354
145 418
431 29
319 270
318 9
96 21
244 304
374 287
35 243
420 257
52 352
322 400
421 433
112 331
449 254
149 393
267 367
372 151
94 57
394 4
278 330
28 19
316 442
263 71
11 245
1 11
131 67
383 245
357 185
108 229
171 381
235 24
236 97
156 410
237 255
127 364
54 126
133 346
251 229
113 242
42 152
76 127
137 318
435 67
314 433
404 134
171 269
148 188
175 283
2 295
424 297
344 68
193 370
317 144
103 84
177 131
48 136
333 82
391 145
112 142
429 446
206 407
209 439
278 366
275 218
436 17
235 307
368 78
365 319
69 351
382 390
212 76
189 365
387 296
192 157
144 124
403 192
103 358
209 314
90 436
221 426
383 8
441 399
298 288
399 285
115 252
438 258
196 418
424 78
191 22
282 356
133 409
143 319
133 125
265 239
96 191
221 167
418 326
124 68
162 395
264 276
417 172
109 150
362 101
45 336
195 202
425 282
4 412
145 145
429 412
166 297
11 82
425 340
223 406
317 101
134 87
83 161
122 22
316 118
12 379
90 283
44 219
154 54
288 434
177 109
284 61
146 91
413 234
99 161
340 74
266 315
200 359
29 126
90 372
182 390
60 231
312 319
159 82
145 371
138 119
90 79
203 230
394 69
203 27
102 126
36 124
366 76
361 236
125 291
31 68
62 114
66 410
161 180
271 156
395 339
214 26
372 119
340 118
19 287
27 0
431 193
421 417
418 192
246 106
212 17
108 142
243 359
107 24
229 376
202 140
245 118
81 390
188 114
377 45
51 113
180 205
48 244
60 441
184 296
199 25
249 81
129 383
432 331
345 387
248 313
153 164
57 413
397 86
153 401
415 337
379 254
179 175
168 29
113 284
39 264
147 326
80 259
447 168
181 126
353 73
442 231
264 157
314 382
122 66
10 170
337 133
102 444
422 88
4 89
431 279
99 88
425 266
352 285
419 128
167 366
241 253
31 106
66 419
375 47
40 123
334 109
113 95
426 412
66 2
208 223
415 348
410 386
203 246
159 237
148 336
9 399
428 393
191 318
206 40
51 348
267 41
168 210
24 402
248 10
199 63
388 406
301 388
288 226
322 405
21 15
25 53
46 243
302 372
139 364
414 160
243 121
258 221
37 185
106 122
193 76
92 321
294 82
81 142
240 208
85 393
17 232
296 432
392 361
139 391
338 222
131 425
275 340
261 49
345 421
352 404
119 168
2 67
47 427
300 313
98 77
160 393
338 86
90 342
377 287
417 318
427 142
247 167
377 382
46 70
101 159
349 153
56 205
236 289
172 45
290 355
448 292
136 117
44 139
403 105
115 167
35 369
311 58
24 57
258 435
102 332
447 321
119 171
180 76
155 229
284 418
222 434
409 181
435 87
184 170
80 18
10 414
51 369
247 79
257 194
209 182
25 300
92 272
217 374
412 289
133 329
173 52
282 324
72 310
431 337
52 296
293 345
103 97
46 387
43 134
344 255
416 281
46 370
247 51
124 114
143 118
97 181
253 419
211 52
314 98
432 207
443 332
293 164
260 2
178 200
129 439
290 271
20 136
265 115
306 376
120 439
432 39
319 203
229 151
365 367
291 70
423 271
408 218
176 151
130 327
214 406
173 141
23 173
175 402
273 365
388 1
140 260
53 36
90 359
333 70
402 348
429 374
255 423
207 110
380 363
198 121
66 221
241 444
432 31
389 181
5 72
120 397
313 139
323 13
139 434
399 99
314 377
323 313
129 130
99 46
186 232
38 207
305 141
121 40
205 302
272 304
353 367
371 153
396 193
263 106
115 441
272 218
236 301
90 114
42 412
153 373
223 6
25 205
126 294
382 329
343 411
397 264
360 323
7 273
340 422
171 429
440 192
326 129
234 226
422 352
444 432
75 114
2 221
208 0
150 193
262 68
163 368
9 236
96 403
103 127
50 96
317 152
40 432
134 157
284 352
352 181
39 337
328 395
183 355
172 316
289 204
275 435
367 333
284 175
120 353
364 416
191 450
34 353
84 112
200 106
202 387
295 284
154 422
107 168
2 328
252 438
148 228
373 110
168 38
133 287
122 188
309 397
427 298
343 85
150 252
145 370
242 273
313 46
109 353
429 429
222 345
325 447
41 52
2 384
105 52
408 445
189 450
293 89
121 426
411 180
246 11
383 24
37 442
85 385
163 170
436 112
61 111
436 448
135 110
440 388
178 107
253 148
337 332
326 276
32 49
29 427
163 438
253 145
126 291
365 281
246 408
187 250
38 294
376 330
71 375
12 268
376 227
421 119
365 312
345 165
354 231
136 87
111 15
254 236
132 266
300 422
185 77
306 38
21 84
178 100
319 249
382 396
337 348
115 337
121 260
238 418
213 443
444 18
293 17
435 273
358 176
364 351
89 120
106 332
284 276
140 59
344 121
59 319
251 331
260 351
217 328
242 1
370 156
311 444
355 65
370 297
410 401
22 66
322 424
290 131
17 322
346 258
37 289
167 399
403 180
184 77
206 435
3 264
304 99
84 346
381 289
218 56
157 343
260 225
312 358
150 208
332 272
332 280
418 38
92 394
301 21
144 38
16 155
390 340
237 87
239 201
383 268
226 203
59 296
193 132
36 340
439 320
444 319
411 221
126 334
431 382
294 159
428 254
308 118
116 108
223 207
438 360
201 304
333 108
254 356
62 358
71 201
53 299
408 0
429 365
166 259
329 163
45 35
347 301
276 17
2 102
177 113
275 346
400 339
157 149
192 323
430 334
157 215
340 231
35 394
40 428
408 241
157 365
304 408
60 268
423 179
57 74
55 82
101 362
221 93
135 77
330 74
68 399
289 432
232 27
280 182
70 267
33 437
215 288
344 358
259 364
418 162
230 226
348 411
81 336
176 63
304 434
93 48
55 67
105 294
173 149
27 205
20 122
75 143
142 274
7 200
29 368
266 428
370 159
123 392
52 91
148 119
355 151
38 129
230 351
310 365
386 433
137 24
222 111
116 99
265 91
222 92
73 248
139 360
159 322
307 54
134 174
78 181
364 199
45 316
119 292
362 114
119 101
39 259
389 137
81 54
100 35
69 136
279 155
252 8
38 278
255 346
285 75
416 25
157 414
360 325
12 394
362 63
158 145
311 138
197 271
240 199
405 279
118 299
73 405
173 116
267 228
393 423
95 65
49 268
230 428
208 21
278 307
257 372
201 238
19 75
201 149
293 73
78 342
156 68
89 1
7 160
121 252
213 325
334 36
213 93
22 259
253 18
140 154
249 401
238 305
35 217
275 299
43 216
159 333
302 373
437 243
301 407
318 295
176 102
393 435
272 384
87 351
291 185
361 230
432 305
98 415
309 144
14 161
155 124
67 415
304 203
314 248
276 199
254 444
113 328
44 202
102 270
19 372
425 45
219 39
196 304
314 426
78 80
202 219
172 345
411 132
201 87
425 387
144 133
427 112
422 157
334 450
333 24
438 18
257 391
372 116
4 321
241 440
122 174
66 230
325 392
394 236
273 12
431 326
270 39
335 329
127 173
159 274
200 342
178 370
203 36
3 208
143 80
401 3
308 74
241 181
332 395
266 244
201 14
56 142
229 429
337 185
24 192
395 62
104 146
303 389
416 124
66 414
427 150
361 221
271 100
293 439
287 16
335 65
433 446
194 260
244 302
109 294
158 122
302 227
227 1
47 112
398 352
398 363
416 372
157 376
269 258
39 169
294 250
339 426
388 28
42 302
159 262
177 7
15 382
306 353
200 30
357 330
421 156
332 352
443 41
315 212
415 306
275 229
194 425
373 127
291 368
40 178
230 370
307 69
280 11
368 115
248 119
236 100
296 32
219 217
343 182
92 276
88 380
407 363
186 269
26 74
234 224
263 286
75 394
397 445
301 392
35 161
315 345
11 125
6 153
421 360
141 412
61 149
135 298
265 29
139 367
425 370
9 46
86 237
414 294
95 82
441 61
315 430
123 83
421 38
332 30
324 152
22 63
46 216
47 392
197 306
178 325
149 262
122 175
420 296
113 153
107 231
333 337
219 404
313 93
50 107
10 379
272 390
216 308
210 223
231 107
415 137
130 82
434 406
377 93
358 267
78 65
40 245
231 35
155 324
401 145
231 305
8 342
106 112
348 273
446 388
369 382
179 19
261 351
149 3
321 324
181 419
345 250
146 376
266 127
93 8
236 444
251 137
123 301
50 260
41 379
361 376
4 107
348 140
164 448
193 300
8 198
291 348
174 231
115 447
123 273
291 411
314 140
136 81
125 184
372 383
348 417
65 232
363 236
223 341
157 217
280 62
73 406
207 402
243 232
124 299
272 305
413 377
94 219
137 59
54 312
217 42
229 103
169 335
344 92
193 236
398 165
326 303
405 54
223 239
235 199
372 109
287 278
70 268
342 303
200 393
376 226
312 449
404 4
5 3
203 245
121 306
279 367
286 103
377 415
435 145
147 22
273 387
77 374
70 18
393 255
434 323
421 165
323 356
314 305
224 390
77 167
37 163
143 245
14 138
207 420
86 98
282 179
279 321
375 182
364 301
190 447
199 143
326 335
35 97
285 26
179 190
315 429
295 367
167 103
274 43
7 338
230 66
53 365
449 72
394 119
124 205
448 201
221 175
338 95
203 385
164 104
435 202
54 263
164 390
138 171
289 78
402 231
439 232
258 297
90 448
331 223
155 28
142 341
388 256
287 310
21 202
58 106
195 171
168 290
59 76
353 240
397 141
377 238
72 353
151 302
107 290
389 54
273 424
372 426
106 446
189 385
105 437
385 103
128 10
236 307
308 23
12 36
222 374
83 11
128 441
7 188
323 270
175 400
202 291
135 53
60 215
310 410
280 321
22 74
111 415
391 77
239 249
167 239
415 333
277 58
209 115
290 84
0 112
106 129
73 185
336 385
284 379
211 4
316 402
288 109
337 150
75 295
127 0
176 391
19 0
368 94
283 135
106 139
336 393
192 101
261 154
336 105
177 355
84 239
119 248
241 88
123 119
88 282
408 286
29 384
378 154
30 19
58 221
326 323
114 321
132 374
1 213
184 422
431 86
58 311
424 256
450 165
379 93
176 162
52 433
45 153
381 78
169 180
115 192
354 428
307 234
163 427
48 61
214 325
106 125
237 210
271 109
262 384
330 270
94 244
84 147
363 368
381 15
202 75
399 239
7 449
265 106
446 139
91 381
318 88
440 143
365 155
363 306
168 36
290 203
125 437
178 211
210 300
30 309
19 112
404 63
146 169
376 382
143 399
127 270
246 229
396 243
304 377
105 78
112 272
296 42
312 295
398 259
337 427
39 376
268 270
311 394
367 320
170 68
232 347
176 9
426 363
219 400
103 295
354 0
183 104
368 238
123 194
30 1
149 230
406 64
49 266
226 405
96 308
240 422
64 373
407 273
270 377
153 441
343 420
149 288
427 0
301 226
216 249
92 72
327 424
152 201
245 292
353 414
3 166
30 8
418 420
255 165
317 367
240 286
412 336
193 251
356 185
81 196
295 201
318 442
431 27
131 178
24 37
439 165
90 405
322 42
112 146
240 264
236 261
86 395
131 70
232 312
113 124
163 123
218 94
351 403
442 37
146 186
89 26
289 417
285 230
252 292
317 214
185 275
39 265
378 233
432 170
342 422
221 223
264 399
1 286
373 430
181 338
361 231
257 426
200 415
270 69
339 324
230 392
280 415
413 406
278 435
147 129
107 174
253 285
424 354
383 52
50 406
365 163
304 133
352 319
233 94
262 109
226 425
108 384
25 414
5 34
441 409
433 317
237 207
259 449
47 334
91 201
298 268
423 332
447 228
360 196
6 115
17 387
411 403
324 256
349 109
445 108
17 127
433 280
59 440
269 49
7 72
16 300
435 7
5 228
263 90
131 68
235 236
323 20
1 129
334 84
427 408
113 304
379 56
409 11
335 51
31 404
421 128
52 407
245 128
311 198
159 256
270 124
42 269
62 175
449 133
377 97
409 254
275 311
84 90
293 391
299 206
291 244
177 253
295 359
353 351
436 278
208 8
410 196
5 355
81 327
358 260
327 131
270 51
210 373
32 164
375 295
87 354
385 229
79 179
87 278
233 346
397 135
25 196
103 438
415 423
172 6
413 142
80 141
99 393
401 138
266 135
309 191
60 343
199 64
434 282
262 157
155 7
152 250
151 186
315 131
276 329
96 397
334 13
445 293
126 154
190 98
365 0
136 156
425 102
315 30
426 258
401 265
89 274
330 49
141 399
2 273
300 255
415 243
434 120
259 317
69 220
50 346
72 217
449 366
235 276
193 440
238 318
345 301
146 48
388 445
165 334
384 43
175 334
422 355
134 442
37 293
135 116
405 408
106 432
88 122
197 423
108 429
222 128
251 249
18 204
236 440
436 390
18 8
180 172
316 310
428 270
16 40
83 332
363 206
174 99
255 267
113 324
358 373
186 448
162 221
192 146
380 428
219 268
265 362
234 200
30 135
391 442
128 15
292 12
426 103
292 372
280 5
400 122
408 314
151 246
418 130
188 298
330 157
415 9
48 175
132 146
99 396
303 278
62 389
399 152
44 313
147 109
91 434
244 163
46 422
265 16
378 59
83 37
420 397
258 325
314 272
316 337
232 190
371 45
300 376
32 188
145 174
151 15
200 183
312 286
115 250
123 68
450 21
274 182
35 182
29 402
8 182
75 105
280 230
266 145
94 251
129 41
252 403
89 270
272 386
167 132
449 298
395 357
131 382
82 244
201 428
63 416
253 389
97 297
248 228
121 311
192 346
221 183
216 414
111 174
276 250
355 143
16 182
171 317
346 15
162 443
338 288
370 359
335 376
374 3
34 116
23 41
109 323
110 400
121 209
278 97
205 197
114 371
295 292
284 24
391 251
113 386
180 41
35 406
446 258
388 55
15 46
216 218
229 83
180 225
203 17
65 177
285 229
51 10
308 286
354 111
120 184
380 29
413 275
22 206
134 414
200 56
374 188
215 238
430 64
442 319
57 396
63 404
82 46
415 41
173 243
331 146
106 105
414 257
305 136
373 211
353 204
249 105
7 8
400 352
447 57
261 58
198 374
417 35
368 308
25 46
280 291
346 322
181 43
211 46
42 371
269 143
192 449
75 236
370 70
2 111
357 313
190 104
202 36
351 69
357 308
152 31
164 271
292 420
439 224
423 270
401 76
170 61
83 291
94 196
445 357
60 429
285 300
331 361
287 262
45 302
22 96
296 33
341 188
63 448
59 147
436 56
423 164
284 360
432 30
407 124
358 172
12 151
359 333
51 183
337 352
74 373
365 18
230 321
106 412
230 297
302 402
222 59
283 98
308 134
4 296
299 141
5 75
266 374
12 79
433 421
180 404
255 154
46 260
96 274
387 1
338 389
326 391
62 252
27 104
45 70
96 30
402 350
434 263
25 160
8 98
354 365
223 397
442 211
104 298
215 144
413 181
46 51
253 385
27 207
293 382
114 137
52 4
102 408
196 34
49 6
33 363
154 48
268 87
348 210
121 134
72 50
387 32
148 17
383 156
373 364
54 333
34 169
331 364
201 327
284 108
67 188
154 196
259 254
31 232
375 204
230 292
185 95
265 329
420 405
36 431
123 137
360 227
360 86
83 4
306 211
271 46
228 201
392 24
254 445
207 433
277 253
35 225
306 184
409 135
143 248
100 324
51 269
290 118
54 416
272 383
253 418
370 438
44 79
233 420
82 66
47 117
186 99
129 397
222 8
211 25
111 411
250 86
301 99
194 201
301 167
343 166
298 271
378 248
420 236
409 122
117 30
18 28
275 409
335 219
372 275
210 161
88 263
173 361
101 300
210 104
64 25
36 320
149 270
181 428
397 36
398 225
242 220
176 427
20 435
206 225
414 15
228 9
335 424
337 390
146 344
375 198
250 61
28 305
121 350
309 327
264 112
159 366
65 223
255 245
70 172
244 156
387 358
139 66
165 153
26 423
434 193
183 28
313 197
152 434
298 30
242 95
360 46
156 211
424 191
134 374
118 91
304 257
245 291
434 329
304 404
275 287
99 15
90 104
83 164
153 424
313 5
344 145
361 107
318 287
45 23
352 179
316 446
266 31
218 230
304 198
116 23
306 261
436 105
252 87
303 108
241 18
32 40
430 166
218 278
421 152
151 278
392 311
180 427
254 378
444 400
342 434
304 372
228 292
221 23
91 310
300 73
268 144
213 365
271 26
306 93
232 123
450 440
346 128
175 93
181 67
170 15
359 247
181 71
242 178
188 382
89 159
345 154
159 197
137 358
74 323
130 127
408 287
165 427
143 189
161 103
356 450
206 35
296 132
61 273
37 334
67 0
303 156
407 360
19 46
72 254
371 278
176 261
189 436
343 50
311 44
245 136
81 308
339 46
161 247
349 37
412 10
79 199
196 69
429 403
8 227
18 370
374 440
90 157
222 284
228 406
97 367
233 210
426 257
94 345
27 72
329 129
16 230
251 82
445 124
239 290
210 22
66 303
215 128
144 195
345 179
309 11
86 80
193 359
201 300
341 409
359 265
272 114
222 112
348 80
94 379
445 383
84 312
172 48
229 289
417 39
31 300
82 346
277 272
228 297
157 308
3 323
442 214
195 117
446 315
407 305
169 194
16 36
110 164
260 396
37 223
83 248
177 63
291 60
304 250
375 34
13 379
225 177
350 300
42 59
442 261
251 210
371 215
274 179
203 424
78 222
156 261
196 123
25 164
66 421
174 95
120 327
299 47
370 270
187 63
407 418
252 50
220 137
99 176
48 315
106 95
80 443
172 395
252 28
173 193
311 287
322 251
183 56
305 73
223 60
377 166
412 352
287 276
20 118
326 330
244 61
167 422
319 179
101 224
154 10
6 80
12 178
188 380
51 20
351 395
305 330
271 251
253 354
180 386
437 232
219 256
216 264
289 358
124 363
87 307
294 425
112 281
118 136
278 137
94 268
408 16
141 269
205 23
361 259
69 189
260 415
78 135
265 124
154 193
371 149
54 317
387 173
94 86
437 51
57 324
360 230
352 0
61 1
253 386
387 267
130 222
435 196
233 207
168 185
234 356
396 280
284 344
440 228
349 75
120 241
245 372
172 313
30 310
62 377
196 282
336 290
286 28
422 98
163 286
412 138
242 228
444 91
209 137
40 304
408 438
410 439
208 76
349 192
81 217
236 65
108 373
50 409
142 288
191 434
39 296
186 212
56 122
47 320
301 258
19 255
15 332
68 179
243 443
99 328
48 291
437 236
430 378
450 338
62 37
127 53
249 397
313 332
376 157
3 0
91 26
443 221
365 396
3 369
307 212
213 62
324 138
37 80
276 362
199 295
269 286
432 136
74 149
377 153
69 246
323 362
89 140
124 371
230 272
131 135
111 63
379 316
307 444
249 345
178 277
178 369
204 363
105 119
338 49
66 138
159 67
272 132
295 7
77 115
438 344
70 292
45 56
368 165
305 274
274 116
67 74
364 59
319 372
247 369
384 37
439 16
45 193
363 10
363 287
49 134
438 195
273 155
296 294
172 294
64 31
229 81
362 329
177 46
207 309
219 290
299 93
377 424
34 58
154 249
196 141
420 357
192 371
316 388
156 218
405 62
11 156
274 47
150 26
80 206
326 134
182 74
211 296
251 192
405 126
231 172
442 195
412 360
202 173
138 430
344 41
324 139
274 28
162 20
349 11
248 70
429 53
327 299
201 260
146 318
108 355
348 334
48 284
20 256
410 64
262 430
335 257
32 101
422 209
134 307
45 378
281 333
0 9
356 57
26 62
72 168
181 112
443 155
213 17
434 367
322 12
317 149
272 224
181 22
163 383
329 443
341 428
291 138
260 78
267 306
170 154
254 320
98 90
286 201
233 69
415 378
431 198
328 151
369 88
269 201
140 429
57 7
244 341
194 367
387 354
184 92
257 243
111 293
437 342
0 227
343 38
77 319
362 270
102 113
320 349
175 281
393 173
224 394
200 282
350 356
116 67
281 177
232 392
268 315
174 101
126 41
309 237
405 423
450 391
310 106
127 49
411 205
50 378
362 18
151 192
60 298
401 380
10 295
177 334
230 239
8 357
327 238
363 381
102 95
316 216
113 172
340 70
397 430
319 406
337 11
121 337
94 377
76 235
172 177
123 347
66 87
434 85
23 287
350 395
274 269
107 102
364 63
195 381
313 413
374 253
427 355
435 63
428 425
215 182
128 166
101 227
3 33
153 9
56 30
108 33
298 250
217 242
308 201
428 152
440 378
224 250
208 19
32 194
401 291
132 164
249 144
227 42
20 84
429 70
305 162
265 401
144 62
46 130
291 300
47 211
304 227
119 318
76 171
446 420
283 355
346 381
228 76
426 45
389 47
326 199
243 265
402 356
38 437
74 325
397 190
48 169
181 370
96 352
328 333
137 2
58 296
338 130
333 377
307 264
319 167
105 179
338 88
362 257
261 37
173 169
351 207
338 176
216 120
26 72
414 43
356 319
350 367
68 74
445 279
343 44
450 219
116 212
385 100
306 136
429 349
56 61
415 84
390 12
443 18
419 104
204 212
228 53
417 406
201 276
414 293
214 443
446 21
210 186
105 74
162 162
423 219
397 142
30 180
161 89
233 121
20 357
130 235
120 101
342 212
384 126
413 448
435 291
193 135
392 270
272 78
412 11
39 348
97 233
278 121
230 343
419 37
1 228
60 274
59 418
226 314
221 209
439 158
411 114
314 281
374 39
14 111
275 280
383 234
122 185
227 102
326 208
167 434
334 434
325 213
107 449
113 385
137 145
128 243
84 136
271 406
303 182
312 408
152 390
238 194
285 402
96 203
417 239
263 252
372 408
257 337
414 280
250 308
273 312
147 251
216 39
314 100
408 141
288 152
19 153
228 311
393 101
186 258
202 198
129 280
139 126
313 290
449 165
418 247
125 140
156 173
105 435
155 9
73 70
143 157
318 100
30 155
9 279
376 11
401 133
142 105
274 13
15 145
12 390
404 390
175 239
98 76
372 264
52 35
170 32
256 135
18 394
436 48
140 36
52 403
115 335
350 116
59 225
173 296
121 188
146 391
173 119
31 334
155 446
248 34
18 276
239 335
354 332
174 422
395 113
238 379
62 400
400 373
433 187
3 181
315 13
374 58
9 171
355 113
213 336
237 209
29 379
218 296
58 129
239 183
365 191
319 412
60 13
306 306
59 351
145 356
273 240
72 312
9 197
367 410
418 131
76 436
326 293
430 207
308 277
406 340
251 127
315 264
51 263
408 439
112 337
319 37
102 205
199 335
395 42
141 444
62 238
89 385
57 360
210 180
274 99
34 186
51 69
41 55
258 321
191 80
382 313
283 450
87 276
70 403
412 265
281 166
109 72
121 198
88 161
75 230
365 339
362 31
353 190
154 242
176 60
275 114
317 225
269 73
52 309
175 121
355 57
227 322
265 313
52 316
188 95
423 400
140 353
440 236
436 262
253 175
169 239
381 132
117 72
199 145
249 291
285 149
5 283
350 120
165 323
1 20
256 284
35 106
60 326
395 247
185 359
32 286
95 380
108 160
388 269
135 331
448 271
319 301
127 310
407 134
185 427
450 368
431 24
189 185
137 49
138 436
265 100
294 93
369 206
437 113
197 299
352 140
260 49
314 220
28 229
69 160
170 379
428 167
382 128
273 46
46 415
414 448
236 438
259 18
423 445
138 145
91 347
210 435
377 423
40 314
83 304
244 155
421 138
275 433
127 363
123 271
131 180
37 31
52 291
104 307
166 443
404 397
126 42
240 7
171 301
89 301
226 158
261 448
260 5
30 431
57 106
404 425
36 401
146 89
404 68
129 331
280 19
405 183
123 240
193 239
106 161
378 317
374 167
110 58
289 235
176 369
304 110
244 309
344 49
256 71
362 287
93 424
58 11
46 162
328 155
215 176
292 325
432 319
118 63
124 322
165 363
27 309
179 116
43 445
12 252
399 316
29 112
263 359
308 345
177 184
280 248
84 44
301 181
323 424
29 391
379 41
156 27
380 431
93 313
54 322
312 189
150 97
218 307
26 250
416 88
42 260
139 342
109 8
410 368
289 109
336 396
268 313
191 163
374 1
292 346
86 22
92 284
120 248
96 111
51 182
96 322
260 38
4 428
315 310
224 110
367 174
129 214
272 130
19 107
391 59
363 299
45 239
308 7
39 292
234 241
334 305
218 73
325 96
113 263
217 116
99 86
234 182
97 165
313 295
156 433
128 357
141 181
412 129
256 429
202 175
232 106
145 323
250 303
77 73
301 64
162 364
179 203
367 32
15 368
290 362
363 14
239 100
9 243
305 16
124 10
398 355
54 8
117 274
52 99
64 171
226 417
360 188
78 286
211 45
267 106
440 90
67 177
373 275
108 311
71 198
188 246
11 58
40 149
342 327
1 343
180 115
187 37
243 226
312 365
360 213
334 360
87 4
218 382
422 111
16 248
57 22
405 244
282 220
257 119
158 211
138 221
181 203
192 206
80 23
192 98
399 364
110 104
12 21
291 26
146 192
27 304
77 98
179 163
49 247
17 401
88 5
326 364
146 315
415 44
329 258
177 142
60 35
123 140
237 159
186 228
289 220
240 119
190 164
243 222
282 402
433 119
197 67
330 96
89 41
227 145
34 407
8 170
62 375
34 73
200 386
97 223
53 323
318 155
433 397
297 375
348 219
99 298
201 305
84 401
323 83
235 139
284 299
385 53
110 408
442 366
49 210
242 148
15 293
13 172
404 133
244 103
196 264
359 155
46 231
237 327
349 72
416 408
145 290
368 30
324 395
176 166
257 244
234 322
422 224
38 442
48 438
379 256
306 421
169 131
175 208
223 47
263 288
130 169
132 205
107 244
409 268
21 251
159 199
147 394
117 171
339 24
37 266
240 118
81 305
283 364
201 186
377 231
224 339
337 438
127 236
398 223
282 12
0 20
200 151
316 219
131 235
231 308
430 213
209 392
156 376
320 132
194 191
380 117
165 94
194 397
310 166
303 207
59 201
383 260
68 221
162 302
211 28
161 94
325 228
225 61
121 417
242 125
288 1
97 265
90 435
310 163
68 269
370 286
428 331
418 418
280 246
227 397
308 226
114 121
405 324
73 254
433 410
231 41
297 392
293 280
161 328
229 312
396 63
199 107
444 179
219 35
17 359
2 290
211 397
300 414
344 171
326 292
199 160
8 175
18 254
126 430
381 388
76 113
169 52
358 74
96 325
164 150
28 310
309 375
368 62
15 282
180 410
278 361
323 145
416 450
386 187
355 393
167 287
109 253
416 15
438 288
132 138
210 270
236 338
60 89
409 448
359 294
280 202
41 166
408 420
31 170
46 448
9 115
218 395
382 18
142 374
34 199
209 393
448 174
383 231
252 363
50 388
109 29
56 338
232 30
324 264
110 122
295 229
309 325
15 230
449 340
253 164
100 236
120 47
115 152
421 214
368 136
53 123
111 204
174 37
102 293
7 357
39 438
82 280
100 411
129 310
288 11
292 221
440 170
141 177
271 373
324 98
149 430
254 428
196 329
298 346
196 134
2 229
78 305
188 154
6 26
138 260
98 216
81 17
286 309
409 327
14 136
150 348
75 228
58 159
221 419
233 309
170 261
431 56
84 276
64 240
112 356
401 199
384 138
114 30
360 366
204 99
310 62
39 426
43 160
158 78
40 229
193 77
55 146
128 368
92 375
224 296
327 0
307 169
45 350
426 212
145 408
45 406
254 430
354 172
289 69
82 135
124 233
374 71
358 45
99 281
348 399
292 331
97 232
257 37
189 166
202 100
239 288
336 44
391 172
295 425
382 427
176 193
269 194
421 392
197 61
201 351
297 206
220 143
397 351
389 167
255 137
8 382
116 327
124 0
74 371
202 65
63 160
347 440
388 169
397 250
6 300
356 323
268 141
36 195
312 77
13 254
49 327
286 399
20 69
375 331
283 433
234 5
414 249
118 275
135 236
238 251
162 337
278 238
162 158
11 272
143 315
256 302
118 336
130 225
261 12
158 148
190 34
243 157
314 221
414 424
179 338
440 22
170 323
135 115
418 297
39 275
199 277
256 149
64 137
314 24
263 23
217 332
320 194
270 248
64 123
420 128
285 32
194 205
10 352
5 287
210 253
249 96
199 48
285 235
380 104
191 290
378 36
125 433
94 19
423 162
91 39
137 89
327 231
405 166
428 129
346 236
95 212
313 65
308 193
365 381
58 81
248 211
109 104
1 276
209 260
191 280
80 222
346 367
63 291
408 385
379 179
204 327
33 42
85 335
243 361
446 115
26 172
302 382
299 188
270 160
298 306
448 331
51 119
311 371
285 155
170 14
35 61
205 421
132 215
151 285
15 154
415 261
48 203
14 29
92 130
275 232
163 210
447 440
420 356
141 85
394 102
432 54
108 375
306 336
5 412
43 15
136 10
257 94
59 232
201 195
300 222
215 26
334 86
398 150
435 409
32 79
39 200
15 265
64 214
282 127
27 222
300 434
239 129
256 176
158 405
239 413
338 333
327 204
119 216
119 393
217 229
30 434
299 31
171 153
375 118
71 83
198 110
414 154
78 237
57 205
313 405
158 264
391 18
304 56
120 12
12 124
83 355
419 218
300 340
10 271
69 65
386 43
284 27
298 425
257 225
101 4
193 286
104 40
17 276
281 306
273 96
113 119
399 208
265 266
186 423
170 31
338 323
434 80
199 400
58 276
353 431
329 218
176 12
426 428
371 385
323 369
296 201
100 87
330 123
43 284
93 195
38 266
434 161
4 426
222 243
232 162
186 141
368 406
119 19
115 382
427 93
267 425
127 346
81 215
323 198
4 393
73 159
377 280
217 218
440 152
173 311
289 222
386 344
322 135
89 305
389 74
132 171
169 84
449 359
420 268
131 118
213 215
14 372
154 93
149 377
110 292
312 376
423 86
157 219
228 314
277 251
370 75
227 260
243 259
122 231
266 173
395 293
169 54
286 330
235 365
28 152
312 125
124 274
15 162
444 446
362 121
409 337
171 348
113 99
357 115
343 197
201 188
30 177
142 148
385 318
159 173
101 434
339 285
37 202
101 372
380 187
400 364
234 71
176 65
312 188
280 336
422 197
304 158
124 99
340 426
290 210
225 296
432 256
14 45
342 194
46 199
440 165
371 227
38 429
231 153
255 197
139 3
192 99
315 125
107 264
197 291
332 420
342 239
449 121
218 121
3 309
235 367
232 238
219 361
372 192
345 30
207 442
169 26
1 35
310 182
274 144
390 92
7 329
282 244
292 182
396 101
74 167
295 373
418 232
355 76
306 33
387 377
220 422
50 296
116 402
106 342
372 197
437 240
333 67
434 16
31 275
415 62
156 190
217 381
168 362
69 360
428 203
27 158
99 225
317 24
36 412
370 244
252 301
334 52
7 277
115 210
275 404
325 8
125 313
320 193
64 296
147 194
236 0
172 123
382 347
239 375
173 1
268 274
232 175
386 203
324 307
38 220
268 177
23 410
329 2
415 108
337 26
427 213
324 430
278 214
443 84
431 127
265 225
353 292
70 420
3 149
206 235
442 148
18 292
355 207
415 80
319 262
144 193
254 416
231 270
231 33
16 66
318 175
352 30
258 362
378 341
395 102
272 73
221 365
187 22
317 131
161 240
277 436
450 179
67 192
150 151
61 222
335 2
354 396
392 312
362 265
304 67
93 13
146 287
439 213
52 48
219 104
288 221
83 78
29 228
116 44
131 97
160 151
50 206
216 395
30 357
69 355
230 349
279 66
209 318
24 50
45 148
77 403
149 303
433 124
426 71
105 372
366 95
64 411
422 17
185 104
185 370
127 359
265 339
145 322
299 304
33 399
179 184
248 163
227 358
418 338
247 155
262 169
39 366
132 25
310 88
168 266
2 230
208 1
112 257
435 195
21 60
14 318
269 412
308 175
260 348
399 70
0 434
334 236
200 427
234 289
284 97
102 182
240 279
59 400
129 332
370 326
201 107
319 32
157 130
349 342
6 241
216 55
274 345
245 113
55 112
255 262
95 419
14 424
298 303
394 240
443 312
237 305
141 250
137 286
79 64
150 374
256 132
103 0
264 406
407 79
359 90
353 254
272 25
448 387
191 55
28 257
220 206
441 172
167 244
186 311
134 306
201 217
346 273
12 35
164 135
433 351
192 358
117 252
345 190
161 124
287 109
2 349
167 163
280 59
226 50
269 176
195 284
410 334
3 284
336 421
416 82
366 218
301 175
428 336
422 386
159 244
12 345
269 71
67 400
403 126
421 189
36 407
65 387
1 141
123 368
39 204
256 27
350 104
407 69
181 358
292 266
425 171
196 157
166 298
407 302
66 266
20 213
147 152
157 441
53 132
78 141
248 241
71 405
384 153
21 325
125 19
266 54
375 56
442 183
156 306
442 431
318 70
274 332
136 425
163 81
18 203
417 394
342 406
353 70
408 366
200 127
30 240
312 342
173 183
373 402
48 439
156 161
211 149
93 250
74 353
187 216
365 93
125 122
264 123
122 128
121 273
252 254
157 258
357 52
151 401
387 114
272 211
185 16
179 335
223 411
172 154
40 277
327 25
171 78
188 175
367 255
417 313
291 381
415 414
449 388
344 289
187 38
178 30
315 295
250 275
183 60
318 199
92 385
230 173
293 438
78 336
223 112
87 308
217 413
248 324
338 98
357 358
116 235
133 8
64 444
355 298
435 86
46 272
217 134
366 25
421 314
393 411
109 96
132 139
45 215
408 429
154 284
87 53
171 169
171 373
203 275
150 300
102 311
156 44
12 337
29 234
405 91
93 408
409 106
324 188
59 158
266 366
193 6
246 27
17 48
149 62
78 16
437 261
232 179
160 63
429 322
425 218
110 10
300 76
344 207
306 7
189 380
191 53
227 191
346 407
372 428
298 141
149 238
371 425
404 191
293 448
112 436
256 241
97 136
432 19
386 206
297 274
65 167
443 61
439 152
284 366
378 144
223 441
156 351
370 318
450 109
9 359
341 268
363 367
362 227
108 151
106 276
266 370
376 267
80 161
448 352
418 98
112 57
377 168
38 55
408 221
110 69
432 156
219 160
148 240
285 327
260 308
433 213
7 335
201 18
8 223
89 46
44 22
338 124
280 103
339 423
424 187
129 412
24 119
226 351
246 440
366 15
184 55
9 191
438 198
123 209
283 32
228 139
59 235
132 113
244 313
386 253
169 363
311 309
178 212
17 238
208 286
126 381
149 184
140 329
172 176
59 411
85 61
139 314
140 356
73 426
166 319
83 203
19 399
88 210
305 152
37 381
313 15
368 437
275 3
182 158
191 426
2 401
2 260
276 206
223 323
258 360
254 242
247 275
254 160
129 80
290 447
303 181
301 336
345 87
448 26
449 248
345 450
263 260
0 256
241 194
382 323
216 262
192 235
263 412
325 448
131 195
54 226
222 96
31 446
229 424
87 55
170 9
99 208
57 401
355 329
343 173
440 331
435 109
53 67
279 14
430 225
419 282
155 57
296 271
217 292
227 120
85 7
89 221
84 294
59 58
170 44
4 5
89 111
401 427
260 200
280 315
65 192
14 122
16 22
92 108
47 116
368 81
128 56
19 12
58 327
248 326
43 88
346 365
244 282
177 215
350 413
15 336
427 239
166 218
259 399
307 333
33 263
208 412
423 0
388 27
295 123
428 347
336 83
237 417
335 299
168 1
30 360
291 240
324 356
436 325
42 335
141 303
239 319
353 140
55 275
50 166
23 187
156 26
423 61
330 168
404 2
405 181
251 83
120 112
235 176
145 223
355 243
168 289
38 290
198 101
403 200
411 109
277 43
185 302
39 35
211 432
201 433
204 284
406 214
227 34
390 408
353 17
164 142
14 443
334 116
126 311
281 297
301 35
402 414
211 103
148 78
225 157
45 125
155 262
383 383
276 117
34 124
228 145
206 188
131 270
116 175
432 257
241 256
75 403
238 115
99 84
125 386
444 358
320 81
346 149
76 194
218 83
4 13
43 209
312 414
193 284
74 182
28 391
315 82
355 27
421 447
426 230
176 114
86 429
10 27
216 49
190 93
288 242
426 392
155 23
243 287
343 73
67 270
66 50
103 339
218 212
299 97
293 204
218 175
413 204
316 60
41 184
279 446
208 10
220 62
242 16
197 89
249 154
441 181
378 215
111 187
409 225
226 75
176 56
268 203
318 169
154 273
387 390
43 19
210 420
8 250
93 49
109 419
199 356
58 363
33 211
196 289
260 119
408 170
271 188
124 64
296 192
376 251
233 11
209 432
163 53
303 225
314 432
347 263
198 302
154 70
15 337
60 220
378 438
311 4
380 383
214 99
242 397
395 86
208 352
128 185
127 114
222 105
58 415
370 372
376 305
136 408
271 377
204 140
191 333
60 129
380 412
41 49
268 330
142 353
19 317
309 364
45 79
290 410
387 430
216 76
267 396
286 208
28 167
92 36
29 417
120 404
221 384
254 269
408 199
267 28
38 157
332 385
260 116
72 97
156 76
383 177
375 8
427 178
420 419
180 357
292 265
219 81
219 276
433 323
187 8
88 201
391 196
152 311
391 207
182 331
331 157
440 344
334 78
170 427
381 446
388 117
175 318
321 320
129 426
142 153
317 303
154 175
404 97
294 30
242 364
41 100
145 361
21 334
447 87
159 267
87 208
75 216
226 219
339 392
92 386
319 333
399 158
207 322
261 0
93 36
321 126
188 103
371 88
331 399
273 271
278 70
131 16
196 432
96 90
47 422
375 411
291 291
302 140
40 225
316 293
126 140
394 78
258 89
385 98
278 371
25 346
423 328
436 189
311 35
108 427
384 312
14 11
425 256
108 127
47 352
116 244
125 420
267 80
153 256
16 215
111 303
388 322
309 90
384 364
213 380
20 332
360 32
362 328
281 6
270 57
312 140
48 226
15 152
18 214
359 311
187 59
349 272
264 274
176 97
114 11
263 112
309 238
122 229
294 75
192 39
357 392
38 38
202 270
400 430
230 284
330 447
83 350
79 270
18 302
276 389
327 166
328 22
358 118
193 356
153 227
124 27
74 232
39 232
36 167
287 250
220 69
21 303
442 36
359 394
370 72
46 333
238 164
289 30
241 159
12 331
329 184
385 186
4 316
176 317
6 49
97 145
71 278
57 90
2 442
145 152
16 225
131 48
410 309
415 328
444 214
288 347
76 20
337 148
153 312
196 359
410 80
253 268
43 399
131 324
155 183
63 446
324 210
426 125
357 412
80 325
271 200
383 407
124 283
36 321
341 251
316 176
247 227
330 97
190 42
281 354
231 240
435 412
393 81
280 41
162 274
7 224
67 273
347 421
386 213
161 138
116 374
402 131
382 25
345 144
262 363
390 231
410 152
226 290
190 162
330 34
280 147
394 7
287 299
8 423
247 38
265 37
353 160
56 160
254 11
87 288
395 223
328 156
334 300
175 287
299 343
350 149
62 107
122 260
304 292
156 89
325 205
289 435
99 121
65 5
336 374
139 424
258 447
145 446
142 34
395 81
94 241
355 379
154 382
81 372
228 409
282 385
73 418
236 28
204 368
352 276
196 361
348 224
140 230
372 215
351 381
155 249
50 312
179 249
387 342
330 393
158 104
211 26
436 405
40 410
335 171
180 113
10 67
275 294
68 113
181 268
128 31
365 234
221 296
128 211
54 431
448 125
260 255
297 10
184 356
15 63
26 377
91 367
179 214
248 136
246 312
111 254
200 340
159 355
376 390
415 388
10 122
12 437
37 327
212 53
167 256
235 450
354 305
47 325
255 259
70 372
341 368
289 169
65 291
331 187
202 287
46 149
75 132
83 171
202 68
398 256
13 356
162 430
382 418
393 303
432 25
79 349
102 102
365 102
310 347
300 278
76 277
343 27
402 104
93 329
349 389
250 412
123 396
120 194
55 98
318 190
168 371
100 141
410 119
7 152
410 298
362 348
110 341
204 438
152 185
363 336
253 206
377 83
177 382
352 391
334 342
10 114
234 147
110 256
315 248
265 139
265 421
439 38
137 101
38 348
120 305
448 176
121 102
51 345
291 325
44 198
374 47
42 229
273 134
165 313
343 416
414 245
355 217
149 396
220 411
292 366
282 29
424 172
111 0
40 109
213 12
89 441
15 41
388 277
271 44
85 163
265 66
316 184
149 58
316 395
231 424
408 39
4 405
290 168
449 171
331 25
31 126
278 45
115 419
154 260
15 272
62 202
315 58
161 113
366 198
128 183
35 300
273 217
106 344
329 227
301 323
74 121
422 116
424 407
348 262
425 153
200 9
321 364
228 421
57 108
314 443
5 371
427 126
69 357
399 102
195 220
198 281
136 66
253 128
223 115
240 101
302 263
432 18
57 250
127 217
80 170
49 214
167 150
257 407
375 29
391 71
12 13
225 64
61 13
149 163
139 55
48 354
119 44
61 63
426 183
332 249
393 147
377 359
133 228
443 385
148 296
254 350
305 48
145 117
220 207
53 332
141 424
403 358
173 114
383 7
94 90
395 211
232 435
319 268
203 356
369 38
352 151
200 425
95 255
369 349
253 22
170 447
390 236
52 155
121 148
375 443
104 174
206 143
356 4
296 107
426 357
80 399
196 419
259 154
344 151
240 443
244 89
1 384
281 325
369 96
178 429
177 379
249 420
11 345
423 93
146 46
103 126
374 448
153 353
339 169
207 240
407 354
386 249
355 174
199 47
386 192
17 427
260 407
352 244
231 1
34 351
44 26
234 81
407 104
272 157
68 201
357 36
41 65
147 142
372 92
243 40
412 125
295 362
180 249
366 335
189 13
91 253
160 73
287 418
396 26
414 122
86 39
290 309
225 302
254 394
20 89
166 422
122 406
275 179
6 71
344 282
439 0
429 358
366 324
69 343
312 285
200 396
416 405
410 258
58 42
114 398
93 70
312 386
295 444
210 193
368 206
236 127
116 379
236 401
345 341
231 403
300 230
103 338
229 27
350 255
70 206
117 254
129 437
232 62
78 238
105 122
164 382
394 446
103 81
217 311
392 308
319 164
202 225
364 1
96 311
403 201
287 63
347 242
221 286
280 418
405 217
136 26
42 122
86 382
22 352
358 227
222 392
55 437
432 77
169 291
42 436
358 223
72 115
128 21
106 166
335 370
308 400
92 147
379 77
271 132
339 4
244 307
388 19
205 218
232 400
325 421
372 39
289 371
45 162
222 263
377 390
6 117
448 72
232 367
346 160
25 137
40 37
334 48
384 152
21 161
90 426
206 198
232 336
362 342
133 192
12 193
29 142
135 417
327 435
403 130
62 187
336 234
38 164
348 103
22 375
78 215
93 174
416 448
321 425
134 206
114 142
322 215
181 407
196 86
65 269
302 52
144 429
86 394
335 244
440 220
396 276
140 258
82 1
27 16
119 316
156 52
254 53
80 96
156 186
49 46
331 234
44 338
446 202
323 443
321 414
104 227
58 163
299 9
147 138
216 329
289 99
173 300
79 328
426 88
338 74
218 383
249 344
230 413
130 16
225 315
355 336
2 412
146 279
242 186
329 40
186 359
152 190
347 252
298 218
248 187
167 199
401 236
31 100
165 62
26 290
326 409
443 45
17 0
198 317
117 41
123 115
4 110
261 80
49 206
14 143
17 107
32 394
9 144
85 5
343 430
330 149
37 189
317 130
44 38
142 98
18 81
71 180
133 229
134 42
435 180
62 29
443 215
43 169
239 172
315 292
384 357
198 345
75 367
400 203
197 182
346 53
446 358
242 448
373 310
199 397
445 112
157 429
301 230
305 436
399 368
388 327
290 152
248 217
142 31
427 296
136 114
443 421
375 91
406 241
209 158
286 193
34 24
130 283
12 16
87 32
390 183
397 159
1 312
231 309
111 98
223 384
409 157
246 275
29 69
308 139
311 104
186 366
414 135
197 388
48 181
343 273
430 420
118 46
167 307
93 355
356 273
255 378
294 150
196 397
36 187
224 378
26 252
125 426
318 256
298 231
332 207
149 375
343 351
425 0
176 359
15 97
295 335
383 342
67 150
231 379
448 45
108 28
446 14
88 98
64 50
341 174
392 174
149 247
239 439
18 448
153 210
120 369
375 4
190 369
26 437
331 422
152 388
254 305
133 163
84 110
260 354
96 286
312 96
42 38
29 154
182 236
163 19
325 326
232 152
338 300
237 59
108 82
319 95
298 373
4 314
214 306
100 193
23 377
345 210
191 417
268 364
74 357
11 185
430 21
320 44
90 241
10 179
443 150
330 297
79 82
390 9
265 267
75 299
161 108
271 427
265 83
159 139
431 327
59 305
97 102
276 2
216 297
122 149
79 136
378 401
14 99
236 233
367 26
81 213
62 47
90 297
170 133
128 194
26 114
364 87
404 3
335 311
220 346
344 102
430 322
17 28
415 224
2 195
217 302
86 172
443 96
170 158
142 176
181 257
308 105
227 43
250 177
171 435
281 399
429 303
174 162
82 81
339 132
257 44
179 168
117 25
184 224
40 412
49 288
343 18
428 271
384 24
324 425
198 173
352 201
269 285
112 404
410 159
296 116
382 185
2 112
224 65
168 238
287 21
33 112
102 413
43 129
109 45
174 79
345 352
88 442
95 447
147 286
290 270
69 280
365 147
178 279
305 237
102 309
34 414
297 244
56 426
226 407
372 308
308 187
51 66
152 119
7 60
80 230
48 227
72 320
100 22
218 111
214 223
280 108
292 209
82 121
328 394
99 128
449 398
135 389
325 125
242 4
384 328
91 359
204 386
317 65
5 196
362 35
59 54
331 282
72 202
265 333
213 79
244 263
438 60
284 243
145 98
48 16
353 7
43 49
87 379
205 403
393 103
416 49
94 316
161 286
183 225
328 320
29 221
253 301
226 404
130 104
416 179
128 253
210 129
344 213
442 373
171 36
68 32
147 32
118 431
54 289
61 181
320 279
192 262
426 189
304 416
236 47
237 164
109 396
178 137
344 411
161 360
180 448
422 95
118 445
213 59
2 149
245 75
261 94
60 404
253 320
50 145
349 163
74 289
81 101
187 337
179 238
0 280
132 449
339 255
309 112
244 231
306 97
106 67
86 163
373 438
207 170
368 357
338 361
432 162
231 427
68 418
176 172
272 23
269 289
282 345
304 240
348 65
181 331
75 2
40 131
48 31
180 191
2 427
257 307
320 362
340 98
206 233
406 154
5 109
424 230
196 155
92 226
280 100
104 365
52 435
364 2
206 190
5 393
404 106
34 31
227 257
209 52
393 424
105 217
160 200
367 364
394 392
201 322
331 345
309 175
212 364
299 136
137 437
82 307
346 175
33 159
177 429
201 30
375 305
9 166
286 314
19 269
390 24
70 414
121 30
119 243
233 61
369 162
186 112
228 111
29 207
73 16
448 116
313 428
147 225
188 261
378 136
144 417
415 393
379 446
220 298
217 267
351 188
165 1
436 196
140 273
424 185
69 185
80 177
16 33
132 421
93 141
363 178
12 24
100 154
154 342
65 411
375 272
196 149
113 140
238 174
207 300
442 38
114 56
228 424
167 195
139 153
266 139
170 327
368 259
419 10
334 263
283 66
49 286
3 399
64 285
415 274
47 56
6 363
335 155
447 298
129 441
152 258
385 432
356 162
0 148
178 450
325 391
33 415
121 6
375 61
1 389
193 418
155 242
30 96
94 23
308 11
16 104
398 404
366 237
351 371
42 416
167 247
197 184
400 284
126 172
19 71
34 11
372 126
54 53
263 111
152 302
18 159
424 54
157 100
180 245
385 280
355 213
24 375
68 188
195 425
313 57
269 281
168 65
123 284
93 32
26 294
341 32
284 424
409 67
47 208
333 324
80 207
297 183
29 349
198 429
388 333
247 311
423 366
367 141
425 96
99 229
252 27
248 305
31 388
440 318
196 160
184 363
94 306
439 295
167 450
204 90
181 40
63 293
413 217
416 417
278 99
0 278
341 162
307 285
370 319
2 314
427 2
172 401
134 396
206 93
41 279
448 414
251 100
104 75
67 47
208 224
10 116
249 435
22 98
236 291
279 334
113 115
131 259
373 9
369 126
66 27
214 219
55 265
146 244
318 440
397 196
131 417
111 203
253 26
48 205
398 222
14 227
61 163
61 263
414 76
445 377
217 425
246 353
191 139
319 117
180 375
306 0
56 435
73 344
420 313
306 256
105 317
42 353
413 191
405 424
374 158
91 238
20 165
67 315
160 402
450 267
281 148
387 227
422 171
382 179
138 82
344 95
156 120
129 198
67 252
380 228
202 154
250 96
14 141
152 105
318 358
66 274
399 192
445 165
361 340
95 329
263 190
186 97
224 291
312 396
358 409
54 418
429 251
424 162
265 245
192 263
14 84
334 172
132 68
419 272
352 221
247 245
112 94
340 197
424 160
320 198
188 372
213 90
147 36
25 440
8 4
137 447
91 20
103 187
219 101
88 335
349 67
428 173
122 421
252 23
95 70
379 417
446 269
159 381
2 150
143 361
122 432
258 266
24 80
411 60
90 22
223 161
198 115
167 26
340 306
351 268
236 23
380 349
109 33
240 147
12 86
382 22
420 416
118 197
21 383
419 162
448 394
14 127
231 318
212 80
68 358
95 358
187 135
63 287
291 269
11 57
43 122
407 448
42 208
66 86
356 374
288 293
297 271
135 169
370 49
137 302
368 116
400 256
148 91
411 9
142 415
417 66
274 398
291 140
193 129
138 349
121 212
153 439
192 402
145 36
35 345
176 325
147 388
434 308
147 199
65 266
120 329
442 177
430 278
195 40
66 118
152 32
39 131
353 175
66 430
185 291
33 282
157 193
344 201
258 121
41 133
73 299
373 279
90 292
345 408
410 327
120 320
239 412
103 259
81 279
9 173
307 300
360 329
136 200
207 85
43 193
174 105
212 172
242 377
243 292
398 41
345 445
295 371
109 135
160 120
221 423
246 180
382 385
265 134
105 186
140 49
210 334
338 17
90 71
21 158
326 58
34 213
375 134
428 139
37 264
109 50
401 353
156 405
118 265
303 229
178 334
158 346
384 4
276 127
47 421
34 125
272 327
429 367
29 85
73 54
231 147
211 100
181 304
196 410
423 260
411 444
9 5
183 179
278 209
246 209
202 449
27 313
349 133
231 313
407 231
419 259
360 93
399 277
265 439
131 379
343 293
380 306
267 365
359 244
386 24
136 116
200 323
166 384
60 444
298 114
30 439
289 23
191 357
185 317
119 15
308 82
203 389
413 75
391 333
412 155
330 438
422 373
194 222
21 14
301 149
308 312
261 338
260 238
6 423
231 336
29 307
27 145
234 265
98 431
173 249
419 417
39 106
430 415
130 45
343 99
157 30
76 284
77 400
175 415
252 39
85 270
364 110
335 44
68 377
367 97
418 185
256 112
331 71
378 357
332 382
382 127
222 419
27 403
221 97
176 196
419 65
104 385
279 166
381 333
373 440
279 290
286 70
47 7
323 420
45 367
14 35
397 66
207 76
412 249
81 420
48 324
344 427
202 324
177 196
419 152
272 172
72 296
86 25
265 103
221 377
354 208
413 99
54 6
202 409
2 354
257 105
31 394
331 450
363 208
243 422
242 274
384 251
253 48
262 54
82 234
141 428
9 235
244 82
196 166
312 253
34 281
392 279
131 2
0 285
238 281
311 108
434 435
3 435
331 232
218 187
424 81
17 430
423 121
176 344
434 239
118 276
49 320
305 355
138 157
201 285
443 104
410 25
273 55
259 61
30 216
19 147
422 8
257 270
19 308
389 433
150 110
86 235
114 14
132 181
212 301
225 77
48 303
343 237
51 329
79 437
117 377
166 334
304 446
186 48
383 398
385 392
236 11
246 432
133 176
395 327
358 174
80 200
398 128
252 367
304 161
380 81
403 364
238 273
345 400
143 133
287 241
411 103
350 278
334 208
185 391
228 73
271 88
11 162
290 78
167 69
341 334
179 150
256 66
254 234
391 21
244 219
263 135
346 229
423 310
390 19
400 343
15 275
309 356
23 208
101 228
156 294
93 118
234 285
133 362
80 208
324 349
359 140
420 372
442 208
375 428
295 285
351 15
315 9
68 438
268 148
59 211
355 360
195 78
81 74
293 44
325 263
354 421
48 126
43 337
380 229
139 401
387 137
56 382
347 207
132 202
411 426
388 334
211 121
94 303
300 218
251 175
444 86
18 124
68 39
157 329
31 295
286 71
188 102
395 448
402 274
253 318
28 9
19 251
130 333
68 382
176 446
193 407
379 96
49 35
74 358
281 154
240 43
400 300
434 201
332 200
111 398
309 277
125 190
268 316
382 109
415 289
350 111
367 393
342 193
240 332
401 408
82 396
221 356
438 108
145 172
376 425
114 145
275 61
14 225
162 313
115 52
8 146
52 193
62 409
207 435
10 397
441 227
285 63
335 1
16 338
70 443
131 151
97 179
77 112
345 146
291 376
183 139
367 207
51 81
43 65
293 443
145 332
170 242
357 189
225 101
392 143
138 356
107 145
35 132
353 74
220 202
225 443
415 428
28 241
374 418
293 111
55 232
46 250
254 102
66 108
112 439
205 76
422 287
379 140
345 126
273 327
344 192
81 286
446 147
440 342
101 145
198 420
163 349
231 165
423 296
203 438
407 267
83 376
202 375
65 409
398 184
56 306
127 207
401 107
435 438
193 32
162 317
260 371
432 74
424 39
388 316
318 200
434 358
242 270
318 419
298 122
372 77
73 82
289 70
359 442
199 327
176 5
339 359
331 277
121 14
127 141
271 151
336 280
442 307
28 2
32 99
352 54
214 170
65 150
293 240
261 263
160 130
23 412
225 114
174 229
401 32
425 317
157 27
139 437
418 29
72 253
377 71
276 267
374 97
12 441
146 430
90 128
187 49
122 88
388 299
190 156
244 355
140 314
282 160
316 133
427 344
195 297
86 114
259 180
425 110
288 150
80 19
343 360
60 125
148 88
289 407
397 428
183 194
297 338
141 353
239 93
267 18
169 105
124 223
216 443
85 156
118 155
58 410
46 122
398 245
287 111
311 146
178 20
404 423
44 354
35 179
53 205
72 18
302 218
430 108
371 177
450 56
123 254
309 221
160 164
275 45
203 189
84 237
141 395
221 378
376 410
376 178
295 13
445 236
56 349
65 85
232 315
27 425
195 182
308 127
429 401
356 385
369 27
262 352
155 133
325 295
218 309
41 53
78 281
223 86
226 294
264 427
272 167
299 425
154 287
153 325
124 52
216 288
268 82
83 136
190 150
309 380
20 408
253 7
346 330
371 220
256 399
124 390
22 425
53 349
184 172
91 132
350 420
64 22
290 279
3 282
293 369
101 299
164 171
66 325
431 426
401 151
339 122
414 188
172 195
265 438
332 45
146 68
20 90
350 299
132 173
316 383
41 123
356 400
128 61
422 164
208 175
385 134
87 418
247 323
77 420
315 124
155 250
196 209
318 303
45 185
175 394
290 239
419 3
112 403
155 251
291 84
315 335
230 119
354 249
91 431
205 53
35 361
156 147
290 158
400 31
181 114
170 110
317 310
121 218
31 229
295 344
136 262
242 226
353 418
242 180
162 259
350 215
161 151
254 54
46 64
377 283
261 362
242 430
444 392
23 154
62 206
396 24
56 368
383 317
445 345
212 438
197 93
362 259
382 163
385 303
448 140
290 188
302 377
91 200
261 358
125 275
244 401
118 262
324 226
416 230
70 306
271 192
259 351
283 325
383 310
85 366
341 323
181 415
232 68
136 56
212 382
200 293
183 201
57 254
330 150
18 166
284 74
202 433
158 143
277 271
421 43
200 118
285 103
204 109
194 171
113 76
40 372
181 77
437 56
59 99
372 65
99 191
387 366
132 391
433 283
18 179
2 336
12 291
27 236
325 229
394 163
96 18
381 356
419 368
212 356
150 275
3 255
157 273
194 43
76 196
218 3
333 212
245 163
269 345
374 219
100 281
175 95
200 364
445 54
354 418
28 350
399 93
203 232
44 277
310 116
260 68
51 389
51 325
122 93
405 170
355 182
15 302
6 405
286 33
259 190
363 409
368 337
433 208
99 182
309 120
439 253
10 193
213 208
98 141
129 64
165 161
363 72
180 215
132 189
193 14
125 322
35 94
124 165
121 258
262 56
447 92
410 45
438 450
47 135
211 50
419 303
125 347
130 128
154 113
271 389
32 29
209 290
386 171
35 194
449 44
444 61
162 84
373 246
436 106
405 353
404 421
139 285
405 259
203 109
352 87
308 270
53 355
81 105
180 234
185 239
404 219
169 314
56 345
409 443
87 314
80 215
431 252
352 205
253 305
97 89
356 83
434 78
184 208
220 404
145 268
288 401
50 173
239 171
158 321
373 446
125 412
200 284
373 299
304 247
447 165
105 446
400 282
119 408
108 294
363 374
424 58
166 247
40 51
398 293
43 330
354 197
26 64
190 372
199 260
107 297
71 353
23 223
254 190
189 300
170 171
35 156
100 418
224 438
135 341
136 339
31 350
449 19
300 136
277 34
424 111
258 403
447 333
271 449
406 60
159 218
139 99
244 4
2 211
175 222
207 340
408 216
438 38
293 412
237 234
19 85
436 27
132 345
332 20
147 441
225 224
106 25
67 200
198 39
51 293
300 356
388 52
270 130
54 388
139 431
156 263
238 422
437 252
256 291
220 103
121 300
35 135
284 321
123 148
415 36
219 218
185 164
372 436
350 231
16 165
269 130
332 435
209 48
214 346
234 57
49 37
402 362
412 12
298 194
108 137
91 331
113 338
379 303
400 337
219 346
354 292
162 120
213 302
194 158
372 170
177 65
107 403
264 432
380 108
22 415
143 387
286 442
98 417
33 13
364 117
111 390
230 271
278 104
247 425
339 286
258 355
170 141
382 132
328 369
204 187
161 447
233 95
25 203
356 289
310 333
400 47
390 449
250 307
83 183
329 170
158 15
444 97
407 221
155 120
266 23
425 297
47 439
436 261
324 75
308 412
76 167
136 67
202 78
243 135
206 340
248 335
38 304
59 330
291 424
50 187
73 292
156 87
99 243
202 201
433 265
73 189
400 381
183 349
206 156
339 245
69 264
308 336
161 112
54 353
312 335
329 105
43 184
338 363
45 303
296 133
39 42
196 396
31 428
154 286
256 273
365 145
103 63
295 102
6 13
41 262
265 384
139 14
429 378
284 160
341 399
38 250
281 323
18 143
118 192
303 122
62 363
245 39
373 46
176 126
250 423
200 406
107 171
441 24
195 56
266 325
250 366
438 226
216 193
50 428
212 372
363 410
180 403
406 81
337 336
264 185
182 364
194 321
90 48
184 360
444 96
290 3
198 75
58 354
443 419
98 180
54 223
264 228
327 277
199 426
430 445
279 258
255 352
145 176
219 347
373 32
177 20
36 184
132 364
222 62
58 403
26 16
405 306
418 41
311 233
7 168
412 365
23 342
142 92
300 157
186 217
108 450
38 162
124 251
397 358
127 91
385 79
360 168
385 56
158 389
304 329
112 344
427 139
87 302
398 329
394 139
243 204
99 186
61 250
55 139
421 293
282 189
93 282
330 139
103 184
61 224
431 182
322 181
170 425
380 294
287 232
97 2
246 143
228 444
73 332
178 407
126 132
98 219
292 197
331 22
21 33
157 355
250 243
140 89
294 245
325 389
70 169
105 195
384 355
227 60
47 57
283 160
47 156
16 342
261 129
417 378
223 255
62 174
137 188
222 89
131 315
378 11
293 411
299 405
417 133
169 251
208 138
239 272
432 56
65 113
401 136
160 405
43 277
229 245
169 48
278 318
249 54
430 203
345 140
356 113
246 258
344 99
181 246
348 104
228 10
348 263
368 89
322 355
122 380
244 200
328 237
170 91
221 205
27 422
48 168
12 395
235 163
226 93
421 425
396 267
374 441
199 73
116 332
196 117
30 210
11 112
285 13
116 329
20 86
347 294
329 85
55 422
0 246
393 144
254 369
149 194
235 309
68 41
53 57
198 392
260 140
278 225
74 359
114 304
100 435
435 270
331 374
431 141
289 34
233 26
335 184
372 14
216 110
424 92
421 16
197 62
319 246
264 287
8 201
135 219
396 438
404 438
200 52
294 441
362 371
113 110
206 89
118 279
246 342
92 109
373 94
289 130
168 412
227 249
168 95
445 313
162 122
291 428
76 226
161 213
290 142
146 369
58 287
321 389
436 382
356 124
192 225
331 379
204 114
10 71
379 440
346 67
278 0
58 387
46 141
42 178
38 28
364 420
187 88
258 165
162 233
2 84
309 181
182 66
435 194
79 237
246 449
106 143
228 395
299 38
158 169
301 140
373 192
162 416
8 117
34 341
238 258
23 1
242 120
413 26
441 50
292 57
50 272
449 387
75 251
159 43
66 198
417 233
320 415
290 27
415 447
33 172
351 90
60 222
77 393
366 363
329 211
265 205
336 48
245 402
302 363
39 289
119 156
58 315
328 137
326 211
450 207
433 385
16 380
330 369
139 257
418 6
34 57
392 345
290 291
106 317
385 278
187 290
231 401
215 219
228 227
36 18
330 292
190 166
397 17
326 246
91 156
424 288
7 396
85 110
369 73
19 252
174 50
34 140
197 428
95 141
56 406
107 442
345 429
303 340
380 134
125 354
21 268
327 30
122 228
140 93
26 181
283 120
217 365
309 437
366 421
90 329
13 6
12 169
62 223
339 292
147 365
408 350
441 57
331 244
393 37
185 319
14 38
362 236
149 158
311 87
399 36
255 294
335 27
113 285
123 16
126 115
433 332
104 94
22 182
358 284
100 196
450 306
331 306
427 52
280 306
154 363
317 51
40 190
148 191
162 87
303 73
95 248
169 5
64 167
317 139
443 176
381 37
174 153
197 214
263 365
428 204
149 220
313 127
72 304
372 148
380 287
239 167
288 106
79 11
78 184
264 36
158 76
267 154
177 209
17 249
304 166
57 369
138 7
135 220
7 229
375 184
218 16
215 110
406 403
407 187
358 235
214 386
257 176
291 272
260 341
325 40
412 357
271 134
47 387
62 243
374 14
346 422
73 136
312 324
290 293
25 438
171 183
236 34
229 315
252 146
400 359
215 218
56 369
450 121
37 105
386 96
167 28
131 221
158 394
231 371
104 106
45 13
336 33
165 426
304 102
145 47
73 279
53 260
21 42
415 67
415 174
163 25
384 315
147 426
67 322
90 327
199 234
420 38
122 310
47 297
63 233
264 218
231 106
187 269
267 300
283 429
301 238
148 193
180 19
389 163
318 261
281 419
74 386
128 413
190 268
96 420
359 282
221 187
257 388
367 204
407 337
253 87
380 238
418 14
408 313
407 203
353 21
398 86
42 379
150 175
57 59
228 420
372 76
357 445
16 67
316 27
434 145
384 70
102 45
39 7
356 342
228 318
10 439
433 221
404 195
350 23
305 277
399 415
94 142
0 312
129 386
34 184
335 390
318 271
306 35
202 269
275 38
444 414
278 227
192 67
173 253
312 307
327 322
277 402
177 442
191 340
219 169
49 324
70 215
75 77
224 336
165 28
390 256
364 46
193 307
357 348
394 380
394 316
193 38
310 400
285 99
352 178
285 27
211 190
133 188
177 48
13 339
378 423
327 447
363 275
135 90
219 144
411 366
305 44
334 304
63 323
335 73
340 248
225 213
275 72
168 378
272 9
130 57
279 211
179 84
10 197
292 124
315 114
342 324
269 352
375 77
62 281
408 19
346 73
231 233
333 379
100 168
368 61
119 92
447 391
444 192
297 348
116 340
412 85
419 237
213 337
393 237
367 411
389 171
218 272
117 60
357 407
450 247
63 116
336 18
331 194
219 52
189 354
447 120
191 7
2 244
246 243
392 175
61 144
415 135
232 213
372 0
68 394
279 141
59 43
257 355
394 300
185 410
260 164
235 294
96 258
66 80
406 5
297 78
392 44
128 154
377 443
370 293
253 336
367 222
18 253
300 260
183 149
393 269
56 80
184 236
84 54
399 353
203 142
209 187
280 268
248 36
401 4
82 277
361 82
197 233
19 27
295 92
388 206
361 63
192 230
255 300
204 50
350 444
265 24
119 159
106 54
56 331
420 119
58 375
249 349
252 118
340 388
360 322
448 310
219 159
10 89
201 88
63 406
309 239
99 301
38 104
29 289
362 60
148 136
53 63
374 48
298 35
165 54
213 163
316 117
39 189
69 384
83 175
247 404
100 88
346 125
317 126
290 257
70 122
317 208
98 305
365 227
406 184
101 60
100 133
25 430
3 358
49 242
208 416
36 146
308 325
121 142
399 398
239 383
272 418
398 172
431 48
91 56
444 44
122 21
244 444
326 420
62 361
147 183
130 223
308 265
222 313
231 39
446 73
28 348
56 224
8 322
159 140
369 362
332 293
137 34
145 414
341 160
401 26
140 235
356 352
399 289
381 119
326 429
357 334
247 397
83 363
412 7
166 209
70 136
345 293
135 307
431 402
449 326
60 29
1 68
185 30
230 135
284 214
276 45
5 186
335 385
224 158
306 432
406 446
86 141
28 263
395 149
294 105
136 15
63 190
292 36
182 7
173 37
29 151
389 441
252 396
221 198
212 63
99 417
370 416
94 32
147 366
402 159
125 158
342 178
138 320
373 263
80 388
308 83
401 197
88 420
277 298
412 222
406 175
293 266
75 441
205 159
391 373
437 307
220 360
38 81
429 324
105 121
105 57
307 379
36 337
391 35
214 196
51 167
416 286
201 164
138 188
236 382
67 413
48 377
122 423
129 154
204 419
220 120
205 248
112 314
350 294
71 10
55 197
370 275
14 130
377 78
76 123
331 68
301 79
293 63
115 93
165 127
298 249
149 317
81 206
3 145
104 196
280 142
121 21
82 12
182 309
224 353
420 18
30 27
190 135
300 38
377 81
417 85
346 289
193 215
348 178
364 334
411 347
199 321
321 32
133 380
353 400
378 309
300 358
362 306
244 191
264 308
402 355
359 183
116 75
402 132
262 367
437 250
50 140
169 130
226 266
219 298
424 16
109 109
368 54
168 386
136 282
275 407
368 237
29 41
78 94
168 8
332 65
283 227
34 225
54 148
2 87
183 76
176 420
417 153
349 303
191 111
214 300
153 183
235 230
311 321
420 195
217 400
304 182
89 402
407 427
443 355
330 203
427 109
400 137
425 243
226 95
326 271
196 438
203 256
154 42
60 34
175 288
412 273
95 327
115 5
145 350
260 364
153 235
73 58
208 126
215 16
30 175
192 313
318 156
209 165
329 247
342 287
288 294
309 440
73 308
87 11
194 197
183 157
123 379
361 362
429 373
185 425
254 442
223 206
129 259
223 69
259 184
230 225
100 21
322 2
198 179
402 435
108 239
257 232
435 152
177 242
130 373
147 33
150 420
4 60
250 32
403 449
176 215
68 295
292 394
62 384
196 379
304 259
174 257
256 316
437 440
25 100
234 361
354 220
136 151
339 216
141 402
125 294
356 24
157 383
371 6
406 97
401 393
310 68
128 28
323 233
80 303
283 207
35 410
129 415
17 259
62 399
245 324
186 200
412 302
131 127
160 362
282 308
37 414
175 345
154 298
402 367
2 164
415 20
196 411
365 69
396 400
354 195
390 171
273 119
25 21
225 40
286 81
376 395
322 367
305 59
152 38
296 81
367 99
42 105
314 327
285 137
412 184
424 236
275 21
289 367
166 124
72 349
434 276
122 290
234 426
306 73
105 335
36 123
218 410
265 209
415 152
26 15
83 367
407 238
294 328
443 302
230 315
292 39
153 417
47 260
446 61
56 223
360 266
230 373
136 165
409 51
441 116
314 87
324 159
314 10
325 358
211 413
305 2
12 315
39 15
324 370
90 17
300 324
390 366
117 131
329 367
56 418
176 363
124 414
262 314
126 80
46 249
414 112
2 372
412 426
280 445
448 197
252 263
73 79
60 23
12 344
206 220
307 213
160 360
103 3
211 204
157 364
416 282
302 271
96 367
121 413
239 224
32 159
130 246
253 427
214 369
140 72
28 394
329 51
442 443
412 65
94 293
381 173
393 323
442 313
153 104
101 218
146 384
78 9
396 194
434 287
22 395
326 426
196 100
165 14
123 91
298 377
121 96
184 28
187 298
60 262
104 282
56 120
434 327
366 176
191 375
308 203
247 89
402 247
440 30
156 56
76 449
310 338
166 285
168 256
261 394
251 362
287 238
246 379
31 242
364 264
329 43
47 362
189 296
381 178
262 37
347 288
375 337
267 45
205 235
154 182
198 351
311 278
295 255
166 161
50 209
61 266
350 345
195 26
414 230
431 265
137 8
75 376
330 223
161 43
46 305
350 150
209 207
334 32
29 231
303 135
80 364
80 219
74 73
15 306
145 129
323 110
417 392
161 419
354 337
32 442
321 110
403 304
42 392
5 439
54 55
151 358
220 328
189 321
438 343
108 94
41 318
416 123
100 93
254 26
160 253
160 326
248 5
423 124
178 108
435 231
1 383
296 145
323 155
279 158
156 330
426 279
401 330
322 318
203 44
291 357
238 412
154 447
346 318
180 417
225 13
20 99
248 221
98 196
141 356
320 339
385 364
173 344
405 118
311 319
3 50
66 59
154 270
327 323
361 148
88 250
33 359
445 440
194 417
178 199
153 266
233 172
183 32
104 250
321 446
130 29
210 363
187 226
149 215
386 336
426 436
257 106
16 431
104 284
6 119
34 28
429 102
446 266
164 333
69 307
83 242
440 76
75 332
314 209
221 136
83 210
93 447
14 309
407 330
311 213
83 120
239 209
152 383
272 293
146 370
275 58
184 103
2 46
347 222
399 333
419 235
88 396
117 433
40 76
272 69
237 178
234 127
386 238
401 313
246 53
286 386
241 114
335 86
424 127
274 248
4 27
58 261
350 157
115 91
234 206
330 52
421 229
134 79
192 62
303 166
393 4
292 218
416 86
118 377
130 193
363 212
278 262
352 435
345 24
296 264
153 445
34 216
414 275
20 292
287 12
25 167
147 320
155 155
260 112
364 449
357 40
390 240
140 426
141 230
252 29
162 144
280 114
408 306
189 357
56 196
319 102
227 335
37 370
133 97
260 123
240 347
429 409
44 383
198 174
109 412
111 392
132 198
207 21
264 171
145 9
367 14
15 53
17 432
71 18
41 402
255 362
438 300
96 446
340 298
316 435
87 444
259 367
388 264
40 169
388 350
338 110
359 420
349 84
343 434
385 92
256 365
288 408
292 176
294 222
389 339
103 282
99 412
30 95
99 437
373 137
290 353
407 253
89 50
44 59
359 97
88 383
28 132
164 368
156 327
315 34
103 109
194 47
430 381
384 188
253 328
71 24
89 38
286 283
100 396
214 143
387 79
165 166
5 22
26 348
22 111
193 384
133 432
32 432
388 138
39 243
335 441
408 362
312 401
315 25
179 198
416 178
343 342
0 83
325 65
198 86
56 346
151 259
266 189
444 312
259 447
317 256
202 407
304 299
343 69
82 364
347 105
259 82
417 374
129 173
184 105
313 231
311 230
272 190
214 201
23 31
275 2
243 375
240 384
28 256
412 50
100 279
50 215
192 181
407 210
414 279
158 279
242 57
268 430
260 97
438 171
39 19
269 336
444 372
431 247
36 79
427 195
297 211
222 320
339 282
419 365
327 39
349 142
253 108
143 430
134 17
347 85
252 80
430 281
253 281
338 297
118 81
328 203
159 102
67 139
358 91
338 82
372 282
103 56
166 2
380 290
119 228
34 325
222 123
113 41
234 208
342 23
102 12
368 51
430 357
137 296
137 300
222 124
7 128
49 440
241 39
134 65
195 160
38 419
391 372
390 421
293 62
16 28
362 363
219 29
51 106
170 181
298 307
44 321
89 349
90 394
102 440
99 230
180 14
365 216
238 296
107 184
90 200
287 141
260 372
29 314
430 438
417 359
167 61
49 281
162 69
8 159
193 319
259 179
224 320
214 432
47 134
47 240
111 27
309 227
276 163
348 375
12 414
280 397
373 18
156 413
416 436
240 8
189 285
19 283
85 13
280 255
312 372
279 352
247 34
26 140
241 151
292 72
400 286
265 193
394 218
204 18
193 346
292 68
385 14
338 97
66 90
298 135
373 185
245 357
127 447
5 301
76 339
68 331
123 242
115 413
155 410
417 367
17 326
153 174
204 168
274 296
179 32
109 343
354 341
41 154
300 416
106 91
37 46
253 408
96 248
302 109
437 383
141 371
175 448
144 228
443 247
112 93
330 181
300 445
439 366
302 106
250 14
292 96
450 374
169 71
4 435
74 288
186 86
270 76
402 364
23 307
69 309
241 85
283 137
123 105
211 291
377 4
247 225
256 261
26 297
69 407
177 93
277 190
346 147
144 281
249 127
56 133
121 270
66 26
269 131
422 417
343 366
294 19
142 364
437 64
148 405
106 229
36 219
103 363
91 282
369 115
385 357
58 283
351 417
204 252
398 270
239 343
93 50
400 90
128 232
129 161
30 421
212 329
4 50
135 190
329 148
414 142
338 351
70 182
44 31
164 440
446 277
127 93
105 126
298 171
368 79
294 177
387 177
105 340
287 372
279 349
194 26
66 41
358 413
330 43
257 417
374 299
277 161
24 33
1 44
141 421
202 142
380 421
53 397
383 348
183 378
212 77
146 281
444 361
305 379
5 260
331 130
361 273
372 416
246 292
185 106
197 437
204 269
439 311
240 241
170 401
362 377
445 156
438 95
424 243
193 171
4 250
77 296
106 24
206 68
391 155
143 363
392 414
376 58
257 81
164 438
57 130
142 213
271 178
303 40
186 330
167 120
218 245
266 55
280 55
196 338
302 97
254 424
24 178
400 298
374 410
323 435
24 88
152 447
118 93
179 83
213 7
244 377
283 209
410 178
241 258
8 257
320 393
372 162
266 122
193 248
124 356
392 275
141 6
434 129
161 74
285 9
13 84
336 301
296 11
356 303
125 317
411 233
164 170
42 274
370 394
287 395
150 447
230 229
55 237
381 89
125 212
445 259
304 93
306 16
249 355
268 252
343 230
39 127
440 177
49 282
160 199
210 260
104 217
361 31
296 4
324 398
193 290
435 164
179 210
145 238
298 2
440 238
450 118
102 337
194 411
402 141
326 399
250 290
378 445
335 444
409 420
142 125
329 428
366 7
260 166
215 363
350 131
178 235
238 56
380 277
95 387
400 67
278 164
182 157
249 145
161 185
373 337
405 56
149 88
4 286
243 251
206 337
387 373
265 340
304 114
291 177
168 383
352 283
305 384
265 261
200 166
343 137
380 436
204 264
85 253
287 145
175 177
399 406
296 368
287 300
264 76
55 221
41 377
15 239
4 448
63 347
409 217
182 113
418 307
216 237
418 43
63 348
127 20
169 222
362 218
109 373
66 364
315 210
19 126
124 326
226 74
296 346
89 449
284 91
1 19
74 207
29 293
60 410
327 181
326 54
330 443
433 324
36 266
299 51
356 260
339 362
281 8
449 8
365 28
98 116
249 152
254 441
262 371
28 321
361 183
113 380
283 236
194 336
245 420
137 79
241 402
406 391
45 169
225 211
232 284
204 422
40 340
157 69
293 148
381 50
66 427
429 148
422 7
26 12
69 272
303 274
228 250
328 271
96 298
80 400
345 128
137 204
349 25
141 296
258 34
252 222
133 252
415 307
438 419
165 56
370 352
142 263
97 246
297 318
393 205
210 249
174 414
282 282
361 360
44 413
328 270
17 210
250 68
303 42
313 105
158 184
389 0
49 377
209 216
36 249
384 140
189 115
300 6
315 71
276 147
124 66
164 408
289 205
309 214
57 307
405 298
408 219
133 44
28 295
370 235
100 296
388 300
1 256
194 2
338 303
437 21
418 172
149 412
84 338
164 295
106 282
407 23
429 93
359 234
53 206
423 429
65 254
366 287
317 106
389 343
328 214
346 420
15 101
280 311
431 168
82 111
267 331
347 328
223 363
225 346
83 206
118 263
247 300
153 148
110 229
181 79
295 392
13 423
303 254
102 165
340 182
433 122
214 284
258 398
223 40
58 191
209 172
142 117
143 288
392 131
22 41
166 416
122 116
16 169
292 78
401 410
191 416
242 154
327 203
179 209
170 426
96 342
185 175
431 330
444 111
235 130
389 25
329 418
143 31
219 8
322 195
38 202
351 121
243 148
402 238
51 328
261 227
303 29
186 259
219 244
267 173
384 244
22 372
329 232
175 83
217 228
335 116
318 319
412 229
138 122
171 203
19 446
122 17
39 423
384 142
262 7
101 334
437 135
45 257
365 4
20 345
193 91
66 264
407 184
291 189
429 448
22 172
342 36
117 238
279 70
359 349
99 32
114 440
329 198
229 163
24 26
434 146
268 220
168 121
64 153
266 10
239 284
61 282
347 430
305 13
159 428
25 361
164 411
429 62
232 262
21 442
71 174
2 367
375 110
371 104
410 107
59 180
424 232
76 83
162 68
144 299
445 329
58 155
383 315
309 247
146 32
147 234
160 419
219 286
330 185
423 449
294 70
254 379
160 322
119 190
189 338
172 2
214 23
67 79
256 220
134 199
249 137
310 306
237 328
374 83
298 26
179 296
20 322
210 426
248 38
63 99
149 173
184 406
141 184
91 252
201 86
165 200
402 432
48 113
285 16
150 216
181 164
376 150
405 218
325 280
431 140
234 30
373 15
37 158
383 2
288 77
188 341
265 294
246 385
187 180
419 139
280 47
388 235
173 346
247 450
285 125
350 394
196 137
364 206
440 224
17 181
202 295
406 253
392 2
259 12
255 50
440 211
81 91
192 144
323 244
180 72
120 192
243 213
364 69
412 210
205 118
38 390
189 342
71 96
241 222
403 360
7 314
165 79
410 158
52 335
151 108
171 117
424 395
78 252
137 434
93 299
271 15
405 165
237 168
27 286
370 429
175 165
369 260
349 251
235 274
243 331
149 172
328 106
252 278
420 205
262 49
63 104
94 432
121 247
285 304
225 263
258 47
444 276
179 325
161 26
110 96
139 266
447 88
352 146
16 447
57 89
175 408
154 129
3 178
275 333
0 183
280 323
432 292
346 266
117 100
298 104
11 72
196 128
384 347
191 172
261 250
382 189
51 206
298 29
356 197
285 240
374 159
399 361
302 330
37 393
449 32
39 314
183 334
179 390
430 325
346 84
245 131
155 191
124 329
346 390
283 449
204 267
221 406
367 242
298 200
185 28
383 350
169 68
339 348
387 39
212 263
338 202
279 371
295 305
308 432
417 146
171 434
75 172
173 430
356 33
102 225
131 13
314 35
368 270
202 245
443 243
245 345
260 342
424 308
29 47
2 445
8 203
153 131
36 418
139 137
24 77
401 173
0 445
368 377
411 45
6 428
230 139
384 1
96 324
329 123
192 68
352 125
241 395
296 376
165 49
86 421
171 3
315 344
296 236
9 282
62 171
331 438
227 121
275 208
406 287
183 250
103 359
231 57
140 322
64 395
312 131
371 283
21 399
171 433
79 374
323 441
28 10
439 5
307 425
111 378
314 153
10 274
225 340
97 333
145 368
427 235
378 241
81 178
45 98
225 156
80 308
48 141
73 271
92 411
201 239
87 360
14 197
184 420
308 327
6 305
336 331
308 160
219 33
106 36
48 130
351 9
427 5
62 234
130 35
238 172
444 442
287 431
265 169
285 23
206 54
366 103
230 149
70 79
115 206
234 86
147 91
127 293
140 296
438 10
439 3
16 115
54 4
202 179
405 161
382 195
445 14
325 224
140 311
400 201
241 97
201 269
98 281
391 436
267 344
371 93
92 31
227 77
24 412
111 353
284 340
95 296
415 89
178 273
234 170
41 195
111 13
176 298
230 162
43 4
310 326
18 436
101 171
291 210
409 424
90 54
207 43
349 44
151 187
346 267
279 255
390 42
240 386
414 302
370 421
65 36
277 168
325 122
255 415
410 311
288 289
101 286
72 170
16 423
60 75
411 26
28 313
84 58
270 68
407 88
426 303
424 173
380 371
217 180
395 345
114 410
446 274
245 24
115 326
87 57
213 226
416 125
213 417
246 351
27 377
408 344
170 30
298 363
222 91
1 124
190 337
159 356
198 87
85 54
349 364
213 406
439 133
324 36
435 173
405 31
145 78
118 162
136 224
312 68
430 311
322 37
423 441
114 305
376 164
276 144
373 158
109 172
216 153
444 331
185 315
331 18
57 9
206 84
310 86
441 208
256 91
48 430
90 432
243 193
291 284
320 325
298 127
67 310
177 95
421 225
291 184
77 148
345 367
446 426
269 231
50 197
377 417
340 252
219 429
258 299
357 375
219 384
418 223
286 223
252 3
372 443
328 318
80 72
342 38
278 274
84 210
312 338
62 200
261 1
344 335
186 88
147 100
287 228
129 92
29 139
42 94
101 204
92 27
318 383
276 297
444 447
286 59
371 115
374 386
118 39
445 243
192 179
431 93
26 414
218 217
287 350
304 74
208 370
110 404
204 398
210 383
253 390
216 133
378 107
441 168
343 15
181 253
0 170
445 320
19 404
154 71
428 410
121 3
185 276
204 138
240 328
301 5
346 324
424 289
50 122
186 409
51 84
23 141
109 57
24 238
73 93
113 112
114 88
289 352
137 45
327 225
369 9
265 316
279 247
313 258
209 258
198 412
361 293
54 426
378 193
415 336
3 37
33 12
59 153
141 450
344 89
236 339
104 279
306 60
217 206
405 300
165 383
166 395
448 102
46 358
11 418
357 187
49 195
28 220
112 368
341 197
161 4
169 331
120 57
445 260
18 342
95 236
351 232
191 376
236 264
131 113
41 247
336 365
22 69
447 279
128 337
334 24
358 243
302 314
262 428
362 164
152 413
428 164
199 233
358 188
129 185
167 81
414 44
139 154
105 137
205 394
399 178
381 444
271 154
298 318
364 64
204 30
273 26
418 203
118 313
435 286
334 27
128 103
299 114
17 122
300 191
237 323
61 320
132 321
125 367
42 411
298 73
235 331
213 0
136 11
146 147
413 214
297 239
334 81
50 356
57 218
330 405
21 171
105 265
205 195
385 54
394 121
421 47
11 352
360 401
379 427
399 290
114 359
346 153
233 59
277 440
307 154
61 49
4 367
327 301
9 69
305 96
256 14
174 143
150 93
212 357
376 309
114 175
340 134
151 349
310 154
385 9
275 336
106 267
14 252
199 226
450 148
448 412
265 374
449 396
272 45
203 107
339 101
63 127
446 378
222 103
112 425
25 29
437 268
182 258
240 105
298 384
82 448
77 154
269 357
448 400
285 47
193 413
443 131
24 386
108 353
236 380
178 384
294 312
401 129
386 123
27 28
22 83
144 52
448 2
354 370
272 163
364 220
48 93
397 60
419 234
371 300
320 61
141 252
414 157
423 444
237 150
201 303
188 81
198 413
340 427
41 203
428 83
159 437
362 118
134 232
94 75
316 59
71 291
141 106
427 414
338 273
172 106
319 230
357 39
310 334
116 50
433 306
356 141
285 146
210 203
305 11
226 416
360 298
209 2
178 386
319 269
206 397
190 40
14 368
333 37
242 405
34 396
374 175
418 88
366 268
230 183
206 315
431 325
269 39
330 279
265 279
407 368
140 5
368 298
283 293
123 344
164 143
109 326
320 341
407 367
88 34
421 427
31 160
287 271
424 25
66 356
205 155
56 354
223 212
212 444
430 370
306 124
75 95
387 174
141 26
212 358
100 42
416 375
340 216
324 28
307 115
58 55
264 260
19 34
314 28
394 67
59 251
225 256
273 181
81 155
122 184
377 64
155 217
393 372
342 342
97 133
151 313
193 177
72 335
217 1
151 248
289 349
114 168
109 93
162 297
30 263
15 33
378 218
298 287
257 405
34 390
123 125
124 201
51 150
370 194
3 232
137 372
82 88
372 423
299 401
77 123
276 356
39 408
397 181
359 400
187 442
276 179
47 283
73 238
292 213
46 77
442 8
259 414
380 402
322 342
57 310
43 196
166 268
219 148
252 268
100 449
401 52
137 58
26 212
9 121
54 241
259 79
116 444
390 359
209 398
422 211
305 201
239 396
229 270
161 242
22 275
122 156
261 20
141 263
303 434
273 349
424 64
314 427
186 309
246 269
376 61
424 201
8 186
127 135
236 207
369 238
376 35
233 432
326 202
151 17
430 183
70 213
412 139
115 342
310 304
290 7
148 64
217 377
38 434
368 248
76 74
160 296
399 200
336 368
43 236
394 21
27 134
209 149
192 113
409 256
377 84
416 209
78 290
66 204
310 150
143 286
62 166
4 272
271 341
135 45
258 284
310 336
176 48
394 402
231 317
142 127
52 400
322 162
11 363
187 65
392 413
131 398
320 14
312 84
305 67
387 275
395 226
232 118
32 348
111 168
212 44
112 217
224 297
225 329
269 407
331 344
51 291
292 335
390 230
294 353
28 420
157 173
92 355
90 447
316 230
407 93
135 192
185 269
297 332
241 324
183 375
340 91
440 246
435 355
411 431
107 20
255 254
351 319
119 177
86 171
410 186
63 253
321 422
25 419
18 319
151 399
437 224
259 348
363 361
272 39
41 394
259 279
262 254
70 179
357 220
226 29
343 318
111 155
214 69
221 180
132 346
428 253
3 161
359 137
260 391
124 312
325 283
364 370
256 403
90 93
167 379
370 378
289 318
395 43
317 343
393 56
431 250
198 211
256 423
11 371
411 397
423 360
41 66
210 396
316 128
212 37
134 94
252 342
289 155
401 50
447 220
218 62
180 303
202 299
347 379
435 426
252 392
350 410
429 260
83 230
242 137
362 53
420 181
263 344
349 296
293 173
281 94
168 75
53 435
20 296
376 128
413 426
346 337
54 356
245 320
303 123
33 419
250 43
299 377
347 186
127 443
250 364
128 254
240 56
24 413
414 71
63 359
292 286
383 369
415 286
416 171
262 311
401 211
142 84
158 385
448 309
369 8
27 10
147 430
267 312
443 129
96 60
337 249
334 26
368 415
132 151
5 271
241 419
165 271
347 180
189 90
376 165
402 434
173 244
203 70
47 342
281 287
97 320
320 413
167 344
188 213
338 204
398 272
102 283
101 341
248 385
20 7
436 421
39 205
368 230
172 259
117 9
291 137
252 203
138 126
359 448
130 165
89 424
237 296
270 442
310 17
436 268
316 153
29 204
406 17
135 446
193 445
232 164
425 275
383 136
354 192
263 347
314 268
328 172
146 18
402 353
344 244
142 71
224 257
449 430
343 60
103 152
348 211
354 120
214 117
312 302
239 148
423 394
292 352
5 156
303 438
420 270
155 404
347 28
60 42
134 407
159 312
364 237
196 395
432 84
184 72
48 37
393 247
33 47
198 67
42 111
230 216
10 53
174 327
37 402
34 35
323 246
272 65
101 440
193 268
158 111
117 373
423 166
30 63
432 333
159 362
421 317
270 441
142 3
309 450
183 379
191 95
399 433
13 350
88 78
24 74
434 378
310 289
183 26
396 237
438 239
113 116
12 225
152 417
183 126
180 86
263 403
17 305
129 167
419 21
200 178
38 194
337 379
276 435
73 203
210 274
164 230
59 406
23 259
440 343
52 330
361 313
93 152
440 409
384 205
378 286
414 242
327 293
226 364
283 58
208 251
290 1
382 276
77 395
282 281
361 172
164 54
166 230
310 114
289 343
423 407
203 63
15 369
364 378
168 418
448 120
136 244
384 406
156 53
139 211
435 249
181 357
366 105
371 222
302 88
423 114
198 401
318 86
363 229
331 335
380 339
241 257
67 274
266 172
245 328
220 15
262 105
55 433
277 386
213 352
212 81
148 151
31 293
55 132
427 201
226 446
317 394
166 136
85 415
404 188
245 89
14 162
87 60
55 258
18 200
401 328
311 103
34 137
219 158
435 305
234 337
252 267
205 294
322 392
1 149
275 373
46 181
220 29
134 342
52 3
65 119
291 441
235 157
76 143
201 216
50 400
275 63
377 139
17 273
135 82
443 346
199 432
345 90
304 48
305 283
273 283
1 427
231 243
346 137
348 348
346 23
20 245
71 324
396 311
255 408
418 263
224 185
183 245
105 374
307 299
438 435
57 279
6 203
442 125
177 158
324 392
365 190
60 197
241 393
295 76
430 210
142 293
273 410
413 414
389 60
424 158
213 422
212 45
286 360
139 175
191 350
361 12
103 318
54 237
147 81
27 198
371 237
229 221
0 300
290 46
367 434
18 37
439 245
223 37
125 107
338 146
119 223
162 160
323 399
347 9
231 315
401 318
446 84
15 233
45 448
424 0
378 83
82 295
227 281
301 352
203 135
47 69
45 279
256 249
258 322
294 377
132 111
137 224
131 230
92 165
271 247
41 414
49 337
403 65
188 306
321 319
101 219
285 67
331 243
398 339
358 21
266 197
413 405
422 380
37 2
180 82
9 42
342 11
21 55
94 348
360 417
323 41
360 198
156 141
419 344
211 342
320 264
377 196
426 108
448 313
372 84
2 241
414 42
120 153
108 347
40 416
210 335
450 303
324 257
238 54
206 415
253 355
165 434
322 154
432 315
400 257
294 147
269 373
334 408
47 341
177 431
123 78
118 123
180 21
381 24
290 272
345 433
201 10
94 362
114 114
41 260
428 358
5 435
63 375
404 222
170 227
226 438
377 17
165 259
61 398
220 231
92 10
155 19
116 446
18 192
377 150
442 439
361 272
256 247
275 400
241 323
73 177
182 377
302 366
429 425
412 358
327 240
224 217
343 212
292 69
88 299
343 138
105 25
242 5
9 105
204 332
121 450
379 222
207 22
321 253
444 441
398 63
363 252
150 173
36 197
259 292
157 276
404 382
251 346
312 272
21 434
330 357
351 442
226 357
297 403
61 155
40 301
352 418
199 264
222 196
58 385
68 263
218 381
218 34
283 417
182 188
79 97
24 417
84 107
91 104
373 434
108 416
311 296
246 144
382 77
322 389
226 19
264 297
26 67
140 133
142 371
107 57
382 256
75 199
319 316
205 253
141 153
248 224
317 315
356 402
428 303
326 116
305 304
82 60
299 68
105 441
443 342
265 311
357 324
392 39
73 157
98 24
332 83
77 416
398 307
176 300
181 124
377 21
48 24
163 7
163 422
413 419
373 224
219 7
231 66
283 337
340 337
128 168
89 95
260 69
123 421
298 68
402 289
48 91
296 450
97 59
42 5
426 254
136 203
293 446
429 98
238 159
181 352
244 35
64 353
292 46
288 170
35 66
192 379
167 271
59 384
7 15
402 280
345 37
160 91
278 35
253 124
387 16
279 430
408 9
311 243
46 5
163 197
116 24
328 310
432 419
321 111
45 299
327 384
39 387
212 26
55 212
178 114
253 307
307 406
162 31
4 374
185 180
118 100
75 334
339 27
149 302
193 51
180 188
69 330
308 386
52 15
145 309
60 386
356 69
131 128
336 235
86 374
138 303
232 74
24 244
113 353
346 357
132 441
275 15
190 217
291 359
91 196
310 90
415 60
248 75
400 272
327 29
352 27
420 56
199 306
18 184
212 230
220 0
283 115
28 40
188 400
446 432
302 137
48 71
413 220
45 18
83 226
240 295
422 37
13 206
349 49
115 203
425 374
361 413
143 293
55 335
163 189
405 77
437 262
269 295
19 9
330 323
119 80
354 3
422 105
257 181
174 193
172 165
7 175
109 125
169 46
23 175
371 238
182 358
382 78
224 224
312 360
355 372
308 404
327 417
443 160
330 226
279 197
173 428
167 216
412 351
211 253
305 25
198 365
191 173
164 160
449 447
316 227
386 161
34 94
192 364
70 14
138 395
245 211
301 417
321 85
128 329
166 405
428 338
161 218
322 112
100 405
186 1
214 11
275 277
437 84
74 328
348 373
232 403
178 84
236 242
165 99
196 151
147 382
326 306
196 322
230 220
364 195
178 352
235 161
11 422
99 435
276 204
242 281
397 98
393 57
220 434
314 417
267 159
331 202
172 290
83 408
306 340
263 342
448 30
359 396
399 328
257 86
229 368
300 106
264 242
373 313
100 219
322 209
8 320
78 405
403 48
216 131
296 176
129 98
192 54
360 281
167 56
329 196
266 26
447 425
320 256
13 285
5 333
198 13
268 366
275 370
427 398
432 347
150 274
232 322
213 95
59 29
270 60
199 284
184 446
368 443
145 293
151 166
376 84
16 123
218 258
91 406
386 352
170 319
399 401
239 18
436 290
32 316
225 26
52 94
67 219
219 203
372 388
116 276
82 409
219 198
312 113
156 255
143 161
76 255
331 415
37 276
118 350
387 337
264 227
348 25
352 101
69 299
34 382
188 364
146 282
139 106
184 340
104 206
126 358
119 56
376 301
387 314
297 51
296 228
252 71
28 403
115 283
379 311
96 329
211 33
390 79
8 294
56 208
279 402
121 128
401 12
331 3
53 244
261 276
293 6
241 127
445 310
415 244
355 17
249 189
150 30
368 445
285 414
387 369
341 104
2 348
228 45
191 433
397 216
154 416
40 96
349 212
329 14
416 58
26 273
141 287
47 281
277 276
32 62
325 94
88 230
60 440
58 189
128 43
221 166
339 172
9 132
343 329
98 347
88 362
120 156
73 128
303 335
70 359
197 443
351 76
158 367
251 336
307 164
190 385
395 347
151 275
230 170
323 10
385 430
360 15
76 442
85 136
176 411
441 281
21 150
311 398
305 319
238 306
50 74
387 371
238 357
233 125
234 290
388 120
95 433
117 65
171 154
69 265
92 207
69 367
411 404
43 187
373 447
78 244
236 26
158 44
148 252
169 369
96 113
185 343
297 185
245 45
16 439
72 117
296 349
40 401
450 347
132 214
283 362
234 135
118 18
265 23
69 205
104 9
302 196
361 124
369 364
423 99
344 285
347 232
299 372
96 243
17 331
85 294
184 147
249 297
118 98
48 53
428 246
247 271
192 233
365 10
240 344
201 196
38 158
140 406
341 108
176 26
368 148
316 92
257 185
53 211
344 232
406 167
333 446
68 362
230 95
199 120
449 363
276 28
30 122
349 57
116 112
153 423
433 66
183 231
79 260
411 429
367 111
328 390
249 7
430 128
411 279
67 30
99 218
196 110
182 173
39 136
117 314
282 181
324 21
84 389
257 42
179 223
37 157
105 270
40 153
144 138
141 78
405 124
20 221
259 421
59 184
270 31
52 397
371 335
11 281
297 204
352 420
152 213
437 165
337 32
155 330
195 130
66 157
215 397
313 123
165 338
431 411
371 310
367 274
362 83
415 430
306 285
10 76
260 196
436 89
47 364
408 375
173 190
153 208
358 78
303 160
316 256
310 351
160 400
59 31
353 444
52 284
174 248
285 244
194 390
7 313
282 7
223 404
121 183
340 143
190 62
261 389
41 159
420 184
385 47
442 295
402 51
105 32
0 368
361 30
402 171
170 72
156 111
403 169
35 223
104 265
423 198
347 233
172 205
23 93
363 351
149 171
147 242
80 159
377 230
436 336
363 198
239 41
217 60
414 11
338 324
369 95
443 267
235 171
404 224
100 244
54 170
134 275
162 436
71 12
235 267
8 145
288 141
391 133
194 379
126 347
35 442
69 217
126 327
325 379
293 428
212 280
212 363
245 60
379 277
212 204
37 313
392 29
415 166
335 196
96 123
356 200
238 206
6 112
358 362
139 189
279 139
367 148
18 403
277 68
163 174
41 432
197 274
226 20
202 346
291 261
119 435
97 124
373 357
347 325
211 349
134 83
35 388
362 185
247 147
282 338
261 18
156 206
100 346
384 34
305 292
346 136
446 255
106 284
151 193
259 127
301 338
380 190
419 333
262 289
397 279
158 7
346 95
204 288
202 178
270 314
103 311
249 294
102 145
284 164
47 214
123 333
74 24
413 390
293 226
395 220
22 407
51 312
256 359
391 168
190 241
131 336
416 344
86 20
9 57
381 258
85 198
102 393
342 413
94 225
186 426
366 197
194 254
256 244
108 180
40 187
151 103
316 394
362 158
373 372
47 339
3 308
193 170
319 136
73 377
60 286
121 442
208 405
397 122
447 112
65 378
67 99
239 440
388 343
15 179
354 325
25 217
20 420
285 129
418 56
96 89
237 270
171 156
406 16
313 269
170 371
419 69
386 360
315 86
13 429
140 368
94 62
318 98
162 351
308 48
35 146
442 197
188 386
48 172
28 312
26 86
285 74
66 74
365 146
429 140
191 218
194 246
450 99
27 123
165 227
38 329
280 199
73 96
212 359
371 206
445 211
163 244
6 146
48 272
327 20
66 222
101 270
305 449
200 426
160 228
206 168
195 379
56 424
37 81
367 142
145 70
345 340
66 328
391 39
410 81
404 64
252 439
428 74
222 441
250 131
349 32
442 142
299 430
146 99
69 438
319 50
258 142
407 320
446 121
284 8
310 13
349 385
169 310
120 34
345 342
176 103
66 315
22 190
446 72
3 114
295 328
238 68
229 18
100 150
232 115
20 45
190 295
278 259
144 88
192 341
219 310
434 379
366 404
171 233
105 237
187 379
341 192
180 360
183 98
415 177
15 427
369 172
70 289
256 409
254 432
21 433
382 392
410 11
293 97
406 418
265 186
100 393
111 324
73 283
422 253
183 234
54 316
20 38
382 159
15 321
235 34
27 128
409 167
169 347
434 225
74 299
98 328
380 174
153 378
138 391
271 311
304 137
164 208
391 45
74 327
303 172
108 262
38 273
81 403
233 294
151 132
224 133
410 203
386 292
138 163
147 358
180 143
364 81
69 226
125 439
158 207
152 232
182 163
308 328
133 258
122 142
252 151
281 241
94 443
51 149
416 145
68 65
402 352
189 261
386 373
226 171
213 285
165 32
181 174
30 213
157 78
169 41
339 97
216 410
164 298
390 393
46 282
6 441
76 77
398 231
336 80
329 172
393 16
312 31
42 163
258 434
282 115
434 332
230 405
358 339
329 307
441 273
207 52
378 393
260 16
8 166
128 89
197 350
78 384
42 64
344 294
209 401
263 6
110 56
99 450
347 200
372 285
419 448
278 175
22 312
172 270
202 157
447 130
278 140
66 441
396 155
338 189
302 365
251 340
345 434
138 240
12 359
122 379
255 368
245 124
382 311
20 390
351 256
325 315
6 39
139 90
286 261
287 233
436 65
403 230
58 324
160 37
261 238
156 57
305 327
95 107
74 130
133 288
382 208
98 317
248 311
110 123
96 388
119 52
420 237
144 48
364 282
263 159
303 435
269 235
27 289
124 24
223 371
274 364
172 424
107 232
437 310
350 322
243 31
326 182
284 103
297 419
282 86
369 3
283 239
131 8
351 41
433 163
226 124
299 334
285 207
106 27
154 142
201 279
398 122
400 87
321 31
29 326
261 240
102 343
141 398
373 21
245 404
59 79
119 323
133 47
260 33
244 338
391 29
297 146
133 149
222 387
365 185
404 223
11 174
291 170
104 52
0 110
365 73
285 311
376 440
225 252
104 105
0 370
399 240
246 80
50 246
54 34
223 178
371 117
374 65
439 294
359 197
75 176
93 196
321 370
359 449
439 278
399 101
414 22
138 366
440 174
114 81
175 47
303 19
76 282
239 260
447 387
289 240
174 281
385 311
256 59
65 65
278 247
171 279
11 252
373 115
434 371
110 284
12 330
92 184
322 122
4 385
149 277
288 20
265 43
444 257
4 184
312 240
171 38
435 17
304 326
279 378
406 276
160 102
343 144
147 343
255 437
423 319
198 156
5 233
299 22
349 369
105 197
293 227
411 139
443 153
240 62
273 199
357 93
67 82
398 126
278 188
136 98
438 118
161 130
193 19
89 447
155 162
254 151
268 216
342 67
159 74
10 214
428 355
41 91
436 338
332 379
96 200
112 296
269 447
87 423
269 316
237 225
18 161
33 371
247 188
48 407
72 167
86 120
78 88
441 447
352 444
223 103
11 227
158 52
350 54
319 411
262 70
415 233
395 194
197 405
222 11
1 300
349 113
224 48
378 372
438 382
95 449
76 15
162 180
187 113
129 70
388 442
311 161
365 84
407 105
422 430
101 379
403 330
134 71
15 102
51 112
269 14
341 356
53 350
306 21
47 196
410 246
372 403
432 266
85 100
285 390
7 225
434 35
316 136
150 411
414 273
307 156
124 213
39 392
40 11
337 425
23 55
42 234
178 182
195 136
162 218
447 23
287 43
41 332
201 314
366 6
147 279
449 30
322 379
12 7
101 360
177 248
352 324
342 236
57 110
413 445
377 257
13 91
428 101
272 249
415 435
309 358
107 202
202 56
85 334
268 165
408 392
422 437
384 342
291 273
285 56
429 327
126 126
236 445
126 192
238 40
358 440
127 230
95 306
108 338
440 345
159 252
242 131
157 342
161 308
325 82
94 400
121 355
106 178
142 269
402 398
243 349
249 408
78 202
312 66
356 386
242 42
122 91
4 154
213 117
405 238
79 371
191 313
431 120
345 329
450 4
57 315
381 99
371 17
395 162
397 380
390 401
90 165
218 45
84 149
3 293
210 66
172 150
420 443
348 282
404 146
311 81
177 434
90 233
27 274
295 254
28 25
185 412
131 246
391 216
344 305
340 258
210 105
149 72
46 96
95 391
161 54
44 402
318 106
354 99
184 178
395 402
365 15
114 438
173 302
266 13
14 49
370 202
224 71
301 330
361 204
79 301
36 250
406 143
441 48
249 172
364 139
111 270
122 358
23 111
246 418
270 415
389 300
7 158
136 308
389 199
87 376
280 254
413 195
338 200
239 235
6 408
433 159
249 162
200 384
215 126
418 36
248 412
173 214
351 377
295 103
369 62
7 221
31 405
433 8
31 241
28 123
378 127
198 431
26 166
426 217
245 227
72 54
128 50
339 141
384 314
433 79
334 112
302 223
374 302
144 28
76 156
84 310
392 201
371 158
326 108
287 134
226 7
59 231
79 246
188 76
381 406
20 314
25 169
129 359
53 360
119 230
155 3
362 238
380 7
421 428
79 185
352 139
114 231
302 281
23 293
415 34
446 159
148 71
254 95
216 154
447 13
192 215
38 210
75 15
219 300
263 134
24 224
64 99
204 274
367 378
79 415
216 2
314 17
113 235
311 18
67 244
72 149
285 237
43 125
394 396
300 396
420 421
347 225
331 390
237 64
45 272
89 273
312 270
281 423
287 337
39 354
73 312
305 448
322 157
102 301
225 97
143 222
70 448
325 240
219 219
169 128
185 252
203 23
305 260
229 351
34 59
150 103
446 381
223 142
48 54
183 39
289 20
117 49
450 138
200 36
182 234
192 150
394 449
119 379
371 282
1 279
377 49
5 146
11 435
448 322
344 365
357 399
391 413
179 155
435 379
85 214
263 168
204 235
423 393
35 224
384 425
128 276
86 311
179 228
333 439
232 397
182 301
277 258
213 308
123 80
186 442
219 387
112 370
30 157
43 369
182 280
379 353
198 344
170 330
72 44
449 49
278 82
171 439
53 131
42 309
65 195
319 330
320 218
11 395
80 260
23 273
349 270
243 143
358 51
418 317
286 115
370 294
81 285
235 283
411 407
370 193
389 144
258 342
399 360
254 105
111 10
270 2
126 148
65 341
230 104
439 393
350 436
133 323
224 43
394 1
124 373
408 157
433 61
340 140
134 257
15 248
404 135
241 322
265 287
256 207
78 270
249 17
343 248
347 125
320 134
144 75
446 53
361 363
363 173
279 370
218 215
274 152
153 60
93 241
390 43
433 376
163 86
38 153
322 391
446 310
270 298
61 189
269 284
85 142
389 286
386 29
119 246
142 424
86 271
292 199
298 279
157 325
229 179
270 270
241 335
232 98
153 283
241 93
253 402
3 89
389 289
287 99
86 157
152 330
159 40
132 295
422 325
359 20
256 434
305 335
39 357
104 225
404 204
268 244
339 345
108 120
331 57
397 227
292 337
443 434
9 103
55 434
114 261
33 183
154 59
441 249
427 192
333 291
384 415
286 180
317 52
66 227
449 303
247 236
391 124
370 393
394 371
140 308
29 81
108 422
256 435
210 191
243 60
289 322
201 296
317 136
346 135
135 233
136 135
254 373
340 124
13 260
422 272
299 111
317 84
151 126
76 275
96 389
102 127
56 314
49 341
424 247
406 85
355 208
156 151
172 77
434 14
373 26
24 75
288 372
423 291
293 255
237 241
406 350
90 408
20 14
0 155
54 378
342 396
414 375
55 302
399 359
186 206
294 409
355 401
216 0
228 441
32 208
19 362
259 339
59 412
348 404
60 32
59 249
160 424
141 310
97 290
415 296
94 270
12 139
67 189
39 160
207 103
309 8
271 415
282 209
35 47
374 270
26 73
14 134
405 196
85 236
239 315
288 257
317 163
76 233
162 361
444 385
10 367
428 430
350 179
404 139
59 250
330 341
207 106
138 232
239 336
260 205
52 174
6 189
58 158
163 115
102 153
289 0
294 174
442 428
168 286
19 93
328 428
425 320
396 420
344 165
21 450
283 288
373 235
180 254
351 58
31 248
305 80
219 292
204 406
84 283
11 121
144 359
157 252
69 288
352 62
140 138
123 362
66 310
353 88
206 447
209 273
190 189
332 313
31 61
403 36
424 344
446 424
14 210
393 109
189 340
53 230
205 283
138 201
15 84
167 401
311 382
159 236
305 280
34 55
35 144
43 231
403 259
126 56
361 223
236 424
422 121
399 117
133 86
315 219
370 101
295 379
169 307
393 5
163 1
91 354
410 265
84 31
173 291
57 359
75 67
81 81
213 385
306 75
96 289
133 404
348 48
79 340
220 435
274 347
280 309
393 310
227 124
184 223
44 268
404 318
225 60
93 62
13 33
17 186
110 158
186 416
381 218
205 133
357 237
331 436
71 177
340 257
367 227
268 56
430 154
178 412
325 325
209 390
335 282
242 206
16 435
157 73
172 425
439 177
376 274
58 48
56 412
248 347
224 89
433 295
27 346
258 113
196 95
229 320
382 261
226 180
78 368
405 380
275 335
246 339
7 55
3 424
425 30
213 160
348 358
26 70
371 272
331 75
125 259
244 364
136 36
352 231
394 49
244 34
245 444
116 140
354 445
227 177
214 353
436 180
435 445
429 71
51 313
76 372
212 341
373 24
100 370
400 360
403 140
25 375
69 282
373 80
150 446
102 84
192 359
364 380
103 93
408 256
286 164
78 403
68 69
301 162
349 199
329 304
428 141
348 115
89 73
387 297
133 238
359 428
178 435
5 417
445 280
388 311
185 384
408 294
171 228
23 203
240 104
390 247
285 276
346 88
425 149
423 409
216 143
363 88
277 302
91 401
401 365
308 219
42 65
200 259
6 136
382 297
189 399
156 145
291 201
441 394
166 73
133 438
256 155
316 115
33 61
413 125
264 13
213 41
367 125
241 281
405 233
157 122
168 292
316 261
406 138
99 391
50 277
58 280
229 330
132 270
282 301
64 429
386 315
318 242
54 379
165 157
437 311
106 242
252 169
153 93
302 144
416 93
276 135
46 403
345 368
198 417
340 196
182 178
219 371
365 98
187 47
177 272
92 0
53 121
120 319
285 188
289 309
262 364
223 429
410 426
379 149
443 238
146 45
306 408
125 296
356 106
198 213
369 14
292 219
212 124
389 354
167 245
140 162
134 4
181 393
434 309
373 260
342 19
309 91
123 373
338 340
300 247
317 95
168 236
417 321
134 449
21 203
186 176
164 400
401 420
166 408
57 312
294 40
295 374
439 63
333 187
45 103
132 297
204 325
4 261
349 232
353 387
45 293
313 12
151 391
292 224
51 75
414 155
274 208
18 148
368 45
76 272
113 102
349 27
229 113
435 166
290 448
93 46
123 293
25 4
149 343
308 433
361 271
344 309
366 223
254 400
17 11
335 213
94 5
127 116
383 47
390 276
423 186
176 422
195 127
424 51
107 40
320 130
308 368
271 443
425 177
395 276
437 254
198 300
185 379
255 336
237 194
342 156
314 324
296 78
10 100
436 54
353 58
405 405
443 298
245 44
89 168
195 222
323 129
107 410
93 237
172 134
191 309
259 406
43 376
264 223
204 59
332 410
15 428
444 226
231 206
115 290
120 231
310 262
313 187
132 271
384 368
45 344
113 404
334 129
218 323
272 2
91 216
43 240
1 170
354 226
301 398
106 305
445 316
444 104
289 355
262 303
11 313
414 434
45 142
348 270
353 415
363 205
443 134
234 312
27 74
358 261
150 68
19 286
266 281
211 95
343 378
186 24
246 232
260 397
56 201
49 388
328 173
264 217
98 425
94 255
323 208
177 295
107 7
162 47
147 318
189 130
416 367
406 136
127 40
427 208
264 80
158 313
73 415
233 90
132 377
79 274
279 443
73 135
162 366
447 9
404 125
213 202
175 365
345 6
199 283
292 47
165 158
392 448
259 128
32 402
319 375
61 219
272 142
49 420
51 94
87 424
337 408
393 192
167 349
220 318
262 116
412 144
87 326
194 8
395 150
409 281
332 422
310 447
330 407
208 38
76 401
354 181
273 367
332 232
122 308
360 357
27 150
93 441
139 191
35 364
291 9
328 329
319 89
58 80
0 99
126 299
359 30
206 203
164 185
161 338
19 215
22 56
330 193
82 411
268 344
291 385
322 340
141 51
297 37
8 427
80 358
208 77
131 112
423 243
230 57
285 209
438 305
296 157
101 65
285 372
428 360
157 114
242 176
13 95
332 118
240 23
41 160
126 163
114 326
25 230
286 39
354 98
36 313
61 175
341 23
352 341
321 329
221 51
354 27
261 438
288 325
114 187
10 394
379 100
86 92
233 235
447 81
104 296
47 213
238 18
130 400
419 317
161 11
447 319
177 169
201 211
447 292
205 146
220 170
101 182
120 321
103 278
105 259
178 17
63 286
7 327
394 195
118 439
306 152
271 126
330 182
392 129
171 334
123 175
267 387
411 150
158 174
447 377
344 443
402 267
19 39
49 197
387 192
373 325
413 361
274 367
123 336
212 195
347 211
62 405
113 47
141 114
422 89
10 199
181 185
190 59
52 57
127 440
6 159
274 226
5 195
185 352
118 182
267 445
409 437
13 116
170 119
256 412
320 70
414 326
259 91
378 13
436 234
117 169
25 271
139 32
402 322
379 301
119 74
21 193
37 111
243 416
440 95
0 220
395 269
5 108
27 247
135 284
323 302
253 297
116 275
318 32
449 425
2 61
220 446
144 375
132 188
357 116
303 258
346 120
402 336
152 81
400 328
128 311
101 305
14 211
436 374
13 183
94 356
314 239
175 42
91 247
178 197
246 427
23 355
156 146
423 174
206 96
181 168
212 135
116 376
153 149
229 167
119 326
136 201
227 117
201 66
59 157
296 148
225 271
354 168
113 342
172 119
299 56
154 202
114 310
386 148
307 235
131 29
63 349
133 318
366 171
337 5
337 309
176 406
115 23
39 395
373 209
246 315
287 52
53 310
152 221
376 60
389 304
6 427
407 376
50 288
80 103
270 304
266 89
404 158
407 11
72 159
365 13
225 369
419 301
192 82
77 411
265 138
160 305
224 240
243 38
103 386
189 345
445 22
400 435
314 151
329 341
439 45
361 37
304 419
28 81
366 241
165 155
93 244
160 290
213 201
369 149
430 135
50 210
201 282
17 179
430 407
105 254
308 167
0 438
130 357
290 208
445 401
119 144
290 103
84 69
179 367
450 177
70 175
69 404
406 373
122 145
383 397
336 313
295 119
95 264
196 248
283 30
264 53
407 397
387 393
185 51
29 244
111 16
71 38
72 324
193 249
137 111
349 2
65 439
306 78
319 416
113 281
272 189
190 282
24 363
219 45
312 230
357 224
162 66
51 8
226 275
315 231
335 250
283 269
286 226
393 242
165 300
293 158
221 85
192 66
388 395
285 203
67 447
174 398
141 238
276 340
47 269
322 268
432 68
444 165
253 102
227 47
99 322
373 95
47 379
404 28
192 77
351 337
440 218
106 101
440 111
415 27
358 136
352 200
415 197
297 384
23 5
35 42
407 335
322 212
257 437
124 47
359 208
14 260
414 290
434 96
266 245
108 344
357 177
120 168
75 204
435 399
317 237
222 181
161 391
127 118
139 79
442 341
91 49
168 406
262 304
339 262
283 360
4 372
308 244
240 66
6 365
18 7
135 265
184 307
290 177
122 40
39 330
61 157
442 352
359 136
213 198
121 45
182 420
261 378
217 62
266 358
320 141
139 388
378 427
205 392
319 238
417 399
89 366
420 247
396 114
243 286
221 133
297 371
317 179
82 138
203 114
251 364
307 386
432 282
63 215
327 10
256 254
46 377
254 184
81 435
73 359
192 370
89 303
381 315
56 83
100 427
252 210
97 47
335 301
183 108
15 356
436 140
386 25
197 246
166 273
191 371
347 415
165 249
55 71
105 44
58 282
159 136
331 8
259 235
49 117
65 304
29 248
318 448
56 194
180 414
324 238
119 242
59 370
257 281
69 342
433 436
287 49
154 14
52 230
170 45
243 250
405 388
381 43
245 422
74 54
321 217
113 126
419 161
393 130
333 260
52 58
420 417
305 218
394 435
26 403
104 46
249 138
349 108
134 412
223 365
9 361
196 384
442 277
201 132
158 256
161 58
52 117
190 267
409 134
314 126
205 258
74 36
158 235
396 119
415 10
40 110
71 41
295 225
114 224
102 285
352 443
54 314
116 321
80 295
165 279
386 149
124 193
1 272
259 307
193 56
164 449
22 337
89 228
208 7
258 66
432 221
171 210
172 360
206 379
195 28
336 303
219 88
153 214
303 162
41 58
116 388
197 310
339 85
319 56
47 317
124 62
285 172
426 389
201 61
58 112
308 182
415 247
75 341
364 130
355 98
335 77
345 161
121 434
132 322
425 174
378 179
155 222
21 5
133 330
368 444
164 95
325 209
345 369
276 396
154 15
304 366
400 355
403 271
317 43
376 69
79 49
11 430
329 56
137 206
450 386
208 236
35 137
171 19
86 223
0 364
97 317
54 67
197 230
444 253
375 256
439 256
425 90
244 228
82 331
336 40
192 423
217 129
192 434
433 343
134 96
219 249
394 177
335 102
44 310
418 250
4 56
98 287
263 204
245 436
73 302
353 110
13 29
417 405
367 178
130 371
267 48
239 5
317 319
126 122
156 54
307 414
89 235
1 82
361 189
430 226
154 235
53 242
30 405
403 405
390 225
192 75
329 437
189 65
128 87
132 448
336 82
262 440
238 228
50 322
99 149
56 366
37 86
279 212
153 153
307 306
215 267
187 16
27 119
53 171
13 209
308 24
309 59
241 252
54 112
245 322
176 139
388 248
424 400
114 75
208 414
209 59
262 388
227 105
112 119
87 246
248 341
326 356
30 130
128 394
35 54
63 153
433 78
119 158
191 70
16 183
79 23
357 135
371 414
15 264
22 438
273 407
271 190
333 366
377 240
86 71
423 144
146 419
24 270
87 233
442 11
367 188
176 51
323 418
163 54
182 21
84 50
442 276
285 269
207 359
422 196
344 256
410 438
253 122
18 441
187 289
247 243
71 148
127 323
234 372
376 446
189 97
23 346
265 204
261 430
243 388
207 303
62 63
12 343
20 32
312 64
90 280
70 321
324 148
279 178
410 18
443 68
324 194
409 79
82 301
429 215
74 19
334 442
131 385
39 161
219 398
10 290
228 251
231 365
433 139
60 324
363 177
58 31
318 1
430 296
296 286
106 347
237 430
336 307
446 172
257 157
225 437
151 293
198 356
271 410
370 206
245 243
225 136
197 27
258 128
442 305
160 379
345 255
32 240
27 290
156 103
325 21
66 369
155 189
421 3
32 370
299 310
275 161
433 15
430 125
43 60
403 16
146 293
449 227
287 180
319 25
1 268
393 233
249 56
212 46
314 343
203 437
368 294
185 61
226 371
430 137
375 0
332 319
122 84
307 34
153 430
184 445
283 164
288 444
374 127
167 282
318 355
160 219
348 10
129 230
18 187
435 258
175 73
346 68
57 297
86 146
339 190
28 345
84 430
185 168
284 239
50 216
76 99
7 368
424 94
302 338
214 198
180 265
54 411
61 77
35 264
319 199
140 186
150 66
294 269
35 177
385 234
96 425
276 84
282 119
69 45
356 48
30 204
44 281
289 179
68 310
166 24
197 219
190 99
411 2
112 131
438 428
261 242
270 102
284 221
78 385
312 207
154 442
306 216
412 52
244 436
415 426
311 427
64 58
113 319
314 49
314 43
248 117
49 8
234 82
301 261
277 245
379 343
139 44
42 238
369 321
159 31
377 345
37 203
135 388
333 117
247 3
8 128
233 51
199 412
168 363
131 440
187 33
265 126
96 269
188 301
307 75
194 258
436 259
107 319
31 159
107 311
341 121
89 81
104 199
328 84
124 284
446 78
268 63
446 295
164 221
155 89
235 148
430 28
312 287
233 279
16 162
308 107
368 128
341 449
134 348
2 342
300 74
350 327
195 330
250 330
418 424
264 133
276 337
279 420
314 296
445 196
98 86
28 102
86 262
341 260
366 336
444 181
105 104
444 28
215 307
294 225
397 82
241 227
115 112
60 387
53 326
271 171
242 258
437 290
40 440
336 186
136 372
373 413
350 254
33 294
357 180
22 260
60 162
71 371
63 273
239 270
378 90
356 136
365 50
401 202
141 151
128 301
277 87
267 235
217 227
153 340
159 332
176 200
151 303
3 373
230 318
196 242
408 70
185 73
309 48
153 19
116 335
157 324
401 228
427 34
406 405
252 183
285 285
221 126
59 25
427 40
392 273
123 388
212 308
101 37
71 302
84 134
389 342
356 380
300 217
85 357
47 242
239 188
83 88
383 443
272 156
170 399
176 383
401 193
304 272
51 200
109 297
205 309
172 41
148 317
155 317
30 406
316 222
186 150
112 240
127 105
99 26
298 258
101 191
287 144
221 243
390 308
314 359
372 214
177 188
226 378
207 72
29 390
102 424
426 402
409 273
407 290
237 70
379 419
32 42
51 217
403 356
316 149
343 450
57 53
86 105
69 140
360 197
308 445
253 203
107 211
22 258
309 117
210 353
46 188
450 90
441 253
259 298
357 259
70 24
131 55
106 211
68 173
204 37
303 409
20 415
413 437
257 22
66 408
290 198
450 336
213 247
294 448
252 43
31 77
91 18
442 167
96 226
153 39
389 65
39 221
245 47
256 271
398 147
172 226
194 342
263 80
322 221
133 377
205 144
235 5
23 159
271 168
74 307
244 95
155 150
215 60
343 382
228 114
67 48
132 177
30 143
184 415
303 414
288 90
59 284
389 334
21 302
365 440
360 336
92 365
430 269
299 267
272 144
150 323
108 245
8 416
380 245
165 239
10 257
79 45
289 100
71 50
322 19
322 338
349 367
277 9
45 47
156 278
41 365
26 30
397 100
328 217
313 26
86 323
121 184
139 228
125 396
223 391
32 387
68 93
91 101
226 234
300 178
414 225
202 355
354 5
79 435
382 32
60 76
401 131
424 318
377 353
403 104
172 30
22 433
208 413
178 297
209 162
260 448
131 11
332 98
432 165
155 378
366 28
65 25
92 185
137 134
422 108
273 37
345 232
110 270
442 284
165 234
273 326
403 318
294 317
101 433
151 264
114 2
304 437
368 76
429 136
290 411
152 228
334 295
137 221
213 320
336 59
52 311
311 61
297 311
194 329
29 179
383 322
218 303
116 246
99 108
296 6
230 138
306 99
46 228
282 190
6 163
246 401
118 183
225 395
190 48
350 338
356 212
283 214
318 257
352 326
333 15
188 13
330 141
124 217
156 138
134 99
104 136
330 94
101 393
71 154
4 245
180 371
309 94
55 420
243 437
84 381
308 180
196 150
150 185
230 246
288 181
183 313
80 45
133 320
89 314
178 55
3 62
159 159
347 370
34 449
299 346
446 308
426 250
406 430
336 178
369 294
315 393
442 88
53 118
440 109
101 429
419 402
142 258
335 112
399 442
2 20
306 81
270 394
187 15
125 16
417 155
16 378
33 10
49 156
52 202
56 302
444 417
386 234
284 172
113 424
159 145
442 27
301 124
222 358
303 161
429 179
326 220
422 266
144 15
240 191
394 419
250 284
45 122
8 140
279 43
231 232
88 31
388 97
214 29
200 247
8 79
152 399
2 72
83 160
403 178
74 407
132 404
49 189
287 307
363 130
85 399
308 308
219 16
68 125
0 42
432 412
247 204
349 47
285 108
255 448
160 252
108 400
334 77
257 95
185 305
6 420
59 322
3 292
425 380
114 192
164 180
431 105
61 234
378 170
450 163
379 27
348 405
241 355
10 69
287 47
90 369
4 199
138 229
198 343
149 371
26 380
347 275
253 60
277 269
352 60
366 275
219 73
24 432
162 60
403 438
53 259
358 333
257 206
353 15
419 201
258 71
427 15
150 319
99 65
391 57
13 318
392 1
350 144
359 216
351 133
323 368
325 118
304 436
283 183
97 315
383 0
215 140
347 361
297 325
166 450
175 336
91 233
372 91
186 343
139 265
332 36
407 37
400 295
108 285
235 341
227 92
122 446
214 60
394 172
349 254
208 64
307 342
427 263
264 334
110 421
70 241
365 416
385 160
449 337
2 375
217 83
29 252
157 95
29 263
84 153
444 308
409 450
389 299
189 361
126 101
300 71
382 441
277 287
375 208
49 245
319 408
425 378
120 269
267 321
400 200
446 298
76 32
154 47
160 60
111 298
95 206
196 171
414 87
274 391
126 79
187 340
44 36
18 66
316 16
412 94
310 221
39 134
159 250
139 243
35 7
100 199
187 212
242 237
294 55
319 104
216 166
63 142
293 366
189 362
116 154
337 372
167 148
371 318
346 138
188 412
30 86
24 31
34 95
137 131
255 310
76 298
12 436
300 251
176 109
201 123
278 296
408 123
322 272
85 106
372 222
291 133
440 13
275 349
358 102
28 163
306 215
289 236
353 426
89 33
124 182
215 281
116 373
241 314
72 73
179 172
125 388
305 161
364 375
421 279
103 385
246 8
143 46
180 326
201 218
300 366
186 420
215 334
328 28
239 309
316 376
284 180
60 225
206 23
334 76
132 39
172 415
255 214
192 254
36 141
284 159
293 245
23 305
450 234
159 436
429 147
425 168
43 258
163 114
105 96
249 10
57 380
201 180
304 337
365 132
62 20
381 169
366 443
142 178
428 214
202 320
286 125
276 65
2 15
251 437
187 288
439 425
159 193
94 47
51 72
383 162
305 37
447 266
45 331
442 52
299 152
116 209
423 159
256 258
24 391
388 355
450 425
73 362
449 448
114 152
386 291
144 183
275 379
398 238
53 229
130 171
426 178
216 358
223 138
402 377
127 324
95 145
222 84
205 447
132 350
11 311
44 425
245 120
32 75
22 244
7 421
344 406
144 251
441 308
195 316
47 183
199 222
369 332
415 191
201 312
415 260
425 70
220 191
379 243
259 157
160 249
180 117
37 270
315 440
4 32
210 93
436 396
11 92
97 160
440 327
339 381
339 98
396 154
13 439
15 276
255 317
75 389
230 18
425 18
125 349
441 216
412 259
413 51
314 242
104 236
328 251
341 28
149 390
273 95
3 168
396 337
139 204
13 326
429 338
16 355
396 442
361 447
32 228
417 281
364 0
109 407
25 179
150 385
357 315
111 322
369 21
24 43
329 259
178 112
354 383
365 424
163 207
381 207
26 185
41 283
226 337
111 42
158 77
177 12
107 334
357 428
33 187
126 264
343 135
244 349
227 273
221 148
388 339
322 362
272 203
264 229
7 295
179 449
58 413
118 426
304 410
448 305
154 276
51 359
25 129
386 81
437 17
381 105
402 294
50 106
227 316
336 60
348 336
1 163
263 311
158 444
33 87
58 28
290 42
172 238
334 148
268 321
57 343
216 54
217 436
325 405
309 273
286 122
408 78
46 219
414 423
349 64
272 413
104 16
395 68
348 338
14 182
287 236
440 14
312 205
149 367
173 65
184 161
58 352
224 144
418 395
275 209
323 182
285 231
197 145
130 189
65 340
441 378
221 158
41 57
60 359
238 181
230 347
334 71
241 79
295 437
419 431
315 307
61 214
31 37
392 57
56 134
54 57
370 234
375 371
432 275
293 78
287 212
360 71
293 367
65 202
388 386
233 253
127 276
317 366
185 354
2 53
268 156
211 102
203 237
300 344
256 184
85 242
415 102
245 417
411 161
42 231
121 315
210 5
46 271
41 259
245 205
189 128
206 197
362 309
58 430
381 345
447 142
6 232
44 126
212 291
147 217
318 244
35 291
172 158
35 127
68 132
362 324
104 141
209 387
383 441
421 434
378 338
327 410
181 384
179 15
226 28
328 285
275 261
228 345
416 27
104 184
282 201
362 369
48 287
339 203
157 352
137 173
86 16
291 124
3 100
144 446
226 447
406 259
321 278
281 222
411 159
72 95
214 261
373 134
135 112
328 407
101 232
152 25
151 282
28 314
444 318
307 241
338 423
385 135
93 360
53 183
109 332
118 376
186 131
370 316
430 417
98 371
416 341
342 338
386 311
351 165
179 200
39 94
282 165
72 410
433 339
27 353
304 316
237 148
226 350
59 73
120 307
32 428
341 365
290 335
166 86
361 199
443 288
2 420
3 23
90 378
248 292
88 447
190 175
336 156
289 124
45 3
367 25
338 134
262 194
101 383
60 156
438 66
216 391
119 390
412 182
326 416
381 48
207 165
357 164
292 262
262 155
91 279
67 357
406 198
58 70
415 445
117 113
20 299
37 443
36 433
353 104
250 304
131 111
298 291
130 196
302 298
282 419
271 302
144 194
102 171
371 234
330 98
46 23
429 113
442 83
264 401
424 93
429 319
448 242
56 222
151 344
168 200
156 5
198 149
256 86
9 6
242 31
134 345
6 238
126 342
254 216
77 19
198 405
163 407
129 77
329 271
191 307
9 124
325 415
59 290
242 153
71 2
114 433
388 164
91 438
152 266
92 278
68 211
139 346
277 88
317 48
315 255
50 32
42 251
344 403
377 7
113 365
109 340
314 436
300 311
327 144
272 361
322 275
279 151
130 156
151 251
223 385
403 39
187 196
140 80
344 268
225 8
415 349
354 221
272 263
377 352
58 226
172 151
170 176
32 195
44 241
134 141
18 241
450 286
63 246
22 277
25 20
388 298
139 440
163 238
234 175
73 72
352 45
410 47
324 187
92 168
324 411
119 148
447 196
385 233
228 75
369 278
428 59
267 177
437 339
261 435
129 8
231 143
286 312
114 128
150 359
411 57
62 390
321 447
135 356
411 63
275 240
179 258
408 449
77 95
388 365
363 110
199 445
118 333
336 337
300 262
246 128
49 122
42 310
357 321
269 9
23 232
242 279
316 246
197 164
219 140
435 223
4 224
393 75
14 220
213 243
150 246
302 51
363 333
402 332
334 366
74 341
347 260
392 173
365 305
367 113
46 125
228 325
169 435
286 244
305 225
72 205
142 169
232 134
104 97
354 287
223 285
174 131
447 1
98 321
260 244
238 230
286 385
54 175
433 364
76 388
278 364
361 220
268 388
269 353
262 247
446 410
387 83
68 241
171 291
234 105
302 46
119 6
117 376
341 347
215 58
98 409
73 2
273 4
431 373
69 312
113 248
367 13
363 344
81 268
270 158
370 98
194 67
131 76
267 418
39 80
13 316
396 390
339 442
100 123
290 342
188 224
115 275
35 35
267 298
117 420
296 290
328 139
141 214
76 429
93 68
371 331
16 72
416 10
208 320
191 141
316 17
420 52
274 187
361 381
224 255
79 323
168 277
229 183
368 310
113 33
15 161
240 203
118 175
33 386
50 239
154 195
145 109
321 265
212 436
72 447
385 369
182 432
151 43
441 11
247 207
216 364
297 109
101 322
405 115
323 62
155 201
10 200
318 176
254 322
9 104
344 84
86 375
232 86
439 70
222 117
134 63
351 379
303 415
385 161
268 406
103 195
323 280
18 265
130 36
146 336
279 137
193 263
437 389
225 86
359 288
217 177
144 276
168 184
89 258
168 440
191 135
223 18
134 26
187 326
173 139
57 327
241 233
272 301
324 302
226 295
391 447
65 7
259 45
414 389
167 196
219 263
351 325
153 52
288 276
434 171
270 343
272 318
47 122
232 224
294 399
38 405
95 377
374 310
351 224
108 109
254 290
239 435
373 169
299 421
242 318
70 366
173 75
76 218
308 351
437 353
10 269
397 133
430 400
4 183
272 294
151 123
333 51
30 26
427 79
363 341
296 156
65 426
380 291
259 110
235 268
160 186
394 346
439 270
136 123
133 177
431 54
351 114
374 337
33 424
301 199
64 435
311 92
199 122
374 240
74 183
360 308
60 226
436 185
86 246
264 240
175 8
35 341
238 116
151 380
276 160
121 138
23 331
102 24
226 64
96 272
18 60
352 47
403 109
80 371
218 15
342 229
8 346
212 197
264 298
408 145
19 265
133 27
286 178
14 28
398 31
293 20
210 245
173 305
410 33
220 78
415 226
428 382
128 109
241 5
141 386
257 129
46 35
339 404
188 389
334 291
154 176
147 76
178 354
308 20
257 63
301 177
432 377
258 317
49 298
345 135
167 204
402 413
97 325
422 429
210 323
3 277
139 448
237 162
193 410
17 145
287 216
38 56
184 12
376 228
93 209
188 2
65 326
304 151
190 19
254 96
291 135
333 229
401 19
362 378
102 213
337 99
244 209
99 367
17 288
424 83
425 117
286 274
31 122
363 87
368 332
214 417
74 56
3 32
311 132
213 57
243 344
414 265
444 315
242 429
331 406
19 400
434 53
0 84
367 238
399 321
32 22
201 436
368 56
308 81
229 197
308 378
78 218
394 157
397 30
212 166
41 298
202 383
304 138
133 67
181 386
240 15
10 22
405 191
141 401
156 99
292 127
316 236
272 233
301 419
249 228
61 260
3 395
176 329
416 182
195 354
427 223
433 303
340 195
317 142
69 44
432 369
327 16
264 292
176 221
310 33
437 327
26 268
358 206
285 151
124 138
195 383
21 24
436 111
91 361
97 450
117 324
397 6
302 17
10 249
108 361
359 300
421 243
73 214
415 355
411 240
142 230
320 275
282 207
381 297
158 393
78 372
261 365
332 61
298 4
275 24
204 405
171 84
248 262
437 145
76 47
74 57
203 279
12 380
44 243
101 401
433 429
187 221
409 75
364 425
318 114
434 355
310 178
320 304
431 81
285 176
132 415
403 243
368 264
54 41
411 7
246 394
322 445
121 383
256 327
400 350
306 130
253 81
397 234
407 400
279 417
52 253
345 320
410 256
397 381
14 43
232 431
22 301
83 377
275 235
260 41
344 393
412 159
447 58
359 424
70 194
75 382
4 330
418 99
221 438
16 428
249 274
36 230
51 169
286 219
198 404
1 331
224 323
157 56
249 364
242 300
224 210
250 137
410 200
184 332
353 406
38 346
343 259
245 405
181 325
183 426
397 110
382 175
215 87
107 14
411 375
24 249
184 58
200 146
380 56
241 118
414 379
171 52
331 214
354 302
389 158
132 405
44 150
183 298
218 209
219 417
80 2
223 152
143 371
309 81
135 119
306 62
29 450
436 298
61 421
256 324
109 416
252 390
163 406
339 135
307 219
325 417
385 314
382 224
141 59
390 374
3 170
180 89
328 438
395 217
240 218
300 79
9 36
229 90
375 282
93 220
110 287
116 339
189 203
182 177
169 78
56 431
323 361
264 395
302 392
235 234
223 394
93 161
29 347
370 199
227 439
273 83
260 393
429 5
155 121
113 5
85 431
296 393
77 413
8 270
319 6
127 289
80 446
63 20
289 22
419 310
144 101
5 266
2 429
134 443
381 271
78 95
349 280
422 446
163 9
57 329
315 383
416 428
432 264
55 436
189 258
239 298
420 378
324 354
237 435
207 243
357 176
439 24
180 139
257 139
192 199
78 387
241 348
136 80
79 67
347 126
395 359
126 164
90 43
170 202
219 281
359 31
170 340
246 419
5 400
308 62
86 199
131 374
113 362
284 43
19 149
441 98
46 11
438 42
257 222
221 82
1 232
182 419
338 337
61 418
353 207
233 18
183 310
396 200
347 154
171 283
169 230
355 293
74 304
146 187
248 73
104 425
271 264
112 171
345 264
306 284
88 88
352 222
349 138
122 435
37 204
198 144
215 147
60 160
320 389
51 133
88 112
192 202
107 175
152 94
196 353
131 225
98 437
398 413
33 148
316 441
231 258
110 419
130 192
37 424
449 250
184 53
123 127
130 438
154 399
376 109
309 234
142 335
156 259
434 449
286 387
50 433
36 373
291 196
84 323
208 67
402 423
68 83
392 93
207 450
111 423
327 307
275 328
232 275
219 2
318 397
232 326
414 282
38 218
98 205
411 227
101 423
396 256
157 45
275 82
64 76
324 108
64 277
116 415
22 78
9 315
334 62
303 285
381 304
193 211
16 168
301 383
20 250
303 38
53 317
112 224
122 53
38 362
376 214
27 243
197 165
121 341
359 109
142 445
232 145
70 327
23 311
29 205
172 183
210 405
383 320
204 364
82 164
247 11
27 437
158 137
56 108
101 175
249 52
108 327
446 328
168 142
216 394
92 390
378 80
302 313
105 353
434 387
442 403
24 258
352 185
331 445
343 398
308 313
49 19
414 394
229 396
159 201
3 381
253 422
358 22
239 87
376 131
371 316
98 358
418 264
217 427
188 321
398 78
166 123
86 118
138 153
262 67
161 75
397 32
336 372
197 324
143 291
47 187
213 65
115 436
210 417
184 152
103 202
364 307
404 290
268 230
24 87
204 330
133 60
385 415
235 200
339 120
108 96
424 177
135 285
33 375
89 36
211 169
399 199
393 163
389 301
379 449
354 400
83 41
147 236
55 190
48 5
253 23
116 277
314 204
395 20
182 417
445 407
77 389
244 212
165 4
17 109
207 367
32 8
123 54
415 330
413 208
75 248
29 134
59 141
279 244
314 315
119 448
81 389
20 178
218 6
317 54
175 64
169 96
67 333
117 284
300 443
243 59
33 430
37 218
285 425
392 31
326 205
297 233
324 145
63 49
233 333
55 350
439 436
74 106
154 136
227 355
346 369
137 252
348 136
19 184
351 154
57 431
356 365
216 19
191 382
200 88
42 306
444 47
300 21
199 71
245 434
225 72
401 104
6 243
293 90
87 396
88 349
92 395
433 100
244 416
319 413
356 376
301 203
24 283
336 440
432 80
121 19
445 436
400 243
406 395
34 278
391 143
100 56
166 212
344 157
428 199
116 72
448 199
228 267
184 205
223 386
52 422
256 228
121 362
405 359
12 421
104 38
142 194
158 190
300 149
66 415
23 264
39 182
334 184
392 367
415 262
230 97
36 440
210 355
198 362
142 331
349 295
16 179
325 14
16 291
348 271
440 349
71 55
39 33
323 105
22 82
326 138
225 426
7 223
426 430
449 345
273 176
356 187
331 238
133 332
396 347
365 63
52 112
254 341
183 443
307 232
24 105
332 32
338 355
125 0
73 395
111 201
81 10
238 225
300 342
263 209
441 200
113 169
81 7
319 8
257 186
391 354
124 261
314 229
250 15
398 25
54 108
246 318
154 213
39 199
247 380
104 187
415 79
280 237
6 269
53 191
361 450
205 443
16 250
130 93
413 258
77 370
156 309
264 357
250 283
435 276
134 123
338 338
159 109
120 80
306 428
301 439
86 264
358 415
97 83
107 343
189 327
81 229
307 438
46 251
140 108
246 361
433 355
409 285
351 156
111 264
99 49
72 255
410 2
42 351
227 293
13 228
278 134
242 271
190 227
235 38
63 279
368 292
431 124
348 275
374 214
42 343
311 140
164 389
9 48
208 226
197 366
180 167
45 25
188 345
154 159
2 391
304 405
331 182
55 362
221 200
317 353
199 225
24 449
214 81
384 282
103 22
156 137
265 319
169 240
430 119
122 172
273 393
315 263
331 216
236 381
353 450
271 319
38 408
389 52
420 148
317 234
215 203
332 276
156 290
430 185
275 269
395 302
121 388
390 220
302 148
433 260
32 406
130 353
131 90
283 201
362 275
89 404
266 225
83 258
437 23
119 327
97 164
130 247
167 338
440 145
396 302
158 163
157 91
163 336
108 182
262 450
308 238
312 72
96 152
237 332
27 1
124 447
385 22
330 133
313 296
323 303
315 121
310 318
243 410
256 349
315 29
81 94
166 150
421 383
252 262
430 339
290 430
235 374
354 182
155 334
390 63
208 383
288 197
3 29
404 365
88 164
84 219
164 326
306 247
273 318
144 319
386 133
15 141
378 216
73 174
338 112
410 308
63 217
226 103
419 41
409 331
410 41
246 195
107 154
391 343
175 424
200 414
213 147
342 378
137 106
363 342
362 151
14 41
334 213
417 242
90 215
133 291
244 243
339 211
71 162
28 272
125 394
215 276
301 440
418 184
89 400
429 182
139 283
321 50
177 421
336 304
10 258
146 316
442 104
148 150
41 104
202 311
117 447
330 114
0 282
220 152
412 81
160 170
281 305
209 19
33 347
411 354
387 44
254 392
241 423
392 99
396 297
100 352
314 217
449 35
145 217
30 53
374 266
140 205
273 220
140 204
23 95
243 320
359 318
209 239
411 382
113 413
101 10
407 295
22 64
402 88
80 384
278 173
56 117
242 222
38 84
404 168
368 28
293 98
291 427
100 336
84 445
136 327
62 96
314 440
347 385
182 18
325 274
188 139
273 302
427 386
165 136
306 77
341 144
426 328
79 385
282 435
208 198
368 428
379 349
341 342
388 211
97 209
423 38
15 164
82 362
26 213
200 437
414 231
236 395
107 228
259 171
93 434
119 96
102 354
1 432
361 307
116 400
308 214
428 85
45 85
386 112
113 408
374 445
303 25
254 298
36 341
346 374
3 184
155 164
36 200
92 397
379 193
102 222
408 18
312 41
265 423
84 177
319 141
11 425
173 170
352 49
401 83
360 37
405 13
43 102
447 206
232 283
410 218
398 341
239 91
108 64
147 188
39 168
61 90
124 395
74 160
429 351
25 24
397 77
379 369
217 446
183 33
138 102
265 293
262 437
435 85
117 276
131 43
5 92
60 84
245 88
278 95
406 141
72 367
26 69
200 167
403 369
253 221
266 98
351 269
79 378
45 133
417 199
447 249
151 386
249 51
91 17
276 193
408 326
392 293
175 164
239 278
142 19
340 284
251 446
378 121
405 44
76 308
407 450
45 377
64 380
83 243
401 91
276 273
446 129
241 78
298 295
187 371
413 130
141 244
450 330
373 390
39 130
318 63
434 32
211 203
212 437
373 311
76 302
155 175
378 150
382 349
50 14
199 275
445 219
445 55
275 124
133 48
71 99
341 86
354 420
421 28
324 107
260 331
180 44
202 388
385 95
20 337
439 91
185 230
150 59
176 287
320 382
325 210
178 170
449 240
378 213
356 46
55 205
298 214
86 135
215 81
408 441
4 147
83 182
7 440
416 335
288 205
199 367
322 75
186 411
22 35
350 371
401 377
352 169
193 182
150 168
255 88
51 172
250 400
79 425
434 289
255 78
167 376
161 31
179 310
379 124
378 32
113 265
134 267
77 89
120 2
175 443
290 33
193 117
14 239
144 315
21 309
44 130
279 229
377 281
92 444
227 115
338 254
152 196
430 310
435 362
318 443
75 13
444 155
26 367
132 72
259 216
387 365
170 120
342 237
111 446
110 156
185 300
245 68
129 162
219 108
237 268
111 172
250 338
41 138
196 135
99 71
159 107
353 194
75 11
201 431
297 306
80 191
177 324
235 366
346 55
252 89
34 110
115 207
347 64
364 70
33 309
243 254
172 260
35 81
400 260
165 6
160 407
379 156
250 141
75 12
258 389
138 270
375 279
301 394
87 344
428 180
172 323
177 427
398 294
248 195
44 19
410 5
6 419
106 278
59 118
338 240
443 216
4 333
19 418
226 326
424 40
45 271
238 349
392 156
450 161
101 177
12 336
67 277
282 197
153 284
170 255
350 360
306 47
163 388
290 56
448 384
432 113
249 46
401 247
422 354
313 129
338 91
442 303
160 444
363 52
108 330
292 371
109 420
329 90
261 149
420 228
115 300
158 62
204 218
327 414
299 177
44 104
218 183
304 22
324 268
392 449
98 284
297 219
374 187
450 172
302 3
421 245
354 148
201 383
339 227
199 7
269 16
400 156
263 314
310 368
80 37
292 119
145 93
373 166
211 356
267 290
161 217
101 163
160 310
196 257
107 280
440 140
142 182
270 417
230 80
415 185
199 381
98 406
357 416
399 77
384 323
200 243
14 223
401 332
45 242
364 181
358 301
355 314
342 244
70 17
412 254
360 293
303 343
405 439
420 84
270 362
37 273
332 222
48 288
175 450
233 394
214 372
271 125
368 98
190 292
279 179
80 176
283 184
219 258
439 78
299 370
29 342
149 21
139 374
64 74
424 278
417 425
355 332
295 12
113 57
234 3
259 426
285 350
393 194
137 123
346 371
354 119
32 183
317 93
185 283
352 34
359 303
242 303
20 391
70 214
81 218
72 181
150 238
247 435
413 209
321 168
255 193
282 357
121 391
233 217
368 21
55 24
51 137
326 278
252 42
243 346
404 310
228 390
288 286
431 126
314 354
214 96
386 211
1 107
9 273
7 362
218 415
29 257
209 427
108 336
412 40
163 434
260 98
25 333
64 289
84 130
186 78
426 115
223 424
86 181
435 414
143 208
272 41
141 50
232 36
132 434
356 218
398 81
68 55
41 167
269 129
295 355
169 101
130 87
359 308
349 436
170 101
131 102
303 361
28 343
448 9
75 55
414 315
217 140
422 410
113 221
301 103
413 339
218 210
18 263
121 425
131 74
125 176
143 432
319 163
70 383
311 176
304 230
119 227
291 88
5 190
227 76
104 309
61 293
90 300
321 164
8 254
152 194
44 109
293 341
229 156
25 206
293 201
384 397
49 379
335 34
80 360
93 352
200 129
109 19
159 248
64 195
55 287
404 26
413 360
108 150
325 116
409 301
96 49
138 49
146 28
361 51
170 112
328 432
13 366
329 7
106 200
270 18
312 108
320 246
410 372
429 424
134 149
20 49
157 66
68 423
169 74
154 265
188 82
3 329
263 446
227 379
323 243
288 157
84 63
177 71
199 319
301 396
337 203
156 415
218 190
264 79
448 315
161 59
442 224
189 310
292 240
227 318
402 225
72 220
428 168
161 287
347 423
437 274
281 130
76 12
349 145
108 213
112 325
284 257
430 376
387 18
367 420
240 284
127 391
253 392
77 8
59 262
57 358
321 163
229 230
121 347
355 427
320 155
320 331
266 107
295 441
265 406
345 49
238 74
270 140
41 177
430 17
277 419
325 46
171 152
338 239
235 316
12 260
317 444
237 231
285 153
2 75
263 175
3 279
42 6
409 312
124 237
145 234
117 256
311 72
229 119
316 423
143 417
10 3
429 125
95 53
289 419
153 407
319 103
65 418
168 102
421 386
96 199
364 143
394 284
49 382
424 57
119 78
219 94
277 315
246 362
430 14
280 347
311 248
87 82
421 103
155 142
1 287
209 147
122 424
53 195
288 243
162 74
132 51
233 358
449 352
294 6
203 161
313 268
159 124
16 213
141 329
288 133
78 171
307 390
59 350
153 97
73 193
420 388
304 97
153 216
283 308
4 176
367 389
416 251
148 372
446 143
442 112
426 350
241 261
228 209
260 212
1 16
427 266
190 16
219 61
113 373
321 442
22 48
49 438
66 68
117 115
70 290
135 333
402 437
288 368
290 426
395 450
159 156
271 145
218 178
352 367
36 229
69 115
391 238
242 118
134 28
409 131
1 60
441 17
157 307
426 239
51 121
141 113
349 206
195 407
220 380
274 378
79 344
374 140
233 416
250 52
432 360
51 342
380 305
219 86
175 19
215 347
165 126
266 51
233 41
403 187
31 164
85 0
327 37
75 81
301 27
43 211
150 236
312 162
404 349
110 422
430 9
111 408
359 138
407 321
242 70
12 100
290 36
280 408
104 347
253 283
189 359
308 311
399 9
440 365
28 14
315 418
196 168
315 294
180 283
224 417
131 148
14 175
434 361
35 158
106 141
198 449
207 214
277 204
45 128
199 58
233 418
313 211
130 303
173 373
278 380
296 61
254 86
436 176
213 173
324 109
418 190
69 53
437 80
213 218
206 132
49 193
366 382
351 17
252 1
97 284
177 79
245 381
23 201
48 402
66 297
186 415
293 159
1 119
167 134
172 305
83 138
68 429
308 305
41 295
135 377
70 352
119 182
385 410
392 7
354 106
279 311
8 110
233 407
177 92
2 243
196 78
132 323
14 450
134 187
284 161
232 191
120 68
194 288
320 247
198 111
337 222
227 130
364 286
212 299
74 123
310 149
196 240
72 195
406 88
371 28
148 83
215 408
193 75
290 196
60 139
38 222
438 233
181 212
294 326
43 120
276 69
74 199
372 97
26 378
178 152
423 183
113 157
435 198
74 21
204 319
289 279
159 417
147 413
100 96
448 274
217 93
185 153
51 346
139 387
420 335
221 354
280 146
59 0
68 450
115 292
157 72
49 150
123 157
12 440
205 154
374 135
404 393
217 431
194 206
326 418
62 24
408 273
117 63
211 324
369 232
361 123
88 35
36 424
109 394
161 415
74 176
429 247
432 83
353 112
56 100
445 208
447 312
33 320
240 305
371 294
62 272
374 235
368 39
278 180
180 96
268 390
387 248
406 29
285 48
87 50
354 142
32 210
429 217
430 331
63 267
319 174
12 430
405 348
426 187
350 323
91 117
241 373
283 47
280 444
291 191
221 273
343 53
150 120
124 185
183 220
89 231
395 7
113 15
147 191
123 56
219 112
191 246
176 233
54 182
414 347
406 274
205 173
303 97
306 123
199 272
136 108
13 411
178 28
303 378
211 14
45 330
121 313
28 197
215 407
329 16
68 322
20 450
250 100
99 177
268 3
61 153
367 448
420 165
290 13
245 194
423 325
448 34
368 371
310 7
145 213
232 352
312 411
347 344
22 214
94 360
442 310
269 304
128 176
54 25
106 239
369 51
28 168
169 402
65 253
236 19
52 339
81 257
189 19
216 8
50 119
384 232
229 29
133 306
350 74
94 247
26 223
238 89
200 24
393 161
316 50
75 267
30 65
176 400
388 79
365 399
333 173
229 96
449 353
333 443
6 202
413 117
26 253
131 149
53 186
341 335
290 70
237 131
346 1
35 355
74 369
359 239
79 26
335 181
219 186
187 125
121 283
377 94
275 107
82 303
128 151
38 8
308 181
84 351
24 336
343 354
422 442
355 219
79 184
387 348
330 404
95 10
17 226
265 7
69 325
433 26
263 75
273 392
3 160
173 399
260 81
37 311
326 13
300 436
103 368
235 298
434 46
111 387
107 208
210 18
118 19
138 72
362 47
200 86
59 243
77 310
159 276
345 19
67 107
69 385
441 81
296 52
105 413
272 245
262 359
404 325
361 89
209 121
292 230
97 266
186 177
59 448
193 395
305 293
245 105
337 131
228 323
215 319
434 363
443 10
46 281
102 404
336 61
59 41
205 92
271 440
116 207
449 116
320 144
26 173
335 159
256 98
449 108
37 213
177 316
299 134
252 335
443 33
33 231
147 414
64 71
387 65
164 200
127 322
377 312
77 3
157 420
255 186
205 361
79 251
394 310
164 377
51 414
290 138
410 303
160 48
152 46
301 311
125 48
297 400
414 200
446 193
405 224
129 27
289 75
13 373
370 369
14 378
190 119
361 181
307 408
93 436
323 349
254 114
433 346
121 323
117 245
289 444
221 72
129 208
339 235
92 325
403 384
411 238
213 149
346 185
148 73
293 196
328 219
371 178
294 94
129 2
325 114
194 324
279 204
264 184
143 89
203 83
421 270
189 141
155 53
365 12
31 203
290 263
400 66
416 160
272 440
200 343
209 159
154 285
245 82
268 238
70 412
431 122
314 335
196 216
280 247
165 90
72 297
393 1
314 33
310 5
7 187
273 3
108 17
92 329
404 289
259 218
349 304
286 320
220 432
274 274
118 306
4 156
244 376
33 100
202 329
429 163
47 174
231 381
255 207
267 158
85 69
204 300
158 250
146 97
42 240
378 443
412 112
408 37
350 18
252 270
274 68
130 277
173 159
344 100
281 284
417 100
245 141
193 194
149 306
303 396
199 169
8 446
94 22
420 387
402 425
237 183
22 380
151 445
25 70
161 297
95 311
327 5
123 120
289 19
449 267
30 181
279 34
71 244
180 9
28 90
379 174
219 426
292 24
95 253
36 213
13 250
143 86
304 54
448 192
77 292
133 316
60 291
30 278
424 314
183 8
19 237
7 300
183 239
60 104
377 372
352 415
210 209
378 229
194 449
259 318
117 149
277 146
27 393
79 284
425 66
450 27
206 4
42 29
319 384
88 402
403 236
174 220
298 350
432 174
59 348
273 275
22 294
83 281
411 400
136 99
85 64
50 85
305 433
337 389
180 152
351 397
332 416
394 228
350 325
10 331
361 323
297 330
60 354
242 246
261 215
216 170
321 300
444 190
100 239
284 357
331 117
262 59
352 197
241 58
449 438
356 78
157 360
14 229
245 224
32 437
341 275
323 390
417 135
56 153
123 342
428 243
450 265
357 96
109 10
165 35
433 357
333 237
358 220
226 414
169 289
12 361
400 404
301 390
313 383
286 303
96 146
29 372
99 170
242 367
146 157
11 330
273 261
193 243
294 316
141 147
236 184
394 330
37 160
222 9
345 347
356 143
74 2
162 312
350 216
263 320
60 376
351 441
409 276
64 109
78 433
212 158
246 59
355 409
51 196
54 278
216 142
98 71
186 71
171 415
373 221
31 390
248 365
170 190
341 77
316 430
313 173
53 265
450 86
161 410
0
