1279
475 1171
539 585
246 353
914 741
863 308
990 202
84 892
111 813
1021 596
543 587
1124 110
758 691
545 551
125 408
226 328
1190 7
404 91
563 661
1039 1047
9 1027
690 358
1087 1143
1173 553
21 617
76 406
733 578
576 256
1129 370
952 1061
1100 1051
104 541
517 48
635 466
335 495
660 1034
403 535
982 290
425 668
749 714
858 423
270 650
1127 400
313 1069
638 636
691 869
1068 583
452 786
636 664
150 382
722 941
199 732
967 160
553 692
968 525
8 12
271 1015
676 18
725 822
710 402
1080 318
1199 592
451 499
985 220
315 638
90 51
277 597
1011 857
316 208
39 684
592 317
487 786
873 1074
394 226
1158 307
953 1131
19 386
930 902
914 643
672 667
848 741
805 801
671 707
1122 920
313 506
35 171
167 828
829 457
626 448
310 567
764 227
183 513
826 717
784 422
594 509
243 551
151 534
1036 716
482 1163
76 303
1096 48
994 174
670 387
591 741
650 1113
24 212
836 145
694 266
1139 1013
1132 694
1130 228
575 592
1070 459
233 229
464 391
1029 835
70 1061
739 892
476 567
1084 331
235 214
1143 1149
444 874
621 499
785 1014
1019 934
14 940
529 300
639 248
868 680
718 1153
732 1047
74 719
714 131
495 807
997 560
943 1112
926 773
431 1013
1185 774
573 1005
904 75
496 55
1132 270
843 985
1072 156
177 340
929 30
440 151
229 106
965 446
901 523
19 733
114 736
431 334
973 604
552 314
766 437
495 752
658 384
5 581
369 477
1109 1146
654 323
164 418
460 1170
844 976
11 627
98 694
65 50
123 749
393 459
1051 841
647 560
1129 102
740 147
462 1066
697 618
1063 459
121 898
1153 478
360 705
415 159
402 829
267 239
1150 769
899 195
908 372
747 55
721 259
45 276
145 887
469 224
857 28
133 35
287 353
203 1032
807 515
1060 588
389 54
679 1157
483 1137
164 421
765 878
545 107
501 740
257 726
84 161
259 527
307 764
445 1157
1031 1036
503 588
245 1196
977 18
652 534
1171 340
953 744
283 609
484 511
129 79
895 50
1184 918
127 353
224 385
120 1117
308 812
821 450
1025 540
644 770
539 1108
964 618
602 593
26 180
51 645
350 1147
645 76
133 238
636 317
917 1132
999 1135
870 1138
899 1037
12 1178
499 1158
1112 728
1108 1043
654 489
651 901
1148 612
1010 202
854 807
650 480
199 451
360 856
942 650
997 104
1055 71
519 200
231 1082
122 593
786 149
263 206
827 72
1183 463
638 401
437 78
310 681
36 172
913 832
352 481
279 347
235 158
528 913
957 391
1178 694
533 1142
233 979
919 590
312 305
721 873
940 996
640 740
222 405
350 669
604 505
601 949
630 1139
758 541
889 1162
636 617
99 304
956 70
285 1112
639 430
283 976
713 806
333 272
862 306
378 404
201 192
1192 811
673 2
817 174
510 1160
206 734
517 770
182 299
230 542
462 911
1125 264
869 59
572 588
1130 1064
242 406
1027 80
465 504
240 848
178 863
1039 670
84 779
1060 394
6 1097
1027 490
1054 95
218 237
829 732
376 808
531 242
1046 546
531 405
871 163
79 616
633 873
1191 252
1172 71
882 168
1037 414
375 486
1162 743
436 570
743 1195
1099 213
1184 180
900 175
951 1188
761 451
427 247
301 112
636 82
138 31
622 67
103 1007
991 1112
363 443
580 670
1039 1037
1116 802
1110 116
238 39
346 154
986 20
352 646
753 962
807 1019
412 331
585 183
1129 169
888 1102
809 804
331 314
1140 868
829 159
89 1109
842 161
193 500
737 448
403 815
1097 713
882 186
550 279
456 428
618 192
333 1118
379 186
1039 156
108 159
1017 579
655 800
1150 700
377 810
476 920
1168 161
774 564
140 728
964 934
1186 1045
1161 362
1026 1110
1005 608
676 958
500 994
857 1092
262 26
53 712
772 543
49 171
1133 1193
693 451
829 1042
114 1187
68 1006
838 949
353 129
253 746
34 998
1110 1174
1174 882
811 332
423 550
1149 613
89 1016
215 794
6 731
79 998
888 1145
962 664
971 187
729 621
116 410
447 3
39 932
447 1135
228 10
85 1168
215 1078
236 1051
520 81
342 692
964 617
914 687
332 516
1181 264
1155 219
1173 940
763 918
1105 13
682 1156
993 920
1138 148
728 1070
570 858
93 51
792 791
96 137
981 237
306 493
42 13
803 588
613 761
336 854
901 966
84 365
130 789
1106 745
1151 841
186 834
125 61
922 1087
936 116
813 456
1118 912
195 799
269 319
849 227
747 1192
305 529
1012 137
581 841
480 465
114 505
1092 499
614 554
145 669
316 2
360 1032
79 1051
613 968
27 102
783 381
1031 48
348 961
846 1016
715 593
489 1089
1196 887
623 586
123 520
981 1009
517 38
369 37
665 508
1023 1192
228 522
677 308
1172 1062
535 916
278 805
1130 511
34 530
780 568
308 653
721 685
811 628
939 521
643 492
230 93
48 8
1131 802
123 443
615 664
384 374
538 633
971 1160
1011 42
244 1014
628 1199
815 348
1085 417
972 674
291 843
953 819
1069 847
46 32
732 301
498 259
31 1079
924 783
798 1149
1147 673
75 156
823 211
957 139
1094 675
307 970
349 1144
104 1124
832 663
464 638
327 730
204 843
689 1060
1108 294
594 771
348 938
750 908
465 1160
1071 646
20 94
680 642
207 376
218 629
311 804
246 1110
347 672
172 361
839 236
1167 1077
862 1039
683 1132
103 799
177 57
738 172
312 825
103 1185
0 213
481 944
857 790
339 722
609 624
113 669
293 563
305 798
100 3
255 96
506 738
477 357
50 295
1020 165
227 785
854 717
36 528
1179 483
362 1172
484 942
672 1008
657 998
755 1104
188 518
615 461
1038 949
519 727
521 42
909 635
708 832
1175 813
722 515
17 669
448 832
717 461
137 1119
950 651
42 593
479 930
656 414
583 69
806 1076
473 1110
268 299
666 900
906 918
1192 687
390 630
937 1024
1169 909
967 826
1059 264
808 100
580 1045
406 745
979 244
321 299
153 977
1198 628
11 396
509 598
815 735
870 1181
509 730
825 231
99 63
719 264
889 8
934 178
931 808
847 237
501 1091
880 499
817 43
343 1003
354 1080
739 926
992 851
953 164
671 511
184 744
191 489
302 743
1157 151
132 845
64 55
1055 965
1190 855
41 522
988 777
1076 787
77 719
513 795
1086 137
469 63
787 880
702 820
318 147
445 683
714 1040
1026 203
601 492
1063 1002
322 28
1186 608
334 512
917 1011
691 158
224 359
1013 811
1184 1096
700 1185
448 338
882 633
682 402
998 41
1066 880
1126 691
1182 1075
82 885
594 321
189 197
669 1097
858 50
842 1166
960 854
471 96
295 596
96 583
890 964
718 423
503 658
373 1062
990 688
798 467
192 1071
447 138
834 115
162 616
1159 648
49 710
607 1154
837 422
331 300
267 4
472 734
499 510
596 616
564 592
171 486
1110 308
973 990
948 974
893 1002
1126 524
152 405
590 299
423 773
421 1142
193 864
596 317
953 492
440 798
368 28
1065 624
114 1186
19 488
391 39
412 1078
89 71
1159 1070
296 829
348 250
1062 554
116 1051
976 30
1039 47
459 1170
972 634
727 1144
911 389
373 228
723 1096
639 393
848 170
553 72
681 1150
586 310
19 1005
343 1139
401 163
903 947
1191 675
563 834
299 935
805 838
1029 1094
1188 358
504 371
1132 476
251 491
1197 78
1191 1068
457 1125
1022 688
739 843
1086 920
29 444
381 881
304 722
645 454
385 166
596 552
801 1083
2 604
1167 276
985 1198
360 145
426 228
880 19
532 731
943 170
588 557
485 353
555 1029
867 994
1156 916
311 727
808 547
683 147
1009 363
922 244
636 451
384 514
547 159
582 1122
1026 1137
1161 914
566 724
264 77
1187 400
362 620
532 248
24 616
554 230
815 929
386 899
14 1176
271 472
669 656
586 674
509 1045
932 558
207 1139
888 1052
728 901
583 805
507 420
540 555
151 636
957 45
1146 1128
1067 903
391 1076
364 414
623 44
624 501
33 1092
810 648
791 156
481 1023
692 1123
1001 421
93 820
1046 71
693 1163
1144 441
712 333
958 72
865 749
939 259
153 404
890 1177
518 129
218 860
1114 25
940 895
281 1154
98 666
513 259
823 766
777 967
909 0
96 1022
677 720
1064 556
999 136
996 898
959 459
853 232
1174 705
309 770
430 900
585 61
361 724
746 715
550 589
375 908
778 951
60 37
580 1057
331 431
787 789
601 151
442 1068
982 423
358 716
714 987
674 422
797 244
350 317
437 323
911 647
120 120
1005 1105
602 615
881 645
599 954
882 345
330 237
579 17
44 195
212 0
201 449
897 1163
396 109
310 847
7 357
79 122
849 382
462 28
20 230
602 623
909 876
399 875
740 792
603 1185
351 150
1132 494
627 193
682 1124
293 1136
1155 167
1181 114
1095 210
921 1018
308 48
713 922
66 1164
203 1020
356 834
738 451
1052 185
31 1136
881 368
981 286
373 504
521 592
655 426
765 1043
338 660
821 454
523 1035
853 427
353 459
777 989
42 710
501 791
1145 871
118 930
1133 235
52 921
310 798
207 692
428 1034
741 923
281 351
805 158
115 957
0 361
533 865
89 818
56 245
692 799
731 13
564 707
370 1195
241 951
141 1030
75 86
98 223
954 1199
1012 428
748 430
712 1033
272 1061
954 893
918 507
390 87
63 799
631 900
899 629
1166 642
731 1055
430 106
417 1031
773 527
1027 327
388 653
796 1003
662 629
647 155
474 1133
103 708
163 423
872 325
289 1113
824 289
446 1103
399 1078
317 612
248 1181
1169 258
1176 219
873 451
163 612
758 402
1089 90
1187 1053
1198 393
709 60
84 988
1020 797
889 82
52 1160
83 641
537 1077
835 824
1024 242
324 1109
902 98
919 1028
406 458
806 482
472 197
278 157
753 623
434 497
480 43
390 344
822 381
271 139
860 443
980 406
1039 650
1094 198
417 262
1038 242
334 91
520 1091
286 51
1127 159
725 1035
392 119
757 1112
979 392
896 326
612 116
1096 213
60 118
510 42
154 689
251 178
1187 745
246 845
915 295
1079 954
294 359
811 432
551 943
129 337
973 664
1104 859
635 621
1037 736
793 303
140 1041
114 1160
98 1004
500 463
197 993
439 857
601 309
1122 766
1191 974
582 420
1090 279
566 962
318 1096
189 206
1193 1029
730 788
400 860
324 1157
145 307
367 254
21 803
289 783
487 694
649 578
1114 512
107 155
521 659
1093 385
581 166
677 795
913 46
552 918
614 723
938 175
460 1139
756 503
831 60
308 529
580 413
195 1065
81 934
22 882
1199 1113
624 509
108 847
66 172
724 377
688 1073
994 877
124 223
1039 1
102 1095
260 298
319 1041
721 861
554 881
240 779
150 877
603 479
434 58
890 829
911 1007
792 1080
1136 767
306 942
1141 25
741 758
714 206
34 110
592 1109
251 712
641 706
1062 667
213 1029
146 132
889 295
490 329
736 1070
842 5
1120 763
345 783
185 1015
605 900
1080 721
922 324
189 551
913 488
726 224
730 11
813 471
597 879
844 938
52 1131
470 41
182 49
322 1135
286 107
1070 981
415 401
294 1100
14 1007
486 1107
550 912
821 565
722 268
174 245
869 1011
837 27
1123 261
1034 459
1050 741
590 984
483 124
50 37
299 710
267 5
56 90
695 301
432 955
513 925
1102 977
667 75
790 299
1065 525
932 206
124 705
263 337
57 280
894 672
509 1162
822 885
631 367
626 769
597 1090
1172 477
373 1120
313 614
1096 461
172 88
149 52
8 29
196 798
1188 428
60 105
266 430
1080 141
286 1133
229 1137
1195 715
220 583
658 956
825 1049
1055 1033
943 687
1079 975
574 1112
216 307
236 246
595 905
112 450
583 1049
509 91
691 74
810 1035
950 539
1055 730
533 394
290 386
212 735
985 809
136 197
989 10
709 164
1155 181
1044 402
657 43
1050 83
316 303
620 1065
945 1154
92 146
746 355
205 774
619 602
899 246
787 819
145 438
1163 416
885 1096
1024 717
1048 805
10 44
540 595
309 1077
1059 741
589 952
135 777
1059 333
741 47
1074 564
267 977
831 114
1124 43
711 212
1145 722
91 385
348 288
771 685
999 257
23675
611 37
459 1027
295 299
100 422
830 109
613 798
1021 1120
609 75
514 513
148 210
415 907
71 643
787 26
739 702
448 275
759 809
868 296
749 650
610 274
1102 1
835 928
217 458
310 826
1068 970
1 637
986 422
559 160
121 342
913 290
827 937
122 770
195 60
322 469
995 322
679 498
114 416
499 350
443 706
616 1017
1137 62
164 146
142 40
868 975
858 595
626 1194
453 458
242 759
214 109
189 284
576 999
313 461
113 65
927 893
587 681
554 981
289 26
888 20
606 785
348 583
371 52
510 772
29 1113
142 633
78 413
907 64
634 812
586 117
1017 486
178 532
75 130
197 980
248 748
199 311
214 714
264 904
345 743
349 796
477 399
274 73
355 935
810 714
960 878
444 481
454 116
1009 262
558 201
1018 566
1019 884
959 543
591 338
544 858
878 582
925 495
192 459
1003 738
353 311
1068 1084
97 568
562 801
12 753
668 428
74 1134
811 637
574 540
753 172
839 222
383 642
436 221
241 530
202 1119
254 324
399 316
60 760
99 1092
745 835
223 110
101 1007
658 963
1134 1165
1110 456
453 446
547 454
1076 1150
303 723
845 906
1105 337
585 685
124 1112
242 606
1113 690
1033 101
1092 701
620 10
444 1172
777 1134
827 661
346 1052
890 164
361 78
112 812
710 669
498 610
687 989
84 833
241 352
444 561
0 1050
626 1109
854 870
520 904
943 272
897 1001
181 899
706 817
264 248
347 674
627 1047
1031 1158
555 317
254 557
170 1072
234 647
337 417
83 1113
438 491
133 894
170 315
75 586
657 247
360 84
735 50
790 589
950 692
739 217
1111 168
122 152
366 761
1185 803
1022 1173
844 203
512 1182
359 998
600 849
407 700
727 362
641 546
575 904
574 260
1061 941
1036 494
385 627
1126 1024
410 359
29 675
375 1154
469 773
617 863
496 192
1197 859
551 1159
566 830
1191 99
758 642
1092 66
389 27
84 1069
60 262
715 647
393 992
4 211
841 632
1072 618
210 827
63 458
743 445
974 491
915 292
116 663
831 562
500 1033
800 532
490 189
1200 600
322 388
440 503
931 845
398 1047
937 2
206 204
831 1031
510 903
697 634
445 345
448 909
295 99
416 899
902 848
452 662
455 1060
786 942
1144 315
821 292
677 474
899 557
723 573
1154 98
221 57
1100 817
641 644
944 1194
639 346
987 504
44 347
304 721
1034 609
1068 927
685 976
466 315
135 227
953 1126
580 1034
992 132
740 402
1186 842
906 943
207 1141
1076 262
288 779
596 281
149 440
566 1170
70 907
301 316
844 649
539 971
919 193
1102 1029
1154 221
659 138
1192 559
330 558
707 117
995 996
846 139
979 796
80 922
985 111
477 180
841 546
157 393
967 974
148 138
191 3
166 677
294 459
471 38
241 677
997 1011
1028 1065
734 405
657 961
887 244
776 563
527 888
992 207
251 342
3 535
220 581
523 1010
975 1129
387 247
189 517
415 871
852 451
328 1051
32 716
156 679
147 323
96 1021
501 223
1103 748
9 452
1177 442
333 1169
790 708
90 491
380 719
243 970
624 165
44 341
54 554
785 67
962 33
454 382
1140 1093
828 908
611 604
707 430
925 872
12 69
1144 1078
108 448
144 26
37 1198
1120 159
520 118
585 1159
524 1067
45 683
411 6
304 110
791 40
612 700
928 121
71 719
1131 354
125 11
635 1064
589 1144
1041 192
615 784
507 628
79 405
417 1003
780 407
6 1052
1200 270
763 1118
854 426
843 430
119 789
1059 884
845 1165
1010 821
412 401
850 960
299 251
418 477
469 423
1127 811
359 210
758 958
214 284
347 532
13 24
262 1180
339 656
185 551
544 605
142 954
502 443
258 582
620 1196
494 333
951 39
343 365
1037 1134
281 592
856 22
55 798
469 315
471 696
584 36
949 1198
924 953
481 24
1046 1032
269 242
237 1051
109 1092
148 141
983 1059
331 624
822 432
11 420
1089 348
54 1007
406 1053
824 1055
1001 9
1182 1178
591 488
705 992
351 739
57 901
767 1199
912 1165
68 914
527 1009
202 203
805 128
731 979
796 81
1014 389
792 1085
775 1039
701 628
73 881
345 154
166 874
403 987
183 672
647 1148
909 1134
1084 597
633 361
1134 504
155 457
514 1084
1063 448
689 734
1095 106
1149 94
436 179
716 991
340 488
9 147
13 151
839 209
394 231
93 763
303 1105
947 269
255 709
1193 1018
928 18
566 515
570 217
58 705
602 664
1045 971
655 145
190 9
391 1014
723 802
306 2
660 74
464 434
125 104
476 888
1000 616
263 821
658 78
1111 557
33 409
846 774
403 586
856 862
889 1085
1147 755
135 1133
939 811
598 575
539 808
984 219
232 58
983 1119
583 361
708 218
67 33
951 22
706 229
215 217
665 359
492 538
443 836
529 131
121 18
898 285
238 582
739 628
961 486
938 303
1029 247
437 263
852 284
1001 166
288 78
669 369
318 964
274 83
738 676
222 373
986 978
108 960
934 637
368 483
968 591
566 847
809 571
23 504
357 406
128 752
681 350
140 541
553 518
417 253
903 444
70 1116
938 827
186 1030
1144 538
705 3
354 299
728 750
395 689
323 15
267 471
811 962
7 739
887 927
416 304
395 360
584 272
973 713
1018 601
947 253
601 1193
877 301
680 899
476 937
918 191
215 595
71 482
773 965
120 541
804 442
921 663
534 819
936 1061
91 268
360 747
645 217
981 270
36 889
539 1033
731 527
666 809
956 436
726 1004
90 196
737 303
844 852
61 158
1042 152
256 186
1140 1095
766 442
500 324
284 1004
1092 262
459 172
113 1005
400 287
68 471
514 317
182 785
1002 806
185 594
37 408
188 1070
603 453
638 386
327 242
142 1168
1000 1073
280 634
18 285
1015 223
875 413
908 828
265 1127
95 282
932 415
733 1199
555 1185
980 662
166 358
1092 396
824 893
604 1191
192 69
707 111
1142 235
529 1198
788 1128
160 823
978 590
59 670
330 935
946 701
873 327
1074 625
154 811
772 662
1015 984
5 252
689 978
544 11
875 786
1073 906
352 124
756 6
74 414
719 907
1153 806
703 523
730 437
956 142
607 341
555 577
105 310
808 515
977 776
332 677
1103 271
687 1085
996 366
702 343
620 1013
857 653
980 755
356 237
969 203
277 852
323 1151
150 788
1077 963
705 1087
617 317
266 408
423 809
989 545
986 282
1186 1119
627 822
967 596
923 1097
429 449
1106 264
546 592
497 591
241 587
756 671
111 265
391 964
702 75
116 416
826 147
1086 470
278 211
942 1200
8 1046
827 242
1195 381
493 593
592 645
518 976
383 994
369 334
1190 45
582 617
474 775
827 327
193 20
385 968
440 1002
1122 350
1162 623
597 80
1195 896
1021 22
635 971
661 523
98 775
453 320
262 950
166 1117
582 826
449 575
1074 979
497 59
31 965
137 115
485 33
307 759
52 649
47 535
692 600
924 1127
470 500
618 575
1080 933
568 1149
889 799
243 598
1185 493
254 927
975 136
839 1164
422 277
472 476
1110 297
1118 944
165 71
898 830
738 508
346 1175
504 685
730 1015
1054 632
1129 885
1025 613
1026 682
383 331
957 559
1172 920
897 256
88 612
390 19
230 468
92 643
303 334
876 263
222 1036
386 675
681 129
1042 883
885 182
603 611
22 846
969 322
1070 601
154 482
265 950
495 840
705 596
760 129
623 283
1 781
583 746
514 1192
647 398
1105 361
843 346
294 47
955 550
292 1125
186 973
585 206
357 1196
1176 278
83 797
355 1062
853 126
156 91
366 929
745 210
916 874
7 1130
1119 59
181 726
495 530
824 1147
656 440
629 387
1025 117
844 300
733 1094
745 549
117 735
41 1175
54 1105
225 1033
739 877
42 1087
586 247
584 101
1012 295
744 80
111 679
374 389
539 956
145 564
1165 1110
229 1098
750 356
841 828
203 734
956 596
525 170
419 949
19 948
641 1057
1152 370
659 808
614 471
48 812
1149 229
442 624
948 1178
899 1034
717 907
903 478
404 1067
205 813
204 298
643 767
932 817
1138 709
71 748
1118 756
352 494
333 572
1080 761
250 630
268 1153
603 563
682 130
175 611
1008 726
142 277
767 1013
898 906
56 298
277 1100
940 1075
488 377
337 1144
487 374
748 687
456 1118
130 397
1147 603
350 200
184 45
666 213
478 1066
1096 663
789 472
689 765
651 475
841 704
416 524
891 1132
943 1141
252 427
255 899
280 285
748 85
1066 95
683 401
650 383
165 888
656 463
405 860
1081 950
678 98
44 276
91 1068
799 153
1077 824
8 551
251 687
420 1011
217 245
154 1140
485 65
425 1162
661 734
877 73
554 81
1164 1184
1194 48
1006 531
1186 1080
611 50
644 44
1154 1121
1178 139
149 130
445 1106
1155 208
174 557
656 1034
283 440
693 719
798 485
53 469
958 96
150 1125
188 455
318 850
571 670
677 887
575 1128
419 822
1182 592
723 968
515 150
467 1153
1070 368
139 765
45 672
572 1134
950 1093
773 139
523 306
722 399
1051 1101
995 592
268 929
767 1033
1161 724
1136 922
409 86
233 567
664 199
946 223
486 852
812 326
812 50
637 258
3 344
898 853
1054 978
67 949
84 992
724 710
834 424
338 222
526 426
1052 374
1128 212
76 636
949 519
584 1138
544 482
719 1154
32 1164
801 197
383 588
907 98
1194 623
915 263
1065 313
1062 172
897 383
654 237
2 402
198 1066
392 896
894 948
1071 652
351 190
762 1132
1179 1165
805 491
202 742
122 435
971 582
515 1053
1111 1070
272 702
549 144
323 234
762 575
304 959
622 171
185 748
355 272
739 1142
207 206
471 59
810 272
684 1124
576 9
365 470
1011 259
614 1196
969 576
2 234
784 928
656 426
94 786
757 619
758 143
809 400
365 840
770 968
768 509
968 275
839 916
722 241
1000 806
589 995
62 353
1094 254
1019 681
998 708
992 72
434 213
662 246
777 1109
735 34
898 841
41 1138
793 285
59 340
667 112
262 858
1165 962
644 276
1007 51
656 555
808 590
82 56
59 691
779 577
532 1148
288 835
966 1017
808 1043
271 940
521 707
671 506
35 306
780 812
697 1175
953 501
3 523
176 1007
178 1159
126 330
865 224
1077 1053
686 833
262 633
988 816
538 193
792 1066
566 384
56 733
1105 490
1112 170
159 108
628 953
48 948
790 360
715 1051
1017 679
46 19
105 885
1022 448
708 344
1001 1102
1129 96
405 1127
978 946
929 579
954 148
336 383
267 44
700 125
189 143
149 660
333 481
561 31
667 692
243 910
860 981
1153 872
877 538
275 336
867 1080
1151 317
230 237
439 770
804 121
1112 720
710 695
780 242
232 1035
559 117
515 875
615 373
288 863
78 551
871 170
828 186
126 253
167 62
1137 501
613 323
765 148
210 8
1102 475
956 521
857 707
1148 152
1039 42
89 328
1088 272
1160 656
114 626
1036 779
769 226
379 494
432 348
516 863
595 412
759 274
299 564
967 629
699 1120
417 958
895 97
790 197
761 1177
1130 1083
914 1033
63 324
1061 415
505 613
176 632
1037 734
549 748
417 209
914 809
298 771
252 560
797 662
574 259
578 495
446 553
646 23
289 738
664 80
906 450
17 186
802 140
708 463
1074 595
1034 625
1145 928
1107 528
67 995
854 986
301 769
13 873
525 526
460 50
1164 1108
1122 310
1022 909
973 506
1092 528
1010 196
9 775
228 625
45 607
716 699
996 172
620 1051
30 887
27 361
477 92
15 1148
1105 474
1030 848
979 578
458 47
152 240
434 594
935 782
892 230
6 243
272 730
860 385
863 1100
968 787
14 657
39 416
921 1191
206 184
242 168
421 839
460 949
408 59
1194 587
219 848
339 340
92 777
731 160
735 47
1154 309
271 1062
1163 1060
338 312
1078 1012
701 243
219 563
767 327
399 1116
832 573
442 974
1148 851
845 649
567 389
1020 689
195 589
514 1177
716 628
609 123
75 667
559 917
805 146
94 740
282 150
215 849
174 238
895 850
806 395
659 1078
953 133
1035 89
1151 543
189 438
843 913
914 463
734 133
1005 1179
1121 1070
716 66
228 537
750 907
897 752
460 605
1118 900
1092 636
255 214
1189 916
130 611
870 188
687 665
958 1107
707 472
273 478
454 777
18 643
857 1107
611 660
1006 345
409 724
850 513
1152 113
374 370
257 876
925 414
186 1091
100 117
987 803
213 736
911 654
498 333
552 360
385 75
1130 204
871 279
207 419
1002 906
836 365
212 411
690 790
938 286
83 551
414 881
433 742
636 1
504 231
343 527
1096 1175
578 1193
1110 425
984 450
1188 695
858 682
197 1037
669 1172
406 256
668 73
72 234
413 836
95 6
337 638
295 630
878 216
424 888
625 673
958 1054
742 918
603 199
53 849
998 658
420 555
1152 1195
370 32
122 270
1031 903
463 429
1110 551
552 220
554 469
1022 874
341 375
612 846
675 103
1 193
291 920
144 141
744 862
360 829
172 107
697 1135
556 694
908 1050
139 70
77 154
765 1026
51 1169
223 891
590 996
1066 906
1197 93
269 124
1091 1059
1101 866
793 361
891 623
141 524
15 882
904 1189
1193 627
1039 1027
492 1015
1160 6
511 266
1027 800
478 18
878 684
487 840
795 690
522 475
652 248
584 391
304 957
477 293
1010 537
902 205
374 1189
894 565
1161 211
804 319
269 1189
80 251
621 246
176 156
407 757
1073 1100
863 957
1125 1199
284 806
397 1156
85 927
834 969
511 774
542 1091
350 345
943 64
432 247
67 277
170 1028
904 69
114 801
881 78
484 184
1053 314
70 763
121 1088
649 961
689 1161
580 854
209 619
338 1063
568 11
412 242
94 8
1018 843
1083 36
1059 1037
486 689
695 1200
150 460
1132 847
953 779
143 1096
451 447
708 772
903 601
954 373
946 410
1083 1141
333 862
322 464
995 702
302 1108
805 388
344 1154
775 204
931 449
701 736
633 273
773 1074
328 618
843 733
311 671
440 934
349 658
176 1198
363 956
387 624
97 284
620 1070
420 241
982 21
1099 102
632 326
941 977
674 881
495 760
34 695
1158 186
600 1082
259 811
85 709
264 121
557 1148
356 33
925 582
35 839
982 274
542 794
556 753
710 309
314 124
943 635
394 1090
1097 141
420 1101
550 777
848 556
446 79
605 982
574 374
384 1047
1101 245
704 354
587 432
1159 359
301 745
933 576
1049 276
195 551
97 78
638 538
620 778
76 640
1144 568
720 1094
174 276
413 768
381 306
1116 3
945 747
1028 412
819 820
1170 645
790 182
552 466
764 4
913 402
43 352
1088 696
1170 108
269 1056
552 878
1110 617
446 860
780 208
199 508
777 798
580 626
442 1035
648 817
91 970
1189 426
1069 397
46 103
278 741
780 223
1011 520
511 70
734 96
202 679
486 413
192 330
913 631
391 86
941 899
646 799
1095 944
1152 224
1040 99
1061 497
365 439
149 509
251 78
1086 566
211 404
367 686
1121 524
803 1154
950 245
762 670
466 655
593 506
415 736
810 959
219 117
2 859
434 196
625 13
59 524
1004 859
932 27
615 1123
715 772
1015 907
67 28
318 730
884 844
957 227
1094 806
1059 840
212 424
486 18
140 364
231 1006
473 924
566 405
337 625
260 328
926 1019
643 210
1150 463
878 399
32 480
866 873
678 494
1117 1192
1124 176
1070 842
658 37
136 404
923 1073
219 900
922 298
628 872
994 614
906 816
329 313
710 1049
491 73
1115 894
516 466
961 160
161 846
347 211
987 472
280 891
303 582
1111 1099
595 711
289 116
254 313
975 137
289 491
95 21
767 538
175 1173
1110 942
1180 372
423 413
357 501
329 676
107 229
858 116
868 346
596 994
1086 1125
547 784
447 892
986 366
488 370
940 549
689 860
547 401
734 851
181 828
486 1169
765 877
200 812
296 816
939 50
9 466
1005 76
975 537
129 1013
884 46
103 464
359 832
1059 728
999 371
840 19
287 623
1118 1062
1059 571
561 269
478 246
1127 24
587 1131
1058 460
299 998
445 916
597 628
617 425
580 899
126 234
620 319
770 1149
387 872
158 1062
847 471
561 771
631 1171
133 903
1057 211
223 338
121 887
782 1024
864 1023
1190 1073
849 1130
340 1129
420 307
1020 229
322 59
72 738
823 94
1055 650
65 181
314 129
946 1112
774 853
389 657
675 1180
303 447
50 428
72 1061
649 332
1174 653
547 326
564 966
1061 1011
280 212
251 850
1178 89
78 266
948 253
446 566
453 470
248 937
771 0
407 826
522 598
312 821
448 1059
244 1137
474 868
1068 246
279 1014
584 395
383 96
157 25
807 446
155 631
21 1144
294 1068
1200 316
682 1009
471 420
1108 278
32 806
994 98
914 61
108 125
420 910
1079 1024
699 147
130 388
1061 751
168 927
594 55
1022 416
117 702
321 1076
832 1075
878 848
302 946
975 888
402 1183
1122 293
307 920
1093 979
1159 599
945 1040
3 612
1029 496
228 88
192 1012
857 341
965 753
137 629
96 1073
7 219
796 159
99 807
1027 1029
709 135
1000 794
451 808
245 227
535 286
116 768
654 719
28 1006
581 192
181 34
896 675
513 11
891 843
47 263
5 381
35 424
893 250
1135 486
535 347
279 729
765 800
909 1021
674 864
937 1115
172 180
663 582
1075 884
13 1040
757 441
100 953
215 1030
99 449
33 137
786 103
162 152
686 1044
13 436
15 57
201 687
6 389
898 569
489 1192
924 926
356 661
348 874
382 237
962 854
99 919
842 723
923 519
687 448
600 1173
732 1171
1028 326
45 365
766 977
1019 1132
928 809
818 12
561 920
558 1047
888 1178
1004 460
831 128
246 411
322 1118
30 729
850 404
61 8
961 1028
431 686
345 289
767 1018
247 741
919 1067
1089 1046
998 281
963 905
712 987
868 26
523 1094
618 607
883 167
48 1023
1088 1132
704 434
209 661
966 375
892 1100
377 1099
392 201
654 540
1100 535
361 680
530 105
92 40
825 664
767 508
524 212
842 403
8 842
1018 385
127 188
972 512
561 274
303 389
894 936
3 221
1083 366
348 98
973 953
28 944
491 1016
406 1018
241 509
1047 160
490 632
1039 676
585 556
718 965
76 369
502 218
387 104
175 434
409 849
365 1192
336 909
112 17
11 660
478 1127
907 105
926 310
620 197
1029 56
763 867
328 775
527 174
469 4
1116 1027
176 965
816 163
298 32
325 131
515 373
138 808
628 993
1103 511
431 798
107 855
1018 928
242 772
948 453
434 713
1145 45
447 240
314 705
133 129
549 40
637 912
75 231
129 485
232 881
1086 980
784 264
164 342
586 318
1081 1080
1004 886
934 825
683 567
782 98
679 485
206 888
1027 729
101 34
84 515
872 952
315 1139
103 812
1046 288
309 534
667 1077
452 351
1152 316
273 32
1115 487
828 770
414 315
1089 27
5 1062
659 325
955 1009
524 900
1200 237
155 58
825 611
145 176
1047 1066
509 445
498 685
543 351
218 766
544 252
948 543
434 932
234 867
920 190
324 133
630 1009
669 528
1159 393
483 908
950 224
1005 333
229 1041
1066 510
1055 997
481 550
1154 333
354 550
514 716
894 680
171 1133
935 746
234 271
762 412
943 41
59 46
121 408
41 949
312 579
712 616
819 547
40 551
1199 1175
690 197
982 898
332 206
580 777
478 376
141 343
195 1107
335 126
994 48
787 1131
172 311
935 706
495 509
536 977
352 587
57 1115
72 255
455 392
125 349
1131 828
1198 450
601 357
790 664
104 141
832 1060
280 1188
762 488
956 947
889 899
1124 1138
1151 251
259 40
318 342
970 80
962 965
339 664
1040 371
1167 76
458 624
643 500
625 188
1084 828
915 566
540 173
540 637
229 280
1185 409
862 1058
448 696
1051 581
627 1138
447 243
1009 596
395 649
102 367
80 405
1030 571
6 914
1104 218
203 924
346 103
395 703
120 613
677 77
288 127
615 82
766 382
775 625
854 286
515 1048
867 751
1119 987
1090 876
634 796
850 1142
285 980
35 913
411 785
523 317
642 716
242 1100
221 411
165 195
78 878
737 1023
1187 268
1064 915
76 638
206 507
988 394
240 616
122 562
186 589
383 254
122 1074
481 335
626 115
768 931
307 1110
372 1118
669 633
691 601
1159 364
1055 172
317 971
1198 589
335 1027
267 761
582 992
1035 460
571 1004
861 450
1083 318
541 714
302 71
804 18
1082 168
977 580
877 620
11 634
703 336
1168 122
983 356
132 1006
549 432
1069 928
817 7
590 622
1154 767
253 103
1095 672
157 19
265 390
59 1131
657 3
767 766
500 1044
1083 871
361 1173
643 3
573 1078
781 362
1034 476
399 1027
438 242
1030 652
38 694
115 295
181 269
145 841
472 207
668 837
168 784
540 823
1035 814
191 551
603 968
1080 662
1083 358
1139 733
1111 597
900 122
852 508
346 1167
815 54
1182 851
1178 560
412 259
1030 1005
1198 477
570 267
452 841
989 487
624 702
992 49
428 314
199 493
259 790
94 473
460 41
826 305
61 151
786 518
1198 191
725 570
643 446
1055 1112
693 151
894 776
632 82
1056 861
387 126
902 379
12 843
145 1187
953 871
1175 131
387 298
1046 761
404 710
779 922
480 29
667 144
980 717
942 746
82 59
885 986
788 670
739 909
1025 351
739 720
542 646
104 57
220 1009
229 458
1178 434
801 210
561 354
762 597
695 1099
511 775
777 749
820 94
1143 390
666 152
908 1043
609 709
812 1168
119 505
900 10
911 1089
750 915
1013 587
276 332
905 130
372 949
976 40
69 127
927 222
49 97
992 1092
957 213
700 572
153 800
850 451
1141 221
1057 366
259 315
1017 15
908 1085
23 218
964 75
808 479
685 625
644 406
5 1006
468 272
1048 1058
118 997
746 820
18 486
572 994
1049 637
121 794
462 534
470 543
487 828
187 739
854 76
971 880
394 549
494 247
848 154
447 81
848 1113
941 352
918 184
991 491
1048 460
308 341
1158 908
931 938
383 92
1153 1118
154 554
1024 1194
646 87
851 255
142 1100
718 98
1028 853
899 636
914 689
1031 1079
1037 297
1082 907
154 571
420 654
538 588
1069 563
51 514
314 1042
436 804
424 774
409 125
919 1167
183 119
302 88
720 63
1073 225
860 88
239 126
601 811
681 225
916 392
417 278
675 350
616 913
579 610
924 665
217 1173
142 421
42 37
1143 951
890 107
673 1060
516 676
16 173
295 497
603 830
765 898
1153 935
805 597
645 329
127 257
515 90
501 167
667 362
652 772
770 226
1150 1137
40 121
284 627
129 152
1065 696
617 172
887 854
668 149
432 1076
1102 509
64 302
379 331
1157 1035
111 162
93 884
563 976
139 513
124 11
132 829
135 733
552 865
52 822
753 691
731 935
90 797
382 634
363 265
271 163
1105 844
87 320
977 402
941 802
697 127
484 325
1186 160
1071 607
784 913
75 795
970 1123
979 66
172 608
276 706
218 916
946 734
631 697
1184 709
375 96
1123 346
131 786
1124 906
606 416
225 468
245 1139
299 601
444 1083
95 524
1028 1024
422 576
667 392
495 853
760 1000
344 880
1149 686
1033 1186
777 1112
1016 436
322 416
513 659
757 313
76 1166
501 252
79 1024
747 368
937 872
70 633
952 31
969 1103
828 1171
523 951
611 447
277 75
107 565
924 290
199 382
253 1183
690 531
503 336
1097 162
1120 542
905 216
471 21
243 433
164 230
462 1072
1147 128
308 455
799 207
597 681
1086 1118
1148 960
463 84
389 278
943 232
1052 46
401 525
979 246
219 813
1051 999
420 1178
418 1147
762 1067
1184 427
733 858
382 525
937 825
1118 322
800 1
460 1046
819 175
1157 1150
1125 851
299 379
901 714
654 1030
205 352
53 733
507 761
574 866
242 1151
1180 193
863 371
314 22
295 1159
573 336
1184 1005
21 77
728 792
313 386
954 1135
837 1038
978 487
73 152
494 228
422 1180
864 547
1159 285
935 27
1178 898
961 781
948 396
777 98
1038 1085
260 412
1007 1168
249 1151
64 248
894 312
1040 1014
868 575
641 59
13 722
866 58
882 496
1079 464
296 821
827 850
290 770
692 907
401 1124
638 661
909 184
1170 51
467 606
402 1124
1139 1059
972 585
453 244
751 1011
286 1186
861 255
699 427
1152 718
6 334
714 246
769 790
1149 329
376 167
414 817
1065 573
854 905
195 1109
206 10
826 12
782 520
521 829
827 830
372 1048
460 929
409 462
893 375
1064 281
413 109
1129 821
909 318
1141 214
732 390
299 900
147 725
76 567
685 574
602 59
1002 234
893 233
732 1038
164 319
444 155
515 20
902 900
965 331
485 460
479 538
1043 324
791 235
1131 248
1085 1152
919 144
646 120
155 154
652 718
167 1125
277 321
922 210
460 1095
120 166
1076 36
1105 1061
717 99
142 736
988 693
1059 558
1153 847
8 933
113 680
402 457
415 44
0 267
456 829
1158 425
177 610
916 537
228 958
576 1101
1149 247
961 891
1060 84
712 834
261 558
401 681
519 93
745 785
1144 1056
94 237
422 68
471 1027
700 733
497 840
477 361
536 1163
786 193
758 292
1155 124
704 739
933 361
613 209
805 741
459 251
486 702
533 685
565 890
753 538
207 1194
234 21
323 950
11 956
835 226
653 537
89 922
91 900
82 1125
145 939
448 500
28 328
848 446
538 202
21 681
230 583
156 353
1005 65
270 356
948 1120
346 1144
990 700
925 901
687 944
778 1087
204 841
144 335
1004 908
122 165
1080 425
311 754
977 419
311 907
958 615
1056 176
905 257
1180 154
1010 222
1136 457
78 598
318 217
132 606
217 65
126 832
5 578
165 1067
572 829
287 916
516 657
813 866
554 268
673 178
535 179
79 504
359 671
458 1183
942 1144
1113 50
359 221
768 149
698 340
822 656
393 291
270 568
841 1058
366 295
249 583
891 653
792 767
656 1037
153 180
153 579
2 781
971 338
1148 581
837 386
201 302
1129 419
738 910
949 102
581 397
803 359
634 422
269 420
98 180
1137 391
271 83
569 479
637 504
847 917
664 145
902 776
90 965
751 757
785 910
381 1174
140 595
913 661
203 1102
701 500
794 594
226 1181
240 227
791 248
1181 864
552 109
748 887
768 835
132 755
284 155
900 475
330 556
58 1085
183 325
337 22
91 928
639 940
1127 256
533 730
572 705
572 907
5 859
1018 692
570 129
315 268
774 69
648 436
717 1052
516 256
967 448
891 786
823 348
314 920
511 866
190 1042
1065 475
1050 213
437 725
568 273
1103 596
42 594
437 264
1119 970
339 840
619 750
275 1167
1193 1004
628 1110
333 837
526 415
430 745
451 277
626 711
207 709
860 412
292 962
652 169
191 390
1002 90
682 716
562 1155
312 481
1129 465
10 934
1197 13
751 335
1159 1166
624 1083
1085 498
412 189
25 1
319 140
450 335
1077 319
669 947
891 656
538 563
680 632
953 323
827 887
945 367
479 958
287 161
792 1145
1011 790
50 874
406 145
914 235
502 73
410 329
115 1057
170 76
1092 256
165 1020
422 208
772 456
719 265
363 723
828 356
500 702
553 1097
1083 282
293 1070
835 338
711 997
108 1147
563 932
1158 1144
855 316
502 651
814 855
252 748
1005 911
1097 353
480 261
719 938
906 612
428 732
896 707
312 994
1130 1065
107 90
151 1097
733 379
471 1104
820 812
55 149
85 883
73 33
858 970
585 646
614 990
1045 286
311 500
1076 736
227 585
280 1170
189 270
755 63
198 735
814 863
1184 638
543 819
749 17
943 499
540 1124
1187 790
511 927
639 1160
864 97
586 1167
123 728
3 1114
800 380
90 1189
319 474
631 374
598 647
973 1020
603 1116
970 639
286 1089
313 1064
1196 260
785 957
1066 252
960 571
319 614
252 1135
551 184
682 879
787 380
411 1108
213 621
940 66
1110 530
921 931
23 18
661 138
674 1073
1119 1133
1157 929
1059 769
1160 3
374 986
438 151
482 268
823 1128
11 1034
1151 577
971 397
470 255
117 321
629 734
1060 228
569 971
865 551
845 1009
1061 432
251 552
128 1002
233 799
422 766
902 968
780 962
860 473
566 1049
396 1162
430 712
291 733
222 197
1192 496
1046 39
310 1094
37 168
217 11
70 685
684 747
538 10
254 878
1186 863
967 776
284 701
52 735
394 223
407 94
1075 1153
862 723
238 213
875 1192
1096 214
574 672
741 596
300 290
985 607
491 201
1051 656
525 1086
892 116
850 544
313 161
457 1175
1102 172
136 927
374 403
734 765
342 888
1080 852
960 143
91 333
677 938
219 181
480 287
477 949
369 941
366 491
912 72
1148 454
406 354
1108 661
414 424
394 924
704 343
1059 713
329 326
545 140
262 81
428 356
1184 859
761 776
944 474
347 475
954 374
656 869
872 1167
742 708
729 353
1127 211
542 1158
99 454
964 900
1058 100
551 429
544 233
178 739
490 1155
434 965
81 828
148 1072
614 532
397 1061
259 85
265 585
444 202
118 1052
986 953
1074 477
685 538
186 303
137 179
240 1017
760 1135
523 642
316 518
477 117
604 424
87 409
633 64
892 190
548 882
428 263
446 555
41 811
1087 315
953 611
630 914
166 772
148 918
561 768
1096 312
913 1025
237 557
442 660
448 270
473 588
873 1141
891 636
523 313
362 445
733 664
654 506
914 1069
779 965
761 969
793 613
264 119
383 1107
592 833
255 781
524 410
145 43
703 342
255 361
912 227
500 126
991 268
712 838
957 1122
275 428
140 308
311 300
840 749
509 529
849 112
294 863
127 264
1001 268
1072 1099
739 796
552 92
264 584
515 895
357 374
201 968
434 909
247 472
71 569
543 780
233 370
164 233
940 1093
686 624
850 541
1189 836
1049 727
265 1190
464 981
641 278
854 439
313 192
216 681
617 139
620 242
324 229
81 702
541 248
396 912
560 706
365 889
93 658
702 8
667 233
822 83
380 390
1036 449
506 115
560 929
725 494
524 1055
437 1050
666 156
901 230
1046 47
1130 196
53 675
734 1106
810 716
1141 220
31 1035
1200 756
964 1170
103 308
824 347
483 487
24 244
298 361
556 1160
398 1179
353 432
861 1086
790 949
649 612
1120 979
379 719
652 332
73 598
689 992
31 375
1050 316
394 377
826 770
579 125
154 465
10 542
419 516
478 1113
743 494
746 1141
1019 838
335 99
736 541
1067 137
317 695
894 102
606 438
1102 537
888 642
589 597
203 309
1128 691
377 902
424 847
408 339
1180 1139
1155 590
972 93
397 159
1140 996
10 607
48 1108
1090 893
856 542
333 779
1004 451
709 1107
320 853
685 594
438 631
777 55
550 767
59 577
422 268
854 379
1116 495
1117 27
954 1167
641 305
659 1021
627 580
318 783
343 262
119 880
222 27
1019 833
777 809
551 355
181 1166
1175 48
13 874
411 26
135 331
723 863
862 705
344 1195
579 1109
180 304
775 121
1176 488
8 292
761 448
1143 1200
1073 791
1136 1064
995 1194
609 164
951 908
452 326
637 638
566 258
1051 819
718 345
171 862
648 66
201 253
631 452
737 1088
993 279
456 1134
46 402
830 343
129 514
1041 1124
936 619
971 203
489 1110
815 1138
32 303
1065 713
889 409
277 570
689 868
1038 498
739 937
349 1105
1159 1187
853 985
574 554
419 855
799 143
698 860
715 199
1079 258
40 960
685 452
1181 1103
73 565
613 706
28 115
1132 178
790 877
308 366
645 495
715 581
1197 220
1104 372
538 600
157 1048
664 575
1060 596
543 670
810 597
1166 655
758 561
268 962
652 501
780 418
33 688
621 10
1107 416
561 572
334 87
1090 27
165 808
915 1045
1139 814
13 559
82 222
1066 723
641 684
108 795
422 73
891 1110
417 610
83 656
1087 1115
952 179
300 533
273 454
599 835
1081 177
382 498
154 167
1024 990
458 404
907 272
607 899
175 144
723 518
1058 1061
939 110
670 744
756 64
972 989
309 442
154 1166
1107 210
1108 114
566 228
891 88
88 99
20 287
692 175
786 10
544 257
833 1016
132 148
419 1095
83 230
383 991
637 1184
1132 1130
97 348
444 644
704 757
689 950
311 1146
973 490
533 990
109 130
148 367
453 262
331 212
567 1029
1035 361
914 252
67 420
779 689
915 1073
464 1016
833 90
584 849
934 372
29 944
989 290
141 632
844 688
821 421
495 1017
535 850
505 555
542 260
1080 1130
431 97
742 457
808 435
258 406
1158 691
635 1082
411 752
936 688
495 566
1017 984
833 110
933 442
348 849
379 523
763 572
835 538
237 383
376 210
1096 1029
22 415
214 174
451 203
900 1000
396 579
879 861
239 26
1146 781
577 349
553 136
48 1055
823 160
45 1055
130 245
129 1004
648 186
1028 491
687 605
1134 992
257 886
648 1184
792 560
714 441
1080 26
223 665
623 1133
425 601
1016 947
425 139
751 807
328 1100
65 207
1063 229
965 514
259 814
143 900
693 124
409 546
601 514
467 689
1033 274
950 1095
661 1030
718 174
449 179
935 543
599 59
392 1185
146 600
603 520
653 387
454 950
1104 896
510 458
708 779
459 630
474 793
594 26
151 587
254 836
755 926
1182 192
1014 192
779 32
1028 542
1044 118
612 370
303 862
261 400
418 326
149 814
922 859
994 1123
393 294
426 279
12 210
951 560
80 676
310 1159
926 819
297 1089
9 945
844 172
802 965
980 636
242 200
824 517
492 141
196 939
1114 803
583 847
418 946
426 801
765 424
192 911
577 943
947 712
185 380
1073 773
746 239
1034 44
937 654
659 705
1010 892
1136 969
328 959
779 899
394 1102
978 542
108 1117
666 724
591 201
825 1114
578 680
1048 947
1120 180
266 371
970 1045
716 508
969 1021
820 593
956 926
46 983
820 1042
791 140
1155 530
93 645
1075 7
5 483
1139 602
1168 416
627 304
1008 337
399 918
953 847
259 187
84 190
180 381
784 26
27 958
687 80
805 1073
1184 981
731 172
320 730
608 82
283 145
649 737
926 904
433 452
619 226
531 1071
1182 87
1178 1171
413 146
607 900
32 300
593 686
118 259
1128 1090
1072 67
630 256
1046 497
330 22
1038 372
1033 381
905 253
169 745
450 305
447 985
393 419
530 506
490 1093
556 847
1161 790
700 167
27 948
1076 236
28 573
791 150
954 364
868 1117
1077 979
750 792
1109 653
829 505
44 513
949 853
808 249
763 182
1087 9
404 250
332 212
618 347
200 111
375 655
187 995
201 892
894 1094
724 500
541 492
261 569
1139 141
588 1113
1110 886
1153 227
952 343
995 219
1151 108
772 205
1067 639
1090 836
459 612
545 498
351 543
888 462
940 222
53 527
920 1194
431 112
717 283
739 953
1191 622
171 535
473 575
930 418
576 1012
958 957
704 550
21 407
1066 736
791 546
177 35
1003 241
1019 980
250 565
1157 64
12 949
748 156
1056 762
840 546
300 108
280 1176
468 833
582 971
163 488
964 465
996 298
467 575
812 347
1078 55
703 700
632 217
75 2
529 172
117 903
770 1042
891 742
999 70
346 863
753 304
303 1022
1038 917
409 286
886 679
898 240
1071 190
254 14
74 1145
403 418
497 888
467 520
279 111
39 171
923 790
27 959
314 881
457 615
668 964
677 334
622 1133
236 483
271 973
842 572
223 1077
294 470
13 751
196 986
755 1189
1057 150
573 196
372 1097
119 558
27 379
1054 473
219 1128
1054 521
670 519
869 120
777 624
908 385
688 50
9 720
554 842
1081 1154
833 1023
327 22
199 831
880 484
471 1033
431 1049
831 954
590 24
457 706
835 745
1054 967
587 927
245 767
864 225
871 662
769 1199
514 834
63 109
325 75
174 1021
257 1058
614 740
398 165
911 1069
105 970
199 421
207 186
867 175
956 18
687 1148
415 502
491 852
693 549
716 1123
271 1110
1080 99
447 582
186 940
5 153
384 30
802 1079
114 1166
19 924
269 203
345 1063
140 952
119 494
297 827
212 686
1159 332
149 758
684 231
835 179
120 188
850 551
387 527
81 235
1188 0
604 487
917 1133
701 126
447 145
434 639
168 1200
880 123
272 640
1129 548
381 746
364 611
901 156
137 159
17 655
622 941
350 541
764 703
146 496
16 237
626 181
507 1018
1188 967
493 468
123 483
1128 831
383 809
903 369
494 189
670 404
324 62
881 377
632 967
1176 173
241 845
531 465
192 707
995 1111
1067 597
0 823
411 784
14 552
769 930
1065 679
194 837
567 628
1000 939
194 868
614 191
68 395
229 611
611 454
26 757
958 1109
252 49
1189 394
87 1074
1175 644
332 1122
675 276
839 668
694 1076
879 321
1173 150
594 286
966 824
901 1076
1012 689
867 762
94 804
408 46
926 367
156 497
934 1095
1181 509
609 185
141 450
575 1043
368 85
533 539
1001 514
221 215
871 127
220 93
589 798
968 617
866 262
327 855
283 1137
1103 461
1171 638
827 451
1156 417
901 1188
669 287
512 983
64 971
173 1002
327 1196
584 57
1125 456
1136 863
51 525
608 14
1141 251
352 191
293 523
336 472
1188 894
974 214
790 935
357 232
1131 13
717 782
615 197
232 1111
837 1052
122 598
910 677
1055 714
966 552
1198 468
174 5
813 185
292 924
1195 401
591 317
172 592
234 138
1007 520
82 288
319 552
949 105
659 752
475 532
214 766
753 18
522 842
654 275
1083 224
337 8
664 592
67 413
346 451
565 706
623 825
392 136
1005 74
98 277
878 1133
222 598
123 995
589 57
25 682
905 1144
317 882
842 825
1117 388
1018 376
247 478
1005 1168
407 306
1167 690
1078 26
319 783
529 979
672 70
698 1160
1158 1078
362 1187
379 707
698 38
670 537
93 1092
1096 799
382 850
41 187
235 454
754 1145
423 1173
839 356
477 176
509 70
420 951
838 872
826 5
195 452
1057 137
236 1179
405 863
706 137
790 1060
256 202
1043 727
993 588
1149 350
37 22
324 26
178 444
581 1130
218 210
883 357
1052 344
504 387
383 363
895 1159
194 1013
921 1113
836 1046
927 267
1170 196
419 32
71 826
429 1084
496 960
867 331
226 73
1041 32
227 1097
1037 601
145 1044
913 801
630 671
173 497
35 648
883 38
1195 1081
391 1168
1044 200
1062 660
336 300
30 286
722 1119
118 696
1046 243
744 565
684 947
580 344
1135 24
670 356
500 239
1148 439
770 548
528 1091
1135 809
653 826
259 104
518 985
904 922
724 1050
1152 207
945 694
850 90
1129 271
109 148
1036 158
88 986
224 1050
507 496
857 166
603 334
5 824
63 673
2 318
978 313
917 623
552 173
569 1087
320 805
399 396
610 1020
129 1058
240 372
1082 92
1010 366
704 811
369 986
380 315
778 407
323 647
783 870
20 605
877 188
280 1045
679 257
81 1196
217 943
710 273
772 621
657 507
82 185
781 905
629 2
244 1091
537 91
775 859
871 1038
514 915
468 895
980 486
73 1062
116 737
1054 865
1151 842
523 535
473 443
1001 644
904 308
37 98
173 254
158 1112
1035 854
116 1019
657 505
1007 1087
423 219
1095 422
842 303
215 725
1090 861
415 409
673 1068
1084 728
191 461
869 356
483 820
615 157
455 920
780 1137
595 353
367 225
56 1125
570 457
340 456
1151 413
73 381
1131 257
1077 992
533 87
229 440
84 321
1100 459
562 216
430 772
1090 1000
1096 929
128 904
178 1093
167 509
201 498
186 598
784 1127
390 658
868 525
518 502
1006 198
1143 1073
505 1033
648 734
968 227
67 447
361 1001
802 938
388 979
475 4
257 727
935 672
131 812
337 714
252 562
764 821
821 161
1062 164
1196 775
610 945
654 921
690 953
1191 497
1117 883
841 953
914 963
1022 393
8 583
142 683
283 280
938 956
925 617
617 205
1188 963
1007 1017
389 702
271 704
606 813
784 258
1121 372
955 668
611 701
758 373
1175 758
1146 444
889 839
112 202
512 822
32 1023
547 1004
99 543
134 17
905 1072
878 403
809 284
429 212
1156 342
710 455
662 415
439 906
190 859
593 139
966 1175
789 868
1102 383
832 1107
696 603
796 129
564 959
81 1107
882 592
945 721
85 333
1101 559
361 208
643 601
254 1025
781 40
459 551
851 959
360 506
171 703
132 1037
120 412
867 800
818 428
909 527
678 435
396 423
829 364
986 575
168 651
745 311
288 522
311 371
1033 321
515 286
548 947
947 647
1120 208
799 294
1061 21
621 671
201 942
265 155
940 434
946 82
400 27
1127 84
197 319
806 615
1089 898
944 978
112 835
1084 27
373 735
20 280
472 119
187 888
676 528
401 394
177 97
378 972
224 616
383 226
680 745
407 431
873 1183
545 223
477 423
882 893
755 391
532 1166
1001 745
91 362
571 341
1010 40
743 775
513 331
735 849
297 140
735 775
1148 639
1141 417
846 756
155 424
776 1006
967 907
1063 821
477 1179
927 321
445 493
42 404
629 497
568 246
503 1198
470 1081
359 224
664 435
1058 741
242 1147
586 303
687 135
1047 652
867 341
97 641
730 936
951 512
166 401
457 502
358 806
710 553
775 806
1155 148
582 763
331 1127
837 217
862 1177
848 95
446 499
1146 684
88 303
685 1056
573 918
461 156
916 264
838 647
1165 1192
54 531
485 952
547 708
60 242
974 193
163 137
26 413
326 568
537 870
380 805
249 42
1098 345
916 844
397 455
91 624
326 522
881 382
157 613
701 764
251 27
756 269
993 419
10 677
854 101
694 948
574 716
1003 1141
878 918
670 262
615 729
206 462
1148 993
67 617
473 1004
516 1024
1040 492
160 488
1099 54
523 926
837 664
547 954
108 581
179 799
523 842
669 418
172 287
53 365
1175 1155
73 661
464 1072
723 713
1030 343
1200 543
923 1165
1147 337
457 513
290 350
1157 993
136 44
3 1135
115 621
671 115
790 541
307 174
728 139
28 42
148 561
417 12
512 316
440 946
523 680
628 1108
231 655
912 218
633 351
802 739
1074 240
1025 435
1176 953
48 1071
700 1021
18 52
758 1083
176 497
648 227
1047 478
1124 1150
539 305
274 127
831 599
840 1075
649 676
176 717
1064 589
911 688
234 279
903 1119
96 1165
933 447
683 286
914 78
38 229
757 681
378 950
20 402
198 385
467 851
337 693
213 520
471 848
807 841
1118 613
864 945
421 8
1084 378
73 160
206 377
196 918
1123 1120
745 901
720 262
1096 94
387 1093
569 872
313 1089
766 450
392 487
20 794
602 765
156 63
463 1103
229 902
996 320
746 119
804 520
1021 104
212 393
578 180
442 326
750 839
105 945
57 961
653 525
0 234
894 635
868 863
486 309
589 1075
171 454
1130 1029
603 193
1006 141
620 644
297 620
79 795
389 246
892 221
306 958
751 461
682 775
374 1187
508 824
938 223
1172 362
1127 792
708 585
16 1091
160 88
519 833
173 582
667 1109
602 838
439 667
513 304
792 784
1065 348
578 714
356 780
284 178
321 11
585 993
138 756
635 1073
680 235
635 502
259 969
928 1169
406 688
529 492
169 1153
1041 67
56 241
424 781
88 449
532 814
432 527
246 432
1185 216
602 379
874 1123
947 164
125 887
763 651
243 194
743 808
573 1030
359 730
155 668
203 5
1025 500
482 854
1025 247
958 31
721 148
80 337
109 623
196 452
1197 716
531 563
493 161
147 160
938 698
1021 861
725 1056
200 542
890 7
514 529
589 272
97 1136
441 649
131 847
141 249
79 1166
36 613
820 1187
288 94
910 772
607 308
1141 448
737 1131
994 1025
362 914
852 406
165 1192
422 808
587 974
177 1177
1114 558
46 1058
204 490
337 77
620 861
257 1194
828 110
806 673
1071 1189
1069 1197
767 879
426 634
665 1140
625 671
106 419
555 540
665 1062
278 1146
601 443
843 1166
563 790
430 268
1127 949
336 671
301 209
432 519
827 846
336 1165
228 649
849 613
241 71
352 502
593 112
227 1154
793 987
24 382
52 406
472 1100
292 960
1123 333
165 802
303 578
154 577
629 747
364 1195
296 1112
645 897
919 613
458 433
915 115
375 452
994 533
168 86
94 989
127 1148
22 1117
810 826
779 509
681 215
243 784
110 543
659 281
595 186
509 1147
631 986
1089 113
672 1196
137 13
366 713
129 954
372 1021
478 49
753 1175
702 260
459 209
168 74
1197 643
380 168
535 795
167 1061
648 707
1034 185
915 164
757 105
456 492
481 261
102 573
353 841
1124 159
540 630
427 496
778 295
336 1117
421 491
586 739
1118 1026
103 540
182 349
788 902
350 1069
960 899
909 190
1132 341
145 508
373 848
294 606
132 663
216 73
424 1095
817 764
880 744
1195 1195
565 261
1103 55
335 637
1104 1057
1147 857
670 995
316 892
906 791
969 1028
658 217
1015 793
566 196
271 99
1171 35
307 366
54 882
2 127
818 1096
826 993
1088 16
766 274
843 482
630 1198
288 981
130 829
800 1000
290 66
811 996
128 521
317 706
1119 1004
718 754
899 1106
200 925
94 81
75 162
258 571
654 813
516 414
244 798
685 596
922 963
92 893
480 414
480 272
928 410
966 467
464 233
1126 871
554 733
461 1010
769 902
1128 378
900 576
18 146
687 412
762 44
177 433
745 715
617 917
1137 385
222 352
603 655
612 658
559 679
139 802
1065 553
164 97
376 41
348 494
62 730
1044 215
344 914
320 334
379 980
499 309
676 794
926 847
12 1000
990 94
848 1183
1008 1045
544 208
567 623
677 1175
781 95
974 207
907 605
166 289
45 1121
176 500
161 26
675 599
1043 175
717 898
400 964
749 1003
531 805
1164 1190
705 1193
1171 1091
1165 961
627 485
214 1188
621 763
782 1118
104 441
976 727
925 1009
634 810
1075 527
1117 725
451 1129
264 842
3 64
491 117
785 81
551 778
61 198
1138 320
1004 527
803 38
363 715
75 988
707 191
299 101
164 458
1123 397
566 102
401 814
1113 77
663 1074
1068 1136
1089 1024
1108 95
13 563
56 1032
695 685
214 561
157 1061
162 409
845 74
1171 16
589 196
137 1108
1179 524
792 857
319 334
16 221
825 23
529 1149
587 1120
414 1024
49 518
1166 1073
1196 600
909 625
1037 984
681 641
1103 1129
222 616
616 1183
447 986
1124 357
948 1063
1056 67
477 85
249 563
337 70
117 142
51 1050
533 1156
278 556
11 1148
96 93
345 730
482 322
491 993
891 712
101 396
1150 346
138 974
955 712
491 525
366 838
795 509
73 845
386 616
121 797
45 338
486 985
665 436
166 277
871 97
292 544
1 471
993 92
120 849
620 392
711 935
45 326
1081 483
407 533
281 287
558 364
116 1011
655 270
664 586
803 267
809 1187
1092 551
820 96
142 668
956 832
756 971
547 400
457 327
83 734
825 276
113 326
566 502
909 656
1119 986
82 861
257 949
873 1127
916 102
1058 1044
746 225
543 28
1075 326
816 1023
77 1027
455 309
58 242
674 262
932 79
1028 535
91 747
998 471
354 1048
379 1154
1012 224
258 312
384 419
714 557
170 134
1118 982
915 1120
495 305
748 1149
235 548
181 65
409 652
93 632
650 729
56 343
1148 141
177 1169
1093 476
232 477
374 315
480 933
160 835
454 344
106 846
412 336
28 463
994 673
1187 1136
847 175
58 336
1186 108
479 719
1029 624
519 164
245 910
225 744
963 543
541 634
156 807
623 739
656 83
305 389
700 728
949 719
1107 980
103 700
234 82
383 733
1102 123
670 259
560 18
117 491
573 1195
856 860
993 34
1132 484
820 541
54 373
249 1006
465 555
934 949
365 897
1194 444
723 1129
173 617
41 533
302 49
151 219
853 259
655 732
31 34
673 117
24 716
761 391
790 520
112 292
1093 406
564 423
613 257
22 250
791 296
535 693
497 690
463 487
140 625
631 368
126 658
575 661
552 539
1051 1169
215 972
415 269
268 1006
143 245
1188 22
146 998
655 1145
933 190
366 202
61 802
162 1132
292 371
457 971
70 383
51 229
535 609
144 1044
308 307
931 2
851 154
464 473
287 646
433 147
1046 309
74 354
965 347
307 776
458 1176
411 1176
914 1155
898 759
743 953
21 1048
1090 1185
899 1033
337 763
321 831
1126 502
1089 1063
462 678
323 671
1198 367
958 220
957 764
558 994
421 380
909 657
272 793
659 96
57 988
36 799
576 1198
1111 540
1001 80
1085 560
355 289
997 522
53 176
1156 466
974 888
1048 618
97 635
626 281
1044 104
530 366
1131 462
467 732
38 807
710 518
585 396
1138 177
481 519
846 742
1171 1063
145 620
868 361
332 488
381 611
82 178
1084 459
861 607
935 623
495 507
1059 25
154 1119
338 923
294 1164
105 619
812 44
807 588
60 1120
967 1129
4 591
1121 981
1062 345
672 627
514 882
391 1151
487 842
229 1071
177 109
150 878
1077 942
430 1035
601 1043
528 515
1047 261
975 298
28 135
1124 535
1095 790
355 623
1103 921
1153 800
501 808
845 1002
206 692
360 1119
513 585
183 453
33 402
570 204
9 487
137 126
800 94
327 258
500 1137
833 724
1087 1017
71 514
264 476
0 1061
61 623
1188 115
822 278
506 310
204 466
913 1073
664 1076
599 960
300 694
652 182
630 243
98 498
319 283
1122 288
981 850
121 635
889 121
108 418
690 183
202 872
646 938
465 917
1022 819
149 163
502 532
96 1179
733 782
156 455
449 287
663 347
4 127
973 31
1145 1113
805 1189
271 153
591 332
150 1023
1091 32
144 935
441 276
492 83
464 539
87 520
796 650
501 185
890 642
919 635
663 723
628 285
914 1109
482 1190
869 1071
724 778
19 271
820 362
602 973
124 524
997 600
19 741
404 1033
27 939
970 1196
347 414
638 450
462 428
1007 1066
142 587
515 754
775 956
972 852
783 948
229 452
311 95
886 333
460 741
102 621
556 826
654 1084
112 724
297 686
765 1021
587 628
1177 536
731 758
1133 769
193 386
872 214
852 33
710 45
251 1142
488 453
762 1002
979 634
800 127
1142 1176
957 1042
1134 853
988 1180
386 424
199 227
611 1175
372 668
642 602
737 1116
626 1095
1178 557
1109 523
683 463
427 972
891 868
520 1005
479 699
345 305
440 414
194 523
1019 1107
1115 370
845 1098
246 420
643 193
755 323
250 549
1032 401
175 1100
904 1190
350 922
894 517
213 1031
1094 53
782 947
659 675
810 1121
411 934
306 1045
80 923
199 555
756 795
286 217
149 1117
16 723
744 263
486 914
1143 896
774 681
1089 239
885 1064
1086 664
858 30
724 464
683 623
639 980
629 1006
436 1048
457 964
592 510
668 55
764 244
1177 197
289 249
159 624
31 742
513 619
218 1112
1195 1183
577 14
564 850
888 51
22 859
867 1153
21 448
874 967
62 124
168 635
537 473
396 995
203 745
469 891
947 1196
298 542
93 295
963 693
1194 796
1185 960
433 524
325 52
990 672
150 227
615 352
33 4
575 178
663 263
727 127
357 115
1065 206
354 522
80 380
743 901
196 1167
208 974
67 1183
847 357
285 835
652 938
20 1122
386 160
245 889
882 665
388 589
325 176
935 279
372 983
252 461
952 486
279 1192
436 745
763 833
1123 662
633 632
1081 629
1142 214
469 128
543 23
9 1090
180 213
724 858
497 609
302 1118
980 148
19 363
632 473
1005 132
467 306
194 606
1199 869
1182 1088
295 668
526 605
564 964
1169 306
432 848
302 600
195 101
1151 495
1152 225
914 1067
269 706
1076 933
20 712
972 1123
1170 1020
194 746
460 416
917 562
79 990
707 219
1142 1048
128 649
897 598
444 327
207 696
1114 264
846 1023
322 48
1068 703
247 116
186 307
1134 806
449 35
1054 1035
754 681
902 438
1034 279
24 316
212 266
628 777
772 167
529 513
322 466
304 153
254 446
455 907
356 19
253 113
241 1179
796 287
466 367
990 135
654 215
1168 4
42 779
111 537
1083 601
998 595
911 563
867 1132
560 857
651 149
1172 221
915 220
483 725
642 575
802 865
434 289
32 517
759 488
0 76
1003 442
836 726
176 112
719 432
935 610
222 1072
1042 20
996 1177
939 33
72 1043
923 285
316 203
284 854
16 476
145 726
473 375
200 710
1095 986
1005 722
1084 247
855 669
144 718
1174 900
321 439
510 759
218 457
45 1039
163 188
1125 869
776 1000
754 260
1037 1176
953 110
311 846
325 234
947 769
639 809
670 12
245 1171
4 724
1200 1065
199 917
334 274
984 829
135 576
166 95
830 385
1124 741
856 267
816 1175
258 706
542 998
641 983
831 1052
277 645
95 1171
506 110
983 42
844 1016
748 920
97 451
70 870
778 525
852 480
636 1134
661 355
108 207
217 822
499 114
1077 1188
579 625
1123 482
21 1032
460 981
515 305
507 797
1110 894
1125 1072
347 649
736 301
1188 426
1025 1027
744 840
829 277
963 153
878 52
1036 286
714 674
1075 228
1122 741
397 75
424 692
993 843
814 759
258 56
94 512
235 1181
235 1057
436 1071
967 608
221 533
880 172
820 1024
421 448
176 585
842 476
941 55
1100 798
909 395
845 1160
660 818
971 1123
188 960
342 241
549 800
238 396
752 621
45 901
241 1159
838 991
886 1030
109 1107
534 502
776 1057
17 30
209 717
765 376
821 336
613 162
1092 715
1006 319
727 23
981 560
326 668
504 866
189 496
897 857
39 218
833 1073
836 936
1069 936
601 540
643 1114
646 603
649 1059
288 997
112 1125
1194 182
909 1033
468 398
664 179
430 347
125 639
1068 666
78 981
1142 496
946 1036
124 1143
71 95
133 156
1077 306
332 49
361 84
628 286
31 1181
334 548
239 434
1092 472
967 371
840 1124
110 527
121 167
599 921
634 587
661 503
352 89
591 1055
885 1101
928 1195
1036 811
571 837
323 333
188 750
815 375
280 1142
1076 595
616 919
438 545
726 976
1074 324
300 834
255 701
244 308
515 649
221 321
968 478
740 56
63 314
566 940
74 14
741 567
1077 289
371 523
759 958
128 298
731 981
49 88
36 102
213 1198
975 580
14 13
609 477
820 928
359 1182
815 852
948 515
437 464
235 1167
98 684
1022 1169
32 877
904 564
503 230
65 811
988 376
825 270
561 73
1185 229
619 1078
1156 341
440 840
1092 589
233 258
1071 429
1176 986
597 1195
1018 906
131 196
917 698
1052 416
17 398
808 749
695 843
783 456
705 949
994 523
352 529
558 1131
1066 402
860 954
687 286
914 1002
1125 63
1044 466
1143 521
943 563
3 255
175 1019
968 940
289 93
67 698
958 1137
845 721
63 447
1121 849
274 741
743 998
1078 559
266 1105
139 1102
21 796
195 155
385 487
256 888
141 822
663 60
764 301
311 26
945 18
919 707
312 494
583 740
1107 720
356 453
324 1
653 158
736 619
955 937
88 111
680 223
548 115
704 334
462 163
105 735
23 124
1026 321
886 859
141 731
76 1088
757 791
1084 950
603 1170
213 964
32 873
206 773
1051 508
939 295
604 120
473 85
494 143
22 127
137 500
272 30
757 17
611 1040
1122 676
757 997
881 648
418 381
227 273
106 366
249 697
846 1075
135 720
547 22
647 861
621 400
339 951
62 409
352 273
580 299
1013 832
1019 1184
1014 585
403 642
466 164
32 1074
257 829
841 1112
311 65
1007 762
1077 411
787 124
511 371
468 1072
250 643
308 397
366 203
1079 540
224 912
655 712
1196 1190
845 485
509 20
739 86
609 609
851 245
1010 994
331 1079
24 912
366 421
503 1016
709 836
701 399
33 288
987 36
732 1167
228 273
133 801
33 355
1159 731
822 103
991 426
1039 1147
50 340
234 1200
1068 210
356 101
690 1135
530 117
1084 1018
521 484
1019 1144
467 730
666 373
1084 599
826 615
562 879
568 1198
663 335
1017 497
688 877
230 976
351 591
684 25
594 193
1031 532
243 147
826 1171
691 1022
515 328
956 543
516 253
844 477
712 318
1165 785
178 429
339 526
605 523
144 57
420 223
279 485
1101 189
677 183
558 292
504 1041
1131 721
387 771
251 454
849 659
43 948
350 90
646 989
948 1113
1098 213
706 1158
462 1070
1053 68
744 42
1161 764
809 376
103 427
378 714
455 1142
618 659
1084 348
815 686
589 437
671 58
235 307
55 347
108 202
976 1200
256 591
57 529
533 1132
753 481
847 613
353 342
329 308
1115 688
341 567
1034 359
615 31
79 978
14 978
571 892
94 43
843 1181
794 879
895 988
815 254
150 981
530 1120
949 475
693 272
639 546
315 719
271 265
649 780
922 60
298 874
506 80
609 1023
180 750
480 221
639 1149
1027 909
222 2
841 277
762 18
700 457
790 995
946 472
859 1078
876 159
470 485
685 737
293 292
649 434
779 909
51 686
852 259
886 317
1102 897
359 975
845 572
889 767
1198 1118
392 439
899 422
312 65
30 237
965 48
43 267
617 1198
129 926
1083 740
28 205
402 1085
784 1176
857 766
1107 848
857 681
949 943
879 709
103 543
1149 923
949 748
721 730
490 870
655 580
565 661
1161 563
651 3
499 559
658 147
1070 906
286 1189
253 544
13 639
466 430
79 917
760 116
483 452
722 551
975 1151
655 1084
28 1059
1179 1175
50 630
840 788
1087 712
457 52
205 794
377 905
642 536
501 317
329 151
1024 491
670 671
235 779
39 815
917 1036
946 981
948 883
1097 986
308 920
1077 413
907 164
754 551
415 142
707 266
295 118
200 306
277 706
316 87
301 63
963 598
941 132
1183 765
819 915
664 322
1085 646
959 574
1178 973
326 406
260 78
702 1127
1096 1014
82 262
752 349
257 528
1093 1036
902 92
1185 507
667 337
1179 278
1006 209
488 677
1200 1122
615 1116
66 1176
629 607
1067 645
999 274
787 1007
810 686
1019 682
789 548
53 1014
753 925
185 49
922 530
585 845
673 541
203 724
784 83
261 1102
483 432
815 360
72 37
1016 1186
256 1067
84 330
262 1004
174 466
1099 370
567 757
1123 697
858 35
893 1017
648 964
659 172
1179 505
827 154
783 585
654 377
25 13
301 129
1016 7
343 852
910 844
431 620
536 40
3 1028
498 886
1016 1111
511 816
889 1121
274 494
887 205
828 212
568 911
1171 683
1110 757
385 769
911 485
967 20
313 876
915 450
1068 667
352 542
731 424
64 838
57 425
598 228
889 606
737 1030
161 1130
701 803
618 553
1059 602
694 1115
104 1009
554 52
872 80
1154 1146
802 714
733 577
680 1061
750 677
18 1021
47 478
720 604
234 544
484 626
245 1115
965 653
482 509
601 910
53 304
620 800
790 865
650 1116
973 721
675 759
407 638
383 227
285 622
245 329
971 311
991 1185
236 941
766 176
1155 868
330 659
1017 94
181 883
321 571
673 991
1187 795
589 754
593 697
563 936
1199 924
361 740
434 380
117 175
572 1007
1003 319
800 1007
979 468
1059 381
476 369
334 53
1153 475
103 607
1057 141
1104 867
977 1065
182 666
497 36
169 485
1104 1140
88 446
554 957
245 1039
35 402
1078 478
740 656
1056 68
442 1085
845 620
406 202
47 427
698 997
488 966
88 557
683 1065
553 757
302 309
330 952
900 818
1001 105
871 526
731 811
769 358
163 799
181 349
1038 696
705 614
284 1161
620 212
968 1193
357 964
895 737
574 288
1153 819
233 580
783 618
753 479
507 576
432 184
186 62
202 995
686 782
639 993
729 669
121 919
364 1043
353 942
921 963
90 735
623 980
912 620
1109 1125
744 270
656 286
621 917
24 313
63 403
894 339
349 1177
217 383
1096 182
93 1013
128 274
545 853
265 382
405 255
944 997
377 177
343 45
989 636
189 821
565 740
868 814
972 1015
461 475
878 778
487 1155
962 885
909 130
758 779
803 972
830 402
411 393
309 727
1052 924
227 1044
929 939
536 872
1076 1089
571 359
349 839
1010 142
108 566
158 354
660 276
828 375
261 1045
525 1100
449 110
682 16
979 853
196 509
455 365
150 968
139 722
1077 917
1024 1079
752 1086
1045 210
1078 501
999 738
304 1042
15 99
1034 971
1042 184
849 886
831 654
294 1008
143 232
244 1076
643 658
418 134
872 828
468 548
930 727
211 1060
227 588
148 623
1182 1151
856 969
189 52
516 802
642 1174
947 560
502 108
765 1097
238 787
534 537
927 999
318 1007
478 647
358 827
755 934
130 1086
617 289
348 532
408 1129
987 404
290 721
11 569
1189 119
651 708
527 205
80 455
65 995
1094 1181
275 145
832 1058
870 431
1056 928
754 921
738 549
941 1191
505 991
1131 448
294 196
489 598
96 634
783 893
630 641
41 175
1144 379
1148 648
1022 1
621 343
430 806
844 221
918 548
1043 374
1062 285
676 35
1148 394
390 1133
143 701
232 315
575 914
455 672
255 808
1127 620
941 724
366 293
475 403
573 951
306 359
91 334
294 905
666 98
1194 867
37 233
57 107
606 1083
325 168
890 1054
674 1033
273 904
35 1173
1164 815
946 1145
945 1150
1199 576
1192 535
161 739
213 58
848 680
132 1174
1001 825
96 1057
485 117
319 1138
853 968
1106 489
977 105
949 1028
168 349
943 179
136 409
325 1059
392 1158
1171 1156
823 339
709 151
135 401
141 441
712 372
672 388
105 32
278 103
365 161
113 351
993 1017
1137 920
794 425
264 346
283 1161
653 1180
305 87
666 498
102 1160
667 40
31 772
950 854
990 259
1171 415
1026 545
613 801
250 212
625 236
48 618
438 579
913 462
181 1153
721 395
150 1086
1130 864
606 298
990 800
1053 32
808 678
826 246
92 282
455 297
920 1187
29 858
1098 164
335 513
370 847
283 1045
151 68
424 942
656 573
449 892
916 206
1003 481
304 968
1109 1093
851 861
213 911
83 1151
528 760
837 1015
640 586
997 254
683 231
977 447
490 999
447 393
1125 525
661 428
489 117
763 1134
546 1103
261 28
1101 380
783 9
439 969
281 730
115 943
51 394
472 853
126 213
125 1017
39 778
266 1032
491 449
842 243
482 430
285 1043
1144 460
1007 1106
539 44
529 815
170 515
167 1041
1147 136
75 796
93 223
1139 188
403 1086
233 296
211 1126
53 47
496 1177
1101 657
512 1000
176 309
887 683
912 956
1152 284
776 487
578 176
438 444
537 840
834 1011
342 704
383 594
1000 972
297 1066
937 439
502 760
604 1122
287 614
417 935
1198 50
13 974
652 668
611 1074
110 582
647 212
672 62
1148 624
207 384
317 596
21 1101
1109 160
225 805
925 489
7 135
1104 6
344 923
178 9
572 13
284 399
746 209
625 727
1027 292
289 367
676 1001
944 325
800 912
773 492
731 195
328 319
1127 366
1105 931
846 222
950 165
1149 561
970 441
300 858
498 764
1052 588
69 240
368 60
547 105
965 1035
429 448
787 961
972 525
1049 510
263 360
263 22
1008 1052
561 1169
484 92
289 298
1065 1192
520 949
761 324
600 30
1144 511
973 558
297 820
1095 851
881 118
566 403
93 671
601 840
1167 296
90 772
274 547
1161 239
1079 282
503 734
534 300
459 210
952 924
651 863
64 36
1078 439
355 401
28 1104
57 825
287 823
210 293
378 91
861 149
576 650
1054 212
792 283
1169 946
938 930
1069 1070
1186 814
609 227
187 209
169 577
259 477
712 602
462 1151
1139 886
437 1139
796 1091
477 373
197 262
137 517
180 148
965 1054
283 732
321 282
400 621
439 404
713 653
318 779
479 22
306 284
79 633
1089 827
717 386
242 753
197 463
169 1077
1094 1167
317 923
328 747
716 239
54 1118
763 876
970 108
548 363
985 1013
432 423
1194 715
669 958
101 869
1154 551
929 490
489 694
353 666
861 152
1099 162
593 724
453 596
709 570
1060 635
993 735
726 429
362 577
242 731
968 941
886 1163
390 1126
976 428
119 540
650 1043
1141 675
169 916
1038 426
138 930
341 636
757 790
868 924
733 1058
110 391
991 854
1126 371
887 911
546 77
44 285
163 1079
627 233
360 845
519 536
393 63
834 1046
275 392
573 36
377 863
920 1036
543 1066
1175 277
998 474
195 745
381 752
1026 589
556 441
1051 113
629 516
1009 1194
90 287
951 917
317 501
786 678
1138 594
712 384
360 1026
533 368
749 702
358 362
724 45
36 702
1085 967
799 426
443 1188
355 874
393 125
973 343
482 161
446 1081
581 33
1041 196
534 324
954 613
591 177
417 308
1021 469
1067 496
305 739
982 625
107 646
757 812
1014 81
846 443
460 748
728 238
570 177
1109 200
739 750
725 710
672 323
106 1056
600 659
627 685
427 477
1189 393
832 345
1199 311
789 329
674 894
487 141
670 211
331 143
415 556
32 789
611 116
871 552
925 1126
717 268
1030 81
537 754
382 473
177 740
971 381
564 50
227 624
495 345
1052 951
1062 1044
363 916
246 1010
903 5
1024 303
731 366
138 237
986 875
642 478
316 341
678 278
317 730
1016 1097
838 133
174 224
303 276
686 878
30 66
530 585
548 1158
841 360
850 750
632 1160
1130 1167
825 695
1195 803
866 39
870 121
579 170
1108 137
1177 540
214 1042
633 959
157 801
562 839
476 199
922 647
1131 365
726 1138
19 294
865 250
1131 1069
940 124
75 378
948 731
1176 685
301 1160
251 125
245 115
1190 665
959 701
76 320
713 857
469 955
756 92
1028 229
289 1047
760 532
675 1067
83 160
331 819
1162 870
1175 896
1070 1113
1002 788
389 775
929 943
863 545
1040 1061
818 350
727 1045
577 714
808 589
543 786
121 24
922 348
1058 790
994 706
501 90
1055 79
1076 982
568 666
1181 796
1181 756
858 83
361 664
1036 841
145 534
845 881
1036 613
540 890
1177 1113
653 218
1147 694
648 38
482 185
973 50
42 211
591 1137
923 720
721 65
1074 845
626 917
1080 207
354 953
846 231
1139 847
385 525
249 143
1192 1066
1075 851
290 593
691 427
602 256
417 98
158 1166
1012 230
1174 903
342 336
692 255
367 395
188 380
822 446
139 256
492 929
306 1094
377 583
942 49
1092 294
683 415
1014 1121
134 856
1149 412
540 251
157 621
281 129
567 617
72 237
325 866
679 530
375 883
699 912
831 999
338 959
747 808
491 551
1052 953
247 1029
147 519
156 763
504 870
827 245
234 47
283 1196
351 968
327 362
976 959
1129 76
859 244
44 653
653 169
1158 330
881 232
1043 220
149 1145
879 11
514 519
854 459
211 562
853 644
225 102
131 749
1157 396
543 233
777 523
609 1107
932 227
158 995
1063 842
453 688
36 246
903 415
397 681
1050 611
924 42
1078 178
700 230
787 1101
941 166
276 363
608 168
403 1055
680 664
1008 657
64 1077
527 463
190 929
1024 1114
480 652
493 337
660 352
513 1014
1047 1067
462 338
388 52
1199 595
448 439
140 1179
131 124
29 413
767 63
229 123
1137 693
218 570
906 436
150 148
205 84
706 779
597 848
1010 1070
886 543
547 931
42 544
559 457
986 493
606 549
900 587
670 78
801 387
1106 12
555 1041
56 1034
1157 313
1198 835
1086 154
729 555
27 287
422 261
195 487
463 893
1124 978
63 300
565 221
352 895
139 1003
1085 765
1177 1188
1041 977
902 343
111 585
1191 1057
424 219
1081 662
199 715
86 23
210 967
170 405
107 1086
869 110
788 1034
477 161
517 1050
469 1092
253 782
1000 1109
729 818
753 910
1048 1014
785 432
251 783
1182 461
248 817
664 202
1051 557
1025 610
1158 97
990 54
550 82
1012 606
347 261
691 498
110 893
368 50
528 943
702 1021
828 44
720 40
696 815
1015 932
319 50
58 668
302 383
577 176
397 538
819 1031
742 1036
330 623
1158 208
847 127
8 1085
1172 676
696 983
12 1088
975 909
882 357
468 452
500 1164
997 675
352 246
697 25
22 594
1068 621
993 1072
586 495
466 752
95 618
375 1019
557 150
820 105
35 983
1063 832
232 396
861 180
1034 1076
366 1188
283 28
936 698
609 635
1029 110
619 529
1180 1091
153 1198
516 105
952 61
752 759
744 876
265 415
1133 439
494 877
314 999
270 1093
1113 409
1032 22
704 116
475 434
882 919
75 1185
1187 545
1029 786
1057 860
768 402
5 981
28 950
963 914
673 1164
788 125
380 771
727 713
1176 1048
576 420
1060 706
24 195
51 868
755 1057
1104 982
759 1012
453 188
954 168
67 744
424 720
139 756
925 81
527 393
1128 571
701 155
149 432
327 0
148 550
87 1046
611 387
385 473
1150 1186
719 490
1037 276
1015 820
595 864
1128 495
613 232
949 542
689 297
570 1124
1101 308
1135 1174
1148 796
147 7
307 543
995 781
344 819
221 404
140 366
1039 687
841 581
1068 925
568 848
443 474
1094 577
904 1129
573 781
1197 886
813 437
540 863
115 938
157 367
145 622
232 145
955 608
651 1023
473 1005
1012 117
1194 840
1053 1117
845 661
226 596
914 185
236 1048
18 545
564 546
1103 117
618 1008
485 77
113 812
537 1008
868 904
842 688
707 158
1131 746
1114 968
18 58
1046 232
1146 965
166 1146
427 90
616 718
1062 1078
1102 695
1048 1068
184 408
857 65
1042 91
796 670
111 623
775 500
486 604
915 121
1137 907
706 994
262 221
920 455
448 293
1122 591
177 286
939 432
1125 693
749 941
494 524
237 379
940 15
813 1021
453 106
928 0
187 413
811 1097
808 613
431 1164
1198 486
214 1083
964 218
70 703
901 407
629 435
767 256
491 677
226 310
267 43
768 147
169 662
288 862
587 734
444 178
152 372
38 651
688 671
472 779
843 1102
1105 724
22 1112
293 768
608 450
762 984
205 1052
484 477
676 754
147 1158
1067 913
684 902
1035 128
24 628
349 884
923 762
1092 33
142 676
397 747
347 47
1018 1043
461 822
113 770
253 252
876 173
1042 951
386 995
408 613
507 1135
1083 22
268 229
216 52
1001 180
234 34
422 886
146 786
1025 0
546 1193
654 807
208 934
1157 640
277 787
457 171
135 819
1051 1121
419 145
229 548
974 1132
328 333
69 834
154 1047
1186 147
960 1059
80 437
480 815
1085 164
883 728
1165 565
628 426
25 927
936 767
529 259
45 704
586 158
54 169
1157 1159
933 909
697 49
709 127
316 383
578 1040
1097 198
143 139
1076 1091
824 955
501 901
458 672
863 978
122 883
718 497
66 967
343 1082
243 772
420 977
58 60
59 456
312 207
948 498
60 709
480 773
485 239
754 453
1120 684
1169 206
110 855
1074 1116
1158 497
463 348
1121 374
779 903
280 17
305 117
906 55
1064 1192
559 872
807 29
366 1167
876 1040
612 142
926 933
794 1011
763 723
940 660
788 99
53 1043
215 713
877 483
696 700
331 733
1089 255
32 1153
1180 517
630 12
668 271
479 769
45 300
915 209
24 991
788 295
604 114
881 197
789 1118
153 618
630 205
217 433
709 507
590 49
87 306
971 1083
571 874
37 850
377 50
788 852
431 1091
488 1113
457 438
659 1128
1081 450
1026 1084
670 1017
945 155
622 77
671 95
254 843
669 1111
778 956
860 349
286 892
891 1129
274 403
128 849
1196 772
461 873
666 907
425 195
599 1185
712 578
740 929
407 352
427 233
1146 339
1066 388
356 878
107 1148
1183 187
1006 804
100 258
636 751
882 681
225 1097
675 126
314 885
671 735
690 773
38 831
167 365
1029 101
1102 582
18 797
1014 291
623 927
401 841
324 59
122 1033
193 811
536 206
1089 482
353 1183
385 603
926 275
1024 1090
798 832
1038 497
206 1043
1051 517
535 48
80 710
175 81
1076 655
260 741
776 995
541 319
568 343
391 408
498 735
1156 432
574 590
301 7
609 623
520 218
549 684
1049 1169
843 878
39 1165
1016 129
287 298
1155 830
663 891
629 533
1141 1156
1107 1198
621 303
924 1153
557 8
883 46
664 774
106 863
653 342
1199 228
674 249
1131 1137
475 118
1146 1019
270 1059
736 744
900 1
620 528
1180 447
1085 21
1117 926
589 242
93 920
622 1147
696 0
754 619
1000 94
710 953
1114 779
471 1047
76 214
922 136
438 131
72 952
1057 638
88 409
280 699
397 754
424 505
204 1130
338 1131
621 178
515 717
235 1089
1142 515
435 183
931 1129
847 1011
1066 647
40 212
960 365
752 844
869 955
751 70
689 243
1090 958
28 1055
1148 4
595 752
909 58
175 801
352 626
836 259
902 605
15 258
1194 811
1028 26
127 844
265 205
37 596
2 667
972 445
69 462
642 124
1132 230
629 1186
646 379
1117 767
890 995
301 774
520 582
17 219
18 366
853 699
984 325
43 751
189 223
839 876
967 79
378 349
534 691
582 800
1064 339
669 487
451 597
974 892
896 893
88 88
727 287
308 229
989 933
1139 10
680 1045
461 157
1058 768
67 132
131 1068
1008 91
755 618
402 707
806 29
1013 1128
1161 277
753 1026
442 769
137 869
257 839
746 368
889 122
76 950
271 875
164 1096
111 662
797 1083
773 819
100 638
964 909
360 429
519 859
162 5
986 332
152 178
406 946
1184 1190
364 977
68 601
739 580
1181 912
903 652
36 182
871 804
933 908
903 1069
774 249
202 584
495 910
1053 1155
864 736
173 1000
909 454
968 803
929 443
1027 1006
1107 234
849 53
389 264
734 1081
987 241
1111 738
33 304
428 628
353 965
145 1056
1105 508
711 575
8 790
1172 24
881 91
646 637
125 154
1068 909
584 734
232 1189
604 473
755 488
323 567
1141 155
285 313
237 951
1003 215
357 985
485 695
99 450
829 580
633 588
869 736
1149 184
439 136
558 633
303 937
1141 608
830 978
1168 272
192 254
1088 10
573 605
476 870
116 576
181 574
385 376
1154 607
73 1159
975 331
462 290
193 387
4 1172
955 22
852 469
491 1064
380 606
1018 375
1169 922
117 1109
567 342
910 909
335 882
859 584
434 572
458 435
360 183
916 296
494 641
371 740
269 166
574 547
446 1020
46 599
543 73
880 406
716 270
525 722
255 291
929 347
1191 488
209 1186
605 423
553 157
1158 1140
1064 454
1147 1187
487 392
1108 31
648 736
229 377
114 61
864 959
230 244
269 453
239 1020
699 710
941 130
55 675
217 1047
57 1090
1172 822
504 943
16 1008
194 313
1032 337
1156 113
1147 361
239 221
961 453
420 1195
698 667
97 772
605 84
1114 743
798 902
1088 254
167 39
280 484
354 747
48 1112
912 445
172 62
959 1162
425 118
193 1098
1114 817
1165 11
347 269
1105 472
884 522
1081 256
240 309
987 193
1176 1057
692 225
675 726
942 161
523 215
701 278
1181 794
986 1033
536 1123
413 312
99 1118
756 420
841 333
1178 958
0 1191
52 1094
683 379
502 1037
914 259
114 151
686 1190
313 719
966 939
68 673
402 656
918 298
9 1194
1190 547
804 142
37 270
295 962
708 865
943 677
798 850
978 1055
1011 925
761 516
505 899
825 676
378 360
399 991
754 654
313 267
822 339
994 788
369 924
589 428
1189 955
794 1112
642 452
499 1105
1049 756
824 119
591 287
703 423
1055 1084
1165 452
29 220
202 550
873 1047
584 212
1193 856
1096 526
464 1049
259 536
990 644
693 556
230 199
731 218
965 755
129 64
484 1130
141 160
517 484
1040 952
326 1079
254 475
375 671
554 1086
1078 605
780 860
624 319
463 788
538 288
233 137
1109 560
515 916
1078 623
724 992
423 80
682 1066
669 1109
1132 343
1061 1134
293 365
181 984
212 208
62 279
930 940
286 952
480 103
152 1155
116 23
495 600
250 993
60 116
871 2
963 418
234 892
1076 13
298 937
480 597
720 899
784 1079
178 354
888 316
904 598
1095 393
591 1057
454 561
566 1116
292 285
903 1070
441 426
397 359
1155 1090
200 602
42 747
353 1134
720 689
880 1021
726 738
1096 525
35 1094
465 463
232 850
1068 954
808 1132
1086 199
21 727
593 132
0 840
376 1126
579 546
1113 383
881 480
618 926
950 805
983 591
568 927
635 173
851 673
356 1193
395 783
1077 1123
143 1149
947 681
873 550
735 384
424 511
472 302
502 1083
1182 534
1131 944
866 600
96 807
498 134
745 501
741 867
1154 446
380 655
536 385
1146 796
310 151
760 771
327 131
322 329
42 388
562 504
464 180
574 84
260 431
1080 159
977 84
275 753
221 180
889 632
240 19
1047 720
508 595
578 737
110 938
57 641
1135 92
245 775
702 609
916 248
31 685
43 60
399 882
400 942
33 250
355 312
772 397
675 918
804 476
447 1139
208 12
431 1094
353 1066
548 430
220 1025
942 1082
1174 316
10 52
926 332
775 156
161 323
911 1117
647 136
341 540
1194 981
799 16
407 813
19 196
884 892
855 618
182 804
180 22
351 95
908 1151
77 628
1 366
227 1024
128 947
1006 95
616 728
673 426
35 59
594 808
501 568
470 1051
829 836
59 571
600 620
27 987
1012 13
908 836
623 322
410 628
993 1064
486 1057
668 468
225 345
721 552
1016 639
998 827
835 708
352 334
450 1088
1197 54
1036 366
515 594
41 78
919 731
235 973
980 63
88 726
479 828
855 273
755 984
644 812
97 858
590 683
539 397
173 467
1134 419
87 420
693 240
766 1116
493 1125
1084 580
308 604
691 540
1030 946
224 205
626 23
84 467
463 170
841 232
154 122
434 108
134 705
915 569
324 487
1142 241
436 685
945 136
1072 529
791 416
349 88
990 857
584 697
363 727
94 1094
937 190
373 1032
1085 44
379 842
140 1138
1080 345
283 674
608 263
608 74
1017 538
95 158
1005 830
554 1058
769 724
25 698
79 719
1059 835
538 306
280 255
700 1092
1152 713
380 978
780 199
530 444
1119 768
846 27
808 1033
730 56
240 112
20 411
448 933
734 505
301 153
288 685
933 584
988 533
760 843
232 603
925 1028
793 919
418 1094
21 864
146 1032
895 1116
400 404
720 993
556 33
1103 804
1194 266
1021 690
1128 692
577 91
843 770
728 413
224 529
477 809
1159 178
669 817
586 455
53 208
298 8
187 569
155 502
1143 1125
237 585
864 819
561 605
1163 997
1042 625
1 131
214 1133
693 305
122 139
822 876
870 428
110 988
921 298
796 531
32 584
504 94
159 182
502 756
1090 1187
334 1176
84 394
715 222
354 736
905 1113
686 1005
605 224
347 182
829 588
265 14
285 321
1175 334
460 601
418 324
631 86
389 1125
957 1083
960 918
9 634
1108 979
1131 169
774 854
305 595
255 467
111 413
810 637
824 576
1026 491
170 1181
180 581
1072 868
318 949
588 495
288 382
114 614
1163 299
207 561
1148 1100
1110 225
577 973
613 1
335 880
315 266
806 430
1018 730
1031 1178
763 660
467 805
279 886
540 1132
284 731
478 453
456 581
224 546
1080 490
307 656
1011 365
883 964
954 1087
309 290
867 997
787 485
1144 604
243 755
969 242
29 77
752 1191
906 531
916 649
21 647
25 863
335 301
1106 589
458 71
889 1111
764 991
239 1062
736 239
886 737
447 597
535 492
132 24
688 399
790 1139
1072 674
364 631
479 412
716 823
137 120
114 333
269 99
55 550
484 810
691 430
1093 830
357 783
645 432
1100 450
194 1125
371 1121
13 499
441 1074
35 1093
1154 819
356 786
209 324
1163 993
1136 289
528 203
672 929
280 10
86 1004
214 479
820 1007
878 668
624 762
823 567
30 112
304 227
782 230
217 722
609 206
701 788
923 422
661 506
296 208
1198 935
210 569
20 1024
902 528
1118 367
1151 990
128 792
450 67
484 551
835 1158
529 287
1109 967
710 804
613 986
423 49
524 455
519 624
218 1024
758 1015
16 64
63 1068
801 512
722 1074
265 942
110 567
447 1020
269 554
353 649
850 486
329 44
667 570
119 1074
306 556
143 258
982 1200
391 626
779 722
835 189
1139 145
891 194
839 496
774 252
886 997
998 488
11 900
900 1080
772 854
474 276
1034 1172
1106 474
260 679
1161 989
720 1081
446 906
540 883
212 959
132 866
49 861
346 292
140 584
292 171
541 707
912 631
534 944
853 666
1128 88
1093 160
295 256
950 973
896 814
575 648
444 464
638 508
1032 715
982 864
838 744
17 532
893 296
193 783
587 1196
52 183
554 576
1129 596
86 558
544 1029
1060 741
42 676
117 846
622 274
772 908
303 184
583 569
0 39
780 1167
495 450
662 82
714 40
21 474
39 1123
795 644
1102 988
88 1042
540 627
840 248
1019 496
766 653
236 970
371 1115
920 905
344 399
211 675
904 265
446 607
1196 147
378 541
1037 17
945 58
39 288
685 610
434 758
750 1143
448 923
807 148
1068 425
721 725
662 393
960 225
775 26
750 996
181 775
633 819
1 292
27 455
1112 988
204 372
180 848
1096 411
217 1122
996 582
605 42
604 259
138 139
810 306
1062 511
1 641
1129 981
61 47
1113 610
631 571
541 573
323 1030
600 416
567 787
594 149
459 28
1101 760
1070 859
822 307
313 397
84 451
800 681
1058 451
275 360
1019 622
163 412
102 90
582 814
261 820
673 1136
445 657
185 350
195 1185
1175 501
614 644
599 240
351 1180
1187 100
299 1051
874 195
1191 1098
155 1070
53 513
15 482
672 1086
672 307
275 777
1077 505
92 663
1128 271
965 1032
159 639
473 906
714 168
328 849
1041 409
1035 955
1015 409
95 692
710 307
190 258
834 411
861 773
245 796
149 1045
305 728
1089 275
497 38
200 396
21 157
1042 1079
670 603
1112 298
536 224
555 312
300 150
955 336
1154 933
271 215
17 813
584 70
0 616
301 355
991 152
394 81
932 857
333 348
896 293
622 664
126 1016
338 443
117 992
1182 764
435 223
130 1190
738 1082
1028 361
1089 76
1081 1163
177 991
440 296
797 842
595 402
547 813
698 507
723 452
12 6
231 563
21 1107
1138 123
871 313
417 679
640 762
760 338
1024 976
788 740
306 626
255 813
41 472
537 439
1200 1152
251 652
707 726
1048 1117
776 11
136 507
1181 433
1114 1068
158 1041
239 422
18 1086
576 278
944 383
43 1104
798 196
605 755
419 157
41 1160
160 525
502 140
593 365
422 598
764 312
248 181
510 208
1129 695
312 987
131 174
1108 927
114 1036
919 73
138 1131
15 874
791 894
843 360
941 1167
883 948
730 694
428 1189
951 243
118 227
781 1091
492 61
195 1125
760 388
842 1074
417 389
990 842
421 1198
738 660
761 749
10 918
441 268
930 479
884 230
338 244
343 1190
427 1131
554 640
198 27
563 926
167 249
96 969
613 1109
821 614
1018 172
845 998
828 524
1042 2
440 359
345 1068
1033 360
93 150
1008 646
1131 1146
1195 533
996 381
394 207
595 261
353 538
1163 27
398 1157
975 923
967 749
69 298
1031 1062
862 1180
94 1111
916 1002
574 107
341 1031
245 702
1008 619
539 912
647 54
173 182
88 108
240 567
255 332
291 149
989 164
1143 1075
815 609
906 607
991 1148
105 972
694 835
569 749
22 906
490 395
284 474
810 56
215 373
213 828
877 164
368 348
949 526
794 387
785 45
1180 287
494 1184
351 260
526 633
292 242
1200 302
1176 930
714 153
715 251
1020 395
748 1188
1098 788
1097 256
467 1132
40 515
236 1141
231 96
525 411
535 69
438 344
611 396
129 414
808 330
821 431
402 565
1095 1160
1136 1101
1114 79
59 76
109 804
319 639
1082 952
869 1166
908 388
674 486
627 947
1077 322
964 498
93 898
143 625
439 264
1155 756
426 703
924 216
971 517
688 729
369 756
922 643
891 590
1016 980
255 636
488 837
812 263
280 1090
333 20
708 944
461 518
451 113
589 1126
487 782
32 205
846 386
281 318
741 469
796 210
228 801
940 881
1080 253
995 173
1064 74
694 72
767 716
786 734
579 925
811 986
346 706
862 9
715 1156
753 1054
101 414
953 511
510 378
42 884
50 693
452 166
609 350
566 222
444 524
1110 808
274 160
1184 128
382 454
256 330
264 686
76 1167
787 942
872 165
887 602
620 709
758 669
982 695
241 409
61 152
286 673
7 88
162 1156
506 942
894 664
695 434
504 965
98 217
229 416
635 4
688 411
244 674
714 291
23 69
368 1191
30 859
916 733
815 1192
1130 1156
789 279
242 367
1182 753
1045 719
236 444
767 840
750 176
481 774
648 161
1094 176
753 51
1158 867
595 414
947 195
575 424
908 623
854 299
876 1146
725 474
854 469
724 548
686 269
485 1083
906 775
506 651
317 434
1105 152
296 1044
642 436
764 490
518 276
256 849
637 639
368 77
597 945
116 435
107 129
343 346
59 367
808 74
521 858
218 571
36 77
64 653
1034 1024
663 940
487 886
1006 527
721 942
468 505
1146 418
686 773
558 433
130 1019
192 729
15 1192
378 506
703 888
406 1162
744 107
728 40
421 102
1151 650
1044 220
68 655
1112 346
759 759
767 712
255 845
459 830
156 128
495 838
482 881
708 304
573 547
1132 628
1167 312
59 841
297 361
314 841
727 1033
616 547
99 552
826 581
605 312
788 1058
542 714
114 371
197 1066
995 250
773 86
598 222
50 442
189 364
948 276
1199 133
466 1017
513 86
161 441
1121 112
1120 145
1050 12
556 1082
282 66
201 603
789 263
499 443
417 755
1172 1063
1053 192
923 1170
333 827
69 293
535 775
1192 996
1055 46
634 417
855 624
1069 755
1120 1186
11 146
590 693
776 843
876 939
859 800
565 1074
406 1144
1102 864
971 714
859 603
176 576
1048 685
1194 627
728 107
607 104
484 1159
187 540
466 103
581 118
581 779
160 39
38 7
588 560
742 916
604 465
841 975
750 517
252 430
943 625
1071 419
1035 516
413 13
790 440
620 1032
119 938
457 351
946 735
973 477
873 569
910 360
142 726
756 290
160 315
1118 603
827 825
472 768
657 53
361 1135
772 735
774 280
793 1027
522 806
583 1079
263 538
282 324
1128 1061
551 725
247 1018
437 604
1166 275
1106 982
492 629
380 1181
803 466
234 934
300 1138
1063 332
343 1111
97 571
517 271
63 645
697 414
524 656
952 515
1079 1056
513 490
1132 801
752 19
186 133
626 101
100 776
237 1049
228 241
423 789
976 419
783 786
833 804
296 379
671 11
662 612
42 933
882 1187
1149 161
321 426
660 1197
946 944
126 847
975 119
90 1158
1022 232
1140 803
603 719
158 5
463 23
946 606
82 1147
804 1131
60 274
157 633
727 676
975 839
377 1134
438 512
7 330
684 899
755 239
216 274
522 260
213 59
958 350
1132 307
158 233
947 1008
470 901
654 226
553 12
1118 129
563 977
795 220
838 21
823 334
363 668
281 949
915 1041
519 256
1141 433
198 922
923 1199
750 119
716 591
499 295
516 847
1068 755
1098 108
530 836
704 252
820 912
854 1053
1120 441
519 300
300 394
524 1119
620 519
1059 265
496 979
781 774
542 1018
838 452
11 1149
700 1093
930 884
818 1066
1156 926
1023 709
176 436
351 876
166 863
831 208
927 87
604 890
552 54
1179 385
157 1110
134 944
836 608
205 301
1195 574
279 668
613 10
70 405
275 1041
544 328
812 1175
319 90
1033 850
324 1185
72 295
914 1131
346 860
289 371
739 639
48 149
379 1037
1077 280
281 1053
952 1067
986 402
392 1170
421 929
643 788
1180 290
826 30
713 850
798 867
442 976
953 202
1182 343
712 1165
451 735
911 1010
824 766
746 78
972 944
699 157
474 395
430 261
874 358
1070 260
44 852
97 207
560 921
1052 761
813 298
844 375
791 940
21 280
28 25
1110 144
198 671
322 694
753 264
485 1066
441 542
204 191
92 830
1149 433
218 78
426 382
798 249
841 684
433 585
612 977
1082 9
445 942
240 280
596 238
417 793
716 1159
1041 507
367 572
93 1123
77 133
148 1139
903 329
117 437
20 787
242 487
61 1066
154 793
274 1
535 281
384 840
1007 536
758 826
722 490
713 1021
131 819
1034 104
690 423
963 700
1051 661
163 148
728 353
411 467
195 1144
478 1019
41 980
876 918
695 1091
1040 1174
348 1063
703 160
483 1144
214 445
1127 597
305 1050
179 1178
433 1161
903 191
366 413
890 645
951 408
431 552
535 306
895 1033
410 553
875 940
358 313
1028 962
763 721
1103 888
314 572
535 948
556 864
479 296
163 491
646 1134
725 692
700 997
399 1138
974 388
839 1028
207 603
1109 931
609 210
341 1092
577 191
1083 901
984 454
55 660
23 608
447 148
726 786
1113 539
239 29
874 50
545 436
408 125
932 355
875 537
1182 924
1048 809
580 1024
213 300
86 105
1150 1012
995 1125
630 1099
600 172
717 1189
1183 1043
928 780
21 35
854 252
684 1026
735 712
1102 661
555 720
1135 541
866 1198
963 140
489 424
177 390
537 19
475 749
652 660
1019 527
797 664
1160 962
178 992
163 5
1168 1115
715 787
595 1073
519 817
459 506
64 664
51 1105
313 339
226 826
1064 520
85 501
317 34
907 1054
71 1051
793 76
743 507
474 692
811 1102
673 637
145 649
623 573
892 510
1119 300
374 1000
520 1067
191 1051
763 960
975 1100
880 54
38 646
137 369
487 422
400 282
234 434
797 131
329 436
879 588
666 271
1010 283
315 248
895 581
1025 929
87 77
950 189
1162 1165
890 783
376 367
683 1168
924 984
56 391
514 427
564 573
1184 99
252 672
458 238
442 891
744 292
281 990
543 477
239 181
502 63
826 89
76 384
1065 714
538 15
112 37
653 454
116 370
465 237
786 898
349 930
291 526
1080 85
130 885
712 79
650 1127
495 267
978 435
416 252
698 190
623 211
219 699
1140 16
898 943
666 1036
425 720
895 104
943 404
631 247
802 366
94 803
349 885
269 1164
634 114
105 1127
490 494
457 118
275 608
336 591
1072 962
99 892
76 742
679 853
739 390
829 723
846 105
204 671
1087 823
549 869
721 526
1121 512
436 799
555 94
659 1133
129 72
476 496
1095 6
486 810
231 287
146 872
764 185
753 259
501 1166
122 756
1013 294
731 379
1011 1200
135 984
1006 561
465 1172
86 125
34 394
896 778
1071 850
59 715
326 890
721 207
1040 1123
734 287
1086 502
384 101
581 47
997 599
277 798
800 1101
1137 719
1154 758
194 374
837 861
460 1044
1192 4
93 339
163 9
881 224
664 72
1109 811
921 426
545 1145
461 1096
406 515
888 997
652 391
882 283
1124 211
304 421
1118 5
681 242
1155 21
94 365
354 681
671 731
573 190
474 406
992 228
858 811
1118 699
447 690
230 932
655 206
300 383
685 1151
976 885
156 1169
1079 320
786 743
542 963
279 277
859 995
650 380
786 179
562 969
1003 728
1045 179
280 54
872 651
746 460
474 562
1107 993
616 1121
598 925
894 114
433 1094
893 1098
361 889
22 247
718 885
114 474
150 444
82 964
376 293
727 603
1124 1162
1090 675
667 750
963 639
1193 5
456 786
136 239
993 445
455 646
636 985
274 509
342 469
127 1114
895 804
458 626
425 944
371 135
853 828
947 394
817 1140
1182 184
741 795
441 1064
740 1026
644 587
334 1157
402 749
627 81
825 134
11 589
324 725
487 533
60 1125
151 251
1000 479
821 1025
133 692
780 368
404 695
76 1146
683 1183
554 228
179 831
374 2
84 666
613 750
843 1031
720 538
794 859
616 156
638 164
568 264
1069 395
748 6
796 489
775 545
490 598
355 1070
396 686
98 968
413 576
662 928
471 48
976 162
606 1138
372 282
556 227
669 848
607 640
259 960
1008 1007
498 57
1185 169
660 363
377 478
1017 318
386 710
940 242
828 41
623 346
559 387
729 37
48 1183
217 335
794 225
1178 615
342 576
525 987
560 835
134 989
867 882
546 787
425 866
645 490
194 193
1075 516
1115 946
762 912
1019 670
1069 1079
1106 583
183 4
1132 894
73 572
86 651
43 526
130 853
645 1113
576 553
699 1147
133 935
918 758
918 797
112 760
567 653
42 652
256 232
283 373
356 867
1163 629
187 730
589 879
786 358
1200 937
875 682
993 835
289 464
737 803
266 493
31 543
1199 1056
1132 239
1053 1051
295 370
1036 917
154 325
534 222
1167 575
3 458
1095 1119
988 629
998 19
1014 63
1033 567
823 1151
1033 833
543 638
868 476
457 749
1142 244
36 1169
1071 799
668 276
515 445
228 442
1012 85
713 1020
623 57
462 1008
812 84
351 845
17 1148
1139 535
26 190
421 374
97 739
281 446
590 731
319 1086
139 415
252 677
460 438
1138 426
799 465
488 384
230 166
616 262
861 427
172 79
691 51
957 1031
413 817
443 120
217 1152
350 907
1074 512
1038 339
690 765
740 1163
333 866
1163 713
332 324
964 1042
50 1014
722 206
890 895
185 313
528 1066
800 1076
322 820
828 1045
614 1165
698 847
495 906
131 1132
239 564
360 825
116 1036
1192 402
728 1159
888 439
935 818
150 358
68 357
299 1086
170 639
289 1067
428 210
32 595
56 778
266 1107
1057 953
603 202
536 316
788 1025
531 1169
793 143
1062 974
966 495
629 157
834 573
395 682
753 489
775 916
121 390
182 542
492 944
710 527
911 1108
373 865
21 713
73 922
72 868
878 1062
632 24
341 928
755 908
149 602
111 1053
902 316
136 1002
760 575
803 268
1145 666
1090 523
462 665
1182 287
7 1172
174 244
146 1072
833 825
937 1177
283 1121
281 1164
92 930
652 1053
1050 1004
312 559
985 965
296 57
301 352
210 300
1055 332
197 669
366 561
518 974
552 765
283 427
130 942
482 1115
374 802
610 151
587 819
1120 540
956 655
175 1002
1010 383
1131 31
605 454
1157 357
164 217
225 934
1046 667
412 628
496 941
1054 1020
922 1057
451 1125
1115 1151
279 1175
790 316
936 166
581 613
1138 3
888 687
182 458
1189 1146
728 294
275 75
575 573
495 879
971 953
1019 765
400 1039
420 745
1059 811
1039 777
280 1127
916 585
408 40
1123 1029
280 38
724 832
76 598
24 329
183 510
757 405
935 773
1091 870
284 52
132 538
326 361
641 947
739 51
1172 285
739 875
997 199
165 58
1008 588
951 602
444 1190
653 899
151 166
991 387
617 1059
840 690
381 529
609 100
404 415
1151 9
949 879
949 508
797 942
414 946
1196 222
880 892
306 1196
500 563
891 53
363 1149
828 885
1122 979
1008 36
13 115
632 310
706 820
633 1028
401 976
1122 186
186 932
746 832
708 450
1046 855
480 144
493 1176
822 86
142 808
816 294
262 260
981 569
169 772
177 527
832 238
112 155
49 1155
188 765
1149 403
56 693
301 652
32 901
385 962
447 353
1004 606
511 863
202 768
315 1070
546 296
965 725
18 1161
1 757
162 1173
866 66
777 543
264 673
500 31
544 8
133 2
451 918
304 691
258 730
1009 199
917 369
618 1037
227 1055
1183 856
434 819
747 839
518 82
359 1002
1101 18
417 960
376 837
849 898
683 453
867 101
556 920
486 650
518 1072
29 1192
125 205
94 110
932 1176
339 483
140 45
586 615
556 1185
465 754
385 1167
197 177
147 477
1081 263
556 591
454 407
636 179
1190 621
1047 1101
651 1071
176 659
1137 629
1102 996
373 794
763 226
1030 923
964 646
471 140
732 589
73 1110
540 624
1127 5
281 557
1052 969
1041 260
1070 1117
775 942
1009 1162
1195 310
637 993
596 381
240 1122
1129 135
1137 1168
998 454
642 80
265 935
869 1196
184 31
947 551
410 933
210 588
142 175
751 788
663 1120
749 373
834 983
606 945
824 1056
327 625
768 10
873 74
1140 1144
947 768
1161 1109
163 246
700 291
909 1167
516 849
1080 984
862 762
890 850
638 217
50 1063
78 353
911 676
500 1000
1095 313
1042 383
763 1200
706 485
301 551
1134 57
901 629
14 788
1003 545
852 969
7 583
44 810
1119 1063
23 457
335 1200
800 961
417 338
1040 994
138 815
802 877
700 334
518 815
1175 918
294 930
130 74
29 122
26 1136
918 253
1151 873
1099 5
1017 1153
1191 1081
874 679
179 286
98 634
51 163
522 740
367 589
641 355
46 846
294 328
862 36
668 148
603 957
15 1088
18 877
522 940
501 529
849 828
1192 1180
309 783
708 1164
1014 634
48 711
1132 329
222 784
946 56
1029 694
1010 1006
182 30
833 626
250 203
417 510
354 822
513 963
523 24
569 3
450 1061
843 700
219 885
528 824
250 381
364 247
1162 1166
1157 691
318 832
981 213
538 496
1149 708
914 270
356 58
1154 95
227 678
88 1013
887 38
813 920
14 219
896 800
1084 633
465 1176
418 333
881 610
10 656
351 714
426 1198
506 462
358 137
1015 528
265 262
448 1045
475 283
1025 956
606 638
527 894
1089 1122
211 955
936 513
634 184
260 714
1066 284
74 743
288 275
763 825
831 427
1165 1185
798 801
29 447
434 356
964 859
290 658
1019 450
494 1028
100 132
514 263
410 732
1074 424
268 1046
96 1087
546 1017
509 969
495 485
987 44
842 152
341 231
829 1029
71 1164
883 382
507 911
110 473
953 849
324 593
607 439
1196 767
173 669
445 1072
754 950
1135 450
1161 214
542 1129
897 213
169 458
757 309
269 132
825 877
287 203
118 367
13 904
1132 55
620 794
507 1109
669 911
727 724
652 1082
876 4
280 435
373 223
83 979
1006 1130
387 730
1167 809
442 1100
1123 433
507 205
772 325
599 909
776 548
1068 1053
684 661
1070 1051
272 824
23 793
272 1175
964 111
778 1153
15 165
1078 393
906 857
582 709
477 925
1166 159
703 1151
384 115
538 239
1070 858
838 1146
110 706
54 257
970 830
1157 112
1148 600
909 521
616 767
180 207
46 478
961 887
828 958
159 766
720 633
949 1043
106 162
931 828
79 47
701 672
593 668
25 894
521 641
933 755
918 636
22 1087
1135 1066
40 1050
64 109
18 487
358 991
902 633
1152 960
492 968
86 257
450 865
523 224
961 574
102 1158
246 837
217 819
658 832
188 317
474 1063
67 360
894 1080
837 846
1088 919
217 412
616 278
652 707
94 905
1037 167
127 1049
1120 985
1162 396
1086 174
552 1102
747 688
353 520
502 1130
383 289
179 210
255 942
1171 1161
420 816
656 743
912 392
195 1193
610 344
764 144
493 178
1165 158
682 762
221 927
998 1048
712 639
254 1161
602 670
13 86
301 1142
73 165
803 449
1119 868
746 56
9 710
610 778
894 239
1115 81
1037 1141
895 584
589 593
557 1160
309 306
384 901
1021 273
728 499
552 367
37 628
179 998
199 465
184 505
429 624
736 358
325 1085
703 1102
1198 756
589 642
878 1193
990 411
820 951
683 1058
435 1167
493 217
691 305
263 102
794 623
662 291
120 456
4 101
179 641
866 226
902 203
38 748
274 1040
247 1135
120 1025
839 76
388 348
811 21
359 627
650 872
553 379
854 377
538 88
81 962
365 393
1072 468
308 721
602 1074
718 580
528 594
1143 872
724 223
896 451
507 297
1129 308
490 525
648 841
125 885
291 966
368 24
85 116
73 0
958 361
148 259
405 243
197 573
644 765
899 132
688 542
806 878
428 353
779 322
1172 122
977 453
269 646
658 1016
382 410
493 1006
566 413
916 1054
1025 19
457 790
235 325
107 1017
1079 1113
481 1073
1007 485
414 643
549 476
862 672
316 653
436 881
593 266
885 9
191 216
424 349
1062 349
567 7
892 612
1101 685
857 155
118 757
762 434
204 433
571 426
784 1101
196 375
659 477
528 278
933 292
107 577
18 658
585 67
1101 247
860 118
272 1080
89 146
388 791
179 285
907 1037
1065 72
184 850
934 843
1156 98
778 142
1062 782
1132 354
936 72
162 1008
850 402
800 366
791 365
937 957
1015 868
1089 1088
700 180
141 940
977 576
978 287
526 483
1063 606
662 263
423 665
282 159
1081 773
482 1119
945 323
23 580
680 718
1008 1010
992 876
1165 739
127 259
1157 1185
720 575
317 719
461 1054
326 312
224 27
749 472
832 1139
312 1000
540 30
505 59
300 746
65 1071
461 1048
420 399
528 480
32 411
201 38
306 212
70 577
325 534
472 577
70 1111
143 645
118 576
575 990
624 1163
524 726
928 224
420 1142
936 441
925 1118
840 1175
250 671
1181 48
813 99
158 224
1077 352
740 742
1088 579
835 997
999 1139
1194 1050
76 653
239 385
983 872
310 1195
1023 22
880 15
1059 433
974 199
935 912
1167 628
259 686
927 25
869 1076
974 703
430 113
1110 106
769 890
1073 1016
870 342
963 232
504 190
43 202
884 657
217 829
1021 764
149 1196
563 229
1177 492
618 922
454 789
1086 562
97 891
565 1036
374 669
965 76
917 704
1054 184
182 819
595 80
248 582
518 678
660 26
106 23
553 1158
20 714
1058 145
112 613
605 575
235 745
274 459
457 887
670 815
429 1001
471 836
188 94
198 854
1035 282
597 149
43 834
338 254
527 729
200 344
640 772
1170 307
748 192
600 1167
172 755
409 625
881 692
1151 95
386 372
66 1070
889 717
132 453
1050 564
780 341
572 1000
902 663
979 402
406 999
1091 634
781 964
498 760
777 701
1111 1039
1101 273
967 1122
1074 806
918 895
400 175
1052 501
892 133
122 1031
47 1178
596 436
865 421
110 581
622 91
661 142
859 336
274 1025
545 894
329 1045
611 663
863 1199
308 525
615 935
907 914
425 1011
19 1199
898 437
712 126
798 159
769 53
610 966
174 648
1119 173
345 1100
1157 308
332 306
913 247
1149 83
374 435
771 474
507 487
443 476
352 508
118 115
971 1043
930 494
221 981
836 709
545 908
614 487
15 965
502 529
894 929
348 839
187 1173
870 299
944 827
628 845
836 489
1107 252
635 1136
915 298
799 813
239 710
937 200
58 791
1125 122
774 754
550 717
470 399
920 53
1116 734
1192 280
456 114
692 142
22 1069
1198 210
351 801
795 401
1066 325
275 949
996 520
394 765
953 274
608 793
124 410
999 869
203 364
669 57
679 115
887 607
960 543
799 27
546 1084
277 750
324 675
408 20
172 1061
123 417
832 507
3 652
527 867
345 499
370 318
242 659
869 699
97 1191
94 346
974 604
922 613
83 1087
987 421
963 1101
259 192
1173 784
821 847
468 204
791 195
106 663
753 179
220 160
682 477
283 649
1060 837
1169 782
313 292
177 755
670 685
912 707
987 1087
320 602
346 275
338 452
624 343
603 819
24 43
239 792
645 639
503 861
937 422
713 315
157 851
1035 117
713 1121
330 236
582 36
939 1096
792 1083
87 683
776 297
1125 267
94 1165
229 954
602 1095
869 901
189 169
772 632
295 625
917 271
243 509
386 749
504 1143
1032 402
398 4
661 46
1044 474
825 776
288 206
1160 981
255 829
394 1118
635 699
721 600
833 379
518 1025
1023 281
252 967
1005 279
448 1199
416 606
735 346
956 232
831 423
1044 606
150 685
641 882
442 583
735 336
947 751
700 361
838 1131
549 1038
303 179
425 206
510 119
127 957
352 848
1142 82
279 749
315 1140
967 343
337 434
77 483
1158 676
215 130
131 136
936 499
213 656
699 1089
621 464
862 703
677 881
638 854
707 534
256 279
20 1002
200 53
1130 695
182 742
220 537
394 78
359 130
865 1142
456 759
761 83
705 892
179 870
109 7
717 258
760 868
703 1035
351 1148
876 1138
1022 835
814 1019
789 1020
900 1134
278 720
792 942
1008 384
633 681
925 194
704 921
872 208
599 274
279 571
889 882
946 675
80 75
261 8
495 757
372 739
374 479
1034 61
410 689
859 342
112 58
456 805
1083 1148
804 360
432 1158
201 764
583 461
414 34
683 28
758 966
1037 511
281 717
514 0
229 648
562 376
117 474
927 1132
645 1190
553 969
511 762
905 454
1133 931
715 893
862 349
820 1085
1122 57
756 1140
660 329
358 818
1065 647
687 614
736 543
98 524
508 415
1068 147
112 589
158 1123
1074 573
628 10
176 461
84 374
608 1156
91 1026
841 956
1068 893
731 1133
415 120
1030 781
253 25
1042 931
835 889
356 252
453 797
692 191
53 113
440 594
959 859
259 459
1193 173
906 544
141 630
226 853
156 1002
753 339
936 841
346 401
822 171
194 377
386 153
684 1046
430 987
198 897
83 247
516 136
781 97
290 548
192 418
35 203
1111 348
369 89
544 1036
480 6
1051 1135
28 616
258 784
748 931
1007 206
408 940
822 37
47 930
1000 645
171 18
374 74
763 940
1006 497
63 305
530 1192
1014 779
609 155
850 465
1034 218
1080 1080
908 1073
919 620
557 1107
970 1064
533 1062
1053 13
900 482
371 30
674 781
669 152
1033 720
347 905
498 1127
782 768
65 457
94 99
1157 1156
898 318
528 677
274 1137
180 569
300 219
729 547
426 290
106 378
94 828
896 922
89 157
362 262
71 811
431 192
610 1070
201 42
1140 126
926 584
102 1022
308 25
92 458
684 11
579 705
779 816
711 57
144 723
395 369
352 449
709 294
137 699
492 818
594 608
1126 363
595 157
702 1163
1167 93
1033 88
530 567
788 896
931 100
949 1003
214 41
415 217
571 136
1175 267
1045 227
521 380
232 101
668 1158
496 911
0 887
343 875
212 329
569 578
390 1147
484 789
601 44
576 1197
178 1200
816 487
1050 906
932 352
1046 592
262 28
29 803
742 6
807 127
51 556
728 216
464 1113
410 434
32 529
552 1047
333 836
461 946
398 228
561 506
77 466
819 638
787 602
1074 523
696 546
981 551
285 850
375 631
813 248
414 1057
1112 1044
230 399
909 839
329 659
466 304
67 1104
1143 675
313 119
633 636
760 622
80 591
418 680
48 760
958 1086
1157 4
977 772
556 300
662 1176
333 596
301 42
17 937
1124 998
933 73
490 972
926 45
265 252
1084 698
347 250
484 694
125 1127
106 467
630 161
235 328
1152 369
957 56
1199 928
399 845
634 116
467 968
97 868
402 135
35 889
1152 706
1035 227
631 794
927 403
841 920
50 448
581 1164
898 1028
384 1118
1139 1166
433 1065
731 795
294 706
845 838
760 911
1197 1153
246 1174
609 969
724 297
961 280
714 1042
138 1118
895 966
919 192
59 145
486 845
192 755
683 1071
1179 54
969 1073
1020 535
671 968
774 729
833 694
728 545
620 284
384 811
1170 289
40 728
964 590
970 285
439 513
466 329
1109 253
410 104
590 109
238 300
703 141
125 1039
516 495
359 1176
625 634
650 892
536 580
745 1136
1124 1147
218 588
480 418
151 613
519 64
697 375
409 38
775 56
652 445
1152 293
33 138
1126 1048
816 817
163 876
611 595
180 267
530 150
593 507
403 308
1163 80
1030 404
8 580
749 1088
766 265
335 673
1103 206
914 608
950 255
951 975
994 1049
1093 103
697 55
493 1183
440 279
841 80
872 378
1100 573
738 170
245 276
106 885
833 947
428 493
516 1172
757 223
542 228
243 383
235 898
877 785
994 1191
161 172
212 612
962 391
171 515
289 45
941 1155
1098 612
290 1019
87 677
187 981
606 749
453 936
112 424
383 319
934 258
837 614
28 371
541 322
294 458
731 1032
693 881
262 170
562 461
71 447
1159 166
959 769
428 830
118 1064
472 918
800 269
568 578
122 682
897 365
803 630
820 907
289 370
92 699
539 757
238 493
139 842
1052 984
692 720
995 701
4 1136
334 596
417 258
1078 611
1122 799
436 182
1116 411
884 195
978 237
1034 1054
776 662
193 499
35 433
581 508
147 166
764 678
949 975
46 791
593 797
692 538
276 374
729 1001
538 194
445 545
1079 1197
853 820
1075 481
934 928
60 524
342 907
391 515
716 1034
1021 61
505 28
1159 476
552 914
208 278
159 408
986 981
11 768
284 547
1154 408
467 50
472 148
229 211
278 820
6 459
968 820
415 1194
303 686
94 1085
711 1008
936 29
599 854
29 1156
366 403
1094 1012
1147 1102
957 955
78 506
126 432
1059 27
685 34
379 812
676 101
129 1072
693 53
1024 454
618 1052
551 640
361 376
777 919
505 481
526 610
459 701
882 618
185 1148
598 576
470 591
56 260
1005 684
926 628
690 394
118 956
174 840
1031 160
643 483
874 381
893 901
830 228
227 885
1032 207
700 670
562 99
591 1135
782 460
198 1062
1159 1133
501 313
234 427
430 857
144 240
958 572
810 63
298 1035
748 1133
393 158
708 558
899 910
1006 1038
383 51
425 133
1132 78
37 273
710 81
189 118
511 73
18 88
978 589
142 397
782 247
442 591
606 452
279 1112
619 1033
102 1060
990 143
1178 123
515 324
495 390
376 1017
381 203
618 293
275 313
1019 401
638 926
26 1057
1150 1069
262 1079
111 1160
967 634
631 519
699 906
213 825
943 106
29 669
893 223
607 684
860 602
741 217
907 956
265 505
162 26
1078 628
498 71
1104 383
230 536
493 1081
1057 1010
774 838
339 394
205 828
998 230
561 671
732 590
243 987
777 544
403 279
49 301
1074 327
989 586
460 797
766 357
136 1127
128 726
1000 102
299 283
699 994
395 901
504 1047
275 278
187 936
643 497
839 1174
186 103
661 400
572 145
1136 907
1169 734
797 624
268 517
773 1157
479 1121
975 194
555 1106
643 883
978 1095
160 1023
807 803
29 188
1060 353
605 834
188 130
235 1148
969 243
500 1146
973 652
1121 408
849 135
3 823
0 1042
1198 786
624 532
481 632
507 766
672 360
441 1080
313 833
1054 629
222 444
817 408
871 967
298 580
588 464
142 741
230 351
1148 356
212 710
603 341
15 47
740 425
815 126
274 1181
968 1085
568 399
536 883
603 374
76 1191
832 772
952 1025
95 761
146 240
705 442
931 477
607 737
910 493
207 83
435 1007
19 1014
977 540
1134 173
950 36
50 528
341 68
1183 1151
16 740
785 546
232 649
512 1087
386 933
1200 787
95 667
736 265
607 762
1187 214
909 970
427 130
728 744
32 73
801 996
368 474
235 651
697 1076
327 698
354 513
1181 950
281 145
375 371
271 184
789 186
1054 940
797 1026
797 530
796 269
1060 647
1197 198
1055 956
108 875
828 553
451 1172
621 931
5 354
658 262
836 537
253 671
1195 640
1037 521
780 1192
432 71
564 142
1001 95
277 1072
893 307
60 365
402 429
16 128
987 593
657 848
514 787
69 163
521 192
714 913
958 301
1126 1182
1016 329
110 592
797 596
674 372
240 327
143 1103
31 678
531 856
355 614
196 870
593 472
778 155
959 466
213 761
152 724
595 577
489 252
347 988
8 1075
297 67
557 315
1026 510
491 254
489 149
170 498
877 264
473 753
651 501
928 890
1106 888
515 420
587 77
546 1107
100 886
709 459
323 681
453 941
1115 47
584 951
472 923
1097 1160
825 285
666 1104
876 1137
118 521
1009 1046
33 653
597 927
737 627
469 261
735 790
1040 647
341 926
624 279
511 681
193 925
596 574
392 655
472 981
1165 1035
811 1089
189 1132
600 27
194 276
663 403
105 472
198 598
693 1082
767 579
216 526
963 231
921 734
546 919
231 71
229 1052
467 1161
318 1049
237 1070
1040 842
380 777
541 413
1103 980
664 622
750 71
486 714
311 1131
969 942
1166 738
592 1083
59 1022
1048 134
1142 432
565 605
731 369
773 567
998 476
341 980
23 1190
869 626
407 1086
1037 1100
97 452
1011 875
715 38
372 92
256 1062
216 1046
776 888
279 516
355 910
731 1185
716 896
1193 246
159 924
250 995
1070 313
45 302
666 675
548 570
1012 212
71 509
566 90
828 644
373 263
527 36
15 976
167 5
305 458
440 1088
52 202
128 396
910 860
1066 564
125 49
576 1043
236 819
548 855
630 53
549 782
615 532
1182 737
279 71
256 193
743 370
253 943
346 873
1134 972
607 284
508 1059
508 1190
631 1003
502 461
236 1055
387 632
486 865
125 868
542 816
844 503
788 351
1106 1198
147 620
180 564
566 712
996 254
625 1134
1009 770
592 818
894 1179
973 1021
970 1168
953 97
527 647
66 951
691 784
625 371
422 804
594 254
781 146
840 818
1108 1063
428 25
1032 924
86 270
191 155
409 811
1181 551
790 521
172 825
1096 136
765 263
839 1110
1146 202
576 8
334 620
1090 389
925 548
61 982
1135 1089
203 846
665 709
771 1137
895 716
1041 23
137 471
158 138
55 1134
912 1067
920 185
1147 781
574 455
105 1186
941 791
169 811
810 877
1083 35
0 95
880 359
852 546
1180 542
858 646
594 449
27 521
1029 170
357 692
851 482
703 896
1146 612
936 1064
874 294
689 322
672 999
73 1147
360 108
620 1157
713 231
550 442
1135 343
623 527
943 756
166 774
99 674
602 595
809 82
1075 878
13 857
405 343
763 895
249 1176
24 69
370 927
1 546
537 742
1025 846
83 426
125 786
36 495
113 808
1062 145
889 532
384 440
656 195
271 71
408 382
106 597
34 165
1113 588
857 942
931 1021
97 540
139 1134
1030 834
1079 431
46 492
778 695
1161 322
163 1025
1025 242
273 1045
94 20
375 109
922 650
59 503
1076 1046
812 708
718 795
1192 1187
607 994
875 1071
994 410
1076 988
81 916
270 32
650 171
568 1051
1151 516
1055 913
675 642
718 909
802 328
608 372
284 721
56 1175
474 550
884 590
676 1150
355 955
790 342
168 980
48 303
1055 1044
750 937
261 1134
1003 503
125 598
1063 183
794 251
10 1046
1037 633
388 563
1068 93
536 929
752 768
1163 1124
359 701
254 345
794 814
900 845
652 571
634 153
774 829
435 1079
636 137
555 292
882 680
713 718
1194 1068
592 842
935 656
826 1078
483 907
444 408
944 469
559 1183
80 346
958 817
137 475
270 215
27 673
604 510
350 1045
559 791
638 319
541 1041
302 730
729 340
766 151
996 258
612 619
344 830
808 865
913 737
1007 238
1059 1028
740 375
956 417
89 294
271 124
603 83
401 586
39 568
1061 1117
1049 536
570 511
691 734
825 1117
229 811
945 168
617 579
209 743
751 31
338 899
951 677
715 361
434 741
869 945
979 1088
390 74
629 429
826 1128
501 1190
547 327
452 137
343 1172
1179 487
166 577
606 1006
951 224
939 1140
759 368
905 514
906 491
628 1152
988 240
110 650
494 229
528 1127
718 592
466 784
1010 631
219 332
51 814
109 179
664 466
102 760
785 1190
357 595
419 940
136 1132
478 140
15 1023
540 175
1034 133
183 437
581 145
515 100
234 158
621 402
347 336
268 886
404 699
974 880
1063 172
289 74
282 351
454 125
759 1089
144 113
328 757
503 796
432 373
968 86
482 172
915 347
58 314
591 809
29 298
668 445
492 632
607 1022
823 1037
352 1157
287 470
1023 10
102 894
133 180
438 654
489 114
445 686
430 1019
398 291
402 1063
441 240
921 186
620 385
609 83
869 13
482 466
279 76
802 1013
413 120
541 130
415 728
743 1018
710 584
848 88
1084 851
606 606
1076 355
145 1125
754 1121
1050 1022
919 403
409 1067
930 362
1186 1090
508 1121
930 717
359 996
608 106
464 1098
302 248
170 632
648 926
806 806
730 887
880 1178
299 576
552 519
553 583
290 1141
1029 55
318 656
286 1066
203 332
26 1077
710 463
719 960
428 892
300 875
569 185
454 699
252 176
149 714
831 657
993 629
912 806
587 507
1100 502
1010 692
1004 430
127 53
555 1047
283 707
800 899
997 1158
39 1151
146 431
492 228
1040 890
140 24
537 148
398 1156
1110 746
387 1118
445 454
338 781
143 244
1174 1114
773 475
634 704
1175 658
920 227
744 796
32 137
932 485
148 323
129 499
519 589
736 394
39 900
999 766
106 69
721 102
998 209
219 584
940 809
1053 139
649 192
732 242
329 653
290 1113
970 982
715 292
296 650
1175 49
329 733
1161 1144
888 229
843 179
108 851
153 531
1151 979
42 1064
271 629
154 39
373 201
496 971
925 113
1045 185
1200 427
49 810
732 771
59 1076
1000 560
1111 510
260 342
614 680
475 585
387 12
1120 874
267 369
425 355
209 776
205 1147
506 447
444 517
257 948
570 420
431 875
39 17
252 1163
3 1174
582 205
383 200
913 913
1012 1180
562 756
765 323
974 859
39 163
450 308
839 96
828 833
582 365
368 166
556 1146
938 1033
420 462
701 550
549 153
684 721
741 879
566 665
245 205
799 480
712 653
765 249
14 906
1139 609
346 384
1141 992
301 494
393 909
1137 475
371 679
385 484
209 1185
992 350
749 225
627 161
123 753
439 406
975 853
182 917
466 377
1029 883
223 1194
616 753
6 328
9 40
1172 3
558 205
391 407
536 190
350 966
642 696
717 112
753 686
548 406
617 943
473 497
950 1185
821 190
965 485
252 319
414 1121
64 294
8 738
311 943
889 643
736 571
451 410
1186 941
898 917
1126 1154
174 592
953 241
263 571
698 87
784 807
478 434
44 808
333 371
60 829
779 705
148 1079
604 1015
789 871
94 875
875 185
1183 983
755 716
801 1071
1069 726
237 336
601 328
431 71
398 778
636 668
779 449
663 131
112 122
634 841
822 793
903 315
206 483
38 790
1151 496
1158 1049
713 1189
975 694
219 398
1191 1153
635 56
1085 253
360 535
449 706
493 319
898 27
1108 296
1075 857
935 1051
605 125
260 612
612 1055
224 697
757 54
402 888
367 1050
560 1143
736 531
418 950
938 884
1132 1072
619 741
1042 419
760 1177
982 772
1030 1027
183 1192
664 377
1132 355
12 34
712 606
388 632
771 498
1125 285
49 817
420 1024
745 594
548 650
1116 925
1 543
321 841
707 652
94 415
107 492
766 654
1102 1071
146 539
382 962
314 219
874 561
547 1007
907 767
983 988
837 1006
1166 443
431 938
758 543
101 675
714 365
125 1031
983 919
794 940
1180 1049
1068 12
1048 180
558 1
1163 574
240 911
850 782
216 911
1168 764
525 71
496 366
789 686
1186 806
247 81
67 848
457 87
1016 190
402 226
293 470
617 1116
130 937
220 358
1024 541
997 1039
964 1039
480 225
466 335
462 595
20 412
1099 440
543 741
589 388
275 965
1012 622
810 1087
970 1165
417 956
88 374
580 1011
860 862
584 702
456 655
919 540
726 690
28 337
1171 436
946 602
132 985
67 424
682 563
351 757
90 24
900 991
691 25
1107 594
592 256
65 447
561 21
129 1141
1132 1038
659 20
257 875
568 1021
264 271
128 105
769 213
312 942
1107 390
1057 787
148 556
1065 722
874 1078
98 407
627 656
168 689
404 421
484 1111
748 954
630 940
678 1052
204 215
453 241
289 110
117 1149
401 85
979 386
496 71
914 380
403 699
759 893
741 147
674 109
1002 456
976 861
976 292
288 897
218 419
708 1134
652 644
784 542
186 387
944 271
559 550
180 1086
94 810
768 39
961 481
344 666
51 206
222 1086
653 17
685 177
334 498
1074 381
497 1004
511 203
1163 113
1031 628
849 197
637 708
333 204
304 272
923 584
346 313
119 96
794 1005
616 1055
994 333
435 215
568 816
122 585
786 1008
862 803
257 458
793 713
762 1039
1138 218
1071 663
469 1143
266 390
780 808
1074 363
1173 900
211 83
62 136
920 914
657 584
221 197
5 407
1010 904
810 1065
769 1145
1075 518
107 1038
555 658
831 86
629 303
318 702
1006 1071
1057 579
630 824
21 513
996 1119
227 350
1183 811
48 1082
400 591
557 464
986 235
294 942
30 1154
473 934
190 233
1056 1065
617 262
576 370
1033 558
867 746
1188 889
225 325
207 632
517 1044
1139 351
671 874
451 562
692 867
713 1178
474 968
1183 316
222 912
238 626
446 127
727 557
245 1059
932 339
1052 1027
836 1042
775 1074
963 192
1113 230
414 698
1099 664
210 1191
1093 377
432 355
1112 1065
182 333
196 132
233 563
842 364
242 22
860 565
533 346
343 1102
188 720
546 508
340 5
879 694
884 532
580 613
753 535
186 561
433 81
1041 1110
1124 430
849 188
60 65
592 486
334 60
318 1139
1106 19
126 704
13 1160
1118 88
508 38
554 360
663 547
577 684
445 284
126 482
58 85
310 1166
934 852
1179 408
73 968
359 526
382 34
514 892
819 183
1067 448
511 910
946 1136
366 253
1118 553
586 999
392 704
982 241
428 333
588 1176
602 689
57 131
290 743
744 336
883 438
1063 877
922 444
761 1085
111 1105
184 393
184 396
137 990
956 910
620 799
205 888
467 348
647 637
501 747
240 844
162 365
626 984
938 921
651 1031
645 660
958 476
145 801
1008 1132
1099 512
735 418
602 1167
1133 686
1033 826
482 236
251 589
901 784
1029 339
907 392
315 196
226 163
32 545
1179 672
599 612
1112 848
1185 882
92 132
738 62
384 123
702 4
200 707
964 502
626 805
562 1090
679 70
831 504
554 1166
504 586
773 461
549 15
729 222
802 469
776 1173
514 385
148 650
112 734
686 204
304 599
874 1021
272 203
1007 587
708 459
729 697
765 293
1054 145
161 966
367 531
1092 1159
503 466
824 741
669 1090
18 424
163 1127
757 934
138 10
59 171
359 178
1128 383
728 338
113 823
138 50
65 1009
360 465
993 1074
209 626
1041 556
704 1169
392 1196
501 676
993 606
377 641
990 184
1023 1135
600 556
267 646
331 1046
1099 366
215 390
711 266
574 323
860 808
498 46
123 1036
386 843
469 466
360 647
818 1158
732 777
918 62
944 221
102 892
809 602
289 1050
596 297
603 910
38 1072
906 714
696 664
444 266
1133 441
395 97
275 823
1047 431
364 664
514 628
59 258
347 36
1160 1023
347 916
132 242
792 458
175 966
402 25
54 789
242 470
415 207
4 784
840 522
371 815
603 557
266 870
858 166
929 235
801 380
676 360
535 1147
177 893
681 911
883 231
511 336
28 177
1041 602
861 970
210 590
73 148
248 624
931 836
230 220
371 1177
1172 246
881 71
612 731
560 93
617 995
1101 1081
22 35
390 778
691 447
684 673
1191 926
18 587
975 805
829 506
865 61
876 559
133 534
625 805
513 180
627 1004
272 1068
563 412
590 149
433 1070
304 793
61 28
462 5
168 362
269 130
331 846
442 1134
768 888
298 1055
324 428
768 465
59 507
370 972
383 420
1059 1191
480 747
274 413
97 1111
297 1113
1153 552
48 899
142 1005
212 938
962 920
568 1170
931 746
33 570
870 458
152 224
392 1094
872 615
739 1123
1106 650
633 922
897 157
581 380
680 269
37 1002
547 1048
1106 85
262 59
612 230
350 1112
1186 980
203 679
735 234
376 847
551 1027
291 159
833 1200
127 991
300 113
721 806
789 153
869 740
723 966
1192 1083
858 743
1046 971
359 647
91 170
264 174
1112 1092
868 486
310 278
9 1165
522 74
268 209
498 407
983 269
8 758
24 648
447 606
1052 745
102 571
698 66
104 83
551 627
811 336
670 491
205 896
1124 883
58 859
517 651
611 177
1166 8
396 323
40 695
650 374
520 728
90 895
1086 177
1176 1128
710 622
655 1120
530 457
407 992
771 1024
705 1116
254 123
776 1133
95 7
1082 1
224 882
785 855
866 1019
1095 921
422 909
360 272
499 745
66 457
783 197
759 483
906 582
422 653
824 1007
558 652
588 383
186 654
828 786
368 971
77 551
601 413
875 731
577 333
744 1136
985 1038
397 146
1021 282
165 891
2 600
474 568
627 820
218 479
1006 675
63 543
211 78
1065 135
111 1180
384 25
326 612
223 606
1007 346
1002 226
1090 1159
920 782
269 64
600 1089
83 376
463 72
616 87
302 585
304 8
10 933
830 1036
277 477
422 763
1145 248
979 422
997 1025
729 592
62 241
872 200
453 166
1121 562
1151 1157
478 1184
639 680
163 1192
473 1168
892 47
512 82
1067 787
486 749
594 737
186 571
1120 460
181 225
1117 1115
351 172
605 943
1107 80
846 258
380 539
559 17
665 830
433 95
19 951
440 674
1138 395
490 317
171 692
301 755
641 250
96 77
40 499
587 402
847 1097
1104 393
793 717
235 137
659 1110
104 1142
540 719
377 362
724 536
537 230
596 530
875 374
654 1086
592 277
116 283
928 343
108 271
464 578
1199 1077
904 1194
261 1018
151 1032
1141 521
1004 645
361 70
898 360
513 1108
707 273
956 626
568 943
1087 641
556 963
910 417
885 1044
749 939
511 1093
723 367
537 979
81 551
1045 1002
842 1053
9 689
996 53
870 582
1022 959
868 93
1074 1119
779 967
878 797
1051 986
443 830
948 141
327 632
64 251
650 437
349 523
843 673
835 33
589 528
399 538
864 231
154 628
715 1141
1109 882
95 773
167 1164
1076 380
253 381
116 662
592 1091
754 54
1120 393
202 559
2 632
579 982
1140 275
920 396
458 882
1034 732
92 202
237 85
863 125
567 1056
842 36
48 127
92 696
743 107
353 130
882 723
495 162
213 167
261 1181
1152 710
894 382
653 557
195 922
527 869
850 1099
162 798
936 906
232 671
32 1194
610 654
358 110
477 302
1085 366
532 984
876 989
804 950
493 392
797 871
968 723
914 1046
646 843
875 764
1074 837
264 39
458 854
436 23
40 291
71 310
229 339
550 635
180 303
608 539
928 577
1051 82
418 4
807 788
458 923
913 197
559 829
866 1094
968 557
504 162
71 234
693 86
777 351
450 891
70 345
407 970
796 684
1021 56
371 333
113 897
980 520
417 1108
140 313
569 224
96 819
1160 556
900 928
1111 1174
1027 919
150 582
362 794
1141 46
675 194
370 645
228 242
1153 901
86 892
303 584
1171 95
130 277
318 1051
142 603
351 867
583 541
1117 863
849 994
507 282
1079 133
857 853
365 1167
49 1061
984 937
665 930
806 922
9 210
970 936
533 786
399 934
410 218
830 52
831 622
853 640
532 370
57 19
305 166
119 857
324 676
26 545
67 56
972 63
89 1165
319 318
1071 690
1077 512
726 252
629 8
666 872
794 340
700 1050
495 996
993 94
602 574
118 388
585 730
893 268
1074 170
177 355
368 1066
13 845
312 1196
292 310
153 916
496 765
441 750
704 367
346 1064
674 243
1065 590
429 496
539 545
1060 230
1056 1115
587 1138
702 801
197 481
169 713
733 657
911 357
436 65
1089 805
458 967
953 315
877 468
988 496
545 621
1007 72
1034 6
8 678
737 767
1183 123
413 1015
465 371
615 1062
189 253
1088 718
286 619
873 291
978 448
41 979
41 824
296 425
733 967
605 609
564 736
135 305
1085 664
440 750
288 331
819 39
432 206
210 1002
286 68
482 152
83 588
649 706
534 268
1117 40
754 1113
781 273
73 523
164 327
1120 842
212 460
799 1160
480 884
632 289
1130 28
700 222
114 484
1114 901
325 1146
242 1047
22 225
1182 962
1128 31
209 468
158 706
487 1161
404 927
244 583
845 1126
525 815
846 354
562 107
755 565
982 422
140 183
727 312
325 1089
827 194
445 1116
786 917
947 295
534 1086
566 530
880 427
953 816
37 1168
863 77
1137 19
1100 1183
891 153
1139 443
1068 987
827 268
954 1048
826 826
564 889
848 1127
573 1115
181 611
425 51
703 370
1143 852
267 819
828 867
879 267
281 878
268 645
975 634
575 932
134 263
1158 1190
34 811
516 100
10 1124
648 398
658 811
537 580
577 1101
332 1033
282 167
296 968
328 816
166 32
852 599
711 1027
186 1139
22 1025
1101 962
268 647
105 689
398 312
665 934
632 340
1090 816
120 615
465 690
783 1083
102 1005
311 1121
1147 25
864 255
851 859
661 296
966 1041
693 537
939 194
898 193
600 1155
216 889
800 742
263 1148
170 1064
922 557
405 76
133 105
348 973
813 9
1164 807
151 573
638 691
978 18
663 375
403 514
179 264
522 654
562 661
1113 944
1095 830
579 953
356 654
1107 1195
1186 639
151 1026
280 847
725 1039
830 860
409 990
39 50
501 1000
606 721
999 1066
735 1107
604 1044
251 458
713 1130
526 235
108 737
518 740
695 291
488 1195
223 217
579 385
660 503
766 40
829 452
708 1011
982 1144
1114 626
1183 419
1058 175
287 1002
31 196
1178 528
145 910
421 394
1091 323
961 69
700 1179
842 676
196 767
765 527
815 382
1113 848
592 166
1075 599
1179 1159
1002 751
433 568
17 684
609 323
1032 499
961 413
328 439
1003 458
1008 562
920 360
527 866
125 230
339 749
412 1121
102 107
525 981
920 293
431 709
231 5
912 765
1142 672
90 560
312 465
254 50
641 725
140 953
42 1152
446 893
718 1020
117 767
667 1031
316 250
762 553
918 1027
158 1136
772 498
230 695
195 209
852 472
121 983
276 947
498 808
727 1051
1056 97
760 105
538 480
912 514
228 732
141 201
534 923
998 1042
1182 98
92 75
318 22
1132 579
449 1072
305 340
783 825
1102 326
601 1019
820 172
1074 876
783 755
807 147
444 950
259 259
995 96
770 763
954 241
645 124
1113 107
579 1035
46 713
1139 371
908 1122
285 741
468 466
1160 1163
40 901
921 366
915 672
221 834
182 1154
13 628
954 406
1015 940
317 824
904 906
436 824
930 412
54 260
538 16
401 183
172 679
1137 1156
1058 524
166 17
190 151
678 556
266 598
226 104
215 1114
808 762
922 350
556 957
1012 891
590 89
428 937
1093 573
1043 605
963 739
653 837
422 146
216 1133
1066 988
170 14
590 392
811 1126
812 740
1110 1113
241 478
1163 500
906 180
264 1145
695 1157
507 703
547 113
15 1070
6 789
389 119
797 566
11 1036
853 637
824 867
671 921
1092 1080
840 51
612 355
996 569
516 1047
242 940
370 211
279 18
1113 350
773 150
36 1119
612 854
1176 1087
143 216
751 1024
720 271
1173 629
358 1175
401 387
476 874
794 776
190 295
393 5
70 644
1150 410
1026 498
331 219
1139 705
506 596
202 984
527 1128
673 417
952 933
234 173
66 1055
121 453
658 537
112 952
976 274
821 881
963 233
101 177
884 561
849 442
1117 472
124 49
1102 1150
756 874
788 1011
367 328
261 718
170 229
1122 289
891 902
740 676
461 606
444 813
801 829
41 362
111 310
554 171
86 755
888 86
812 485
200 921
237 346
374 85
512 171
256 468
592 769
1065 1073
155 1126
639 198
173 330
875 1008
127 689
369 213
631 712
1 265
623 827
793 20
974 757
1018 842
64 196
17 786
761 382
346 688
559 914
756 667
233 851
1199 316
1061 134
564 361
629 358
156 273
822 391
931 114
1021 664
897 529
1041 898
185 728
133 821
547 1137
1172 334
421 1112
761 314
807 516
531 209
21 506
537 604
658 336
568 536
1114 800
1011 888
683 686
906 1088
394 332
974 126
771 1079
251 296
594 1021
1150 486
464 1089
829 665
983 13
53 885
355 872
458 531
658 162
344 582
974 316
88 819
988 683
305 532
888 449
210 299
275 482
860 537
263 1080
717 302
392 1044
711 388
1186 1125
345 480
189 593
643 575
742 633
1085 106
504 284
796 161
89 1032
1053 1014
1 600
629 448
333 1036
190 269
1141 794
329 462
888 809
203 322
38 1086
235 1166
114 172
256 794
428 1044
260 1197
342 964
1013 457
727 334
51 850
801 940
452 1066
284 231
1008 52
987 726
185 761
1184 972
384 882
106 798
132 210
861 1194
858 184
63 824
1098 661
609 1112
453 512
328 644
932 1196
887 680
1192 603
481 207
656 121
475 888
700 294
188 197
323 147
411 567
691 261
832 172
882 1083
146 784
157 1151
683 351
265 762
1067 96
1010 302
377 919
73 566
283 848
378 4
353 388
453 491
496 1083
1077 265
756 1185
499 600
262 238
1124 13
400 514
724 1063
330 1076
948 301
1150 1198
768 252
605 800
249 1046
941 46
334 1044
1066 367
1083 323
511 777
696 1041
141 601
676 851
37 1104
488 511
1070 853
1038 230
779 23
270 556
1194 639
232 613
74 292
218 1019
715 554
657 1149
947 634
447 789
396 936
1080 135
1143 1154
855 1120
513 460
465 532
918 826
802 141
72 49
570 252
232 341
709 126
6 262
379 650
718 828
950 977
979 735
784 946
894 440
1164 973
687 429
1177 376
1013 910
589 1120
899 256
1131 8
110 1031
324 1118
78 777
384 347
65 418
989 265
914 755
29 134
627 955
537 320
362 302
243 920
257 214
1040 139
242 734
954 775
83 839
1118 924
675 1145
593 518
482 634
1180 994
1124 377
1078 882
460 365
12 816
536 727
281 482
1141 29
839 275
189 1044
391 523
297 1153
548 15
201 140
835 450
1146 277
221 432
749 305
785 510
659 80
417 218
1034 837
906 997
1093 955
1189 77
1092 885
691 406
569 390
1146 518
525 607
1097 1000
951 622
840 872
363 292
552 200
1000 70
644 950
1084 919
843 1036
92 634
773 454
24 603
40 834
671 1046
1123 488
691 926
89 796
15 1161
285 16
1197 516
18 283
654 949
951 579
811 482
393 513
488 649
182 156
842 436
776 1158
716 419
20 480
1043 973
819 198
933 626
650 304
11 182
801 121
307 1153
466 1015
657 1143
565 1105
132 994
402 825
709 690
1096 553
95 352
141 906
0 271
716 1131
986 1112
715 604
216 53
922 927
650 1036
220 79
222 248
996 120
22 734
1046 406
656 13
925 519
957 188
838 66
486 432
555 360
361 524
1170 600
635 238
682 1039
768 138
522 1046
923 1022
1046 796
478 684
1198 1161
823 74
32 141
626 241
1200 222
928 494
1098 1017
165 1107
653 1038
895 137
317 613
1096 1018
835 78
957 1026
22 87
174 558
579 1046
1001 318
152 515
270 298
682 183
756 680
20 31
385 217
617 302
7 923
1119 15
64 740
415 1149
395 347
18 372
483 680
598 348
988 1049
530 341
20 296
641 871
192 319
304 304
533 538
8 418
421 338
886 40
1032 18
978 1007
222 551
605 93
205 59
1074 783
635 501
930 606
547 1106
136 724
645 693
193 421
1146 623
41 284
249 1186
1170 435
995 937
944 51
1129 429
830 933
513 240
432 539
1006 433
32 641
119 695
714 517
1012 160
619 888
241 73
233 1129
937 14
271 549
974 324
1138 1077
869 1085
543 681
516 907
794 288
893 371
759 936
853 1078
180 141
1022 861
705 243
857 989
642 470
333 2
992 352
878 910
800 1154
316 802
838 484
68 354
515 936
583 14
906 824
918 529
964 1023
1102 145
502 361
349 23
464 926
833 914
81 159
51 471
821 110
384 156
1115 1009
612 984
630 85
249 435
157 307
356 592
1087 832
504 222
312 844
1119 342
536 1184
1001 1053
991 734
754 848
995 394
1155 973
58 935
796 410
575 903
1144 845
1012 902
1064 236
939 1185
1197 260
1043 861
969 335
635 1104
1149 287
154 62
641 155
236 752
575 605
439 1066
336 381
810 467
510 576
1178 1111
1108 913
892 1062
1060 1198
977 295
236 234
104 1107
297 1064
737 584
805 318
783 142
75 389
708 741
200 104
667 932
877 484
1141 906
1185 33
724 919
1168 539
669 319
714 846
745 1155
223 1127
1025 401
494 1125
768 572
1024 245
1099 619
887 367
306 484
906 60
370 1035
210 68
347 953
504 538
401 628
469 778
347 1132
663 293
507 965
586 75
558 763
33 52
1027 776
138 443
273 40
776 1151
390 880
571 11
82 152
92 348
689 814
249 1024
528 399
3 683
465 422
1047 757
89 840
275 456
969 214
593 839
649 481
688 588
1106 1051
762 1063
831 66
378 484
520 519
882 1144
975 1055
274 716
230 750
106 513
198 789
308 241
460 958
827 332
81 745
762 1115
623 1141
375 746
650 1163
1159 756
360 73
1000 978
1030 720
975 622
128 931
428 432
407 114
475 465
1144 451
369 548
662 729
1085 595
865 77
179 226
301 698
245 545
822 1060
833 894
446 606
448 102
553 916
19 520
213 738
669 944
36 363
390 1132
1188 59
987 360
420 1029
550 1160
575 158
290 728
77 980
567 524
327 159
662 1048
512 312
676 312
547 842
84 154
397 226
382 824
766 183
457 57
2 539
194 563
189 808
391 179
923 576
410 12
983 114
698 824
197 1059
1046 516
700 80
465 543
532 532
149 444
336 830
745 190
76 1069
785 740
410 469
850 898
957 361
370 90
524 1117
580 480
431 255
850 273
215 654
462 866
396 139
436 431
482 876
854 701
444 120
298 1176
260 1149
183 413
1088 285
1166 330
1084 673
113 633
172 892
162 232
234 918
128 300
51 274
1048 1001
513 320
893 1132
858 258
544 117
695 572
494 1101
1126 378
1062 1080
88 961
502 607
736 1078
889 1040
928 25
95 622
1162 528
135 1100
1188 1068
137 807
369 726
1 423
1062 267
235 399
322 587
487 452
549 1156
229 516
330 983
608 612
686 346
299 75
65 969
387 1055
894 401
1053 1063
667 455
992 1140
1185 766
772 823
766 1169
671 233
1156 1165
503 284
1087 1110
752 559
48 1072
1049 718
1040 1009
1054 1069
261 963
816 1084
134 762
804 994
692 1005
164 526
310 888
938 554
586 1178
192 1018
273 790
668 711
81 772
533 49
807 1130
1139 1106
269 1096
809 893
293 948
204 927
915 1044
696 774
883 563
140 42
576 691
514 16
1111 483
593 513
621 690
748 534
913 1190
1175 826
571 410
588 400
351 68
960 295
389 1119
1157 397
1008 814
670 539
513 302
204 499
854 1070
687 1198
700 10
1041 890
517 729
823 882
859 935
263 228
453 309
849 183
411 1021
207 167
802 242
1188 1130
341 1079
320 1168
964 253
751 115
593 356
738 167
463 753
33 610
777 49
622 802
1065 741
623 302
1177 371
840 976
955 384
138 406
390 681
396 1158
806 889
160 202
3 932
36 151
81 700
596 307
1085 1038
283 798
863 358
341 338
633 197
838 543
162 701
706 713
871 532
83 969
501 403
1063 656
558 47
706 722
411 818
1155 52
330 130
871 340
1150 537
625 758
1154 587
310 990
887 554
46 901
961 1015
14 1144
886 257
518 1069
653 949
1 1073
544 55
866 275
963 400
1162 815
664 10
917 1031
336 322
1001 59
220 1193
812 1195
673 950
156 758
773 1054
367 1192
264 1151
977 1196
1078 60
610 56
619 1053
772 589
613 210
918 960
899 148
142 754
861 186
536 903
548 476
217 664
1030 1170
1062 237
112 315
784 1083
793 997
80 182
968 282
801 807
129 799
1166 375
808 41
534 18
348 551
1078 327
266 1000
585 1200
413 344
557 813
1028 404
272 1011
771 570
2 441
144 1166
1158 219
860 479
192 680
500 595
142 339
684 297
491 639
508 191
1021 705
586 880
346 268
149 664
882 184
810 231
1191 1080
899 42
645 626
1067 725
157 504
481 741
121 251
1141 35
1025 899
577 1062
191 700
55 1190
884 1095
363 404
840 574
929 350
1 973
900 854
574 128
254 972
1036 763
804 499
213 968
693 380
248 1033
164 872
1192 389
621 168
407 81
878 490
607 362
1175 55
1029 285
53 992
334 854
194 202
501 1197
1093 782
330 110
181 412
583 594
943 1103
808 677
673 25
160 650
495 690
890 951
503 249
706 308
499 756
505 567
1183 411
24 1135
623 524
629 167
582 1162
696 636
117 919
1073 1018
1131 649
483 395
535 441
771 1129
733 613
716 689
127 57
725 374
539 114
861 984
1178 1052
679 484
979 1030
1199 387
508 767
972 380
470 538
997 695
880 790
71 302
1088 376
427 962
720 794
5 577
1144 911
243 376
143 1019
931 283
636 320
1109 209
301 544
43 899
845 237
518 1194
523 1115
862 521
206 763
237 1057
1031 586
990 1140
1028 395
557 1140
149 47
35 788
195 1094
387 157
868 1007
159 558
604 1155
1157 431
952 77
441 1095
802 273
50 634
819 481
139 125
830 707
794 741
60 808
1106 787
894 1073
262 1028
88 837
966 17
302 52
503 654
1192 124
92 849
668 376
58 347
681 346
776 368
120 1107
779 1149
921 1167
192 264
1142 897
1025 830
169 823
1157 435
197 600
471 706
790 625
1022 1110
140 5
1193 773
415 733
454 168
299 366
389 36
275 613
331 187
1042 1159
587 970
381 1008
1081 538
1075 245
157 534
702 646
332 218
1130 796
566 896
529 485
833 953
1112 96
450 770
412 530
351 674
337 222
908 1181
611 920
453 1174
898 256
424 729
691 1120
486 163
449 1010
722 487
335 808
272 267
1136 1180
85 105
750 1003
937 564
684 961
869 906
487 585
898 184
636 842
700 395
121 1055
674 1040
647 53
594 879
751 1076
1051 321
642 1078
1065 926
1154 1168
592 920
1114 1146
311 183
6 697
1134 174
314 739
726 26
683 691
385 125
201 922
417 532
668 764
846 658
589 1059
464 545
212 1059
376 931
289 658
222 636
940 491
214 349
611 363
437 34
234 373
1135 607
558 1172
577 300
306 477
1099 891
1154 211
1185 258
388 879
460 155
375 107
530 416
166 333
912 985
878 948
149 131
170 921
852 644
593 855
866 89
239 1004
1073 1154
143 549
865 626
478 768
581 115
397 956
881 544
681 336
46 252
1164 247
556 316
593 567
823 749
312 1112
603 813
784 221
520 806
315 950
70 356
587 915
488 227
519 242
99 386
413 816
555 564
267 402
664 443
450 238
277 1008
74 970
982 978
949 305
161 690
278 772
768 949
757 1100
80 384
1033 834
228 53
859 1105
1119 664
849 300
826 704
265 434
269 999
775 154
926 754
593 1147
1125 1122
356 17
1085 1092
1149 209
654 315
36 919
22 19
964 736
1134 347
250 440
316 692
558 377
282 387
1070 58
383 783
59 624
105 396
332 1013
289 741
167 340
1108 1134
292 500
799 385
577 1076
827 356
650 305
1197 1197
259 505
349 986
1063 317
2 623
1104 285
743 651
737 979
134 902
435 1064
948 690
557 961
280 247
488 1065
769 1143
3 773
539 675
497 940
227 513
66 532
653 106
896 492
593 44
1164 146
1070 807
731 742
499 720
791 623
983 123
177 748
936 1004
756 327
1025 952
931 89
13 13
39 720
830 815
724 135
361 517
126 173
181 1008
510 837
580 1043
531 298
1099 296
696 123
1027 509
76 49
467 572
322 759
532 201
818 822
911 1177
2 545
652 334
802 321
283 30
62 1063
84 696
910 1146
379 1064
1055 119
937 554
227 71
832 596
135 421
453 173
773 19
934 583
455 134
547 50
413 1118
1126 880
848 469
889 686
821 838
230 125
36 648
271 597
850 791
325 463
327 529
991 995
398 603
1179 541
676 1161
1181 616
421 1023
1046 725
1082 754
48 437
1067 151
963 768
960 83
867 797
260 994
385 681
946 315
12 197
271 1160
955 1136
550 510
750 246
399 1134
751 830
106 392
105 436
649 402
221 377
775 232
867 24
571 1031
53 1024
95 281
1112 611
645 379
559 331
753 999
106 1031
105 953
683 615
489 565
210 485
590 385
974 878
130 1199
66 142
1046 214
465 343
85 900
884 1135
471 707
968 444
1030 766
1096 418
41 758
638 847
1182 1158
720 324
430 1133
325 842
115 48
72 1200
1155 787
237 298
288 274
696 50
820 163
817 774
791 1196
1187 743
539 825
628 179
179 1143
961 1016
742 458
16 578
1 384
198 198
925 818
298 623
1130 600
142 794
622 817
1059 235
1070 534
1126 109
1124 550
1189 322
1098 28
1190 1018
127 1161
779 985
542 1104
353 389
643 105
846 727
949 331
81 217
106 1057
167 1069
849 933
648 959
400 191
1153 549
946 18
437 1136
141 870
659 111
404 440
939 784
1182 1003
707 200
709 283
204 303
470 65
613 429
919 207
475 633
753 897
256 292
268 222
332 1078
802 580
730 121
514 19
163 798
747 235
712 264
684 638
114 933
188 705
575 571
309 580
146 572
504 828
560 1048
1013 468
1063 1189
913 94
1133 1044
107 1200
1059 985
826 257
31 940
707 15
876 481
71 40
805 399
260 1117
966 637
563 1147
681 972
760 1087
1107 461
267 115
361 377
1045 615
668 1132
1043 1199
321 132
253 952
124 1130
135 949
79 37
38 445
441 824
670 919
1142 710
501 705
283 363
168 677
384 1123
295 132
722 1144
742 942
736 634
254 456
239 720
524 851
863 802
546 348
169 319
734 517
752 712
419 43
474 983
1158 104
1192 874
187 455
1181 948
539 477
527 706
357 16
87 348
399 251
128 465
88 1034
738 195
463 836
761 646
423 183
201 377
648 104
1137 738
634 1182
106 756
409 374
283 120
177 906
1089 724
491 916
580 523
106 657
50 1087
61 368
891 56
816 996
981 271
57 313
61 625
739 155
117 661
1024 540
1034 297
716 109
386 279
404 700
449 857
58 564
1184 279
22 136
141 335
158 125
1170 188
935 393
546 614
478 562
1092 875
490 450
334 289
1100 280
1024 73
724 134
770 1075
365 542
1053 278
167 1056
1144 801
185 110
626 829
670 931
972 531
1162 306
1168 257
45 29
612 77
979 1025
409 529
1166 859
70 127
416 136
961 586
893 104
884 496
1176 848
779 416
984 1160
30 360
710 1131
745 1080
667 908
618 296
343 706
118 1172
473 1138
372 41
841 680
1176 1182
772 746
983 531
789 523
843 1059
601 507
425 1048
834 874
972 1013
578 944
90 623
760 278
747 825
582 587
993 846
673 1004
579 38
95 200
347 941
541 542
932 1110
265 641
496 520
977 277
761 872
380 488
899 587
444 875
1001 1051
306 1128
542 902
785 670
1053 666
549 380
1178 166
1108 1160
542 517
863 320
463 513
630 1014
1184 231
1028 363
224 560
831 652
511 990
163 924
224 784
450 223
491 45
1073 356
907 786
1007 858
37 853
1008 970
1170 170
149 684
481 436
491 576
530 277
709 291
318 821
232 1008
546 561
18 1084
517 952
600 834
337 673
559 737
436 1183
720 908
376 248
621 548
461 1121
615 467
82 643
1033 188
69 1109
543 1177
586 828
243 225
291 796
838 1053
31 614
1182 462
1193 359
440 476
418 334
951 1037
1160 814
47 1155
114 447
769 755
968 493
737 1175
780 649
637 1073
731 451
1152 608
1110 904
1091 325
228 222
1032 186
1081 685
429 396
806 1139
1043 869
457 268
354 454
460 1128
49 495
104 1197
147 446
142 774
163 495
855 1059
952 451
326 400
828 158
888 600
1114 575
903 667
289 395
1155 816
87 928
46 67
748 115
891 191
574 92
481 991
941 1029
332 142
1140 935
796 339
939 481
723 795
1192 477
956 557
316 453
666 987
974 536
882 686
713 33
538 728
738 205
1145 664
1112 625
555 242
798 923
661 689
929 888
743 262
598 312
918 889
258 82
1047 738
466 594
823 393
336 7
896 663
922 687
1100 941
1095 1010
631 26
671 466
1012 74
463 665
158 444
803 142
487 601
420 823
889 28
917 801
709 962
1200 826
707 712
838 439
337 788
730 197
1129 485
1163 666
992 569
841 499
884 393
283 146
341 660
661 650
421 486
60 430
134 4
1066 887
1082 191
522 451
321 610
589 420
681 680
96 111
761 1045
917 861
329 418
292 735
749 1122
358 658
284 641
476 1173
1021 4
334 8
821 440
742 957
177 1060
294 1056
280 465
1170 713
382 914
1059 101
550 260
494 182
1045 652
772 387
273 427
281 179
1063 331
392 392
235 408
284 1050
19 723
829 284
1024 675
567 834
558 700
208 488
625 202
1195 805
792 977
1043 665
783 452
691 157
264 521
107 772
310 1048
912 178
28 772
242 497
89 752
786 711
487 616
950 56
62 251
1136 522
826 621
409 980
51 908
281 936
757 349
1062 45
67 797
942 623
630 748
693 834
833 954
1044 624
1092 793
1046 652
66 764
1161 818
132 1077
214 970
15 466
249 880
390 1149
22 637
660 645
786 75
98 234
1117 1156
1125 129
825 619
945 227
256 872
398 156
63 258
1085 385
345 636
1022 557
1079 39
836 211
798 1097
366 529
246 7
902 202
428 551
970 544
994 345
444 160
194 704
388 376
268 84
244 70
404 339
315 656
1177 424
1157 962
932 837
410 674
738 277
1074 1136
508 198
559 806
655 1042
120 352
954 144
945 1117
33 877
513 1005
824 1076
887 648
8 303
148 880
52 438
603 95
299 729
832 391
1110 14
744 859
668 384
980 621
646 437
43 159
746 246
974 281
579 71
433 697
204 485
316 694
672 859
457 383
130 628
947 710
1197 327
967 269
768 240
538 1110
360 941
428 58
752 35
1196 787
695 987
47 466
128 35
313 678
955 115
806 425
100 246
599 718
170 196
367 457
421 945
361 1165
833 486
376 642
565 1185
1170 939
75 211
156 247
108 1003
318 731
380 491
819 462
19 882
1025 469
1161 448
1150 1074
593 65
97 714
87 820
757 77
191 86
74 730
488 534
701 319
1182 671
743 68
786 571
81 137
1004 505
145 1122
1188 412
1137 829
901 172
78 608
697 652
679 588
27 255
80 554
583 270
759 1080
8 954
141 1095
23 161
1161 118
1079 876
930 372
1075 138
643 838
1072 853
384 615
153 592
661 722
722 872
731 780
203 429
958 924
1165 84
63 395
459 636
175 500
125 618
302 267
180 532
312 438
1006 422
293 474
445 826
516 388
230 202
466 616
988 610
689 599
662 1037
734 881
634 430
128 83
156 936
1074 220
466 193
902 268
815 450
154 713
595 549
171 1014
508 793
1029 784
1017 704
956 561
54 391
315 718
233 874
193 616
668 803
525 856
509 1034
975 906
272 605
51 326
949 476
123 1120
822 70
2 794
378 1086
1178 98
810 822
457 1025
1080 650
777 535
761 860
183 963
845 1042
881 510
182 730
974 329
977 367
408 552
888 226
461 308
652 1165
1016 458
588 817
133 349
1012 55
680 1145
70 903
1175 798
408 163
668 559
840 299
490 412
378 247
697 699
1104 95
1063 780
1097 1093
1185 946
1000 1147
964 616
454 875
32 364
46 573
1132 21
825 377
452 436
1080 469
722 163
777 665
342 569
93 875
791 159
144 345
233 103
493 704
12 198
2 971
285 330
597 22
439 7
659 438
1026 894
128 1076
485 1054
587 384
688 130
57 203
901 1138
1029 957
84 710
1044 877
114 33
927 526
122 533
323 890
201 9
686 138
310 198
468 1188
269 347
698 254
768 26
856 1148
61 962
208 161
1063 78
1180 1189
995 152
1130 522
215 846
27 254
1090 50
254 898
42 532
196 311
775 643
158 953
426 158
1177 414
1147 727
1177 1007
286 56
1020 1141
188 427
1133 396
72 251
429 222
839 381
776 476
542 1016
472 320
153 209
890 975
779 436
479 886
422 1018
830 308
2 14
45 68
338 1091
1064 727
86 583
1018 948
38 185
638 91
595 1195
630 280
319 156
864 32
135 1090
1158 728
547 1121
624 1175
780 1100
394 546
511 705
856 470
403 119
308 712
810 1171
511 1107
843 625
548 1153
502 204
318 566
629 1096
852 242
564 861
575 666
791 1155
980 213
86 183
217 244
611 948
232 20
930 433
523 1092
301 291
473 372
666 571
772 197
1169 1156
935 270
481 1026
55 157
1182 617
606 731
843 448
562 871
887 57
859 3
330 709
337 322
181 735
126 294
937 634
1114 1082
784 1019
1062 394
108 604
722 892
624 598
374 200
268 917
666 853
577 416
625 573
923 252
107 323
241 476
247 820
751 408
91 1195
830 251
1000 1191
751 842
888 529
549 787
237 391
704 1012
274 67
824 956
504 150
284 385
1113 1027
1054 661
869 817
1114 1124
997 887
1113 831
993 490
874 1139
74 429
793 812
99 100
284 63
489 95
631 701
723 699
1102 590
177 211
1005 609
146 939
737 447
11 1077
610 562
532 773
179 649
504 1053
1012 828
366 144
984 374
986 91
814 335
167 267
859 193
367 326
895 561
630 1157
1193 1171
1001 1107
516 1181
589 815
570 636
47 467
745 871
950 762
368 987
896 1120
902 400
261 1079
153 408
514 59
41 68
647 140
582 779
733 206
257 196
1129 204
977 669
1054 221
77 1095
71 512
387 28
811 1131
627 1052
558 359
841 909
753 787
92 1135
984 988
239 627
901 617
370 37
115 89
777 982
844 888
1070 894
1083 288
668 447
77 759
1155 682
709 389
1 442
1146 672
874 763
444 1000
171 1026
331 1130
422 1037
642 201
46 620
757 899
857 659
638 362
482 1139
349 310
262 1193
823 957
80 967
865 457
679 642
857 816
756 943
863 257
923 353
988 48
761 430
1074 94
523 132
634 54
402 929
1160 669
99 562
565 638
762 462
965 850
257 119
372 1161
235 743
807 1122
469 842
519 728
309 304
742 207
953 901
46 1074
965 592
1181 230
512 1041
80 1152
1022 594
510 1128
197 1117
1070 1057
860 15
1184 546
458 141
869 990
1001 48
499 649
965 941
392 1025
699 1138
955 459
928 233
592 1185
133 1042
447 1066
252 464
119 521
757 974
1017 946
872 320
144 259
14 849
1058 982
410 652
854 1025
971 824
869 900
290 230
197 1084
609 53
425 888
6 424
321 521
851 810
495 514
576 325
292 319
230 285
664 946
786 634
400 332
416 104
1134 936
81 1112
316 423
43 660
382 60
858 641
858 498
689 70
339 595
803 1076
1188 644
80 433
468 1198
917 337
448 188
498 196
107 376
563 726
856 977
831 550
1146 1161
635 134
217 620
725 186
479 913
297 524
755 157
104 1174
596 375
829 1137
966 43
131 523
27 92
924 816
595 870
1164 648
431 403
1111 776
128 277
618 423
1157 110
1157 487
327 465
69 435
105 849
22 1142
796 657
873 1015
813 840
566 70
85 298
968 350
89 377
175 1177
934 879
383 700
112 845
171 969
441 14
270 1139
768 274
72 859
652 1008
463 512
75 699
486 677
848 1076
504 422
124 1192
884 313
34 905
739 35
320 379
814 679
729 615
351 435
801 109
879 828
384 407
478 636
591 878
1152 1089
582 809
905 969
831 451
1043 1087
48 387
982 96
1008 1170
1000 1142
22 675
671 574
1075 1070
86 480
874 293
1150 345
1030 1111
427 1109
220 372
1027 132
908 530
441 793
131 311
733 301
569 695
650 1039
131 319
428 711
26 20
1177 1071
399 257
740 1130
474 213
1040 117
347 899
1048 717
978 147
63 104
839 1190
734 620
1195 1052
394 87
1030 677
659 1008
954 74
476 443
908 393
571 945
486 954
921 562
64 297
729 1164
798 250
269 1166
1052 751
499 624
805 3
405 455
403 406
1045 1013
444 1111
729 1126
846 312
503 797
141 19
339 457
890 1159
341 1012
1151 670
588 1116
144 1011
815 316
1144 882
314 352
924 590
100 65
422 17
295 536
441 545
704 867
147 875
635 286
13 738
1079 218
119 164
603 1070
407 879
484 870
87 462
1039 973
366 927
524 367
879 261
966 413
1006 935
390 23
887 421
406 310
89 372
350 236
1155 639
455 545
186 708
986 890
216 11
1159 252
1189 1035
660 837
566 862
94 1083
219 72
784 333
329 801
1071 375
185 726
891 1080
1180 761
853 711
453 1176
1196 962
1102 731
983 1033
56 320
728 885
584 459
933 34
951 76
867 181
56 1107
962 182
1039 41
292 318
223 1043
213 893
964 604
494 1179
650 549
275 455
407 469
249 77
518 637
694 646
457 301
562 659
435 1146
658 654
677 405
1125 1131
1023 213
926 345
568 212
863 773
434 895
25 209
849 236
1116 751
926 760
1065 47
227 268
906 320
619 114
191 300
969 213
58 983
67 338
601 669
852 35
807 431
410 701
224 1070
443 341
999 777
463 152
908 605
128 939
354 748
879 1076
1177 951
730 634
286 823
210 922
783 1000
542 1048
654 370
1200 410
1005 956
46 934
416 716
531 1022
410 1065
900 920
854 881
343 971
691 79
457 587
147 584
866 603
854 1077
860 400
758 81
640 164
20 378
369 960
631 816
609 845
139 566
404 649
1131 458
207 344
1021 457
382 211
932 171
152 655
724 820
202 858
529 262
981 297
820 102
746 116
433 583
524 1133
575 561
1124 503
276 868
42 921
5 501
250 550
119 971
53 1010
35 1132
817 524
968 1138
193 322
920 1152
1095 229
216 800
194 418
1159 1093
312 896
847 872
500 1070
412 1130
1100 402
757 25
234 877
50 942
1161 845
330 985
945 1089
884 547
206 566
106 709
37 1123
722 43
629 130
841 303
196 266
960 401
99 631
50 727
856 396
678 485
1113 1082
351 361
405 205
519 245
34 1109
723 671
77 395
322 777
679 313
579 1088
501 1125
756 523
971 882
691 343
766 631
925 898
974 0
342 726
792 335
178 423
95 1087
425 250
846 948
1163 975
642 21
279 72
878 1079
3 713
124 1034
229 1065
180 749
799 609
403 575
1166 748
123 146
287 526
1089 133
1098 510
644 1185
307 870
683 226
1193 456
839 128
766 1166
667 338
590 608
356 535
1059 975
47 265
320 566
900 745
826 663
895 920
955 159
271 466
1122 830
772 486
185 985
556 61
18 936
868 367
288 1069
382 144
508 542
812 575
496 1002
848 870
873 420
51 618
669 488
990 594
163 1141
31 71
1101 370
307 464
201 316
960 800
2 192
626 728
335 78
895 859
533 240
846 317
467 1181
244 922
16 449
223 356
569 1185
744 549
452 952
409 686
941 1153
664 528
382 732
340 359
362 619
369 652
26 201
1193 841
783 1174
239 724
184 675
1064 791
962 877
2 581
917 630
410 952
1007 218
271 898
124 627
90 376
616 1190
661 979
186 370
32 140
467 884
267 822
1133 64
392 913
1025 1195
885 584
237 709
1153 1135
610 1036
26 453
382 362
355 329
873 464
1091 80
641 202
444 906
590 509
762 538
642 932
838 101
812 701
896 845
265 348
1075 935
1094 897
1005 940
1070 769
90 1018
1034 354
1139 956
654 741
649 922
858 458
780 543
1098 99
259 656
1134 730
822 592
1102 1046
816 739
235 173
1192 752
747 402
408 1113
827 506
553 1137
666 289
399 52
65 1011
40 1059
136 498
674 471
988 155
433 241
1151 975
527 556
256 1110
886 106
932 902
832 541
961 786
787 47
811 765
296 43
1105 602
238 838
377 1059
800 181
190 480
1166 995
56 8
394 1144
941 1183
196 268
1016 933
375 1059
924 285
122 424
74 328
1049 1106
533 253
1105 427
185 263
939 973
1165 603
1175 1024
38 554
567 200
961 1199
1100 1024
302 900
1112 333
78 482
662 1032
746 829
1044 36
865 761
680 1190
200 335
402 472
1040 400
217 434
731 1089
581 1149
166 157
204 171
920 1185
827 323
775 135
1183 178
612 1074
943 403
1150 51
642 370
229 988
406 169
648 572
1034 1140
126 674
757 692
497 319
1054 674
424 31
709 48
266 38
930 901
366 449
937 125
1182 89
159 1183
132 339
246 454
1040 977
504 1160
374 58
1140 1154
1022 115
136 330
446 124
773 970
758 218
209 1043
467 747
828 519
95 525
542 1137
660 970
657 180
362 1144
124 123
209 565
113 1092
93 714
380 632
740 921
345 497
317 1043
467 1080
669 232
938 914
659 110
114 818
676 1068
405 1172
693 572
1071 749
844 699
161 256
224 514
890 1132
235 744
871 256
934 50
273 368
118 519
334 380
172 621
13 134
256 76
266 1158
17 529
1006 286
782 337
1139 130
1130 757
453 612
328 761
355 214
524 776
944 286
846 1005
755 663
961 297
512 592
225 786
732 372
61 1010
466 1091
638 67
21 868
13 795
254 880
233 792
1 447
543 56
168 971
134 140
49 1173
499 1071
794 116
573 508
269 53
751 318
490 844
332 303
588 157
632 1189
815 1182
1065 656
861 1048
57 544
822 149
623 72
1116 5
1075 398
519 324
643 787
280 419
676 404
746 92
656 908
977 1036
81 671
1085 16
939 611
1152 201
391 66
140 970
962 297
1120 509
12 935
923 187
711 418
172 633
393 785
544 1141
965 397
38 887
971 363
654 196
830 820
1113 611
717 176
444 305
1062 1110
782 494
303 893
908 491
106 192
592 230
929 1024
305 223
640 33
488 776
849 1197
481 1097
481 610
876 1148
1015 877
327 839
291 24
880 344
687 919
897 754
793 0
204 739
737 949
1005 195
279 243
954 299
924 1119
691 511
876 803
724 1150
198 1069
276 117
156 66
5 1111
288 817
1184 961
1093 268
1037 200
1097 60
349 1061
1095 200
193 1116
818 667
898 1004
440 1168
768 130
706 1141
972 30
633 412
98 1181
655 471
1000 374
963 1133
574 953
769 217
544 391
1152 736
239 209
327 711
1147 647
1024 333
928 314
468 1046
935 184
788 45
1148 962
622 878
1167 1056
214 1159
694 290
6 911
525 1040
154 776
971 740
330 924
784 229
5 96
1044 1039
453 325
379 679
1025 798
589 205
1128 1083
327 533
964 117
511 947
349 664
510 1163
1147 1157
687 755
19 1182
1150 755
382 372
35 23
1164 28
81 354
330 792
333 1128
1074 188
364 9
957 1111
597 302
1002 714
1116 177
239 250
325 932
43 503
1010 780
361 39
384 1026
884 1055
1097 963
615 616
426 177
704 588
868 90
1098 1021
919 968
78 247
24 231
576 30
1192 517
445 908
380 325
1053 8
821 537
267 1154
1107 422
619 1158
487 939
861 1061
226 841
1172 131
741 296
732 371
379 674
194 1172
630 1055
233 4
802 967
1062 822
184 152
962 65
613 262
1100 960
1101 567
43 417
877 1094
225 490
160 1151
522 328
910 274
208 181
218 5
560 578
842 397
1145 1032
33 988
718 163
481 540
585 991
932 289
497 439
583 1001
952 893
484 1043
1016 498
710 440
932 853
522 65
495 1084
713 1182
256 254
62 564
725 915
290 863
429 191
783 131
704 53
96 878
71 369
244 815
288 1085
313 721
1067 1067
306 193
557 853
832 80
461 825
664 278
799 1177
397 443
847 988
850 924
605 439
290 953
852 821
736 699
110 70
834 144
995 606
691 728
1024 135
1003 636
204 1112
791 1166
218 910
1061 527
851 937
259 913
200 1018
978 541
1040 404
577 505
910 1197
1002 811
972 942
1061 1083
190 399
750 561
768 144
506 407
653 1006
374 997
761 974
359 1071
832 165
545 724
448 528
359 1110
825 113
1059 945
577 1065
594 543
418 1103
1047 199
178 65
348 1200
839 720
46 128
1017 368
872 1174
476 923
104 208
174 787
286 211
151 399
1003 83
372 465
866 393
685 413
609 1054
230 645
370 760
877 640
670 376
613 173
301 570
403 210
998 1160
843 196
596 61
778 1067
857 1068
673 873
1123 46
832 718
837 859
1099 600
27 415
574 1199
696 949
32 754
495 948
1063 346
891 689
377 1127
314 958
694 288
414 552
547 297
1045 882
47 422
229 242
1066 412
734 403
161 1034
491 1096
410 262
633 912
137 366
246 1084
552 329
141 770
987 810
947 479
1107 597
951 950
293 797
937 411
1117 1069
1000 7
1048 955
762 916
244 24
576 1010
356 576
452 474
411 608
272 735
543 13
502 1169
517 585
961 437
46 489
265 137
527 1129
873 764
1029 439
321 446
393 266
891 755
345 658
1014 26
1171 625
186 1195
222 682
68 423
439 711
211 243
79 364
619 1002
810 946
122 947
1148 1007
993 635
925 922
386 88
63 335
733 826
640 723
579 448
853 61
859 496
503 1014
148 500
1097 864
916 54
944 386
186 1008
1089 835
516 969
185 568
448 623
1144 904
258 793
1107 215
316 30
920 612
31 300
273 206
376 861
1131 1159
1031 683
636 7
397 7
546 899
300 928
238 462
153 1153
600 464
350 23
209 93
590 922
677 657
727 483
262 749
473 971
618 765
985 619
674 994
786 464
71 357
236 313
134 1196
766 770
456 1193
212 53
567 768
413 550
35 247
97 213
1150 195
1143 566
984 1181
1045 1024
324 614
1037 272
1129 163
238 478
943 768
1037 763
12 848
881 1079
281 383
640 578
345 527
528 1190
700 1053
65 1005
798 975
1083 554
295 287
578 752
1055 244
292 944
1111 73
998 333
573 639
1001 454
234 1070
314 229
1103 574
975 745
312 275
542 580
735 1038
964 626
294 455
306 436
407 688
665 390
1162 1038
912 578
1050 142
949 966
44 1081
760 794
517 444
160 621
184 658
946 101
115 1019
496 150
64 145
448 53
319 257
908 321
876 412
556 1105
631 847
714 337
1094 561
263 451
752 455
531 582
590 873
506 508
586 865
330 66
751 639
695 825
534 1031
860 866
887 389
303 127
79 318
173 648
122 544
1036 442
644 659
269 394
181 353
0 1155
825 1168
126 666
190 579
975 678
118 1131
251 626
221 299
762 930
445 876
1042 559
1147 115
666 580
769 1002
370 669
626 527
618 542
172 225
814 481
371 56
130 573
103 899
720 276
1192 965
609 669
490 194
484 606
769 655
380 109
1137 584
854 594
25 972
546 861
724 1086
17 58
754 769
554 414
950 593
592 710
444 589
239 406
168 939
537 245
104 1072
129 986
900 784
777 708
835 863
1110 1188
960 184
226 195
424 1020
684 1037
945 884
450 329
1190 893
803 271
1021 193
769 1170
614 169
805 1043
1061 329
963 491
750 274
716 1082
602 1034
545 515
804 196
958 1032
513 689
542 448
1146 599
736 540
728 991
364 119
1010 1114
655 785
464 1035
912 1163
221 956
957 623
353 64
309 763
831 322
1046 65
258 660
644 581
545 706
304 587
27 663
445 258
65 519
284 688
330 1016
509 214
920 996
465 1055
16 1034
86 456
987 990
732 273
518 246
419 401
258 820
948 411
18 49
582 237
827 789
260 825
1058 816
109 449
1160 694
153 237
1177 342
674 356
773 663
752 138
170 976
535 1016
975 131
431 722
1019 760
1166 633
1149 1131
195 755
785 1192
25 146
1163 1035
197 761
875 475
732 526
548 981
513 527
937 280
553 999
788 499
21 1031
983 917
1077 128
459 572
679 486
167 560
588 813
1008 527
536 1084
559 736
959 721
489 835
939 637
624 872
1158 1070
360 123
248 766
375 77
427 319
298 438
1021 1196
887 505
807 903
1197 1061
906 519
1183 371
136 653
870 1176
655 40
559 295
326 8
1178 1160
610 759
1182 364
815 107
467 613
653 260
1012 291
208 318
663 106
212 1143
843 337
288 1077
887 887
964 997
400 1172
1090 314
601 450
670 880
72 149
156 302
387 1006
23 1017
517 832
151 885
38 1136
1159 373
486 269
1187 330
596 868
986 533
796 832
1097 64
880 625
61 1105
878 655
1071 453
673 113
1070 506
483 109
773 1164
915 822
23 209
614 1003
419 91
4 589
813 520
843 881
893 254
508 605
650 820
420 40
948 511
661 343
466 1058
430 356
967 733
906 1179
222 63
438 25
445 987
858 301
105 561
935 766
872 381
316 533
882 1196
891 324
937 1018
159 199
110 502
35 1111
725 160
420 456
881 471
1136 1129
263 77
557 1045
911 490
75 120
942 625
135 978
1014 914
910 543
526 1041
26 540
621 622
135 527
803 840
926 446
1090 479
845 1134
797 775
1143 210
1043 28
985 736
207 1129
252 876
1078 3
251 0
553 609
759 580
124 562
1147 194
1095 86
690 834
969 78
1174 966
900 98
482 102
484 25
691 685
1075 791
725 706
63 56
1166 822
120 459
340 889
1148 1064
313 1125
600 488
211 738
353 327
1019 1135
738 1055
624 691
1198 640
1038 771
205 919
13 173
849 703
928 1143
692 641
766 178
401 442
788 751
752 851
1019 117
1090 824
902 96
572 216
1189 821
968 629
536 695
1086 1165
105 924
1013 429
111 848
984 996
704 400
822 10
1041 168
877 226
1185 952
1088 155
215 1109
727 236
191 116
888 940
1150 1042
143 400
672 205
665 694
883 104
168 424
815 221
1066 751
867 926
237 903
264 123
747 938
579 387
976 16
882 579
669 1200
387 1066
929 248
157 175
1042 542
172 84
848 543
990 535
1178 218
892 1037
721 659
894 851
365 436
1071 952
94 1175
447 389
742 885
542 371
789 659
1029 271
455 781
860 491
568 249
830 727
555 1018
870 962
575 260
28 188
1063 202
28 6
28 1121
415 560
745 61
94 299
1174 256
1058 1131
969 345
808 157
290 806
517 676
1035 1193
457 218
209 257
813 519
391 385
243 1005
878 499
334 66
513 412
393 889
1078 13
986 1103
712 239
333 781
1037 419
199 566
939 319
17 1099
376 117
316 1149
862 804
294 1168
101 55
929 492
65 576
723 803
890 573
426 698
888 965
139 472
1 360
780 147
409 145
1020 133
818 20
198 269
137 597
936 21
457 421
923 570
616 687
816 1107
96 901
759 928
914 1177
872 304
179 385
939 1109
832 201
417 682
874 403
1091 99
1156 19
316 1138
352 331
269 108
46 518
192 947
564 0
679 834
1052 53
1104 905
978 1094
833 53
423 376
662 832
537 897
360 1022
670 146
126 124
1033 1031
48 1090
605 848
59 203
487 232
233 1000
554 526
1147 731
1040 13
813 870
859 278
672 282
1168 1068
523 604
371 265
38 616
116 1143
278 583
333 195
277 413
702 1191
7 517
1135 808
258 1105
756 1090
1198 511
1129 964
493 1142
91 1093
867 1075
167 196
640 649
1006 1145
841 51
167 1028
230 163
191 1200
431 665
1102 586
1122 163
855 146
219 254
43 1015
808 772
404 925
713 174
1066 68
1141 358
128 505
1192 34
87 120
1031 506
572 819
1067 292
376 1071
505 89
963 592
651 1034
969 145
520 1064
1199 706
497 895
748 834
202 899
1194 1065
838 242
30 1165
1027 84
1108 964
134 257
615 190
593 276
493 447
1129 358
527 685
69 684
1142 1108
646 1169
570 680
119 652
1140 906
631 83
556 839
142 611
241 783
427 314
957 959
1018 168
999 496
285 670
1155 87
586 445
682 51
183 480
1197 678
312 739
13 472
1071 702
4 295
701 869
855 445
507 203
362 544
402 814
1181 239
752 327
363 784
691 60
611 1165
257 415
1178 517
620 66
826 998
642 10
738 225
298 1147
500 1036
717 762
737 1002
746 194
32 670
167 963
1002 602
838 513
213 1063
808 727
442 78
58 423
762 428
123 843
262 387
302 294
505 305
276 658
203 528
524 700
413 247
885 1197
282 1128
653 870
137 892
832 430
15 663
24 1200
81 669
658 8
901 113
61 263
679 98
1093 468
693 645
989 1142
412 453
319 554
305 534
682 453
15 1100
856 72
398 194
12 234
1142 219
72 116
1174 41
1064 477
170 82
4 464
14 342
353 964
20 704
557 35
384 277
140 745
851 802
737 687
501 113
749 1123
528 262
385 155
402 533
1078 1124
908 384
979 573
888 784
870 592
838 781
769 291
841 802
1182 290
385 771
797 340
186 847
612 1140
393 825
256 861
68 1200
77 457
522 1053
431 128
116 986
126 353
838 78
549 74
568 130
684 336
486 443
970 767
225 591
213 1000
962 940
611 96
582 214
597 1171
663 814
552 311
369 8
288 871
692 1016
889 165
270 75
656 352
941 183
1017 1033
731 200
388 57
439 894
857 1057
149 677
1091 250
1130 355
964 773
511 372
63 517
325 336
581 566
16 990
783 623
983 907
365 253
141 207
771 1072
932 600
669 1053
156 429
640 776
28 831
130 411
1177 1193
985 608
801 218
132 1090
720 799
351 63
768 817
686 756
898 856
578 906
57 722
697 103
256 632
461 2
1143 1182
866 828
1090 542
552 353
513 964
906 696
692 976
747 426
1053 1020
630 867
774 189
776 1013
948 614
453 194
1036 832
128 948
497 87
792 45
479 160
987 711
1068 821
808 669
1158 1100
955 415
981 943
949 970
144 475
66 994
785 43
817 211
497 827
1081 929
1190 103
223 1097
123 738
880 937
688 887
979 711
1124 253
491 644
327 448
786 7
851 694
171 751
345 643
216 852
50 1143
422 596
47 285
452 488
759 9
40 535
993 260
1029 188
1055 746
916 181
109 296
698 749
1032 1064
1180 999
15 209
453 909
36 333
697 71
339 160
249 790
215 475
820 754
924 1042
990 912
523 206
298 692
176 526
323 471
331 266
639 215
168 588
869 577
25 771
557 1013
62 277
690 111
255 626
930 511
298 121
361 1109
880 1136
65 459
601 218
1091 167
961 299
926 508
527 795
1153 619
295 1161
26 508
522 978
564 29
476 852
577 7
784 1088
222 134
467 910
59 747
1013 918
1115 643
616 514
953 801
109 687
799 394
1144 620
298 703
1072 662
533 523
1041 206
819 126
1133 653
68 1014
1101 694
657 262
159 53
274 536
755 1030
81 795
707 1096
268 491
1189 250
682 760
276 493
741 86
156 410
359 133
815 425
262 250
660 696
1171 67
196 181
287 593
614 435
218 678
1065 150
511 527
943 1069
1029 842
190 897
293 940
254 551
568 900
434 1047
935 1167
941 895
1110 188
192 1074
1044 427
361 587
1122 429
315 962
790 710
1161 927
21 4
1016 686
674 464
953 275
419 498
465 666
850 616
1183 205
618 478
1073 802
608 424
803 640
668 979
231 534
711 123
494 921
749 1098
925 307
757 990
60 495
376 386
651 356
490 585
1147 753
456 740
10 756
131 169
1022 745
18 799
239 166
733 1126
1084 800
692 157
486 103
195 355
969 1171
1135 520
325 120
818 497
1026 619
364 845
1151 417
807 850
701 175
658 1023
922 105
139 1151
594 146
1186 180
853 300
33 369
1127 953
353 499
363 889
279 293
1081 596
491 812
986 584
112 132
1040 668
213 826
552 514
712 793
452 572
458 224
502 101
86 443
847 1044
413 1068
436 91
0 277
552 595
1008 891
306 862
214 901
1112 1006
57 177
695 230
1020 124
452 826
1096 324
435 387
1016 220
393 1071
687 592
824 675
816 423
997 84
368 1069
167 757
582 1056
578 6
810 737
443 48
625 579
304 283
695 956
709 34
848 243
842 14
1140 679
194 723
43 864
1059 238
1062 41
846 881
968 475
192 74
642 877
479 638
760 784
50 425
12 90
505 543
616 835
458 719
578 571
738 55
363 249
1031 209
796 653
911 771
667 431
60 313
680 261
20 989
998 1134
118 114
51 174
324 994
348 894
659 390
820 185
243 977
1172 120
218 591
678 848
1128 866
1034 308
1045 883
576 392
899 859
21 396
1198 290
588 139
24 494
379 1185
1080 222
546 698
708 1181
626 3
622 3
682 921
332 307
1048 700
722 995
658 512
322 326
1139 256
191 337
814 213
452 70
783 305
902 537
575 443
437 138
116 636
1084 121
799 657
1026 669
911 425
409 1175
1013 492
1048 742
226 827
190 440
307 984
308 104
208 730
840 124
120 899
1200 500
151 198
1124 291
7 674
110 333
1107 932
1038 1115
783 547
564 191
602 833
41 865
482 396
807 1111
77 545
241 1022
345 1166
1108 501
722 749
31 418
708 254
1036 523
931 572
839 943
1034 779
286 535
186 597
858 819
1068 217
580 674
604 1091
297 486
839 245
683 1093
434 553
800 521
697 1061
237 510
1090 1054
21 661
195 523
1132 68
1014 807
924 1117
448 47
1109 22
497 606
1141 501
554 185
178 279
1128 394
1116 37
436 372
175 129
1037 637
587 356
1161 143
351 913
221 36
735 702
570 1018
634 1189
419 503
813 742
313 597
773 1040
50 392
259 1184
652 1080
46 1179
390 49
699 282
907 986
83 453
675 604
545 433
826 114
78 185
120 323
35 640
224 389
339 680
356 902
622 419
137 916
313 884
843 156
1136 460
465 1069
1058 53
379 1045
412 106
314 993
290 1013
84 1183
242 988
1082 133
866 196
722 224
983 930
362 326
269 929
1063 859
144 1085
1176 1114
455 133
1088 594
211 102
524 28
1076 136
1045 167
975 799
373 548
1197 332
905 55
944 445
678 244
232 28
1 191
902 844
1163 439
548 334
1040 125
808 79
1082 994
749 375
142 369
899 942
882 812
807 843
354 494
823 0
208 223
567 1035
529 749
202 17
144 612
300 152
949 1100
370 701
45 586
513 775
972 751
400 178
614 919
559 460
929 143
418 908
820 509
874 260
1195 386
526 92
1124 837
480 909
552 130
31 219
887 807
359 62
284 299
567 244
1081 962
121 4
583 1068
431 1071
808 439
244 965
372 734
834 625
454 25
62 1187
670 1147
678 1023
693 699
756 1131
763 916
244 601
807 216
314 479
1150 1030
557 542
456 548
1134 1195
319 689
741 399
84 396
1117 178
204 320
741 138
403 787
404 173
1151 412
100 507
23 921
954 944
1001 11
1191 881
1097 772
296 202
422 296
841 75
424 753
281 107
794 253
187 982
692 193
199 768
554 935
182 633
91 989
781 157
484 121
593 625
406 696
497 71
1041 657
573 233
387 284
630 1034
425 1184
690 628
201 731
498 141
182 512
523 701
102 295
413 275
490 314
31 480
823 1153
511 332
251 428
842 342
359 988
958 171
387 1142
450 186
796 328
269 7
286 550
46 635
900 1031
227 415
884 320
585 876
1135 694
20 358
1107 36
684 1190
82 640
116 755
1161 532
528 624
1020 595
871 254
1155 346
975 229
612 1003
1180 970
1125 709
665 82
960 159
612 492
1067 37
1158 969
603 469
771 1023
355 8
620 540
518 1156
1058 421
807 712
307 422
371 1063
518 249
992 51
42 366
376 416
930 1144
716 547
887 720
390 338
44 440
731 1008
183 567
1105 188
253 753
311 1177
43 1000
98 110
57 849
70 488
423 348
1022 402
96 506
668 915
224 663
173 148
484 425
756 967
174 112
856 453
889 728
983 346
1152 651
912 791
119 415
596 1138
304 226
257 737
808 979
851 79
341 730
840 564
608 543
928 307
675 14
1122 887
379 408
196 1118
1002 554
582 811
18 821
3 109
431 422
692 836
765 354
458 888
1082 310
378 262
397 1137
1087 576
697 41
483 1005
434 544
557 53
79 1060
1120 124
919 816
137 682
55 226
311 364
30 220
774 90
111 288
486 535
81 381
1103 465
1054 753
871 734
627 36
927 1154
258 988
1011 1109
1180 529
621 4
734 680
1091 772
203 743
838 316
735 116
36 141
1106 320
910 7
725 446
40 1026
1115 201
144 86
808 615
686 852
1113 691
378 744
1075 1072
23 1014
1082 19
1157 134
462 1013
594 437
737 719
546 719
163 605
150 282
28 360
125 462
880 806
1164 723
962 256
722 815
1128 532
572 788
381 334
159 941
0 1175
95 825
635 364
120 1035
964 678
554 1144
471 82
563 17
905 452
916 616
494 912
378 1053
194 797
1115 701
99 228
122 987
752 340
223 517
771 1047
356 73
829 693
1151 469
919 301
322 935
1017 603
901 470
1078 711
1051 257
478 132
470 237
920 1101
713 662
115 243
15 967
939 31
305 74
801 596
471 669
311 893
567 105
135 479
593 902
1035 1002
930 387
617 960
1200 652
853 167
293 33
1010 714
1085 871
56 258
831 244
959 210
957 1152
908 874
568 1131
83 506
254 662
466 690
583 741
63 510
393 1055
14 727
812 882
850 721
3 883
74 626
763 742
176 359
123 910
835 805
19 803
932 1161
596 544
292 1160
904 745
939 242
664 86
40 396
1128 743
1130 1107
221 161
810 862
305 643
566 531
415 1135
446 993
1002 25
1157 98
566 599
990 187
839 1129
744 114
575 958
226 455
774 1099
813 860
281 757
1099 1087
469 851
365 56
102 1092
714 1026
695 1177
157 1146
654 535
825 466
920 288
175 573
1054 518
506 1106
32 1042
452 307
573 525
774 469
461 767
196 937
1067 666
934 665
750 1120
496 212
463 756
1118 1179
1122 174
899 1156
472 87
1152 816
115 151
738 767
46 526
1190 199
251 769
1124 467
716 1002
704 1121
667 232
824 1059
1177 180
3 545
115 545
997 159
626 41
193 606
520 91
197 203
117 88
1040 177
126 565
679 1121
455 609
982 199
1128 14
297 374
314 789
1127 184
603 310
1002 443
545 734
1038 270
832 770
22 711
904 411
558 783
806 90
522 20
268 476
1022 358
1083 108
142 556
504 730
419 572
535 158
864 391
850 1184
1061 552
1098 350
659 103
634 574
128 316
753 696
379 330
734 1178
766 286
1119 538
1106 1015
314 1088
263 161
579 108
123 246
654 697
307 998
561 670
429 944
160 646
735 385
484 607
814 659
1048 603
121 714
142 809
862 620
1197 296
164 892
1092 562
514 808
502 667
894 1173
951 410
956 377
1100 1083
883 54
235 669
290 742
17 79
964 725
953 369
541 1199
818 595
1041 704
740 940
1160 419
327 990
738 448
899 983
749 984
995 884
441 784
1180 631
247 459
981 1025
968 907
839 1071
434 955
997 154
532 931
281 872
1089 136
921 127
986 580
469 448
476 775
199 735
450 976
900 950
48 298
1129 936
758 564
160 158
633 902
589 999
871 444
161 474
349 431
266 331
723 217
460 411
886 145
380 1029
1051 470
706 662
1181 102
1059 707
1141 993
558 1084
437 1040
904 106
513 980
1185 970
190 541
106 655
162 1084
156 489
242 1149
1076 964
532 288
467 703
1097 727
812 449
208 1188
321 214
299 947
1140 206
636 224
1162 812
1074 288
587 881
394 1179
480 80
365 847
428 451
1158 164
223 961
624 140
121 588
208 224
327 776
158 20
103 495
154 213
685 200
935 307
983 546
628 51
77 971
397 633
700 905
199 125
616 95
969 84
1075 332
856 303
1139 128
36 751
101 1070
862 1110
528 646
1048 284
45 609
752 379
621 853
207 1037
606 443
1079 243
147 185
559 1107
187 82
97 647
728 355
660 1193
185 542
236 361
720 677
183 646
865 1084
371 445
303 403
72 167
38 846
667 613
402 201
350 1070
734 580
252 439
793 298
54 875
740 918
130 213
189 426
1099 581
977 866
883 845
678 1053
704 928
149 519
892 798
86 240
629 1196
62 1007
478 826
1164 156
1015 616
634 210
587 252
95 939
32 1163
341 179
661 1078
671 824
323 1150
1140 1074
219 935
1070 734
984 378
1120 1137
1158 592
875 673
1105 48
349 749
575 619
81 440
614 954
517 699
764 689
120 434
198 47
563 914
508 557
259 962
1017 719
90 831
1113 619
220 545
110 1023
845 235
293 261
251 547
1154 642
577 1003
998 166
1105 833
1098 686
558 999
237 661
0 961
580 1158
936 312
499 129
162 448
341 761
856 338
282 641
462 810
217 1037
189 419
601 775
324 1179
249 48
966 914
92 506
334 185
143 354
292 637
1048 716
300 590
397 1163
138 661
742 796
1169 473
1017 496
523 207
622 686
510 391
687 61
81 567
816 1122
266 56
523 856
99 968
1138 2
391 3
987 278
1024 85
657 417
345 908
352 214
1190 796
46 895
954 832
654 258
1170 58
814 890
329 988
550 440
209 939
357 869
1119 725
1162 991
500 264
300 611
450 247
722 1162
227 460
55 1150
599 353
48 1050
809 1168
408 164
502 854
949 279
50 639
10 1060
790 127
1192 998
1095 98
488 590
315 252
858 324
505 366
600 1135
225 330
381 858
284 355
1087 31
987 867
373 801
62 970
334 318
39 741
1050 241
964 1145
607 455
1044 945
72 792
663 1018
383 611
238 797
237 403
153 376
259 1041
365 935
815 935
521 687
806 797
298 1163
628 913
669 355
1057 782
133 190
251 1056
210 835
341 545
328 377
27 1152
417 264
154 1112
6 285
970 454
690 729
541 77
933 76
487 128
863 733
1176 1094
243 916
153 509
747 206
62 481
1152 596
664 366
953 359
572 996
1177 573
1109 346
472 655
1049 1194
973 753
1057 715
660 205
368 1044
1175 388
912 696
247 209
528 809
587 1110
842 162
43 846
803 349
320 562
809 1080
93 113
186 1198
293 513
335 655
462 325
0 735
65 108
1149 991
414 754
338 240
682 227
958 642
51 157
38 1116
615 1007
835 630
1156 974
1125 97
419 279
1099 228
757 597
491 423
575 274
81 589
256 933
692 1033
459 706
714 607
901 986
768 581
151 26
77 123
203 293
859 1071
286 620
52 97
267 341
1042 13
168 384
622 253
231 138
737 609
1189 942
205 829
557 473
766 14
999 699
85 562
324 396
595 489
84 137
1038 278
36 934
137 19
352 337
153 812
625 407
584 494
123 563
724 145
570 792
120 537
744 568
426 337
222 973
915 642
970 634
213 134
1190 533
532 558
17 109
604 413
433 785
589 921
585 952
1090 238
648 561
775 76
713 348
326 1033
32 1116
1017 249
927 80
711 200
1007 1156
625 642
122 199
995 611
933 1087
419 1028
410 877
1054 975
570 752
787 986
878 235
257 536
893 289
532 933
296 338
385 608
1125 293
435 86
319 248
812 278
808 197
75 53
711 850
122 405
898 133
394 581
281 174
965 440
180 36
979 320
874 491
1145 860
1019 715
340 495
985 49
685 338
626 151
1087 547
1017 1022
112 495
121 1186
1065 1062
1149 737
1160 1064
139 667
105 504
58 669
1087 343
192 842
285 328
431 417
539 70
921 447
1137 20
130 131
476 1087
386 1042
536 446
1013 419
627 415
542 591
414 417
337 994
595 464
1175 568
500 184
992 1098
488 1084
1062 787
751 56
292 841
320 1041
93 22
665 561
837 392
959 784
583 52
630 557
1067 1158
572 959
26 1125
773 568
24 437
257 189
202 658
973 1053
269 657
357 1015
685 512
28 791
93 338
936 375
721 699
73 63
185 742
141 815
231 1046
345 951
1072 498
444 485
818 1086
442 825
948 1126
809 325
411 1178
329 465
21 620
167 146
1057 72
270 224
208 523
93 136
78 326
727 1025
262 150
842 888
71 147
438 62
609 277
786 43
318 1164
1165 857
1196 963
540 848
1001 602
721 591
1064 110
619 786
407 386
793 205
256 731
979 249
146 563
19 253
545 1016
1028 632
432 922
595 1118
801 880
869 1066
107 606
589 839
75 395
27 279
862 239
446 75
7 697
666 357
1091 505
1005 1062
395 784
89 404
270 1148
725 1198
869 896
473 335
606 600
838 534
927 596
1056 120
64 1134
831 1065
533 69
1058 1029
47 170
880 777
958 1111
745 360
343 1015
309 877
336 39
663 478
588 421
227 1060
21 323
945 1104
584 772
282 240
315 1123
1159 1156
356 999
1143 739
789 627
1105 176
565 1145
792 562
1136 151
256 329
928 194
360 285
406 792
680 1195
858 290
25 1108
141 398
498 920
375 567
1086 1157
570 210
59 1162
817 254
751 471
1077 166
97 20
854 166
330 235
326 850
854 694
456 598
902 330
704 1018
154 1030
237 1069
111 1034
68 206
7 588
478 75
314 1026
603 1083
6 1067
819 646
1162 423
1182 386
245 445
790 298
822 531
196 344
992 461
1048 639
628 682
119 445
351 193
612 435
673 264
94 877
923 1070
973 505
1027 4
1087 1155
980 860
853 883
309 867
362 97
184 20
414 1195
26 285
764 1103
782 673
832 350
1167 679
296 1080
967 626
566 1001
411 687
791 35
1117 981
832 581
457 417
989 831
166 393
116 86
718 644
570 366
348 451
997 1088
1142 208
1152 669
850 32
1049 197
220 758
273 250
186 754
852 658
116 667
537 284
434 197
555 1176
635 1074
1126 642
909 105
1046 245
835 103
892 824
345 762
415 323
722 1142
774 515
260 137
269 4
102 694
452 1131
220 105
819 936
297 734
1047 1167
576 697
35 121
196 885
659 32
83 1076
851 784
457 415
835 441
1066 257
794 1118
386 1103
288 804
847 176
907 423
646 33
554 709
647 386
359 530
541 228
189 506
467 911
1164 143
728 179
89 1162
1105 697
462 908
909 1076
840 907
713 255
748 999
465 117
115 961
1049 260
488 71
616 610
650 640
949 937
187 746
626 899
200 113
1190 57
861 817
379 896
201 961
363 595
1072 85
182 937
484 80
786 377
949 806
932 633
45 620
142 245
528 633
434 369
632 780
186 189
811 808
1011 895
1144 1125
1067 429
420 972
946 627
173 1092
9 300
128 327
655 520
431 1180
832 387
579 415
3 1126
115 625
848 583
1174 412
549 834
108 683
930 317
103 1194
856 598
1184 1074
189 76
71 1126
296 806
414 386
878 104
625 1028
459 1029
443 76
712 634
344 562
43 327
681 168
878 1162
869 905
170 94
50 597
841 533
874 373
1036 285
768 868
505 1125
809 54
905 54
347 327
264 204
177 251
596 221
464 730
463 288
332 36
697 157
556 237
403 237
847 871
722 835
913 576
731 154
890 272
658 1183
620 928
1200 1017
1091 657
1045 710
1178 257
330 330
1145 140
226 989
358 227
1140 677
935 61
814 9
1173 417
782 449
834 420
1016 414
481 650
1094 860
255 341
1 923
414 611
364 479
197 275
502 1114
938 360
372 830
1029 530
1169 696
781 882
194 640
950 441
569 38
1126 56
284 838
1083 1083
92 563
318 1083
205 475
717 1168
682 582
1025 22
598 727
631 905
574 482
672 629
243 73
28 409
528 710
509 722
430 222
216 840
211 247
435 556
334 727
189 322
97 334
232 1081
456 774
686 27
864 277
1129 768
653 673
1022 493
1022 839
642 425
880 1169
1031 918
107 278
643 853
519 1060
252 1040
371 107
636 791
82 198
712 833
0 80
82 938
811 939
287 27
160 439
558 504
645 981
392 754
389 1098
960 919
68 1020
1153 1053
601 293
798 611
1156 65
73 582
278 845
940 496
57 963
1158 638
934 5
24 515
942 1153
134 526
738 755
89 658
539 103
703 618
1085 695
705 464
272 871
753 60
903 1120
752 288
943 1005
271 1105
366 951
1112 1096
605 1058
257 752
356 269
766 1058
749 592
756 928
689 304
732 691
1080 684
50 1055
572 735
881 842
1077 138
226 715
640 996
149 7
682 86
826 637
923 403
934 379
774 220
544 405
594 1193
1152 647
1001 450
394 334
770 792
1071 501
165 27
768 734
1002 731
738 564
68 330
799 726
278 512
425 64
463 407
878 562
207 663
422 702
1084 634
506 506
1190 742
458 345
365 806
789 163
107 430
437 16
562 171
664 667
643 95
883 87
375 1127
454 731
253 818
967 866
604 812
58 1095
91 17
611 857
663 461
425 764
755 1028
299 759
308 304
290 960
326 770
1158 1066
552 167
122 9
474 769
982 196
536 769
728 553
1114 559
991 125
314 690
1120 1049
689 1163
149 1005
845 1169
337 1072
935 790
885 250
621 783
192 1104
1112 913
654 776
256 147
1036 1091
433 558
208 513
1017 1027
1049 883
861 666
294 139
1061 490
473 45
814 1128
548 609
101 780
1091 54
617 191
898 151
167 756
475 611
845 847
410 300
1191 1012
203 355
183 72
1117 756
702 294
156 1019
695 712
899 307
552 66
708 932
860 468
571 209
643 97
683 371
497 823
1124 375
351 544
1049 1009
926 379
524 459
163 361
325 527
909 768
356 668
530 233
211 325
269 35
1 569
97 812
1102 142
437 954
32 893
385 679
620 475
1105 932
758 124
250 1061
986 284
1000 307
578 1002
696 233
29 105
929 302
1014 349
619 1188
911 983
1003 1119
922 1187
231 255
1044 1128
198 136
429 1004
1027 991
677 436
931 87
796 814
154 369
366 10
493 460
185 44
304 1184
965 608
875 840
523 694
519 487
1132 346
122 2
472 444
224 894
635 1129
735 184
34 1038
296 1012
15 534
534 596
880 955
1123 267
411 85
668 1120
829 317
404 623
94 891
720 325
174 876
947 1007
535 251
19 666
418 108
1100 552
224 413
168 311
1028 717
644 77
719 409
767 357
1105 874
740 253
218 949
172 632
357 1122
730 511
1053 862
7 783
818 511
649 759
702 806
79 700
1179 77
597 1078
249 530
393 1164
573 477
822 905
446 702
129 630
832 620
816 276
409 465
1115 396
997 1089
578 157
79 822
352 130
202 1089
950 432
693 778
521 24
1 113
398 693
1093 393
872 752
687 1045
989 80
1156 297
747 504
282 286
1167 772
1087 938
871 1034
651 704
367 157
912 883
942 1090
365 1149
421 1065
116 913
772 883
600 182
423 81
1091 637
168 333
210 479
660 1114
1147 316
880 1001
97 256
799 1102
203 104
209 585
430 492
89 670
111 494
20 442
250 986
1138 36
295 214
632 713
1139 601
849 28
948 5
1062 540
806 126
322 188
423 220
438 288
1032 628
541 167
1134 470
124 772
1037 510
89 374
1076 1156
76 355
216 798
871 1042
1121 161
582 727
1115 153
6 277
530 49
1090 775
576 798
678 945
169 1034
352 697
808 446
260 302
696 905
1122 1088
463 871
15 440
822 1084
103 513
24 1053
540 985
533 1082
838 785
591 737
388 1011
1070 634
527 364
1194 101
1152 1017
898 959
42 939
7 703
262 630
333 736
624 899
1012 1131
973 639
426 226
930 293
359 411
613 59
833 190
706 1183
876 787
72 591
546 1171
734 425
562 242
444 92
674 681
916 1097
598 514
800 672
1155 163
782 878
279 362
739 188
1082 659
557 190
95 341
1051 53
614 354
891 500
629 776
38 906
34 920
755 852
678 355
1088 790
1096 175
510 832
438 517
511 184
277 140
634 72
662 858
411 823
1024 377
726 123
1109 55
813 964
435 16
95 710
984 314
405 1002
49 64
1074 739
608 1120
254 874
10 475
873 142
1010 27
192 165
323 780
203 847
391 212
1056 159
311 686
537 739
260 700
1083 142
680 488
984 121
588 763
816 96
50 1159
1197 66
35 706
356 459
830 561
312 397
980 704
804 1013
199 448
1181 833
86 1200
393 598
855 853
1150 447
1064 789
322 992
989 669
134 337
595 392
240 270
485 572
480 934
118 959
593 810
623 863
623 293
340 839
284 683
11 455
934 887
147 1080
996 1078
237 97
1024 40
659 395
287 1114
512 72
978 728
1121 121
560 269
472 359
557 1152
223 501
785 92
342 693
407 628
485 71
250 927
359 1154
837 1071
1024 806
246 1060
444 645
228 698
265 1159
1197 788
254 1099
1147 589
987 1130
996 1155
1004 1039
677 179
695 495
306 1026
1158 304
184 256
245 357
1076 194
177 575
69 477
1091 230
736 657
891 953
11 379
730 193
945 1017
609 151
660 358
661 336
964 273
691 301
1007 862
1057 510
449 1156
756 530
645 360
190 431
275 524
1103 222
1123 906
949 289
497 70
647 471
965 161
1050 237
590 796
13 589
502 1153
42 81
544 925
1 6
1035 543
171 122
446 971
122 1087
610 65
114 708
703 203
841 685
126 346
1114 252
870 1059
939 648
1017 359
873 504
1068 1186
612 258
83 1021
360 114
1082 705
725 620
532 679
481 658
3 491
1015 887
289 919
177 912
6 830
395 427
890 761
975 552
212 90
354 966
1051 1110
690 421
179 975
417 317
817 404
167 292
362 489
147 294
56 1111
923 536
410 264
115 639
868 771
750 102
1043 687
852 864
299 911
885 364
930 695
382 457
1037 552
599 430
575 411
680 198
375 729
108 16
856 1197
47 1184
1103 874
671 1005
946 1006
1197 597
438 830
492 88
270 667
714 1088
586 1131
1005 605
611 343
910 971
347 503
1053 306
627 470
1164 528
1100 227
898 453
310 913
488 1145
413 218
746 201
302 1112
601 830
605 354
1069 436
370 1056
22 870
865 260
891 565
1152 700
239 174
659 1019
878 113
455 1006
831 721
113 246
1180 582
1111 778
648 1018
1189 500
1038 1152
155 162
116 942
1154 439
772 80
465 456
511 426
223 539
709 1136
125 265
901 324
878 696
19 472
375 366
21 955
947 327
1145 773
155 263
538 1092
266 1139
1172 531
399 159
237 994
878 447
1102 235
1129 579
579 889
835 552
256 278
59 904
660 452
1130 1005
1185 786
593 1182
565 585
933 691
655 795
27 164
966 880
1165 703
718 189
489 876
416 397
147 1188
420 144
420 68
532 612
973 708
495 593
777 1188
299 181
664 585
811 1035
1106 383
547 347
657 352
276 642
112 1073
1083 852
151 932
689 415
891 1098
654 929
686 1074
317 756
603 958
292 1042
751 912
815 464
278 390
129 1049
745 948
704 304
105 1158
514 844
474 675
1106 83
986 964
478 846
391 1002
300 1093
848 1041
633 972
19 997
754 643
113 162
135 5
102 34
260 634
261 1104
143 85
304 533
415 1192
921 762
66 240
384 208
724 81
989 322
484 1172
331 888
417 824
707 818
557 82
677 1061
693 678
309 819
1078 1068
554 224
968 534
854 732
988 674
808 1100
1143 280
55 188
226 887
564 469
417 868
831 282
1132 1075
453 447
839 1076
201 89
194 50
322 190
1197 556
993 429
55 728
1115 198
1098 186
1048 33
555 46
723 1051
605 81
652 565
727 152
1101 388
691 357
855 507
476 235
463 131
988 253
761 394
1170 930
501 497
810 1122
984 372
41 873
127 93
339 782
360 226
497 1048
819 595
491 163
675 1137
429 232
809 73
627 96
442 130
341 837
740 428
718 506
568 937
124 685
51 105
548 156
1058 947
1147 175
504 464
1024 263
465 124
692 993
101 362
846 357
751 1180
1055 868
447 1009
931 585
989 895
1094 510
505 1059
1182 378
1014 567
652 865
189 1144
401 307
323 36
864 432
1079 221
559 843
479 882
281 569
581 129
748 941
666 38
281 102
549 1001
1006 188
497 511
733 436
803 87
1178 106
346 749
734 1107
313 302
700 869
171 79
1133 88
447 363
875 1032
391 949
267 631
980 1193
332 361
482 335
1078 1044
914 402
432 875
4 821
371 635
876 75
265 71
315 770
951 1083
312 185
289 322
493 1109
648 551
507 61
144 472
361 778
254 857
611 923
155 1091
803 508
235 598
919 128
68 270
72 857
632 1076
1043 1101
845 491
486 848
1168 220
275 1191
127 1133
982 52
513 904
502 15
810 353
407 374
467 579
91 325
559 247
1125 422
1192 859
173 199
902 1018
548 850
651 1079
292 682
526 914
1035 367
180 580
1137 367
840 786
918 933
193 169
820 896
298 583
692 333
609 988
626 946
1013 724
547 1160
1119 1075
1088 338
402 789
775 301
438 1138
787 464
50 806
710 274
135 1066
944 258
817 439
775 781
1131 1031
1009 702
159 352
49 692
630 1165
509 92
196 758
726 598
983 258
127 652
765 392
288 7
1154 690
947 188
991 767
1070 101
1064 1158
269 111
733 469
1036 468
46 1060
78 533
171 872
1046 471
79 229
434 405
183 753
66 198
116 154
648 748
123 68
148 645
769 728
186 876
1032 893
488 199
318 481
742 283
183 136
501 788
372 784
713 313
848 1029
717 811
18 892
1065 542
775 678
359 472
197 476
277 315
329 959
606 915
1099 673
137 784
440 736
534 593
960 228
880 1171
17 922
63 351
473 1165
283 635
611 158
325 437
655 1013
1174 937
643 1175
396 16
1095 1071
420 495
638 707
212 1194
737 1
794 38
1139 536
794 307
62 809
921 146
616 217
620 380
108 983
845 185
1123 135
691 363
501 363
12 50
436 423
245 572
32 1038
1028 867
1032 728
542 532
712 766
527 10
152 706
833 1085
435 232
830 776
272 860
776 525
1135 534
785 1139
720 1083
827 1164
651 569
441 742
566 647
81 807
861 46
62 95
325 1105
697 1125
768 168
1049 1083
88 96
41 46
149 771
514 1005
934 429
1034 472
1082 197
1159 241
969 134
108 383
1120 135
94 813
33 164
1081 879
76 511
500 159
509 466
408 291
857 1010
1055 187
424 672
767 782
1007 368
224 7
649 945
1141 95
496 13
1036 453
256 679
869 130
325 976
836 333
897 708
1109 551
88 693
451 398
323 284
741 698
900 493
107 386
402 241
162 1159
363 375
1013 893
244 1095
590 502
1078 376
1065 1060
238 378
855 481
251 1005
592 39
768 683
832 145
220 503
1087 519
940 404
1200 968
842 632
430 82
1013 1008
339 413
788 1153
66 385
996 970
1163 808
1096 1073
918 43
510 492
594 540
380 962
854 128
1003 795
185 730
989 17
470 251
693 226
639 876
738 305
211 694
142 1146
1188 226
1096 618
251 1012
283 772
759 118
1134 711
223 1041
737 1067
106 487
209 917
1114 517
819 961
917 353
918 270
180 496
1077 271
527 659
1038 167
43 629
755 1094
749 819
721 290
315 582
621 730
1196 36
160 182
917 247
1132 792
556 1048
758 1161
132 984
871 841
148 185
598 535
1112 632
561 341
946 965
318 950
931 768
814 743
175 155
1003 331
705 107
605 566
660 20
965 770
408 723
1160 417
953 937
454 73
898 1059
1104 832
1 524
785 616
504 227
95 863
112 573
1083 964
840 177
278 495
541 671
782 841
502 1164
1153 400
266 60
56 765
538 1028
629 158
15 1189
379 857
888 1082
1151 374
876 757
118 190
127 501
922 699
1126 1194
731 1020
941 169
1063 340
741 327
556 1
971 594
57 47
798 984
1147 1007
871 232
1064 882
1133 146
18 359
642 382
397 303
953 664
710 974
321 617
1162 248
197 339
59 617
398 89
16 251
1172 233
31 336
1178 515
189 292
792 308
577 915
803 97
660 733
743 822
990 1189
385 48
962 423
755 52
104 154
71 688
242 709
985 914
790 1143
108 779
650 929
83 645
339 755
679 1109
157 628
589 1097
925 509
179 490
966 977
846 799
192 839
213 881
783 341
328 491
551 396
1042 360
383 1029
1077 973
1199 701
460 140
420 956
197 121
720 934
612 243
626 721
741 826
58 1130
1182 507
238 789
629 201
853 422
56 173
533 600
501 938
422 234
925 531
226 8
569 564
823 154
169 587
1143 1166
440 44
370 77
297 322
133 351
546 1137
48 342
458 352
743 725
641 374
156 863
50 529
641 1069
735 1151
240 581
99 872
159 1138
611 426
1180 581
160 919
1101 219
274 1083
757 428
173 326
901 182
636 677
736 575
1070 919
432 985
1122 615
852 621
577 531
1175 444
1019 579
180 463
638 1191
360 306
96 882
562 896
1014 580
1062 1023
469 284
72 278
58 219
845 36
394 158
136 111
1014 20
466 169
456 50
1002 1031
416 69
509 687
1031 183
938 200
403 268
1126 251
519 644
62 834
597 165
92 848
429 570
305 1162
700 794
638 484
474 554
1185 116
845 489
512 242
567 340
419 229
351 470
1084 1182
458 428
493 740
56 614
598 684
334 238
349 1153
1186 1112
1188 846
1113 680
403 421
782 97
446 1188
825 587
901 53
394 463
23 972
536 757
56 14
41 52
904 1114
1041 571
544 488
458 539
1074 966
989 932
245 45
70 69
963 925
1185 569
464 932
1128 599
817 50
652 509
514 207
1196 976
16 311
696 1107
1146 374
245 378
599 1036
397 527
732 901
1195 962
131 682
148 602
1102 778
79 1040
55 311
59 235
488 389
365 287
418 402
63 216
45 105
115 68
230 123
693 1011
285 795
250 1193
500 494
217 671
243 627
1067 944
383 755
1078 879
598 336
493 849
802 776
728 1090
545 42
682 709
369 724
193 884
1144 349
1018 95
328 207
1026 644
667 558
663 805
223 788
142 312
357 145
11 41
647 1102
105 1176
13 141
736 882
351 1136
792 777
328 652
620 857
916 1014
405 704
3 775
57 774
291 291
485 259
972 1022
520 261
173 973
1132 268
876 1130
1081 539
80 753
420 999
443 1200
386 525
184 671
909 375
479 491
791 610
1100 762
542 984
790 809
834 1100
270 311
713 37
175 780
479 675
1124 1025
1016 1197
405 511
427 443
525 1168
454 72
1146 414
387 620
146 495
418 277
1078 1159
1075 960
91 883
1177 490
125 659
972 188
54 880
394 92
257 986
470 760
615 15
849 1099
1095 433
1156 1155
337 48
1085 916
288 333
1102 461
796 862
66 880
310 183
938 12
221 959
1141 542
316 509
20 9
721 555
911 359
365 626
1120 514
177 221
317 808
160 470
819 384
160 276
171 854
864 558
263 379
1154 866
603 1
299 405
989 803
936 789
603 1131
708 826
592 564
11 470
934 9
370 163
290 400
931 324
1059 88
495 1190
383 1161
449 392
202 504
411 58
196 582
1198 310
1066 276
367 164
775 1198
1200 218
14 417
982 743
28 478
976 457
1154 166
654 948
276 502
747 110
169 548
925 679
988 138
541 1080
555 144
729 587
234 891
173 701
78 882
849 755
63 82
1029 1068
986 357
1088 1181
492 49
784 393
786 460
520 996
874 707
680 188
1135 621
1106 712
734 257
1124 280
485 1009
948 0
444 54
560 1053
1093 535
575 614
24 5
33 1108
1171 568
290 1010
112 515
194 583
1167 784
595 680
772 1058
848 551
206 513
264 156
1140 107
1090 436
1061 1075
49 360
162 344
1183 947
605 316
584 113
534 151
623 164
635 1100
301 876
1016 557
422 960
434 647
507 62
456 888
68 1139
103 28
134 978
113 626
123 504
337 330
727 464
537 82
163 970
1179 124
1151 392
837 391
58 1042
674 347
1159 75
735 883
394 847
1199 1082
788 1088
422 796
779 1040
221 499
301 1158
777 747
680 93
85 922
535 962
350 902
662 982
708 618
263 1057
615 954
880 608
552 1
399 1150
167 577
342 663
919 1
380 558
790 334
268 595
529 70
1018 597
357 538
502 698
292 385
584 2
734 17
292 554
978 1195
1132 1186
401 312
639 807
970 462
1040 318
140 88
855 116
71 1178
560 885
959 440
1156 122
1168 965
852 557
791 918
1014 684
222 626
412 489
861 1170
436 288
749 1175
1043 177
65 894
865 593
191 369
406 698
1037 988
103 632
345 471
633 136
37 893
638 346
991 474
86 118
725 1129
875 1054
162 882
669 754
178 701
888 992
286 224
761 108
919 487
1031 146
735 747
747 931
751 191
251 277
1179 105
1198 1045
1150 710
1110 730
481 667
53 451
474 1076
177 585
1131 751
719 415
709 150
976 280
788 1139
1166 887
117 378
1137 261
704 636
160 230
6 513
956 127
693 991
669 687
836 683
284 460
181 252
874 638
1057 1027
175 972
407 412
357 125
726 676
1164 211
1111 222
27 724
1048 1087
815 557
67 423
1111 349
747 1080
45 1049
693 489
708 787
205 230
1053 43
246 976
375 697
862 127
695 620
59 711
1155 367
454 898
254 930
1046 475
403 520
395 490
210 227
1059 16
1007 372
197 1034
482 86
697 776
790 297
338 286
935 1071
942 826
137 614
676 860
466 973
806 947
9 573
1063 1075
826 926
543 303
277 311
919 783
336 440
762 177
937 1086
776 240
415 163
187 742
713 1043
1119 750
966 316
289 954
319 746
1110 1043
410 587
87 494
436 1147
388 853
94 844
497 395
771 45
227 1088
756 917
892 31
182 981
255 918
835 211
339 1010
1011 491
72 1094
609 750
68 744
197 360
1129 327
293 58
610 680
967 352
708 1042
573 445
323 77
817 159
664 1094
489 307
1109 6
484 476
486 148
475 895
999 112
217 86
896 481
720 254
1115 450
904 34
1053 384
616 980
206 838
931 869
720 1084
983 1170
940 675
227 1076
1148 1192
78 862
677 711
219 460
6 263
51 1192
489 951
455 393
913 993
568 1090
73 800
732 418
810 150
360 1131
420 754
665 596
335 46
264 200
446 1101
26 1018
743 1138
12 904
327 182
751 722
1146 944
196 455
1106 835
402 503
1176 264
31 497
900 1125
49 744
16 425
103 285
658 859
593 637
607 72
393 913
417 328
227 428
70 249
910 492
809 512
1144 298
429 657
640 90
754 634
241 987
1066 471
138 8
301 506
361 709
741 549
110 647
704 41
843 304
367 905
693 1098
5 362
20 813
115 359
672 888
1056 333
694 901
501 23
120 388
994 876
494 5
471 128
445 107
109 499
948 1173
756 204
1113 792
990 471
433 1103
304 731
440 837
109 1083
1073 1062
801 356
168 532
57 1068
791 58
389 619
84 412
1144 320
1034 451
410 109
808 927
850 37
80 159
931 405
303 646
267 923
1003 548
777 541
427 296
214 1170
308 465
806 1124
563 695
223 268
434 102
44 917
69 345
91 864
632 1005
83 887
641 125
1186 1089
956 802
1036 415
327 313
975 768
788 78
511 918
844 614
891 1106
130 736
1123 517
786 1110
455 123
1074 924
979 888
592 38
7 123
464 311
1082 597
387 1185
68 284
1195 300
1059 717
265 510
16 518
997 40
129 1124
0 179
912 586
721 1037
510 178
1033 1093
307 1058
6 649
679 45
856 258
261 88
1199 739
156 114
1138 856
1012 594
303 934
955 788
121 639
255 353
360 444
90 760
1188 572
153 118
216 1039
551 555
1054 859
73 761
1049 143
365 1001
687 858
68 670
683 378
1175 91
497 858
258 693
205 518
812 690
586 1150
981 770
1075 117
270 966
286 794
684 264
934 674
1193 501
923 1185
465 517
418 194
205 720
330 593
207 227
190 972
359 496
918 962
389 694
342 24
163 807
417 1087
1162 662
218 757
969 931
191 74
400 1032
421 347
762 234
451 811
30 145
721 295
458 1000
251 447
1084 126
1198 806
921 458
1110 94
1199 335
51 838
1140 1143
776 633
286 1042
65 1020
1021 267
348 772
611 1143
428 558
90 980
222 254
676 504
657 934
174 884
596 173
625 670
818 97
662 399
972 624
111 690
512 890
139 954
405 113
426 1017
787 57
261 894
454 1065
81 1046
31 502
947 933
724 380
842 491
307 1125
470 1185
864 783
958 504
460 1155
811 940
422 128
847 782
50 416
220 216
648 1005
863 1
769 955
665 1169
147 29
244 988
639 1002
81 1134
190 983
151 1110
670 587
997 297
1021 545
22 625
644 479
1198 1150
1188 851
380 693
970 1050
707 912
2 452
445 178
281 1071
559 1079
192 885
45 842
332 977
1047 393
537 971
372 1195
189 829
1022 200
323 875
269 371
232 566
1002 45
163 871
664 883
489 1055
990 243
444 483
1107 373
408 111
551 423
446 350
125 1129
79 515
646 1121
200 49
579 797
852 1079
423 805
277 238
408 7
564 1155
433 62
828 684
319 901
273 1047
995 1017
858 209
1080 1094
410 42
555 107
603 1002
53 1156
368 649
326 1161
287 682
609 630
1033 324
468 6
98 470
486 58
830 1035
968 713
214 684
40 867
602 544
462 741
1056 784
859 463
491 1052
946 1178
683 864
136 943
916 403
119 52
677 369
186 267
939 769
300 1103
1039 205
583 350
1177 204
478 1090
604 250
1187 761
406 144
162 654
93 990
63 416
791 1097
706 557
1153 712
971 425
198 1068
459 653
242 871
421 516
44 1028
350 1181
858 379
214 698
63 396
1113 1106
766 635
1159 145
731 468
459 94
234 282
510 303
1140 422
1133 845
204 351
334 540
182 371
165 169
876 472
234 464
994 532
252 1189
850 950
569 934
980 359
119 302
19 348
140 229
530 578
1091 936
1123 945
849 89
588 1109
640 1103
181 721
377 995
14 752
552 118
55 925
548 316
342 25
652 265
1017 503
336 642
893 606
792 532
296 729
533 664
46 1131
985 118
337 163
422 930
970 655
547 241
465 758
734 706
38 80
945 413
357 1101
935 735
808 293
12 1061
1167 738
570 694
214 1118
635 421
624 1128
84 627
201 390
744 86
603 318
175 453
703 1107
775 418
518 1041
417 979
270 837
51 1178
550 356
425 895
1182 770
237 227
952 1001
1053 927
462 40
1157 954
281 423
121 781
135 568
627 447
1046 151
473 1051
83 927
692 675
1188 756
551 20
1149 32
1012 855
909 661
16 497
573 298
1121 322
171 863
723 291
588 68
1005 579
355 1026
155 663
260 368
579 565
337 1112
457 1172
931 899
1020 325
409 742
369 1200
266 1012
568 509
785 251
82 137
1182 1136
395 58
799 897
433 66
1034 1141
431 342
956 86
103 89
526 664
409 973
673 252
129 779
587 461
567 138
438 906
814 819
959 490
1013 203
432 1128
812 855
427 570
178 730
549 596
729 471
613 1125
559 313
871 551
107 567
724 6
1078 216
1193 522
892 1029
127 1124
870 669
992 234
578 31
967 953
838 705
1172 738
772 39
87 788
213 719
1145 69
237 137
166 836
677 780
822 832
941 963
103 174
744 89
297 1169
369 876
1169 411
1160 1038
433 277
598 97
976 56
556 214
1078 413
54 791
1027 589
254 73
321 165
169 194
949 559
769 767
266 17
899 1053
1067 473
1144 423
73 180
490 1096
891 434
141 228
907 12
427 988
607 508
701 313
1176 579
262 938
1145 644
864 891
987 920
713 906
508 513
665 364
1102 262
1156 713
237 1198
1051 159
181 555
1066 100
837 1129
491 179
1067 763
646 149
130 888
599 227
1156 511
1197 745
112 291
57 1117
166 1053
961 207
1117 96
411 259
281 38
104 557
345 1179
953 327
745 258
721 1154
289 274
961 270
569 1168
335 214
49 1033
333 1043
640 595
514 123
1139 919
604 867
926 153
737 1111
1185 496
1075 742
155 391
88 555
705 411
89 832
1037 421
136 416
162 652
1188 928
461 87
430 816
544 635
516 726
684 894
423 595
939 417
321 385
1005 20
1088 870
592 58
360 663
451 316
719 968
964 90
968 23
1019 1112
516 627
1028 910
1178 469
1173 519
278 974
833 109
712 620
933 359
521 496
768 574
792 300
1118 1039
384 692
1003 404
828 844
1006 289
372 806
916 153
382 492
23 766
452 84
502 857
983 1183
117 885
1067 442
1071 1059
232 702
472 1031
1006 477
522 1020
1032 641
816 0
173 216
1135 39
667 848
186 792
844 1095
684 678
795 894
461 1082
77 69
327 1130
398 726
1027 233
642 755
326 780
1000 284
1052 264
58 623
174 186
1082 476
211 912
855 292
208 833
1153 996
520 308
1093 358
387 248
837 869
117 634
170 856
1095 898
870 153
1196 479
894 38
410 452
92 975
1015 711
1114 595
277 1131
650 1192
965 738
372 915
298 640
709 1028
933 386
236 904
508 849
25 330
737 575
225 1190
259 360
198 163
144 550
878 38
192 772
984 408
1190 553
7 1024
143 1071
639 689
63 961
1127 166
44 580
426 1043
392 1004
1000 758
957 882
277 1108
159 275
74 673
300 1018
443 312
381 643
210 165
33 1058
14 884
773 1019
960 275
386 209
915 541
114 26
678 907
675 735
886 316
1167 172
33 754
242 603
407 260
573 1155
1006 87
60 260
547 812
1114 697
311 479
292 566
1120 942
900 1022
106 470
1125 1145
306 156
1125 904
353 533
718 789
192 732
322 1022
664 207
638 1000
651 434
354 464
861 588
403 660
383 617
356 335
691 946
73 591
665 1010
254 917
828 124
746 1074
1151 929
983 153
448 1135
1037 1017
835 821
429 864
1076 424
574 216
5 1064
97 686
850 95
1118 826
622 207
248 742
975 879
657 344
460 768
664 265
1013 381
515 543
415 901
802 1024
193 147
392 20
224 72
632 301
955 1143
351 736
208 947
527 87
670 976
399 277
811 1184
604 998
845 50
665 772
989 310
412 317
361 715
55 732
385 223
119 975
703 100
1115 993
678 540
679 738
314 488
642 353
172 174
816 560
284 783
651 550
610 568
860 831
739 929
515 114
677 1128
751 704
690 535
796 1020
146 44
693 216
253 800
234 247
811 660
870 506
859 998
300 351
415 966
912 654
314 398
838 1123
637 929
537 826
383 287
99 745
177 933
755 24
32 958
709 323
1056 310
174 146
1180 382
109 1017
208 818
3 986
1178 491
136 797
842 935
400 1149
129 568
243 320
1036 1016
1049 1159
628 1195
454 76
609 87
677 201
446 844
1107 661
177 374
169 412
967 478
49 392
113 435
729 960
434 845
837 848
91 97
1047 1006
678 95
1017 415
1070 218
390 708
1077 941
369 443
60 498
1004 683
180 306
1113 459
351 154
257 149
427 1149
561 729
114 937
814 950
1076 353
440 319
357 547
1073 1048
85 566
411 57
27 3
952 930
1012 943
1073 739
469 678
665 237
549 83
1193 663
514 304
655 695
1004 354
1131 1162
415 830
720 530
1075 31
367 732
818 902
441 744
882 1019
545 1064
4 531
1156 706
417 984
943 469
934 151
741 1024
520 1159
707 317
347 1035
924 1198
361 331
626 385
824 878
251 732
17 216
366 1189
261 1165
64 323
47 177
80 802
700 626
254 197
992 855
444 883
1017 980
901 1057
1150 826
785 698
87 477
383 441
512 417
126 1105
166 476
733 949
800 626
633 1109
685 1078
978 838
358 861
971 65
415 339
159 980
208 362
68 1012
723 10
778 309
1058 920
1193 8
714 485
475 653
216 663
1142 201
748 978
533 748
1170 963
388 1130
1079 388
886 674
1041 150
130 688
615 226
515 10
373 890
669 669
19 933
27 45
132 241
589 1123
172 660
128 407
371 473
168 597
272 874
421 530
1198 986
892 1159
507 1122
746 1057
904 6
830 353
454 156
514 901
576 171
1096 910
517 1193
1103 870
261 545
361 5
96 758
1157 1147
701 512
953 581
41 514
501 787
417 841
1185 202
374 579
101 36
511 344
1080 913
752 919
1075 1081
498 200
750 382
1101 1003
889 1090
989 735
887 90
959 840
1057 352
481 948
912 799
228 741
884 287
607 821
777 141
910 872
390 246
51 75
139 1128
112 52
137 368
219 134
584 982
983 780
953 1019
888 496
1122 542
913 393
172 25
1060 479
709 192
223 913
1011 1060
449 82
143 1108
464 430
844 215
447 77
477 914
679 218
274 475
592 983
210 1079
793 1057
734 107
929 1132
660 1104
606 1003
689 660
1052 619
1027 310
723 549
147 1073
1199 479
787 691
658 1190
805 352
696 113
260 384
122 484
785 1067
753 1111
52 1037
1116 680
1087 968
1113 179
886 837
112 108
79 804
384 299
966 437
84 527
950 191
340 323
589 855
521 551
412 929
418 207
1020 585
591 191
1126 784
505 1047
1073 48
623 1029
1190 506
351 151
314 199
678 105
1115 1188
164 678
1103 50
1093 421
928 236
887 472
1111 343
303 81
983 436
993 1137
54 623
609 794
667 49
532 973
1015 155
1062 467
41 200
873 736
357 351
923 844
739 42
690 76
1025 29
676 761
81 373
409 162
128 1121
458 499
374 484
407 921
779 651
664 302
456 1091
824 244
710 230
444 1031
622 19
1047 666
637 170
701 598
58 569
894 639
28 548
650 721
60 875
767 1009
584 485
225 624
707 209
1128 126
209 634
673 725
448 298
732 29
815 734
334 623
198 237
677 36
61 570
983 777
496 295
946 137
30 1050
3 698
410 458
981 457
688 1103
907 600
322 621
680 389
773 664
454 611
904 460
978 26
831 505
698 131
555 635
558 880
241 450
926 929
931 175
738 1134
876 817
38 18
1107 57
788 445
984 725
282 875
433 836
260 631
465 28
94 704
1106 431
280 789
1199 916
1105 274
716 599
144 913
262 647
116 596
709 595
460 916
607 549
863 524
699 1080
289 1126
1186 96
569 810
178 681
57 997
295 381
759 8
921 1054
175 1163
579 659
854 726
1162 59
220 182
479 797
795 141
422 1151
274 1195
838 1051
597 1007
641 535
480 1097
123 680
623 485
61 173
657 780
1184 668
1102 712
661 609
522 663
242 699
945 511
483 781
1156 1199
180 145
748 45
290 686
410 164
1083 763
357 789
174 308
1162 275
851 1160
805 19
1200 359
185 218
946 804
15 451
226 774
38 35
418 777
176 902
723 970
286 91
937 368
627 282
876 953
879 235
238 868
479 529
735 260
1173 955
830 247
615 883
227 875
1179 72
874 154
495 959
558 329
963 266
474 971
671 12
878 285
935 148
125 1022
1200 1094
228 209
550 524
1147 706
359 781
757 1181
471 638
927 1071
802 29
1084 846
828 914
773 400
502 96
122 69
461 28
122 197
764 198
136 853
678 500
1171 913
1042 161
1021 261
1046 33
923 66
220 487
468 956
427 155
404 128
84 1007
31 979
601 370
216 42
76 18
823 512
430 478
994 405
379 225
32 237
49 1088
989 440
866 684
22 572
743 897
287 617
656 315
433 10
295 832
1103 395
40 990
277 398
69 27
367 359
677 1106
290 506
1040 999
1071 73
1078 782
240 1001
349 34
336 1161
56 806
1003 1116
344 530
408 308
343 1105
397 139
402 1114
1167 666
700 18
857 897
181 206
849 496
1069 1138
473 737
603 23
894 535
668 102
552 1190
461 975
1192 639
277 302
1082 1075
658 1029
964 432
804 920
962 934
1120 1166
371 553
734 938
506 295
294 822
650 11
517 902
294 391
245 689
409 909
432 213
780 668
161 776
1132 852
157 110
770 651
1196 405
913 1114
598 800
133 798
227 319
1041 1016
1197 947
386 776
1102 515
479 1111
543 9
283 655
1194 239
473 94
647 926
1144 1022
195 777
213 299
132 527
0 1081
1108 499
46 956
609 371
746 962
64 217
1090 1142
1155 1166
55 754
16 475
1181 625
140 932
724 1139
100 351
1058 910
625 880
25 1006
1 1056
1131 214
233 752
970 241
373 395
325 342
368 38
796 1057
1040 891
841 508
250 1083
376 702
1005 1164
1088 605
627 520
819 504
1131 1012
778 1047
1 975
855 576
349 229
735 70
140 776
227 119
681 977
962 699
972 381
1120 711
192 1198
269 821
656 141
343 33
793 73
1139 726
131 183
1181 845
1085 953
189 81
735 298
607 501
1104 327
470 738
497 544
1011 940
282 216
1178 656
826 122
429 560
223 64
1015 20
942 611
577 988
1139 108
341 1009
532 153
658 600
405 719
229 162
486 1115
693 713
1082 105
229 251
615 739
336 373
967 810
769 47
682 522
911 93
483 421
199 543
912 1114
1108 207
209 1094
831 794
655 1100
598 666
91 408
933 731
183 493
60 89
80 502
35 923
392 1035
715 723
531 977
491 349
67 1196
309 170
406 1099
720 389
1019 71
897 463
567 241
180 1161
293 65
1187 641
1009 348
685 337
994 303
331 1017
353 886
276 1165
578 78
900 147
146 39
470 282
479 816
280 674
825 191
504 1148
595 409
490 447
1098 239
690 1047
448 393
616 755
875 189
1000 159
208 692
926 789
114 1176
685 1039
296 1126
686 774
78 968
1102 176
401 191
174 896
1005 968
20 68
257 892
1151 181
175 316
1038 165
300 417
133 689
216 17
600 710
48 514
198 788
186 325
1023 505
114 653
426 1167
907 522
817 279
724 99
626 528
712 1095
73 650
705 230
1079 215
64 833
622 858
492 743
471 178
1170 533
845 1177
673 27
895 1005
750 410
186 38
1124 186
1172 495
536 30
834 1123
912 778
432 310
710 417
161 676
406 72
348 419
363 99
429 931
88 808
515 381
241 226
547 1014
211 308
790 523
1045 729
807 14
457 850
472 992
47 568
673 668
294 925
536 869
44 17
1104 1126
883 192
587 455
536 691
535 712
300 1033
769 425
424 675
309 284
1135 649
878 712
878 694
590 567
934 480
719 252
1139 457
1166 1158
54 524
597 910
847 1047
555 1006
281 508
611 725
435 631
1106 1119
472 225
1004 1081
384 709
1149 648
529 1080
679 678
144 880
718 255
326 48
630 337
928 1085
299 431
794 1075
1153 678
86 5
439 37
1119 1186
52 758
1138 750
788 1022
569 899
776 231
1078 375
365 922
813 475
959 1194
467 867
243 368
776 423
792 348
682 344
482 1168
478 473
726 1144
1007 734
216 471
48 489
135 1189
1014 758
634 420
869 956
246 932
153 1073
533 1196
1009 484
965 859
652 280
128 1057
622 1109
920 832
126 575
343 140
935 1162
674 743
496 484
642 1082
677 43
391 566
261 1145
53 2
807 1009
894 1079
893 334
844 652
843 232
642 595
623 369
302 399
667 601
1103 824
787 473
559 592
794 694
496 1
47 528
72 1065
449 468
544 621
318 957
832 156
1113 528
477 792
342 506
334 764
980 735
271 216
1160 996
614 99
241 999
182 768
49 746
574 791
843 1174
630 166
778 735
436 690
696 419
892 1193
808 554
949 958
266 545
148 878
49 299
930 803
565 652
664 1194
727 745
406 449
978 247
543 715
968 280
553 875
392 1165
1131 267
8 519
469 27
1176 230
523 1038
1003 793
632 70
868 992
372 1009
238 658
542 684
821 302
1168 1134
762 987
576 1154
279 1066
338 234
286 26
1159 527
24 690
57 137
1172 1090
1159 1058
257 694
37 907
731 74
348 786
649 90
1199 827
811 280
150 1131
1109 764
783 204
1168 843
1082 999
308 1174
1177 1080
1020 178
993 1002
104 1171
1191 456
1162 428
411 692
200 315
846 1104
140 401
193 798
1023 967
66 893
314 307
522 1067
781 395
389 53
310 1122
1127 655
252 301
1054 1187
811 382
363 629
519 1004
23 621
1000 226
568 820
831 198
113 73
230 1055
264 714
297 721
1028 1075
1152 626
399 546
1032 77
970 1055
274 660
678 39
151 1087
378 397
219 272
917 546
827 142
288 1170
269 914
526 642
184 299
370 1031
188 19
278 889
359 820
449 595
244 587
1004 702
1175 183
470 1194
690 353
630 248
56 1031
334 445
426 4
374 297
571 678
34 131
509 50
646 523
732 791
670 68
124 532
1077 602
1057 156
555 68
576 702
225 171
300 586
974 927
1179 747
1154 628
470 211
644 671
709 716
917 693
263 1181
1195 1198
5 511
412 516
1044 81
264 564
887 611
595 1002
735 567
1000 191
886 1091
955 799
779 1071
7 471
421 1048
249 1016
220 135
670 85
819 1006
1194 556
1121 421
367 469
1100 596
465 830
179 793
38 759
235 950
944 54
941 416
709 584
48 461
550 815
329 55
620 172
1092 795
434 712
38 893
482 885
675 215
276 765
681 565
478 409
1002 664
158 873
930 380
136 1037
531 491
18 507
1172 19
1079 576
1018 1187
698 325
920 377
342 376
1171 979
92 585
281 1116
238 636
973 695
809 62
56 1110
267 628
637 457
720 830
634 157
715 1200
248 390
178 143
1023 1120
702 1022
104 952
710 820
68 865
463 1
383 990
175 792
138 71
461 389
427 719
352 14
1173 87
826 36
940 811
776 1154
135 237
496 185
873 512
473 848
990 142
660 496
573 751
1010 633
50 287
613 104
105 264
162 1095
872 825
508 850
971 509
48 453
517 1090
1016 739
182 1026
238 793
788 441
135 187
80 714
995 790
65 340
702 1073
854 335
644 1034
1188 1053
193 432
161 556
7 895
89 857
153 578
677 7
975 308
54 859
980 955
82 88
489 978
385 400
288 743
357 91
10 387
335 67
39 1064
854 773
463 196
512 398
638 621
217 1065
711 209
252 590
462 242
856 352
346 586
1020 1192
57 416
486 1056
961 246
15 1096
686 457
516 756
534 1017
1175 553
942 458
132 11
1122 631
1039 990
701 1058
35 295
824 103
239 49
121 259
998 138
333 151
823 928
934 325
1036 1096
255 154
1191 186
286 447
54 1063
233 784
329 960
292 372
1173 974
1026 241
710 494
343 1047
1002 724
837 843
666 489
118 1128
630 747
217 59
1089 110
399 16
324 550
328 187
57 94
219 1167
1146 550
431 647
493 1131
689 974
842 634
164 869
157 300
172 243
144 104
722 416
553 455
826 43
637 509
501 383
362 129
985 550
135 200
434 646
86 223
36 1192
929 660
910 517
1147 643
456 664
119 1200
834 447
894 975
213 216
682 459
973 1030
1140 1022
380 45
827 855
959 738
1093 1140
180 689
555 687
1052 306
309 75
1100 359
363 31
608 485
