25487
287 636
594 1009
105 490
420 564
189 172
992 1076
1126 472
869 76
350 905
183 243
51 805
106 149
373 695
909 805
899 142
344 468
1085 845
1155 1090
1128 538
1160 830
979 26
225 903
1083 456
973 372
935 424
1040 166
1187 928
951 517
1173 298
355 132
79 267
580 5
1172 64
70 557
564 1159
93 866
201 318
619 548
1074 420
623 638
744 595
395 635
96 159
577 516
979 513
692 343
369 154
950 584
848 208
500 34
258 844
668 50
791 269
331 676
948 13
365 257
543 143
1076 126
308 807
975 951
1152 637
1179 30
717 1119
173 1155
550 591
54 706
573 1069
447 13
595 227
402 1165
751 526
615 74
739 272
138 1113
344 523
382 977
462 1179
1043 189
1103 129
899 306
1151 997
885 1145
792 453
913 153
109 1081
1085 165
1119 479
767 936
765 1174
796 532
259 575
112 496
184 853
20 832
386 1177
64 1062
419 9
881 825
694 409
81 789
501 876
240 798
894 1097
38 552
293 821
637 1186
342 496
722 918
62 257
728 852
337 152
578 65
1069 217
59 1016
1120 738
252 464
243 1017
749 398
141 689
395 621
283 726
229 1166
355 168
1178 998
888 514
698 694
11 889
1191 977
1038 403
987 1096
1161 992
494 466
571 1095
641 542
178 1131
137 700
238 924
1032 4
1054 242
652 515
750 674
466 792
408 696
662 1034
102 444
906 518
127 721
951 277
828 272
38 481
992 550
96 573
707 1149
741 925
418 1194
798 421
37 846
1092 34
723 958
1123 783
31 615
1161 880
571 774
155 744
976 30
307 44
922 98
790 1114
981 840
238 550
262 334
444 1033
1178 468
715 624
549 438
904 739
70 577
596 521
1030 24
246 22
143 702
741 996
997 241
589 959
387 638
1147 1039
161 383
6 1059
1167 229
1143 1175
180 290
806 1127
321 305
1195 301
961 1183
755 636
646 667
282 192
1035 812
747 457
608 91
621 598
299 754
114 431
30 1113
347 522
1026 460
352 923
609 823
752 1021
860 110
20 320
944 256
591 833
603 598
678 702
1019 438
131 1097
35 573
794 483
208 919
1125 267
34 740
1129 672
125 558
856 834
486 334
784 693
6 295
402 1036
158 435
627 884
1148 964
148 774
948 494
1001 100
677 496
932 710
777 641
283 1045
869 1052
25 391
1191 485
1116 330
257 961
393 792
941 362
565 883
21 1157
1061 812
478 138
585 388
1153 1
1145 544
35 668
946 1013
20 96
734 1198
45 682
1052 223
757 160
24 679
695 603
372 158
930 274
468 610
577 538
421 1083
337 946
995 370
1015 807
774 441
1127 929
496 780
336 932
275 563
1080 1187
828 287
1057 937
232 329
296 630
592 945
592 1070
577 1116
933 236
892 516
1180 1040
375 616
228 800
1053 799
542 596
582 298
555 982
277 943
463 62
357 551
1115 969
1059 453
899 933
1090 543
917 503
909 967
1196 694
1117 531
113 534
1043 1058
314 969
766 746
237 823
996 985
1002 201
632 877
289 547
2 723
686 1047
290 1061
11 624
207 736
198 615
328 272
782 8
820 766
628 416
813 667
370 1120
191 629
794 1068
10 705
275 1004
728 897
280 930
317 439
740 632
607 246
181 119
275 847
386 940
935 880
267 1009
15 782
370 34
326 68
135 283
392 828
821 916
223 626
897 362
346 1096
384 480
1096 648
263 20
254 500
254 175
362 638
1080 648
1176 336
1197 1161
385 731
1070 162
512 1198
928 228
574 395
1109 874
526 499
569 686
1028 1110
401 117
947 1109
183 533
604 364
614 447
441 1052
381 843
100 839
127 358
1122 726
513 660
689 44
1031 44
1051 54
379 996
45 886
755 93
462 288
582 1136
295 518
1071 756
461 454
983 977
41 337
445 326
551 1183
488 1144
751 345
756 285
248 972
113 1050
925 1029
832 297
794 1009
83 1069
152 840
847 185
228 1082
1150 440
873 43
1152 283
809 566
148 348
761 1156
1045 1115
614 1027
260 897
309 433
637 101
20 57
574 564
476 645
129 518
1094 162
109 322
962 537
802 562
802 585
445 112
883 150
1067 316
260 807
698 469
409 889
828 849
1049 139
920 580
596 178
1193 650
241 706
54 967
631 262
669 704
924 475
299 165
309 1155
708 24
712 68
1015 705
158 679
517 555
830 823
6 260
583 492
731 223
621 1151
27 635
1005 649
131 770
989 1172
634 137
1016 930
18 887
741 231
588 550
321 248
283 62
977 200
92 746
602 915
880 313
248 494
681 39
926 800
908 1104
662 1111
877 1140
1031 602
1048 125
841 769
1040 947
881 343
610 878
75 41
802 403
1026 1108
79 675
84 283
113 472
999 58
1060 331
319 989
501 61
653 1067
1037 590
560 518
856 1167
197 769
95 14
815 1137
389 50
619 836
494 1101
137 270
201 8
997 1179
68 565
679 575
1072 882
972 1172
717 318
209 170
513 682
965 245
774 502
966 143
495 968
151 1087
1072 79
265 694
797 1177
4 519
239 1160
1171 246
555 884
769 758
744 1006
794 712
281 372
571 873
1147 1040
1132 994
960 672
132 670
899 1124
274 751
62 1023
894 773
761 626
1073 1191
909 234
24 973
713 16
1005 458
82 1176
1088 955
29 149
679 752
182 104
410 516
199 256
264 533
168 268
701 1103
1060 502
39 1172
262 920
688 569
49 137
200 1056
136 718
915 609
121 570
1050 400
1071 748
920 630
895 61
55 1194
791 828
1051 862
257 1197
109 725
192 230
167 2
992 98
1160 756
991 176
294 130
840 359
649 232
832 286
732 235
817 482
461 1163
190 157
892 983
893 449
119 761
64 239
280 665
394 358
969 938
701 225
477 543
10 1168
278 371
394 442
822 683
203 668
532 168
797 33
690 739
972 514
180 1080
11 250
77 1188
310 316
732 298
1113 925
959 863
679 1058
1034 707
1170 1086
115 946
165 822
455 538
969 123
143 421
272 192
862 7
493 577
173 717
902 648
788 433
29 708
126 428
153 19
95 222
487 930
417 393
139 1115
1199 939
755 290
953 525
987 249
47 183
1114 678
283 940
677 149
549 759
474 947
845 179
845 864
303 720
453 1103
1141 294
678 1132
709 1107
868 672
817 806
1196 631
559 1188
984 262
888 59
1122 840
657 850
29 136
1143 16
378 292
6 1126
307 1126
531 877
945 160
313 629
557 801
154 682
609 415
89 68
72 317
733 1124
686 263
1065 119
657 216
832 231
1133 1074
33 250
1116 142
700 1065
438 729
146 989
967 260
523 199
364 92
1195 419
103 633
994 734
54 1162
1009 1035
169 337
298 732
1023 986
880 934
208 1134
923 287
166 879
355 676
1170 1056
1137 972
1005 545
42 317
581 1130
1119 1062
928 316
199 188
571 835
82 137
854 1126
406 777
1081 386
871 1174
694 204
570 634
842 861
811 562
907 415
426 823
1083 352
222 440
518 954
884 1009
1027 898
487 365
1141 355
284 148
682 970
794 900
667 437
1194 495
538 700
50 1127
915 934
264 645
489 350
170 432
1129 539
415 659
184 457
1128 1193
702 794
901 541
357 333
1041 1090
320 1191
607 731
1145 1141
625 853
491 791
1103 62
1184 402
226 481
409 382
1079 1012
801 990
683 157
1039 1096
104 883
441 995
309 1037
954 80
1102 1134
885 226
559 30
217 947
686 876
7 1135
493 1120
32 465
1144 656
507 260
159 909
1133 967
474 966
61 689
974 148
1010 855
807 343
357 756
342 176
906 677
972 182
185 728
500 383
982 115
1127 207
887 84
665 151
1042 56
668 1046
606 99
348 557
667 584
483 606
922 371
615 416
674 95
45 938
914 631
405 1011
305 994
528 481
810 363
907 957
482 1147
635 208
25 399
925 840
213 368
496 1138
195 1059
29 190
995 67
858 964
1055 118
293 1166
349 526
949 709
1075 320
1048 57
212 364
407 116
1144 792
605 72
160 415
748 384
1087 955
456 41
430 91
742 319
847 607
132 844
256 113
217 667
1189 169
949 403
539 1052
168 601
542 660
22 370
477 285
395 717
535 307
205 334
556 508
984 910
319 553
336 1046
712 339
554 1168
836 598
349 294
9 395
352 62
572 137
661 850
495 429
984 685
206 601
107 73
559 905
778 692
505 467
741 104
1065 950
885 713
216 861
926 680
796 969
615 1063
749 293
363 144
525 789
252 265
511 1158
260 732
654 206
863 1093
1115 294
214 196
1073 722
393 831
1122 744
517 1084
431 479
164 568
551 1105
1188 0
675 914
756 349
855 1022
1081 278
903 1025
979 58
674 632
1154 357
619 1103
980 1117
264 333
1080 1183
1052 345
1139 994
237 703
979 360
1012 325
335 590
181 883
431 831
1079 834
149 81
1052 1013
549 1023
1197 662
476 408
219 953
239 387
887 489
1119 220
1061 1035
174 263
873 907
297 21
577 1048
73 70
497 409
454 658
301 583
559 80
222 378
346 255
951 103
482 831
458 325
716 449
1113 984
1028 11
1058 959
1199 735
305 532
807 230
960 40
525 696
1162 560
1114 727
555 578
376 170
315 320
504 488
732 893
455 769
1025 487
964 562
714 1021
1024 217
589 871
851 688
154 1143
962 512
695 71
637 224
620 61
914 965
790 640
261 725
744 767
632 389
664 746
53 826
621 431
283 158
412 1006
764 484
335 509
1133 521
230 730
633 1141
778 1099
311 97
1160 169
1166 49
941 934
894 609
1144 1066
934 51
610 1064
713 1170
1174 771
998 766
660 975
728 143
508 1052
793 70
966 65
754 723
271 1083
1185 857
1144 155
236 341
457 440
848 556
834 1001
123 1059
916 783
55 356
139 982
1168 936
96 371
749 757
1175 918
1099 121
335 541
10 567
157 467
1191 25
493 1002
1050 762
1030 739
548 1178
787 649
511 687
846 163
875 865
984 1167
1156 302
849 143
55 894
525 1155
1101 1165
698 376
182 231
567 142
569 201
537 640
641 121
128 1086
605 180
791 727
464 444
271 732
59 433
712 372
304 586
227 611
735 250
1141 1080
376 89
287 798
405 1059
651 28
338 438
821 299
80 1163
643 883
1141 974
1195 1007
990 658
240 1006
1132 105
940 953
434 0
7 1097
660 1112
1106 345
362 747
666 1179
680 552
722 523
665 905
405 596
927 502
701 655
1119 1023
709 1162
652 118
38 523
578 1084
1158 150
298 613
313 940
479 218
438 1061
450 210
381 768
612 1078
344 267
1023 79
817 798
214 278
185 491
871 197
1061 1109
670 716
213 595
924 377
471 1023
1067 490
378 211
823 785
393 421
560 891
622 910
629 1066
398 926
254 966
259 307
917 591
799 75
655 218
660 14
1051 858
720 745
1046 791
407 478
387 397
462 682
339 432
338 775
131 730
527 593
53 1132
444 1146
390 429
1151 953
409 13
960 761
619 831
340 500
639 426
259 292
534 846
542 730
346 908
794 990
785 967
252 901
903 456
1142 1027
634 27
759 702
1186 1139
440 276
584 706
710 594
581 379
122 15
456 991
125 693
742 976
696 42
936 133
977 794
889 57
650 569
231 466
1176 180
470 718
1014 349
1098 269
145 18
89 105
474 882
251 9
812 694
1098 345
46 852
980 1075
403 408
893 519
349 643
937 482
1067 706
589 702
1086 435
818 94
269 1065
947 1100
512 989
1099 576
563 995
1134 678
363 279
0 184
591 382
179 725
195 279
983 462
1151 754
577 39
957 915
414 689
1150 901
918 491
651 258
111 575
267 303
929 1194
971 875
73 566
725 79
438 971
716 910
511 606
807 296
464 558
1127 918
460 522
278 1009
764 869
528 552
712 834
946 1001
1007 275
754 1017
379 66
1194 395
169 343
1015 104
622 159
607 1058
219 1125
415 874
410 581
1090 942
474 78
637 950
191 118
256 474
1057 556
40 564
996 827
1086 224
1145 1102
328 1068
126 1086
536 134
779 1108
351 1125
508 820
620 709
712 1054
81 76
345 769
863 322
1171 379
994 251
736 793
585 830
514 716
753 391
136 591
1004 942
42 926
961 961
453 916
98 43
375 1108
166 1013
780 332
875 691
1038 300
142 367
457 761
1010 161
1017 939
326 581
943 318
25 779
975 1126
141 491
1181 483
881 638
730 811
767 620
923 1019
954 1171
1192 367
1049 68
164 670
739 112
874 82
891 211
97 1128
742 60
451 891
827 333
1131 406
736 1037
738 474
1188 974
202 775
256 425
285 57
1157 790
35 847
444 674
252 432
720 225
933 1042
573 600
286 1049
261 1164
984 1196
724 745
1090 664
694 901
410 147
971 693
904 321
807 115
1058 574
751 783
722 801
171 887
557 90
1049 784
738 344
817 560
391 628
1013 1010
463 543
851 239
96 974
287 742
241 1196
353 549
563 20
200 543
122 285
178 388
41 92
318 33
753 999
97 1051
204 387
709 117
1106 7
112 768
250 433
735 79
575 781
933 1003
43 911
387 1108
1165 972
5 741
686 317
420 1051
1192 441
428 288
507 977
431 138
671 46
866 692
665 718
1000 260
326 941
222 874
88 925
1171 131
261 188
654 47
270 487
1024 960
994 567
666 318
352 132
1034 982
845 401
237 720
872 751
1059 908
1031 638
1142 833
633 671
1009 86
18 1136
195 472
658 610
562 110
1128 189
514 456
394 1193
890 258
216 173
1181 75
904 93
470 575
1047 949
95 645
400 1060
825 359
93 431
998 211
165 71
1187 189
680 881
1167 991
954 823
660 912
587 326
759 575
15 758
206 132
1056 850
777 827
760 1191
399 175
983 534
87 480
118 359
803 170
520 462
82 971
87 61
482 746
88 1075
416 443
191 1003
761 323
510 675
622 450
565 1093
635 599
1181 454
57 944
843 924
353 1080
939 1031
940 859
1096 576
146 1034
221 1027
403 38
74 945
912 897
164 609
211 1037
758 608
349 180
1050 803
338 1097
1191 1155
675 67
936 427
522 728
637 819
889 910
910 230
1129 461
713 904
1156 1130
691 221
352 382
467 1199
293 716
375 143
307 258
854 212
105 601
1139 309
804 219
1002 541
443 142
321 607
390 753
883 348
440 275
249 298
989 274
810 766
892 265
128 178
1137 354
5 337
1039 666
84 44
739 368
986 707
836 324
895 799
456 582
1013 426
757 1104
1056 1058
769 339
533 1031
430 446
966 649
5 746
1063 35
787 690
186 1164
704 271
969 117
1173 723
724 55
1091 741
695 425
263 409
499 745
152 248
584 999
415 509
16 493
1036 1147
205 544
750 981
666 678
431 245
781 8
1160 347
593 321
563 1042
239 365
782 735
506 164
280 462
349 917
227 576
955 578
318 655
52 1079
949 236
261 884
522 144
406 835
242 848
724 597
177 611
186 1025
513 106
914 1021
1064 292
383 715
779 771
1191 433
914 109
245 1090
4 180
642 1057
865 858
548 661
562 918
725 987
494 625
662 964
286 30
606 438
335 969
849 35
939 992
556 464
748 201
247 485
682 69
1060 92
780 433
778 881
289 1119
186 1155
417 939
1009 922
799 226
46 1004
171 255
196 1051
987 1037
207 1027
542 364
703 1050
87 862
319 297
162 425
1101 872
157 168
826 885
555 131
427 742
441 914
994 815
466 459
583 378
239 629
696 991
137 1018
433 60
217 315
436 1145
187 181
782 402
369 555
162 468
164 936
832 998
1023 358
688 1082
638 30
74 1000
43 148
22 394
847 549
671 104
48 473
615 357
1031 716
1083 639
954 313
334 327
204 422
474 629
247 991
752 619
148 615
463 749
519 1114
1115 488
876 584
112 483
144 1062
282 293
882 748
1089 689
324 476
1172 67
652 33
484 1129
785 1112
531 324
406 726
122 875
682 869
979 588
264 925
61 785
210 288
265 1004
264 549
993 267
659 1065
218 157
674 129
193 222
368 540
684 237
146 333
55 951
1116 1091
307 720
674 1062
1103 456
640 497
801 38
935 549
643 833
896 144
1140 28
173 219
103 842
871 273
47 90
133 907
350 1065
1092 1035
589 55
190 707
885 620
3 205
717 1177
166 998
556 201
72 644
787 308
376 1036
122 951
996 1105
109 651
926 343
778 1017
1196 361
996 1110
749 447
627 378
880 586
198 48
236 196
920 919
46 14
910 869
91 160
55 247
541 448
367 209
880 66
705 1058
43 909
1087 965
171 721
791 1049
1200 388
1127 1032
269 840
760 1101
163 719
289 384
208 865
966 569
609 257
1133 1151
1027 499
480 156
259 25
180 360
1160 386
1016 808
531 37
129 964
227 321
447 1154
1079 283
249 1197
559 1124
231 1044
578 497
678 317
125 1122
559 800
873 1175
418 71
852 835
645 1142
1056 813
14 952
697 74
356 1174
683 247
313 498
1057 908
932 1104
547 237
49 111
112 863
33 710
377 841
1149 888
503 429
33 1030
1186 88
920 1012
613 668
752 603
109 718
1149 941
392 139
677 885
314 1109
971 533
836 994
762 340
664 58
383 886
182 547
225 710
534 12
743 36
652 274
151 1194
86 369
621 900
1123 1140
419 433
497 643
941 903
355 1070
19 65
269 1013
659 444
40 1040
376 406
692 40
950 348
1139 692
1029 973
704 207
227 684
164 595
467 715
167 232
576 956
802 559
293 518
451 253
234 10
120 333
15 915
840 731
520 706
464 378
524 1081
1180 1159
33 108
1055 890
1111 521
441 972
453 174
1072 194
817 338
291 304
1144 26
119 205
820 915
171 327
666 403
396 546
492 156
458 672
230 39
1155 694
573 319
592 221
1185 270
997 112
535 379
981 328
387 466
1003 433
632 112
1181 260
149 625
638 939
43 690
181 889
11 284
649 999
50 762
1075 1009
14 1115
669 829
1189 561
201 1135
883 1133
55 444
751 73
198 992
1187 1022
894 200
974 933
375 624
871 444
29 50
723 503
480 66
343 734
369 1044
189 254
224 175
1091 1167
1002 931
941 846
103 94
972 628
633 189
1091 557
206 1106
1148 673
342 896
593 887
94 870
526 1093
1187 725
885 370
932 782
591 989
345 699
947 706
129 679
645 770
798 921
199 90
1104 495
30 610
760 19
1193 566
134 731
174 195
1173 43
493 142
986 602
653 29
33 898
996 526
646 766
331 1164
474 207
1008 643
343 1168
1185 492
884 284
1095 769
432 967
454 430
1124 495
1140 896
137 792
905 1038
282 421
505 1074
371 173
344 460
435 1191
1132 363
352 542
1176 860
1167 172
821 782
908 698
714 95
380 826
931 151
511 1155
204 958
1044 1127
944 890
1115 1042
139 580
587 548
939 557
307 888
741 1194
703 1071
463 965
46 250
967 438
513 1132
502 349
1151 349
237 51
954 559
343 1026
14 352
615 527
973 1031
669 689
395 520
866 321
413 508
394 1085
721 1166
812 528
382 869
1066 444
950 757
748 297
739 704
502 859
334 1019
825 472
362 199
1092 56
59 145
445 968
941 739
7 736
1064 357
515 773
45 634
1185 1193
600 152
543 665
641 215
15 568
630 61
196 90
533 73
729 509
85 545
611 665
916 251
253 130
631 899
718 970
1016 351
471 95
694 854
55 361
197 1041
1139 219
1182 1174
1111 157
369 850
769 369
785 41
402 1051
939 601
296 350
723 1187
689 868
446 754
1069 198
201 448
723 674
970 709
41 681
513 74
884 615
1034 579
727 1071
629 556
1089 328
742 428
138 805
355 0
603 606
885 1131
1125 706
869 1087
1190 1106
186 639
555 116
1167 687
940 917
512 225
704 818
816 941
1011 179
606 1029
676 910
476 775
513 814
325 716
552 260
229 665
592 155
901 1105
262 1036
148 790
67 42
533 1178
743 85
91 665
747 1183
345 346
1019 1005
69 609
343 939
1082 792
476 36
544 786
575 477
625 532
900 311
333 338
1016 242
407 483
374 461
861 1145
1139 1124
326 1145
434 963
1181 12
184 40
552 483
655 1067
925 94
424 965
936 547
1029 963
579 1042
1007 760
486 699
1053 996
664 34
447 267
382 929
1057 271
57 330
783 363
614 501
219 203
668 1038
568 966
66 716
277 1024
775 692
502 499
1148 694
424 145
186 54
336 825
874 1017
694 698
212 66
950 226
805 400
1090 344
630 973
560 453
627 193
536 750
471 316
112 77
113 364
663 215
1011 1092
348 1077
158 273
769 53
428 742
426 407
403 405
361 848
68 401
745 996
146 979
630 704
1099 217
638 165
777 421
774 569
358 1039
408 1061
218 162
315 242
145 730
868 757
309 458
919 697
974 273
640 386
186 808
1132 1069
107 262
567 404
506 197
617 907
399 106
920 1092
570 1198
924 725
426 850
898 881
389 881
321 1000
1153 265
1037 912
479 812
1065 1006
1049 821
658 401
247 603
551 793
531 267
976 607
22 315
350 914
192 587
513 409
137 918
279 986
231 1133
986 548
330 60
924 1117
714 32
348 260
357 665
802 204
975 84
95 316
755 892
1009 832
95 1055
160 822
642 162
248 854
765 1200
474 277
304 370
512 977
1042 122
411 396
604 722
495 396
549 439
1104 115
537 1120
571 826
580 484
424 241
1024 688
326 195
842 495
401 550
349 891
97 13
997 297
235 36
339 520
1066 746
404 119
917 1155
240 429
727 40
618 906
491 277
640 394
878 402
480 3
875 141
1162 26
1171 129
923 379
602 1091
1123 982
366 68
1111 782
466 324
943 456
654 118
192 319
574 32
617 505
208 194
68 521
1105 615
36 783
631 3
233 734
60 1003
733 224
386 1122
296 1043
1047 667
930 863
610 215
38 699
421 708
31 103
731 89
504 1160
918 406
7 247
155 31
1146 216
1049 969
685 1043
115 1194
901 574
1069 694
161 297
916 1037
668 418
277 954
923 437
1163 331
449 698
321 298
166 506
740 949
71 108
1070 478
897 960
1169 815
548 1008
79 465
1102 888
719 123
613 1179
415 332
400 582
154 752
136 982
578 1195
857 71
678 1045
940 800
600 875
897 828
1066 822
38 251
802 708
802 1148
993 118
186 456
1038 539
605 1154
1022 1013
673 929
113 1113
1040 735
1054 320
1070 676
210 599
863 990
105 789
1009 310
494 10
696 283
794 264
739 1130
1085 753
1004 284
107 224
543 357
398 66
25 690
1014 1031
593 625
711 1030
1133 277
539 836
708 675
85 635
787 465
752 903
865 310
5 1100
887 563
406 716
840 941
771 664
539 217
254 733
648 354
293 701
240 963
1087 701
111 1037
330 67
152 737
364 406
800 876
872 518
810 924
716 120
77 1171
857 619
431 838
1114 1011
892 1134
366 705
804 586
382 375
1048 211
940 281
719 148
791 222
78 1019
1100 235
310 645
1193 29
1024 257
764 58
628 677
465 806
1071 695
120 245
926 23
1034 83
247 1118
356 420
776 598
1003 488
330 255
968 858
340 1017
250 435
107 510
728 154
88 210
203 245
985 937
1155 163
1019 880
1173 400
1103 295
570 140
896 824
785 815
801 200
423 273
212 1164
844 206
470 581
318 281
974 1039
104 16
333 564
489 4
1032 317
526 691
609 513
40 1136
1124 64
59 654
744 44
1067 355
597 272
604 617
165 866
748 524
977 655
803 363
654 167
743 23
919 644
411 172
821 68
326 254
887 654
895 632
93 590
864 126
1071 137
1072 598
860 181
486 222
702 541
426 573
852 462
223 1186
794 1044
892 1081
228 1097
522 690
971 1073
262 740
381 194
990 931
40 270
958 498
989 1141
149 344
606 1132
1161 487
685 522
1080 1077
417 1044
537 1014
536 598
895 43
634 282
532 342
773 325
535 334
497 175
1114 427
267 289
533 542
953 19
952 809
599 1143
1102 275
1134 355
222 25
1100 937
286 826
235 1141
974 1175
387 1093
833 152
1083 491
617 615
411 98
24 946
871 1142
294 635
264 542
724 1032
796 1023
147 840
495 127
318 368
882 770
901 710
945 546
814 619
563 676
646 18
215 44
867 665
12 462
336 75
601 342
644 856
338 1044
967 1081
244 209
477 705
735 810
960 419
291 639
534 934
1020 91
922 545
279 39
849 911
303 62
37 736
322 815
678 935
951 326
261 624
889 668
589 560
742 324
1015 881
275 514
743 845
34 148
55 629
966 1043
278 73
1166 1064
951 381
359 200
24 939
743 1016
1158 216
1043 119
1194 165
902 359
368 64
598 1153
595 586
860 703
804 180
1129 571
823 450
1034 142
839 859
984 1065
272 526
728 984
961 1121
603 297
794 231
288 969
317 692
503 1168
47 266
1045 1044
387 467
877 358
602 670
184 870
261 1027
986 16
613 190
272 164
803 54
33 1186
1017 966
812 601
328 425
556 285
650 562
339 97
752 853
1104 470
6 401
982 628
538 1193
953 592
34 412
192 977
86 837
1153 759
505 328
1084 976
1079 591
410 873
961 1187
974 715
339 526
441 460
1118 541
866 98
922 831
368 118
139 1058
982 934
235 15
991 624
385 757
1124 569
1107 298
763 515
80 446
749 1018
422 742
340 1025
861 196
101 594
217 838
1055 32
820 371
712 142
629 64
1051 722
118 479
411 945
99 722
564 166
349 219
1058 132
965 919
800 138
971 486
787 940
1035 1038
627 350
39 933
468 1172
19 894
1060 1158
764 719
756 1012
1076 80
61 1000
1200 227
1187 850
338 1036
1177 533
698 320
247 73
1076 870
725 393
350 785
664 628
136 536
366 681
91 429
1089 392
243 0
351 867
602 119
282 704
451 378
915 638
378 285
122 265
7 1121
5 733
1009 889
270 873
545 575
954 907
352 623
559 768
1140 693
1002 21
884 19
1015 1066
377 601
936 9
288 534
722 641
130 1072
40 535
642 97
273 506
867 712
561 143
322 649
919 818
824 657
399 639
217 560
374 988
369 623
266 788
489 934
1116 643
105 77
1046 362
653 361
224 550
384 709
242 399
689 10
821 323
685 957
632 289
724 1029
697 80
972 553
932 712
754 1033
779 999
255 135
1027 66
678 793
301 1046
678 196
426 19
514 590
329 114
4 99
1113 427
69 271
550 89
629 1170
240 227
831 308
837 785
738 726
733 641
687 970
753 683
783 225
96 963
584 1152
1077 1126
992 293
882 426
358 493
720 696
692 1109
1169 326
331 213
238 671
821 275
613 1090
595 1171
664 413
925 57
713 636
315 499
1026 237
677 350
952 894
540 384
557 475
33 1092
425 1131
102 844
1040 62
398 734
474 327
501 907
533 239
610 119
339 703
596 1031
978 614
1182 708
997 849
240 1014
1092 892
606 189
145 344
976 76
851 675
781 1181
1120 1073
989 211
953 90
469 788
805 442
1149 613
1153 518
1165 730
592 963
1118 234
357 639
822 783
607 287
464 880
924 23
362 761
194 281
1083 847
828 425
743 1054
441 142
1107 818
622 436
315 895
206 840
903 301
963 629
934 389
792 1095
588 644
727 761
770 285
420 709
308 1023
402 605
901 801
724 914
515 1023
1177 527
294 1101
803 615
683 942
240 692
1070 951
934 467
155 664
673 203
896 979
211 420
205 981
1023 379
61 884
273 146
902 347
1191 807
638 1114
31 432
547 27
496 825
1065 761
1171 487
80 911
717 253
1043 365
121 610
505 1153
508 746
510 1135
637 340
545 1152
675 823
649 163
987 546
295 1062
56 316
1025 1149
405 980
984 227
76 336
285 798
718 1137
131 447
303 967
123 330
1188 965
635 735
732 300
94 378
818 212
148 1045
979 1133
570 544
1016 1022
948 567
23 1038
1006 739
515 100
445 629
490 524
903 1173
672 1108
79 597
308 592
390 516
439 1075
785 309
849 1160
705 654
940 365
407 883
600 186
1150 1107
413 716
1107 232
996 938
943 744
842 1006
739 829
693 994
654 512
1102 774
875 932
635 837
62 232
1008 171
779 1105
208 742
669 258
928 50
106 654
932 695
742 936
252 478
676 1076
1057 14
959 686
651 567
1184 637
697 1
644 755
285 363
372 390
1165 193
254 655
105 717
377 668
960 635
1065 546
142 1083
574 193
1181 879
929 422
720 715
861 1068
460 1137
7 19
837 129
3 363
1169 888
1197 711
744 999
811 308
458 824
897 1029
525 277
535 756
949 892
168 779
954 570
342 559
1160 1171
879 1081
340 476
250 1071
357 573
219 663
248 753
406 209
945 430
915 954
825 67
654 338
13 853
893 721
374 201
942 662
173 82
216 1076
556 1166
882 813
1 692
1128 590
474 576
176 336
1020 348
106 970
852 501
680 1196
711 751
911 587
690 169
672 372
206 446
35 727
560 1060
1061 556
798 626
674 186
115 296
586 873
373 438
143 1071
701 949
545 1186
979 782
1164 182
405 387
418 561
911 829
323 1011
1172 58
172 451
749 947
138 451
757 1101
523 578
516 142
419 410
1055 894
812 39
1153 670
1137 866
385 494
20 407
608 282
879 1110
68 749
472 840
11 1176
343 601
1119 957
102 506
412 860
986 463
204 832
31 631
1002 411
8 1115
1054 1014
240 241
627 947
1179 342
1064 1094
754 396
136 327
662 521
527 872
1093 1087
211 1046
431 1151
1183 1060
603 1017
555 850
433 784
696 847
665 658
196 890
324 928
527 555
601 721
997 372
370 956
122 293
833 530
1145 672
583 109
348 892
169 31
1093 107
442 106
293 207
1153 264
920 989
711 975
839 249
1050 722
359 524
1192 712
354 955
849 359
732 1082
795 375
963 809
166 1050
562 760
1141 8
640 903
21 1070
511 390
556 532
1037 983
852 787
261 792
182 977
601 363
92 32
12 439
1007 779
276 1107
899 673
450 916
963 80
1152 711
1015 97
102 941
330 1062
131 412
1025 288
757 103
602 422
702 26
1140 1010
701 860
140 1095
360 62
830 274
1188 792
1064 585
982 653
49 1195
1120 1132
463 719
740 220
946 498
28 158
358 1113
1179 212
136 1006
175 535
406 1100
446 244
1084 94
765 652
1097 1120
768 726
1006 594
421 152
496 476
102 655
665 967
582 0
1012 1072
1193 5
45 662
1156 11
340 567
598 801
391 621
287 406
960 215
105 201
766 328
786 220
895 1176
971 914
820 14
531 679
783 1185
450 80
321 697
888 226
22 524
1043 851
986 1098
887 966
442 913
1031 1090
224 1119
513 729
399 504
300 989
804 473
454 587
767 93
938 1164
964 1095
1078 44
1187 1073
201 304
707 241
134 220
15 300
948 40
709 703
63 31
433 789
912 685
976 150
72 191
1144 552
599 407
459 562
207 242
665 487
406 1010
275 572
333 6
499 657
755 550
557 1107
431 643
524 94
438 405
876 662
464 762
200 1143
844 796
47 964
504 955
785 559
481 424
506 694
922 25
26 363
625 279
1057 49
1178 612
867 589
1032 804
274 1119
1152 1006
527 1180
795 482
270 94
602 490
730 819
111 99
636 624
582 63
64 91
624 32
308 191
1144 44
825 903
967 858
52 528
318 96
282 1159
378 391
1156 1119
8 521
363 751
433 755
157 516
1019 738
1036 975
720 551
24 752
844 217
474 597
606 1139
812 170
336 597
534 417
995 325
283 320
351 958
547 344
722 794
729 1058
1025 519
515 545
277 857
492 28
604 1032
410 732
736 175
203 1058
995 876
1117 765
84 614
601 1022
559 96
266 282
1058 1161
1073 1000
1023 855
1004 833
408 94
274 447
359 490
715 189
101 886
182 105
709 523
936 922
540 260
618 416
367 553
918 950
34 872
347 1108
841 596
89 751
378 1196
500 288
550 742
585 1149
771 414
959 1144
371 409
1092 1076
1047 1032
188 235
551 472
578 1086
264 945
851 1076
930 906
750 201
897 819
1016 107
1154 1029
965 328
13 1101
55 993
871 1
283 812
1104 699
57 496
440 490
228 1023
949 41
1190 48
1068 1158
762 939
700 1041
1093 908
715 915
9 1070
189 782
1016 412
69 1040
916 758
521 336
468 625
1061 972
509 1058
890 243
802 749
1153 624
78 700
838 81
307 777
174 217
966 695
315 1065
1185 630
500 80
377 250
56 9
1107 1074
1026 780
724 697
35 976
628 260
409 607
612 852
88 122
889 627
208 933
713 909
116 1012
668 1157
301 988
57 557
447 837
999 1134
1053 943
243 627
1036 906
714 420
704 1175
1170 1132
415 542
692 390
49 456
0 688
1026 984
466 583
133 475
888 39
571 358
115 674
505 881
536 405
191 737
739 18
498 3
527 222
391 350
667 432
885 166
401 751
1022 445
776 422
246 16
11 760
32 599
410 638
921 207
1124 605
1007 762
1018 101
686 862
12 13
769 426
218 336
279 1086
506 1054
227 36
437 228
234 1181
990 224
485 222
441 1056
595 950
353 931
744 83
398 879
1029 54
792 266
1198 681
197 605
245 549
262 746
946 352
486 675
1172 84
751 611
645 651
210 602
19 66
223 502
357 993
379 659
52 1021
450 1011
164 1095
404 1196
735 268
912 1183
1029 348
795 80
413 301
886 14
867 759
581 446
1068 725
634 601
157 998
1025 513
390 492
726 709
73 210
377 196
1038 408
759 219
570 1033
1150 1133
102 518
931 830
474 33
385 383
1165 1073
481 892
776 760
100 188
267 483
596 1065
521 453
780 478
692 544
827 130
113 692
1013 469
795 784
288 1169
141 225
351 913
564 447
345 1081
551 814
701 1073
1132 837
64 556
637 1181
87 706
586 1103
71 309
579 885
955 408
351 317
607 778
760 943
844 529
490 300
510 720
956 795
1191 698
578 511
649 972
884 1145
531 810
203 402
451 396
372 178
95 582
178 871
138 1041
9 414
1059 819
452 11
310 1012
198 522
584 1062
755 303
1026 1027
980 636
1161 129
632 868
1126 410
930 334
1026 708
609 876
141 1003
1144 712
536 634
301 504
810 1100
483 51
149 443
587 345
421 215
488 269
760 324
842 800
201 534
893 593
574 186
160 538
460 971
800 404
6 592
467 1189
117 996
714 872
497 1171
892 1116
625 184
437 769
1020 43
1189 513
1168 341
420 424
180 116
581 440
543 1141
1182 637
500 876
88 1176
963 110
503 805
849 181
325 162
525 883
1178 846
142 598
593 571
1063 850
904 1113
103 141
189 440
726 581
1196 927
1074 890
1135 834
836 957
950 107
911 247
896 809
598 131
556 117
134 991
196 342
639 482
800 964
405 1130
239 420
133 445
1042 811
342 1002
929 1166
9 1055
453 373
823 244
752 1106
1085 174
1117 90
457 152
72 166
1200 750
219 1050
140 88
289 21
407 1057
1110 1180
1180 896
660 686
427 99
686 965
1198 197
970 38
303 1055
149 917
521 965
979 150
563 17
900 986
937 987
1053 1022
191 1095
1094 60
1145 426
1135 468
416 216
1159 388
131 384
534 575
395 1152
897 490
997 94
337 845
899 788
277 865
550 1118
49 775
1111 506
751 711
689 786
489 150
691 273
700 1014
497 61
256 373
217 835
1038 1052
889 756
481 881
717 675
565 409
150 994
996 905
969 755
214 1119
865 560
1000 540
517 386
244 801
727 1010
849 698
346 795
125 350
82 879
225 867
1060 404
362 1151
1098 830
54 361
1196 287
369 760
769 228
197 491
444 942
531 993
87 803
64 4
310 776
560 331
704 804
880 1015
329 539
686 681
1137 86
824 81
126 367
228 1012
85 644
561 1060
884 45
733 659
444 830
976 191
1114 645
484 1101
1072 640
852 919
20 74
1087 360
155 771
285 847
95 1040
894 638
82 928
128 309
292 587
856 722
68 431
446 890
450 957
685 85
724 614
1147 288
1164 87
259 1137
1100 239
707 314
462 305
1174 205
1101 101
406 978
371 550
764 31
1118 808
337 417
1179 584
893 1166
401 658
344 12
698 743
768 827
1081 215
759 4
796 274
146 847
604 796
875 481
291 271
715 1000
523 150
1008 236
249 1116
713 449
983 914
920 953
1116 749
176 790
525 1187
180 679
861 893
567 643
965 853
749 697
559 712
1141 717
585 309
375 664
504 278
804 178
804 1125
87 515
249 644
772 69
973 987
351 971
878 632
716 1080
519 902
265 79
673 711
1197 101
213 606
507 317
535 534
327 852
944 828
298 368
45 390
1122 947
695 754
498 916
977 247
1102 858
641 1039
866 186
1097 904
917 1124
11 162
829 1114
271 491
232 884
1127 620
1004 333
211 31
306 984
1178 691
995 778
284 622
277 563
650 1064
1103 943
742 1163
456 82
949 1083
456 803
821 515
1113 569
326 153
551 920
1172 925
1148 1006
578 931
717 314
272 1125
659 1131
832 787
941 147
638 715
556 710
591 974
754 706
1008 290
984 86
80 765
280 882
1044 123
397 2
1141 219
690 479
307 428
569 924
861 1028
242 615
628 64
298 197
713 724
40 954
418 170
63 665
1185 424
940 483
1026 768
444 571
457 575
835 603
936 164
843 968
300 437
1182 1005
652 1131
426 952
942 1079
762 571
873 839
689 68
103 702
77 701
746 624
354 1051
641 105
996 378
894 838
22 795
1135 607
92 360
126 396
191 821
704 1104
631 745
413 881
634 275
1000 1074
1069 168
1106 1142
268 669
118 930
454 452
104 556
151 1049
241 271
544 679
576 673
282 540
1024 679
140 950
1074 978
349 1156
976 793
205 537
26 495
590 1019
296 155
1141 855
844 145
1065 598
199 723
1188 366
260 236
111 995
253 769
727 762
516 482
1140 1067
99 211
156 67
86 653
292 218
146 257
31 913
218 882
599 575
647 881
764 988
182 193
775 101
184 208
1015 1101
829 347
988 937
227 862
1102 868
838 842
898 844
397 65
404 1050
701 534
90 1032
645 1134
670 1182
239 348
722 1043
25 112
1085 555
286 1106
857 221
1097 319
479 34
86 538
634 442
33 1135
224 1048
856 325
728 178
544 782
1027 958
682 1133
913 65
208 1012
831 25
257 1142
390 858
1033 221
113 638
1130 266
372 555
653 348
285 670
187 531
1039 312
500 244
1164 235
158 135
684 560
394 400
1178 426
152 1135
791 560
22 702
719 62
306 672
1012 1185
378 399
1178 991
1178 667
309 907
322 910
606 1191
70 442
1130 820
1076 1162
388 1076
747 56
834 1033
242 439
135 159
465 184
121 11
1068 900
485 918
387 88
86 552
1112 382
746 1167
851 518
985 25
714 1142
734 315
1150 668
1075 429
951 142
735 710
587 1070
68 28
775 263
1 126
368 334
394 199
1151 587
67 136
1122 996
893 579
225 276
303 214
93 549
442 292
395 892
37 55
253 563
5 582
698 1093
835 65
421 1076
843 209
815 904
690 740
1069 544
820 950
916 1156
680 1083
1037 1032
73 267
437 6
585 258
367 512
983 1013
440 293
116 229
688 794
295 92
271 92
427 1061
173 779
1082 691
405 1146
1101 1089
49 940
317 374
1006 187
207 367
1046 154
165 187
1055 534
65 633
970 136
660 568
394 484
835 1104
1186 886
1142 42
811 969
1108 656
752 1175
13 146
1042 1116
964 888
1095 823
854 116
262 515
500 387
973 67
626 1164
455 478
158 1126
110 793
442 663
547 701
750 837
870 1028
207 422
749 1107
368 255
165 640
494 1041
482 284
1094 193
376 666
197 108
1028 473
336 282
432 633
624 1027
455 999
137 952
940 921
959 1099
244 89
114 435
220 255
513 21
594 916
325 443
313 355
1128 1115
22 225
402 945
498 592
12 722
37 322
1061 596
270 991
125 1169
1143 356
8 542
166 108
1042 33
963 1044
1038 293
160 5
486 1009
691 491
394 92
196 787
157 825
869 1071
219 864
263 288
485 835
706 740
585 676
390 279
831 1158
90 45
789 806
883 586
162 264
712 509
288 1063
348 496
69 214
520 916
1131 261
149 385
464 686
421 884
107 763
745 744
824 85
1049 734
784 84
121 88
653 381
258 215
1090 877
1087 988
30 686
1023 541
1168 1048
795 723
927 174
1143 551
655 1043
680 870
941 163
280 88
625 634
211 902
370 1163
1195 109
811 57
248 726
1176 47
938 960
359 675
334 891
406 1185
123 98
169 453
1166 235
496 420
912 858
806 769
1141 813
201 1183
297 134
176 1159
834 648
719 24
217 1056
801 1170
643 676
824 639
153 409
732 422
906 817
347 1060
710 774
896 498
219 834
1129 109
355 302
1103 512
1060 1152
265 171
1135 1147
520 300
460 959
389 1007
250 1181
158 614
821 970
445 805
185 788
366 337
666 743
461 1175
607 1076
204 745
82 450
224 812
275 911
765 224
710 559
236 904
469 947
898 935
863 970
467 15
391 339
1005 14
1026 787
120 49
491 27
88 776
498 443
991 892
912 591
192 809
725 606
535 170
582 45
1160 1015
751 1092
270 744
833 485
227 70
312 47
773 16
894 497
1141 230
302 750
764 556
670 189
324 977
439 126
630 1168
445 162
1055 212
915 876
357 1076
1165 157
658 964
563 162
127 462
871 389
442 60
682 889
490 415
972 504
1074 1146
1078 528
656 1086
387 1100
458 112
1041 636
905 840
162 1000
337 1155
163 185
762 607
421 46
850 430
778 6
545 669
400 81
820 1184
1024 411
1138 200
1173 562
158 37
684 355
221 618
410 319
559 1103
1118 863
193 385
767 875
451 528
1156 1071
21 704
284 153
827 739
229 424
948 975
273 960
993 250
464 542
1059 382
716 104
575 67
986 92
823 436
775 879
281 320
1120 478
72 1142
842 545
130 399
1000 723
965 606
103 1061
1017 39
1027 1030
1091 143
248 407
314 964
823 740
874 972
1138 767
11 990
540 858
904 1000
794 478
151 925
391 599
922 207
516 41
582 80
880 281
815 606
985 252
170 978
748 317
58 518
501 110
440 1010
701 516
1011 1020
414 75
442 204
1116 1106
921 918
5 929
3 1137
1093 94
423 895
447 7
348 1010
1104 1052
241 550
1026 398
51 328
1066 1000
484 178
81 589
949 880
263 807
599 462
291 978
1086 200
735 182
343 1180
763 1019
196 838
1118 550
635 993
698 49
1163 229
583 281
442 868
378 34
491 1006
683 1021
263 406
801 705
320 364
709 870
848 401
1180 26
165 805
115 585
1154 245
1091 901
900 237
836 250
703 452
1140 84
1133 642
429 119
303 1127
1182 913
1130 329
250 329
1149 422
308 1053
342 1034
723 244
222 502
836 329
724 1168
727 724
964 1135
1098 1062
1197 1158
218 110
252 354
444 459
1055 1132
665 904
721 773
68 526
824 655
691 448
793 897
1144 323
1096 430
10 500
267 619
581 572
1138 285
532 252
241 979
169 610
339 978
712 332
678 8
146 256
1194 1031
991 458
741 250
996 1012
260 367
835 1036
0 510
908 160
691 1199
378 558
1043 807
897 212
587 923
1180 560
557 1131
1149 920
895 110
1026 1067
930 839
1153 1017
1016 997
226 1148
1134 141
1172 205
944 778
478 710
365 55
790 354
545 348
474 951
900 855
1000 557
459 226
504 216
460 808
387 717
36 1017
1029 1125
118 1195
681 1009
12 461
629 677
152 417
1162 59
470 12
1058 37
278 727
316 1002
856 315
587 925
15 267
185 942
348 67
721 17
629 467
852 759
18 276
463 141
134 533
764 196
1190 815
1047 582
723 1038
187 155
204 189
331 1181
764 568
1198 827
1090 322
207 341
89 63
192 564
893 93
17 1097
748 617
237 175
741 1116
488 570
675 1002
377 406
525 1127
992 255
474 431
180 158
678 1127
7 622
253 786
692 1178
306 138
799 620
409 1047
76 825
910 1026
501 835
181 974
108 372
359 302
567 95
139 784
877 546
851 1019
1080 85
582 559
88 570
1094 232
108 294
557 98
988 601
27 49
352 537
707 304
163 817
722 106
648 1027
127 689
704 672
882 486
711 1104
850 190
418 21
880 259
687 313
1023 130
602 1039
1068 548
841 1095
1187 581
223 225
954 690
1081 25
363 184
288 531
568 454
325 175
707 1018
555 771
258 1069
383 280
1151 430
1075 174
293 292
1072 1153
953 448
1158 513
863 1107
989 942
721 1200
958 844
810 758
82 606
622 202
93 929
794 939
195 742
1169 367
280 212
410 402
246 260
658 369
867 1059
1077 256
870 786
56 758
389 601
420 754
1099 548
264 292
531 101
482 651
924 308
100 36
41 1003
758 690
391 755
945 539
71 245
152 457
535 420
112 826
504 825
485 81
191 1073
572 841
102 778
1125 487
415 964
174 115
203 190
1077 920
362 702
1101 786
825 869
292 379
583 1106
285 118
494 441
287 1103
84 1100
914 827
478 1182
1140 296
219 1100
1179 950
251 968
455 214
367 457
1177 42
541 414
1003 900
484 409
627 318
21 439
1168 648
898 991
326 184
174 472
282 407
529 397
172 1111
811 150
523 230
713 848
220 778
901 317
105 550
108 217
480 1155
873 662
933 322
380 731
809 118
570 71
270 294
134 191
1129 1138
203 1158
982 22
272 300
987 303
743 530
749 676
212 36
678 590
453 1150
978 978
753 996
395 744
389 258
133 974
523 85
436 546
845 867
1081 570
654 842
372 279
697 528
1181 802
864 1071
971 68
359 1150
593 30
992 398
354 350
171 803
835 61
880 440
1162 796
240 9
131 1136
270 1069
591 923
244 261
884 1167
75 848
366 580
893 619
888 740
255 173
662 18
361 625
377 48
361 1122
280 1194
336 1123
1070 1115
567 481
1055 123
410 9
1014 690
669 674
869 476
5 379
1172 1094
297 471
1149 134
1058 811
551 89
86 9
384 342
564 1142
749 1102
499 613
977 613
693 148
762 179
1049 384
663 964
436 951
691 950
615 825
1064 189
205 838
40 320
276 1109
534 234
85 592
1094 1008
229 93
333 1162
924 356
274 584
208 923
453 770
933 360
465 563
165 31
347 223
524 321
980 580
1 554
792 1114
1192 1165
361 398
908 405
746 228
514 699
1140 1049
492 82
90 761
646 268
644 800
518 1099
455 260
155 320
174 902
1169 365
464 486
1081 838
349 761
43 52
859 536
42 123
1053 581
494 878
807 102
727 1073
785 75
459 823
293 577
1064 282
781 379
26 300
479 942
918 409
95 946
156 953
243 1025
993 670
1101 775
626 642
359 862
622 250
444 434
518 224
751 264
394 916
1069 1197
906 1040
55 138
1197 756
124 538
538 87
578 1097
1071 1045
385 226
457 833
714 433
943 1012
1058 884
1187 1170
463 802
776 750
1029 968
14 28
231 867
327 160
231 288
353 708
621 302
85 447
1022 492
764 784
352 568
276 716
953 924
998 368
6 58
991 307
98 1156
75 745
588 1000
551 1168
501 206
292 516
1125 633
1127 727
129 1060
1158 478
340 925
904 606
805 6
895 855
720 150
632 1
365 50
372 1075
112 372
370 778
282 528
879 76
13 724
716 982
592 435
747 180
123 700
835 64
206 1009
104 1078
197 865
1022 1163
214 504
105 931
655 18
884 48
442 992
774 711
746 431
330 874
690 1176
960 547
421 256
481 1177
370 20
867 190
519 905
1069 886
259 98
266 873
520 1105
1055 893
1090 635
375 1029
219 584
934 188
489 1084
360 10
928 550
670 643
291 758
336 746
501 793
639 762
981 783
31 222
193 1092
14 710
1007 270
21 21
493 977
38 503
683 952
424 333
764 865
1119 1019
49 1191
459 1085
397 140
535 1052
164 72
253 438
315 985
945 971
605 407
95 1112
374 894
60 442
522 289
921 536
770 74
761 50
1140 766
789 0
1173 223
138 837
968 347
730 49
893 460
794 202
84 1188
1076 64
1005 699
777 1124
107 919
769 230
1057 957
1042 835
298 1118
279 369
170 187
1087 418
64 707
1165 45
28 124
477 541
423 1185
149 202
876 442
1125 713
514 814
441 494
365 882
506 243
792 174
473 502
630 404
376 768
480 764
700 700
541 680
644 820
842 306
1103 1156
616 301
1123 541
87 10
11 1055
110 803
777 470
62 1086
696 1153
595 622
383 634
690 832
882 321
666 840
161 36
52 480
245 405
740 397
74 1138
64 137
618 809
1009 853
962 796
445 265
671 180
237 435
1178 131
1073 1197
566 670
440 705
378 844
826 850
136 202
955 299
540 980
1053 669
420 1046
44 413
1103 830
327 499
446 815
999 613
132 460
475 1079
778 637
427 175
404 85
976 749
197 159
1009 1147
983 478
686 1057
810 1102
574 920
95 619
696 684
725 832
345 620
248 694
589 693
766 892
1166 736
1156 714
515 138
264 802
1002 1134
1183 381
406 391
1133 863
1103 360
1081 995
739 1107
491 806
1150 192
634 483
581 255
283 1032
724 622
324 921
298 777
192 135
184 101
781 736
845 70
491 440
473 461
482 741
898 728
1113 388
934 254
1032 932
233 149
613 1026
670 1194
635 696
1016 247
257 1007
987 689
794 549
290 1108
796 1127
112 942
1094 880
823 1047
1018 122
116 677
194 134
259 1191
1079 644
1084 1125
272 110
286 567
725 906
730 8
646 484
96 1009
52 99
791 303
764 1178
220 954
297 794
849 234
337 919
163 635
475 157
754 281
1048 742
776 254
1062 73
591 709
912 1195
837 103
465 982
277 1084
798 592
1017 300
775 718
807 865
799 261
843 894
280 231
524 1018
820 420
362 176
159 1032
799 164
1042 439
185 978
443 593
1045 592
384 688
430 796
1051 1089
1036 868
653 280
636 753
1178 360
475 1068
869 450
13 672
253 986
129 161
601 800
523 231
626 333
227 617
537 694
891 985
999 552
779 690
1080 614
713 852
920 641
415 1118
948 910
782 326
933 88
79 1098
659 149
1029 509
106 1127
398 1175
224 283
301 1098
336 521
1179 1110
474 831
1154 732
162 842
678 784
240 291
813 509
288 780
960 887
569 1103
655 602
529 26
590 350
359 554
47 541
856 817
879 1011
527 1021
981 426
864 106
1019 25
1056 216
732 1102
762 774
1059 636
1171 591
384 275
232 1169
1140 486
805 257
567 606
1021 761
322 464
686 1040
788 225
899 108
172 67
22 264
107 920
720 767
437 219
940 91
726 1078
345 1029
925 785
759 869
589 1075
976 523
995 378
982 858
969 1002
479 813
1085 396
281 349
894 785
977 312
899 446
1189 1137
811 734
879 585
369 415
803 541
1094 10
633 708
412 1181
1015 310
630 150
696 1101
760 69
304 1172
140 287
120 1124
973 1063
842 290
1066 189
937 1011
166 512
30 1164
49 64
940 1073
438 1144
1056 90
370 1176
932 322
952 905
21 926
167 210
1108 485
880 544
519 631
1054 498
974 96
542 746
894 886
767 597
464 1063
1009 933
700 1008
556 851
591 681
168 911
802 787
144 1142
46 404
17 50
182 1031
336 256
33 37
525 560
449 1183
277 900
366 876
476 724
93 589
272 407
37 1043
811 1137
831 843
88 290
663 1087
532 1012
811 419
153 266
269 1029
1070 86
37 358
774 338
476 964
397 580
879 814
405 422
46 174
354 217
216 66
1022 808
51 263
993 645
777 18
1077 1194
431 430
36 842
393 719
290 255
69 328
434 234
489 424
423 1138
303 442
619 475
134 356
30 309
141 232
636 424
756 1054
26 570
1172 762
1055 949
197 958
210 1075
443 198
138 481
355 454
1015 239
735 264
1162 922
107 445
130 329
478 501
1026 234
1043 62
901 206
522 359
483 1082
761 409
993 716
172 393
1050 798
466 725
1194 674
1120 1169
1158 878
150 125
458 1071
1110 332
908 526
816 1144
36 568
310 84
432 784
1042 66
325 533
197 923
34 595
427 694
83 1045
592 370
842 914
503 341
496 747
469 689
191 1170
944 818
1108 222
1115 438
607 919
245 179
979 897
3 505
1020 692
412 982
533 528
656 1081
605 720
942 974
868 211
51 891
335 1120
76 1040
572 405
759 703
1113 577
52 857
224 862
372 1005
24 228
65 950
911 822
926 719
1058 827
573 830
394 186
1024 1061
213 53
822 718
851 660
1173 1125
290 1117
637 849
231 742
411 1110
252 1163
670 210
696 781
147 884
971 446
407 556
359 166
1045 291
446 773
1087 340
405 78
669 464
198 734
632 330
815 474
55 91
453 725
5 850
345 103
618 294
760 408
954 971
576 1123
1196 1144
625 899
962 472
641 267
858 1103
749 1100
138 1011
377 955
553 506
926 569
117 490
433 62
76 275
844 408
1027 363
1013 397
379 942
747 233
153 49
602 145
397 1147
526 414
426 719
975 132
426 803
744 6
373 940
751 295
213 600
9 560
586 13
1023 896
510 804
333 662
1082 558
651 1196
143 107
575 1037
381 860
63 571
108 312
471 970
208 532
58 1173
151 1117
232 203
710 71
892 603
435 971
973 493
265 733
870 993
226 1163
589 1193
883 231
312 625
491 827
332 779
286 926
601 1063
703 536
795 153
705 283
1117 304
824 134
278 201
1016 1052
636 1200
379 964
527 1059
314 622
1151 1187
484 23
365 657
621 422
993 674
375 1068
144 706
429 208
634 600
951 136
1006 375
1177 1080
265 430
904 1086
667 196
1004 39
448 888
388 1003
348 88
567 1028
948 603
178 402
1051 80
1018 720
502 903
231 339
56 604
992 279
5 410
1109 200
1163 73
399 239
518 1018
466 950
454 314
654 330
127 1142
865 266
576 1053
317 624
710 61
234 1163
1164 296
183 785
362 1191
715 603
228 282
992 968
1164 841
670 63
870 504
330 755
156 1164
474 989
426 690
1068 286
104 179
632 1184
711 350
717 610
122 692
970 909
761 1165
241 21
569 1046
178 902
25 1006
810 281
18 96
74 1111
602 999
996 1134
68 356
199 935
319 741
350 728
866 129
340 668
907 187
749 141
1193 748
857 770
592 108
856 100
260 34
1021 578
225 107
1005 985
763 1161
910 1141
593 971
127 463
972 150
600 496
578 1170
921 553
43 822
1194 366
209 729
797 345
335 579
803 896
762 697
844 1010
627 499
849 115
40 919
538 256
50 505
299 667
275 896
207 952
1098 614
945 1158
234 1032
200 415
1179 1046
771 529
681 244
487 872
438 1200
951 498
801 1026
1149 746
111 285
4 452
729 945
703 178
567 178
456 129
0 411
977 1134
442 377
1093 32
1143 8
887 186
639 94
692 126
1190 669
943 473
447 302
647 570
909 724
609 381
541 765
855 1111
36 934
1105 887
754 734
1127 806
1098 202
675 543
394 603
967 81
642 760
1107 404
367 612
1003 74
762 1065
109 235
692 374
497 765
1137 912
716 916
112 662
901 777
1 112
4 199
127 131
192 255
584 1066
578 82
59 664
175 1139
638 712
1049 621
588 1034
866 61
892 445
726 382
842 422
811 1126
823 1105
144 1148
1145 670
345 512
993 748
361 334
1171 694
928 190
823 794
212 662
312 858
1109 409
304 1155
99 1164
844 560
752 178
645 1114
715 517
1081 420
322 49
443 1126
1000 571
119 455
927 497
467 403
681 561
568 1124
503 875
809 1107
232 653
227 181
2 1149
871 672
1024 1103
254 184
307 785
985 854
1021 233
439 534
188 526
556 334
895 759
629 1180
149 952
885 487
845 926
198 903
400 909
890 796
274 41
43 175
631 536
996 1038
276 245
653 178
389 362
428 173
433 1063
735 114
556 86
772 625
979 657
347 399
505 986
230 351
326 324
935 161
260 765
46 735
584 684
1140 711
1183 51
908 1197
298 977
448 445
575 190
731 330
409 360
638 428
1046 186
126 363
157 499
98 596
839 685
965 1011
887 450
344 430
923 753
451 190
2 793
925 714
1065 535
220 747
1147 790
1139 1039
877 295
86 854
992 78
302 339
456 21
88 626
629 1088
917 230
1079 780
768 69
510 22
775 759
296 1137
278 992
241 25
307 931
118 597
922 923
521 462
127 506
454 1067
597 1060
1 223
684 1045
697 27
944 85
1051 877
125 746
1063 815
1003 271
194 914
363 511
858 647
115 478
266 62
990 968
1040 672
475 100
204 953
347 1150
792 451
629 1026
418 492
850 639
717 123
131 686
829 1137
811 601
662 1011
240 285
913 856
873 408
436 219
826 309
363 237
415 950
329 915
638 455
1079 1149
838 171
139 733
295 398
744 644
866 38
211 461
410 909
152 825
213 568
1056 1101
612 787
880 602
1065 1197
741 684
235 723
981 37
840 309
383 1141
11 72
1060 950
577 744
249 818
441 757
203 236
823 1129
855 1159
617 1106
806 828
1121 370
884 170
1050 711
345 891
262 380
325 638
55 388
1175 168
853 617
59 786
826 85
1144 25
34 710
904 669
514 428
775 789
701 729
1009 481
1 249
259 125
707 857
1093 1017
418 1052
310 644
667 1161
521 27
32 711
2 870
287 889
893 372
297 1024
222 611
646 1090
1061 437
420 647
122 517
1109 1176
1182 1065
685 460
930 657
790 792
726 965
684 231
233 314
591 365
306 548
958 1186
1033 1072
1044 266
446 297
1141 888
47 958
622 41
432 957
843 586
256 407
342 932
1142 445
957 942
310 32
940 123
864 1062
1161 915
1130 96
537 691
470 320
421 676
813 19
789 928
938 166
368 988
808 313
349 916
280 476
1068 1177
122 183
686 600
711 315
603 1160
646 1167
772 371
869 161
378 322
907 218
98 441
745 532
779 828
939 674
981 511
59 615
289 268
40 896
807 1029
20 830
686 869
390 846
771 15
800 963
362 1000
1015 616
374 224
40 704
1056 1071
914 255
843 1193
386 245
1181 407
946 1130
1196 990
335 599
908 8
1001 806
532 711
343 599
797 724
101 1179
745 714
282 1054
511 882
893 167
186 826
205 325
4 60
239 1187
359 252
578 19
1021 630
549 383
638 886
1096 1089
895 1080
787 942
926 828
232 962
894 228
752 1007
301 549
1197 649
993 225
692 868
961 176
401 1150
307 582
1054 572
921 1060
72 39
675 1105
1130 694
387 1058
880 375
965 959
927 495
748 742
11 105
554 993
505 1152
750 530
664 434
1176 870
372 1111
106 308
146 596
1005 263
313 329
504 744
340 742
952 1055
612 151
138 849
775 1049
829 225
44 1115
156 1048
888 148
61 180
38 32
182 1163
330 178
923 923
35 410
1154 472
632 130
806 940
638 1108
113 1164
796 863
1026 553
421 1186
870 873
900 66
311 440
132 963
459 1070
571 591
380 144
1200 182
553 954
441 692
908 440
679 878
823 1166
1183 90
1197 1014
554 238
1180 236
379 851
190 757
664 883
966 6
1169 705
961 54
1041 430
50 360
474 909
16 530
73 936
949 252
281 848
574 892
969 424
997 193
410 507
798 440
240 1152
1182 957
956 236
936 127
269 248
62 1037
399 1017
421 414
388 983
1088 595
1011 1066
233 476
452 932
481 714
1166 884
520 0
66 725
779 1119
850 483
1002 647
1140 14
471 517
527 863
820 1055
847 307
119 160
976 929
223 1074
272 1073
888 969
244 144
1194 251
729 1178
1157 521
699 1044
141 1013
744 53
284 493
847 275
36 395
769 820
435 37
1056 1176
898 1159
703 920
7 129
945 310
163 708
1048 126
202 1087
65 132
494 891
581 933
973 842
940 873
203 942
84 656
40 1028
441 645
767 3
459 270
335 1097
883 561
268 577
344 109
911 277
422 565
700 812
113 507
58 447
603 394
480 1138
621 239
349 264
695 1043
1000 40
752 347
757 66
153 130
506 738
377 94
1076 1001
981 862
118 779
542 560
401 1062
550 159
617 1096
920 199
161 832
189 265
52 866
48 1047
138 256
1070 108
920 976
840 228
127 375
1196 1182
27 585
636 1102
686 468
565 432
472 612
184 911
675 524
946 782
1036 279
435 353
1130 868
43 182
1127 1200
1173 801
1010 236
910 1023
244 1125
762 629
328 286
575 149
1152 943
1125 355
727 356
671 361
603 253
298 49
919 1021
254 911
817 116
1152 157
1020 954
907 307
133 953
286 1110
1106 907
482 73
119 323
650 190
999 554
386 484
304 597
481 701
481 467
317 157
877 935
439 616
536 485
830 431
459 979
1124 1126
1149 227
745 1163
563 111
42 333
896 728
877 584
262 215
636 627
882 111
568 954
700 452
730 51
1105 589
568 1134
153 796
496 434
208 918
930 327
756 954
116 901
486 618
1043 730
681 869
581 711
678 87
675 881
627 892
562 267
90 618
563 148
770 217
817 848
1042 323
978 814
213 919
436 658
1073 998
93 561
847 187
1182 339
1175 31
1122 823
127 644
7 702
599 603
1177 853
519 872
945 1147
153 119
1128 219
1193 1059
269 654
98 584
955 106
371 1182
121 58
849 485
704 753
3 158
421 619
383 1056
46 1031
708 809
1010 977
588 548
1025 194
74 1041
7 671
125 105
775 865
296 1082
28 700
157 799
446 987
472 1042
64 70
702 727
295 1190
1121 636
754 412
780 246
206 544
931 200
247 901
644 1017
174 405
212 1044
386 1160
823 620
147 622
1126 945
1160 533
146 324
40 459
932 602
89 920
681 195
459 466
193 711
352 608
759 600
462 15
1057 1018
505 1135
25 539
943 277
934 9
728 46
148 46
317 946
282 981
617 1022
549 570
897 95
298 826
410 710
389 275
358 458
931 1018
1136 389
1124 107
1120 406
206 532
751 9
971 1184
919 1053
295 761
382 331
1038 399
487 1150
503 1173
966 179
166 139
634 304
685 330
1034 875
260 152
38 537
995 703
182 269
814 1018
423 742
258 835
986 984
474 1007
1154 303
1138 566
454 901
680 1194
315 526
683 426
374 897
911 385
366 122
1063 704
1075 328
315 230
1108 317
289 67
7 350
532 205
376 370
951 968
1112 750
151 767
334 813
129 475
1056 672
1067 1000
34 234
34 322
162 143
849 893
86 277
1023 435
647 665
1040 27
150 733
220 1033
187 908
1126 427
757 661
67 982
821 421
519 86
62 1056
12 58
816 1076
1135 1088
272 28
187 438
354 1002
631 723
708 459
459 1037
759 370
628 303
1113 716
255 984
426 403
974 973
379 335
15 380
909 1052
1153 1015
435 783
451 594
563 1164
13 1137
804 1149
100 181
895 664
1086 996
806 1037
537 144
1047 638
615 544
1038 723
915 446
381 278
790 590
940 316
548 32
29 321
887 363
73 985
109 981
614 747
1017 481
618 355
484 665
742 128
489 338
134 973
567 482
508 1102
618 129
314 183
1090 1048
249 621
1188 735
855 646
480 169
470 532
114 1012
785 939
1137 1115
753 124
732 857
879 524
999 256
96 1168
38 576
547 822
661 1172
1158 642
877 324
748 760
274 429
509 389
52 670
155 1031
857 923
503 563
352 1091
1065 874
819 983
834 393
95 517
1182 1042
496 715
1194 695
1171 120
197 80
464 588
164 554
150 133
844 668
697 1139
890 376
146 1060
306 301
987 820
1051 94
129 293
687 1121
992 851
969 1133
156 358
800 822
555 527
297 514
100 213
592 99
81 288
928 266
327 949
67 889
646 373
661 389
905 796
1198 719
1116 453
1180 415
1094 1088
858 633
482 489
1038 1001
835 45
1074 979
1019 325
386 933
964 322
833 567
206 89
27 388
1024 155
1163 332
329 271
428 456
17 1121
211 43
354 434
27 148
922 74
672 297
832 527
691 397
577 105
40 422
140 674
1090 1056
1189 993
131 217
676 63
175 404
1019 1081
1050 737
989 923
674 1059
470 636
201 119
875 252
462 157
1175 365
940 1017
689 982
185 111
1069 553
1123 1060
902 1084
1 394
635 918
662 519
633 668
520 882
86 855
750 806
519 824
982 565
271 546
1182 829
30 731
1059 145
897 240
983 1154
72 903
445 637
544 17
965 1039
724 173
1057 959
88 27
931 1132
844 816
850 193
275 171
550 534
435 1108
954 1038
975 684
935 201
606 162
475 1051
553 953
635 199
811 1054
992 879
569 786
1037 987
89 992
513 428
1155 1096
1080 18
968 76
1135 597
449 898
799 729
415 143
553 812
928 314
1060 655
14 644
342 521
750 822
953 701
759 886
616 310
522 1041
152 154
102 496
497 83
635 738
1192 405
1113 183
89 1064
515 1148
869 1028
850 354
598 130
780 595
764 255
477 1100
709 167
985 568
445 524
985 471
113 822
403 1083
277 1094
917 1094
672 898
1065 931
690 486
759 1031
125 872
726 780
31 972
874 473
849 13
120 579
20 325
369 767
420 704
1007 533
808 416
656 113
167 1086
617 487
8 996
847 831
514 1152
989 1118
227 306
215 127
410 186
909 697
45 142
1173 1050
1097 917
83 410
490 458
895 554
358 705
842 831
447 35
447 532
244 630
275 995
252 1155
380 560
413 772
174 797
1178 1157
1112 83
552 89
919 689
1064 77
468 1195
638 181
819 542
383 1148
531 27
460 719
146 240
1092 253
184 275
442 428
291 734
645 492
953 677
733 275
905 681
368 1105
331 113
149 1130
53 683
241 30
624 476
247 749
400 1107
933 785
1164 46
1118 546
79 1012
392 608
1025 554
249 318
901 814
791 1110
799 527
884 1199
1081 468
565 928
1090 585
726 426
925 858
1130 86
833 322
120 1105
1011 1017
755 1018
1091 843
491 473
378 680
392 504
300 617
881 1071
521 213
1024 769
54 358
320 640
393 994
227 1152
26 659
1194 132
213 235
1045 570
532 323
1098 692
466 606
952 703
1063 977
456 393
41 366
468 484
191 495
597 1180
619 225
702 133
750 304
1200 922
626 182
919 835
221 650
42 607
820 68
1165 391
1160 919
686 345
677 126
341 164
127 432
750 203
670 780
126 118
92 824
138 603
817 764
767 904
793 768
90 799
995 206
152 887
597 834
70 881
771 297
690 1125
899 323
1117 639
749 89
166 609
804 982
1097 1017
790 1031
1004 296
474 1086
108 999
1037 328
349 808
21 287
159 183
267 1133
166 89
821 56
1194 73
380 605
950 581
1193 919
402 925
446 439
296 352
1093 1075
356 788
178 318
419 1087
763 632
621 717
851 506
121 903
335 1159
1096 591
304 739
310 55
374 980
684 761
129 716
285 868
378 320
976 468
1079 202
100 81
1106 434
178 913
1129 762
799 455
757 204
907 883
854 418
540 1080
1153 70
849 1087
610 508
717 815
935 795
108 622
1187 5
365 904
777 925
332 54
1143 785
659 260
1043 329
1197 942
953 1161
875 578
969 442
662 644
781 1021
521 62
1050 1086
1114 745
1044 285
917 222
962 806
197 306
1171 303
1160 389
886 942
443 297
619 688
294 263
408 374
758 824
1018 822
409 1008
27 815
505 1076
1087 17
722 914
396 1190
717 381
900 509
675 456
480 573
514 423
1050 673
91 326
481 332
844 432
840 304
1029 719
1 772
111 98
249 869
65 1072
126 811
811 94
106 548
395 386
239 1024
814 181
444 880
563 939
624 1148
39 733
528 649
173 380
336 731
972 1058
217 261
1044 9
597 1087
984 39
495 962
629 865
974 566
1186 477
805 654
274 1008
604 1066
658 856
602 958
618 916
647 308
727 1103
245 483
380 655
984 225
64 571
638 765
558 391
503 662
379 212
741 194
1053 1195
958 465
668 269
32 16
819 12
824 328
911 646
235 609
453 700
568 1060
816 215
211 52
282 892
1050 985
344 573
935 538
108 1196
1196 980
367 281
578 426
617 784
113 535
948 919
32 832
507 1118
575 919
939 1095
1184 826
414 1035
281 248
743 253
916 605
136 533
770 568
82 521
188 12
219 470
709 184
590 49
748 197
134 570
684 796
393 254
1057 202
948 491
688 1120
214 821
968 296
271 1004
23 919
1100 996
124 797
1115 867
844 817
586 38
84 379
834 977
839 930
668 892
422 7
453 554
280 771
1154 450
1100 640
742 861
810 20
504 1011
387 37
305 93
761 396
871 464
995 533
462 33
882 1098
360 405
174 779
759 785
1055 774
993 944
838 1034
468 989
161 862
592 1135
943 1013
56 1169
166 98
369 357
1145 213
490 80
358 916
1180 578
819 1014
778 1179
792 866
582 236
1022 1074
928 688
101 1099
595 185
336 922
121 330
900 1191
361 673
217 995
769 667
165 506
951 1025
416 811
644 197
1193 581
932 891
7 416
855 345
532 893
949 491
789 473
869 564
501 437
1157 672
359 151
764 916
717 309
139 842
585 762
173 972
147 7
1034 635
674 1130
131 255
586 96
17 620
379 129
376 79
408 279
452 256
335 384
351 513
1081 497
1111 1147
598 1188
391 660
594 18
893 202
354 577
364 425
92 401
312 323
136 889
978 450
819 457
1145 177
498 165
202 1154
39 146
605 354
985 74
998 928
52 412
744 934
236 961
34 66
515 244
364 1059
333 79
344 652
450 225
340 1030
1197 847
680 856
878 156
428 457
16 1109
575 721
300 1020
895 288
892 826
877 919
443 995
216 429
532 339
1083 394
1130 149
1150 997
605 576
811 61
900 680
365 16
974 1023
565 1127
145 1177
479 905
929 1142
244 69
800 301
323 640
805 945
140 386
390 499
724 64
125 159
96 676
1164 717
621 51
730 984
884 275
381 193
1017 1085
1119 1003
874 363
166 141
760 793
168 163
982 1124
1141 1158
618 404
1126 549
443 869
507 698
612 835
624 574
651 452
801 856
1052 244
440 48
1055 11
365 933
896 213
785 231
32 405
633 385
975 1188
442 595
267 460
806 759
93 210
650 588
1063 890
231 756
1180 600
1122 437
560 439
676 145
476 374
115 779
98 1018
587 1174
1047 826
305 292
1179 1199
318 814
247 5
724 412
607 442
321 209
307 630
507 971
139 630
820 573
478 1174
862 359
345 33
847 247
1152 911
14 424
473 716
593 680
1048 1015
584 1139
1055 1142
829 16
143 904
1178 523
352 264
845 829
61 548
936 850
501 1081
568 944
406 640
39 699
818 278
895 585
250 893
960 18
1001 610
456 911
1041 986
340 200
142 538
203 1004
1191 538
1075 409
511 168
408 633
545 1137
963 267
691 215
1147 426
417 1168
15 592
714 871
916 166
14 840
705 563
1151 632
271 113
1159 259
1108 867
277 1185
343 664
778 514
84 1185
503 497
1112 892
1017 476
772 368
60 298
578 1049
247 380
349 397
483 219
891 55
287 827
1033 873
208 1050
158 987
844 245
400 751
671 862
265 809
261 275
646 554
194 356
926 691
50 1188
973 641
336 293
918 136
757 706
805 504
325 276
117 787
825 449
888 448
517 964
17 99
971 838
894 642
1181 401
355 646
1138 91
595 98
207 203
652 459
1062 190
172 1162
274 146
270 799
998 1191
820 999
660 261
674 424
83 261
1126 582
517 696
792 685
1151 271
980 889
418 985
505 169
1147 1193
1038 217
1057 189
358 842
152 341
410 508
371 448
795 964
962 162
724 860
167 742
973 653
765 971
332 561
780 1087
996 814
805 201
5 755
467 1141
796 1001
769 554
443 112
758 897
101 1028
149 1019
950 189
685 179
1150 872
212 1139
7 320
611 982
1157 1145
1182 777
683 393
929 599
629 293
446 677
665 875
397 868
398 457
496 992
1051 131
1036 171
498 147
934 404
910 1086
160 703
389 385
334 684
1011 60
751 38
446 999
1066 861
539 529
175 913
901 316
790 194
862 71
987 701
519 870
178 60
466 328
600 658
1083 46
1109 199
1037 577
184 463
778 719
92 951
367 894
171 305
407 1172
144 932
465 1026
159 461
107 888
746 816
1070 1191
574 1128
1069 846
30 63
901 903
791 397
273 308
526 900
577 1150
606 424
305 229
83 564
27 863
787 177
433 658
1002 566
964 197
213 227
954 898
316 470
110 160
112 411
366 756
661 913
528 784
940 1149
533 898
993 479
12 370
1068 924
1061 747
800 241
260 824
504 293
710 596
279 1068
1195 29
305 691
1124 1138
729 569
436 345
290 916
487 714
1059 302
324 768
1098 488
1046 973
174 429
840 697
175 1047
971 480
3 822
640 964
631 295
454 301
560 951
199 12
391 906
795 1053
866 1091
685 294
552 262
39 47
439 466
132 980
553 164
638 1064
622 1059
805 640
12 215
275 1172
1168 946
95 557
1198 32
533 652
462 209
7 249
98 769
711 460
580 187
442 7
339 1061
101 663
616 132
431 749
389 705
186 1006
81 626
780 893
103 403
980 330
1155 518
243 778
747 321
367 996
556 292
143 344
584 1000
847 45
410 558
1001 706
212 7
224 1111
418 529
61 1160
839 233
598 1006
198 703
649 145
172 162
1171 1071
852 508
390 465
452 683
686 296
1141 258
97 11
339 747
1026 1087
992 329
922 0
981 1118
384 1184
35 912
162 700
240 440
1172 645
1006 669
286 608
405 706
116 50
447 846
778 1093
647 743
343 341
346 534
78 749
807 64
343 219
567 883
4 201
502 385
915 232
435 901
288 12
176 161
359 761
928 158
858 355
1037 839
6 244
460 846
253 649
1157 140
25 1131
1127 347
92 173
58 1116
720 1005
427 557
1143 1127
406 590
894 397
258 514
217 404
369 596
840 1007
1047 18
831 303
60 468
399 594
908 412
376 444
38 4
1171 1093
212 1024
946 223
353 666
652 972
958 907
908 508
660 491
576 1063
682 55
380 6
46 124
871 691
1127 621
521 627
352 540
897 862
805 1089
842 312
935 1121
746 251
1083 888
1073 835
774 65
448 153
325 890
849 1179
1038 454
394 539
1163 525
279 615
808 351
400 1100
263 650
545 786
178 93
154 169
395 881
284 4
169 120
1017 35
931 1152
614 703
743 1189
690 10
830 685
945 34
906 909
918 533
532 25
1197 431
112 1002
596 22
773 1007
396 235
657 1044
861 111
562 471
721 425
1095 1061
768 384
757 310
689 604
1099 22
40 246
977 330
409 796
1162 1043
505 518
754 877
801 66
303 219
748 841
1174 329
235 889
104 666
1035 906
391 828
796 604
594 653
126 1012
848 749
749 420
538 810
507 237
546 103
933 292
110 607
472 831
764 849
239 900
1171 605
935 618
499 475
1143 122
338 574
804 35
756 459
382 161
999 230
304 241
159 943
1031 857
53 906
41 481
312 762
770 422
487 1020
670 367
563 348
981 258
552 99
172 432
1079 612
131 541
543 302
314 209
202 564
658 658
1150 251
555 323
868 512
42 266
91 254
668 647
74 558
762 563
280 1198
17 1161
944 337
35 1050
1122 403
419 556
366 635
1186 412
570 517
867 933
709 1195
168 1102
837 895
486 1092
317 384
67 733
882 560
1118 676
1055 484
966 21
1066 255
62 226
870 835
1037 1014
391 1143
214 153
972 589
226 591
896 505
1173 432
174 905
284 236
619 632
1054 794
1042 498
508 195
567 730
706 468
747 894
891 219
111 745
708 1175
871 1153
1095 1162
1178 969
487 176
872 424
1163 1037
517 1055
97 727
531 631
157 213
196 866
232 255
914 390
1083 734
506 652
840 449
888 576
39 232
495 177
726 157
447 1012
234 322
54 315
823 172
876 607
1145 108
111 218
682 563
651 806
510 1086
752 21
265 214
1134 624
133 806
857 135
501 1114
974 195
116 754
57 858
507 141
412 863
162 811
714 984
219 618
1060 109
479 359
460 914
1013 215
74 298
276 616
395 340
1152 701
293 185
619 483
816 439
374 344
109 52
653 327
1170 749
589 191
1119 860
1021 231
207 366
728 1181
1060 1097
1179 607
217 255
805 402
36 1091
637 553
738 516
1195 151
468 1173
1029 692
1034 895
743 810
1153 808
16 919
156 76
221 467
1130 443
71 749
775 600
839 683
197 247
223 522
68 739
767 369
1131 876
796 511
165 693
717 541
1107 1169
566 764
698 367
968 962
707 379
226 66
280 235
468 1105
636 380
291 238
997 550
1170 32
813 304
658 1107
800 156
979 401
889 849
449 200
907 874
562 1123
188 449
1098 446
804 30
604 714
915 1060
213 1085
102 30
866 1136
854 1078
413 688
246 97
768 215
639 615
33 729
212 188
107 1116
177 64
802 268
1090 214
1112 1127
125 201
1075 29
617 411
395 1132
512 535
917 391
618 57
303 728
500 260
763 948
677 947
634 885
686 693
165 719
1103 5
1169 753
592 583
446 614
251 936
818 420
1161 205
805 974
496 1187
722 302
98 792
978 914
534 933
1032 1109
232 477
976 522
78 722
94 825
839 817
1012 535
831 655
974 625
356 85
536 560
572 637
206 457
735 726
141 292
811 797
282 1018
14 128
1064 964
491 1091
440 807
402 636
991 280
935 1155
943 797
201 148
993 104
75 224
56 74
331 314
519 949
484 199
934 943
328 318
773 395
917 934
666 430
529 444
1 474
439 574
614 727
1014 514
614 684
670 888
909 47
120 127
196 255
392 1082
893 1098
100 280
829 687
468 1145
1004 252
982 1045
280 747
325 244
886 793
1054 114
282 433
858 292
1124 1183
1048 511
22 23
520 304
190 121
498 286
312 85
74 470
728 545
242 238
890 1100
40 537
45 151
371 1143
507 789
189 989
125 114
553 718
384 42
557 461
987 102
1064 259
140 882
566 311
1009 17
421 731
326 122
149 1200
1139 29
269 150
1108 792
581 143
164 864
997 271
311 241
91 1172
347 662
678 1082
516 999
369 959
185 695
1139 28
410 846
470 244
437 384
608 1001
519 165
479 575
708 340
155 1165
114 3
490 625
59 1184
107 119
320 216
102 1142
743 827
632 14
1047 862
505 97
1006 945
178 140
56 162
592 876
610 558
676 923
801 612
1013 758
995 905
745 268
1119 438
884 1094
536 775
73 1018
312 121
488 506
690 375
786 873
699 267
1134 333
454 504
99 173
827 681
492 151
609 583
213 1037
971 33
505 1104
137 811
900 678
430 167
883 1058
627 731
1119 517
81 327
139 1179
1002 1057
820 934
864 283
745 39
222 1106
318 948
77 214
166 1040
858 483
1051 854
359 25
760 484
947 864
203 106
163 85
428 900
464 211
554 19
207 161
415 120
569 101
718 891
442 336
459 28
1025 456
1192 418
449 235
505 834
462 363
327 390
369 15
1091 20
521 904
752 235
195 343
720 194
350 975
744 218
882 438
486 1001
237 1000
92 1052
93 334
1180 61
1019 214
400 39
932 371
416 1
25 1158
267 156
66 1158
928 955
781 717
752 134
134 1191
1120 96
4 226
1061 659
612 132
603 689
1023 811
215 1046
811 898
716 241
1013 1023
574 453
279 208
458 611
562 1009
214 548
88 128
194 752
881 487
350 208
161 785
738 1021
544 1142
1109 392
364 219
449 356
263 476
1094 788
1122 1120
441 146
134 1176
905 95
441 258
1028 468
1116 992
424 643
858 1068
831 193
1047 266
418 280
256 991
922 916
825 140
1101 375
987 754
1196 1045
563 725
991 329
111 1151
862 1105
859 577
890 101
78 1113
648 915
652 16
1080 576
1175 1110
403 743
946 1170
233 189
984 179
359 1051
236 688
964 186
5 1009
212 137
786 436
218 951
500 203
914 371
139 207
886 133
765 202
459 1059
893 288
771 62
749 168
1131 425
845 54
440 561
1076 465
1081 725
1032 305
617 201
227 1058
1125 911
1134 925
712 648
1195 1036
997 860
857 407
314 994
153 153
607 830
192 471
1183 155
287 292
189 960
314 1026
213 11
990 863
704 803
947 40
976 1045
534 650
581 237
875 361
532 991
1199 273
1171 271
726 253
295 623
96 679
545 961
555 292
402 269
474 1096
350 357
1064 305
596 443
257 202
415 20
868 493
140 851
663 560
312 346
513 342
455 784
735 1109
455 649
486 414
62 615
639 525
852 148
911 1066
15 725
717 135
997 118
50 693
508 758
700 237
585 1011
259 827
474 579
637 215
1102 1027
380 176
282 1146
696 1098
156 432
660 24
713 767
416 1057
839 466
168 256
782 632
209 1139
674 570
321 968
1123 656
435 593
207 690
313 352
677 838
1044 388
845 311
692 54
414 335
234 281
343 442
1039 887
1036 296
562 230
1100 1188
133 37
624 661
1078 691
333 1119
1141 661
264 334
976 674
423 203
103 162
1116 197
984 335
361 86
993 293
837 584
703 223
441 739
65 1181
703 208
846 932
1179 948
1159 194
242 636
476 1000
1173 788
263 792
22 302
689 943
415 821
928 825
88 441
700 997
335 413
512 608
646 1091
753 14
518 1004
1169 564
836 466
519 970
567 459
917 672
134 721
965 656
758 192
75 166
1064 541
90 536
1134 463
1160 609
577 391
483 853
421 776
794 1119
637 1054
3 727
1042 236
1155 771
898 810
1109 953
518 664
992 270
177 706
661 860
995 696
291 762
258 630
833 619
525 427
125 1189
398 293
890 770
345 1170
98 1159
67 0
787 510
904 465
286 320
617 299
900 225
1129 1061
116 1117
1179 175
21 51
415 351
516 865
1109 772
974 166
1132 32
1153 844
324 699
203 767
1098 908
771 1054
769 768
689 549
218 174
174 306
1098 927
319 893
636 529
868 112
1030 144
15 623
1034 834
69 445
9 1129
898 15
879 1026
200 335
1006 863
16 737
1162 678
497 975
672 1043
298 104
248 375
201 21
286 568
599 350
389 361
843 1102
524 831
328 388
662 856
548 1001
168 877
48 1034
856 129
283 337
966 194
231 335
1176 651
686 157
696 741
693 828
91 332
64 517
1063 120
1195 847
1199 455
1032 834
506 661
1008 1087
482 1063
356 878
279 923
662 90
805 165
990 192
914 895
389 574
246 1161
267 991
1015 735
109 664
796 240
85 565
1103 379
520 445
262 1118
418 610
210 1096
1002 757
571 473
279 170
1064 861
519 590
667 718
383 420
826 709
417 339
970 596
1070 532
251 131
1051 863
60 211
610 480
338 523
419 1050
1074 800
533 370
340 47
763 724
190 1015
4 809
1184 186
769 205
755 674
1153 782
284 577
776 244
583 363
707 218
320 475
673 260
953 566
82 1050
1134 973
990 831
423 563
934 25
853 227
8 269
235 537
74 971
1086 380
1113 1124
458 221
573 1192
1149 996
95 24
1165 520
708 882
446 641
828 244
265 383
902 632
810 468
968 1136
314 493
991 539
126 527
953 713
351 89
273 388
251 485
694 163
137 733
637 1000
182 961
425 970
221 195
664 376
1150 1027
464 432
907 824
842 868
754 684
598 1162
1049 611
227 1175
997 404
252 869
1097 81
522 519
709 675
387 30
1193 111
877 692
823 773
33 980
564 51
160 132
786 1160
12 304
474 761
1061 407
244 432
222 566
110 178
965 784
686 1118
72 516
475 623
366 962
830 995
575 1134
65 1059
207 1199
397 1157
922 1191
493 554
226 645
9 374
551 404
1027 1054
1071 691
1134 621
1012 379
1200 598
104 1095
1021 74
1012 1060
191 12
704 996
1071 683
447 162
406 535
878 70
996 768
471 209
891 281
837 547
369 820
297 853
1055 972
1173 1076
702 756
664 1091
978 374
81 887
563 259
351 64
735 1193
420 802
117 8
968 520
737 737
81 324
1063 96
57 24
858 346
374 633
928 302
173 66
944 99
1012 860
23 210
861 596
481 1198
844 372
43 796
92 839
885 231
801 352
637 676
306 79
714 1071
843 809
70 78
916 353
996 658
1074 807
972 873
901 1159
56 1195
913 352
853 760
812 54
744 410
679 1106
181 652
537 852
1160 1010
705 793
34 581
823 1181
263 80
645 642
980 843
555 1052
380 385
1166 1101
546 1177
778 52
442 482
772 245
938 507
119 57
254 400
1150 398
5 771
200 1027
601 402
23 602
414 231
1173 695
1093 696
1078 764
472 890
412 199
49 799
359 802
887 1140
981 610
744 322
1020 729
488 5
361 610
644 188
743 231
610 8
557 536
451 227
261 594
714 920
55 835
659 239
18 309
87 625
1197 826
287 1160
367 458
381 907
737 625
943 462
757 703
1003 1055
102 71
526 535
448 1197
393 670
139 939
1167 695
861 866
825 1195
1089 310
989 190
221 620
373 365
859 392
354 735
680 633
1104 797
54 801
790 33
624 559
325 1024
1058 692
653 523
903 1007
577 948
190 44
576 1113
1036 21
299 1078
744 206
437 944
1029 234
1045 301
926 1157
1152 236
1168 632
214 203
1101 396
945 574
318 148
182 967
604 167
1104 294
491 554
396 500
741 133
1155 525
551 888
821 144
1011 291
564 196
389 162
234 570
229 1065
1003 647
1187 415
455 1194
1172 398
559 236
158 904
923 454
44 726
416 340
884 857
608 426
1114 893
432 963
338 1091
1149 908
654 478
235 808
92 669
885 888
450 553
146 32
224 816
514 170
352 928
897 551
739 199
75 158
38 50
673 1100
110 152
244 172
1121 718
832 896
599 1028
1061 257
328 787
222 266
171 43
6 954
67 1017
138 46
412 588
735 1155
1042 524
1101 249
302 18
47 502
43 69
236 312
369 338
545 35
791 276
725 929
155 299
725 786
403 580
564 262
990 752
741 1144
856 362
689 1055
1153 376
142 1126
482 649
302 524
38 139
940 146
620 951
161 1170
469 134
699 1107
792 1164
582 762
26 650
1160 1187
1163 1166
339 968
953 323
629 228
465 813
487 411
269 87
989 723
540 843
851 1118
1142 241
330 707
762 486
1177 752
732 575
319 53
147 19
1103 549
1054 333
990 882
121 12
517 173
528 644
266 244
861 380
665 168
488 231
1192 357
236 634
60 98
924 525
49 951
940 33
106 901
168 858
1091 377
955 1028
383 145
273 368
630 323
439 215
719 450
870 620
652 903
945 942
441 697
735 945
1110 1038
964 619
741 220
258 237
616 696
882 140
284 1060
199 36
830 1073
1147 740
509 61
1017 885
422 45
672 307
660 157
560 1096
564 968
11 246
310 482
1176 999
188 783
1077 784
873 270
1009 296
425 696
536 840
894 594
659 404
763 218
293 275
434 510
814 878
668 366
1167 471
136 935
137 1177
1028 1021
134 1003
234 831
587 988
1195 558
142 156
764 469
758 687
1194 402
970 670
683 717
329 827
504 484
462 74
813 417
207 198
111 946
1106 1048
500 14
1143 47
483 810
600 798
1112 637
941 425
923 303
776 796
1170 235
537 943
414 732
822 135
348 974
1019 958
228 1049
957 1027
899 506
820 1066
854 207
1025 907
146 210
979 410
152 364
844 903
731 626
478 77
771 224
196 77
1146 710
903 12
777 608
1130 360
498 894
771 484
525 323
1153 88
489 670
94 536
777 363
464 561
195 780
7 889
559 632
335 27
462 360
604 682
727 179
457 370
401 94
782 185
413 412
846 371
720 796
953 437
100 674
1152 168
589 141
812 1118
992 829
691 927
850 450
1043 428
286 560
762 290
1071 346
941 806
1080 719
131 925
593 174
731 1146
761 826
943 1062
131 920
348 207
865 1095
1166 879
471 68
643 251
484 498
105 1028
684 671
699 670
246 483
330 690
436 122
733 59
137 145
872 337
941 339
618 408
171 283
608 256
770 1013
1113 482
444 1084
610 644
714 947
9 30
638 1044
900 1054
961 683
484 349
894 968
1199 624
914 926
245 231
673 58
202 273
979 594
245 173
584 26
614 448
1099 944
567 509
4 403
849 614
408 73
799 1061
74 700
145 1012
228 15
82 539
958 595
166 717
616 358
358 477
27 129
1151 916
1091 126
34 449
636 859
979 976
97 429
263 1117
823 475
348 439
779 436
15 824
384 186
1154 1041
1027 758
126 744
23 714
588 1098
766 240
35 519
659 458
757 273
1078 164
27 617
930 266
819 1032
1066 491
109 176
285 925
825 662
730 1015
91 695
315 681
365 1047
605 480
285 221
1146 289
172 711
957 920
142 658
224 527
489 44
1073 314
1048 344
740 571
804 475
847 324
975 292
658 115
175 534
466 839
86 1158
514 382
929 431
270 412
817 1073
816 314
776 968
1092 275
704 370
182 277
570 924
571 721
163 649
813 396
58 567
538 1155
118 242
58 291
415 453
575 209
436 1148
875 1177
52 844
680 615
1002 632
1078 558
516 536
1036 110
188 879
252 29
41 33
429 888
332 1193
430 510
776 704
447 1036
1116 350
1026 1143
1133 395
144 201
919 1052
1034 274
409 456
566 930
289 14
1109 157
657 761
673 637
79 1194
940 926
53 300
114 1083
1172 892
387 586
1071 780
176 808
318 1097
1194 316
1099 379
728 979
342 791
494 426
661 76
161 798
948 49
290 375
119 960
769 912
640 657
57 582
111 460
1074 334
1069 283
658 156
506 1182
4 603
784 759
313 533
834 856
145 482
196 264
1083 540
1124 652
113 425
572 457
716 332
534 706
773 954
952 540
484 214
589 510
609 1017
335 328
1074 249
134 929
523 599
907 149
917 840
754 510
1063 727
656 334
362 867
503 706
1174 449
97 688
901 764
235 755
877 1112
128 34
479 838
767 1162
554 105
316 1179
863 233
96 619
766 1020
979 708
564 783
386 584
823 80
862 1135
457 384
770 130
160 487
432 453
767 726
812 578
283 417
846 449
458 32
16 292
729 969
355 960
507 483
1197 356
848 996
766 13
665 68
1149 969
985 814
663 1089
393 1100
526 724
94 903
315 991
152 1168
62 854
955 1061
664 1036
1065 1152
1164 749
1146 941
1186 616
180 552
1080 762
856 489
662 852
561 756
175 767
1053 333
1176 1124
832 537
690 333
488 1129
459 258
427 97
1148 918
810 261
812 265
967 725
683 220
223 1072
579 601
506 626
4 983
963 599
847 1089
827 1147
137 1089
238 9
857 348
573 22
90 1117
837 1125
50 318
1070 829
1001 796
166 861
636 607
684 727
799 971
1078 732
1034 150
975 388
369 958
193 271
1040 978
665 524
818 1079
1069 211
982 807
421 606
866 922
502 1146
216 814
30 751
679 835
917 487
535 922
1063 426
744 845
644 100
572 712
1011 1172
1120 229
573 563
375 467
380 842
64 265
596 515
270 698
970 497
610 1186
466 388
984 1127
1056 628
33 1153
722 221
855 726
423 234
90 251
677 921
699 1019
130 980
643 738
582 696
473 346
654 600
325 247
549 1007
238 400
65 929
479 1186
257 775
337 835
746 1009
574 205
242 319
679 567
555 941
279 924
121 500
38 490
633 947
207 799
180 491
212 947
528 1087
818 569
1121 104
1074 802
62 466
649 168
1054 1181
546 725
1062 375
64 470
132 722
82 1069
638 986
183 1062
865 185
403 1046
377 1041
226 193
921 1119
363 261
8 940
244 427
1072 1087
423 849
586 585
524 905
708 129
61 182
690 180
156 1198
425 320
261 894
922 64
854 1028
397 1168
536 522
385 803
310 460
1008 74
1107 97
876 717
856 829
702 787
1136 617
1119 334
581 750
966 658
664 812
659 674
772 750
610 126
405 364
888 0
245 735
532 663
1130 992
423 737
1082 639
64 711
1137 813
808 726
654 1034
148 970
1029 1091
255 277
675 309
958 1061
37 1140
944 531
835 1059
420 832
933 91
472 584
17 427
207 1024
938 758
768 1163
194 252
720 632
186 397
831 484
40 801
622 531
281 1132
186 170
515 234
41 691
898 834
1192 838
856 249
979 204
110 1089
916 738
322 91
1158 593
41 140
650 971
358 69
740 762
265 469
644 594
762 452
99 871
1058 1123
284 1142
270 1200
129 69
791 612
476 328
296 61
1192 574
459 366
713 736
1107 596
63 126
1072 991
872 660
776 126
1002 777
1097 814
312 847
220 3
1183 526
106 973
382 520
809 945
1159 53
476 764
795 828
1071 785
1132 649
512 257
866 747
31 162
37 343
77 676
1189 180
6 249
64 954
1185 526
1007 428
518 1149
378 767
736 58
791 800
731 300
255 623
240 1166
13 469
468 848
931 652
562 1122
341 951
559 619
612 266
656 965
983 899
313 683
1007 793
337 1156
1035 138
342 318
1190 427
280 243
573 496
805 85
643 742
646 1106
39 321
789 400
1053 1068
793 319
327 927
1035 1130
1114 352
212 230
72 865
621 621
467 151
371 104
1034 396
1103 683
493 926
834 1023
569 326
909 767
332 227
437 1170
227 317
235 128
478 758
868 547
408 1068
413 204
698 1152
1171 468
605 937
232 127
142 142
272 929
826 669
865 58
413 853
392 874
74 350
19 904
991 805
735 1017
640 138
1068 1187
1017 764
78 344
185 807
1016 186
879 296
873 741
441 1107
931 250
612 680
537 700
185 583
1113 757
24 967
408 664
439 1147
851 1065
578 909
267 594
765 1156
403 271
302 180
1143 680
1088 783
885 1057
1050 911
625 216
156 342
766 243
712 599
462 1075
483 358
613 677
954 334
474 1087
222 472
316 755
372 1187
248 285
427 698
273 143
1159 801
714 585
977 639
284 74
797 153
1116 527
1050 933
665 852
606 445
217 103
1062 871
583 275
747 187
628 1130
840 801
448 334
797 184
615 1058
476 287
277 1011
999 761
978 144
717 509
1133 533
330 1079
1098 1064
417 894
980 878
870 588
612 317
122 976
135 1067
828 651
1065 839
1 1095
887 300
848 1013
817 345
481 16
4 574
1100 314
795 236
461 877
344 1125
619 612
210 504
665 1190
93 709
1088 92
118 18
725 1061
865 742
527 855
999 946
217 81
422 379
1113 405
450 234
820 392
446 1067
1186 930
8 570
1185 408
824 818
1130 228
1118 418
200 665
1113 1107
615 626
165 1161
548 894
582 811
545 897
732 1107
19 815
919 410
356 1124
935 725
808 711
203 715
157 947
322 794
379 348
1168 565
1044 356
431 569
709 210
512 1004
652 859
707 275
105 371
241 938
452 57
900 699
650 1099
686 118
254 673
640 937
849 704
705 270
178 1139
16 394
1197 307
689 6
225 1173
12 307
1099 101
160 883
941 703
1113 1031
1016 1145
381 1142
407 461
278 656
574 534
495 827
717 341
173 842
772 554
123 906
379 801
1048 52
31 701
300 214
1171 712
914 586
692 946
368 196
80 749
1130 127
193 1091
824 502
830 935
853 1051
552 88
482 914
431 874
35 761
60 842
1148 135
434 789
1090 772
771 102
360 928
324 559
86 700
589 4
890 1004
855 168
477 781
559 327
637 451
515 436
379 224
316 1018
197 239
362 568
512 1181
42 544
630 874
755 412
120 353
1135 1066
356 258
35 361
724 186
515 1020
924 947
657 789
440 418
1038 5
150 1121
385 1002
757 1111
868 1052
310 749
435 1153
373 615
579 29
1119 531
478 356
624 82
308 105
926 871
801 795
83 199
804 453
218 266
929 83
674 55
532 885
762 205
475 959
117 49
417 286
536 603
496 111
101 1018
1004 1096
792 1120
942 536
1005 1027
617 632
955 1008
407 969
363 276
95 67
339 750
432 1022
1157 214
817 600
954 1112
1081 716
758 1188
1075 74
1195 448
581 903
382 595
287 876
222 1084
1128 613
685 1077
579 40
390 970
218 363
825 170
448 99
915 860
955 24
842 435
814 286
2 476
1097 546
297 801
362 1101
1188 690
436 738
128 409
1156 457
973 1198
947 583
353 397
257 639
283 388
463 688
611 983
470 1135
931 449
785 993
986 956
743 53
1136 689
266 545
992 994
414 743
588 201
500 1087
910 779
1027 1130
341 409
662 628
706 73
1057 130
101 129
1175 521
1143 108
898 520
703 19
257 385
378 175
1128 30
1070 111
183 1033
242 405
107 89
440 1005
337 897
716 1089
745 786
948 205
943 1000
1092 929
379 125
613 715
22 866
946 803
783 57
54 599
169 257
454 170
193 284
345 151
181 754
875 209
532 308
1051 1158
369 944
87 973
893 628
458 35
1002 272
797 147
552 1167
74 857
774 10
37 607
600 556
357 116
1195 137
972 827
847 795
778 232
443 762
1055 612
194 706
1013 703
1007 976
514 557
1107 126
1096 508
725 171
132 412
556 715
25 157
383 894
1164 135
85 334
896 866
213 1140
63 934
513 944
542 1013
917 829
395 1024
1192 1180
1025 380
1160 808
609 470
1042 476
1167 736
197 472
1051 10
812 657
537 19
793 1010
395 1086
980 783
716 454
1190 43
1052 642
161 683
117 1196
33 70
505 52
140 1022
158 1163
409 547
1189 988
781 606
262 980
868 253
771 141
420 391
868 304
1143 107
881 921
682 481
675 646
640 975
243 653
123 1160
1132 119
902 440
12 970
1093 268
27 264
1055 726
1059 318
134 681
133 169
35 803
410 943
1083 574
419 870
56 673
350 291
293 1114
80 981
322 574
656 495
510 717
481 421
267 573
914 810
755 87
724 908
869 322
857 1013
186 876
278 461
431 51
763 599
965 950
753 54
304 335
816 1081
1099 287
216 786
863 677
583 1061
1031 620
706 384
1188 64
1165 801
686 1108
630 285
397 757
914 568
1160 660
78 353
1049 1086
416 879
801 1078
674 568
216 392
1047 1022
496 799
139 162
349 170
1162 1010
902 80
898 27
1101 111
589 353
731 125
1196 3
596 1086
23 422
1161 277
436 731
496 886
987 179
581 442
161 292
1107 247
991 1006
617 752
196 359
57 816
535 158
140 359
53 400
587 1191
257 354
346 627
35 670
495 840
295 457
1077 1135
504 172
1169 442
399 322
196 173
413 20
85 601
601 507
575 183
579 213
1017 902
555 100
1102 1022
756 1082
17 460
290 487
293 228
249 1063
993 409
893 1171
964 477
640 149
668 656
86 431
869 229
833 198
120 907
352 748
14 438
1143 224
534 909
130 8
584 870
521 1026
766 171
1186 136
692 447
1138 831
340 765
360 1007
743 607
656 291
300 660
1198 168
269 693
409 506
113 756
1057 593
1075 155
761 455
64 511
1139 444
732 640
961 790
537 774
709 444
146 789
1025 238
495 957
1111 1188
1187 638
494 512
343 875
824 1065
407 695
1079 344
796 846
1152 876
1182 580
679 7
30 22
8 399
11 493
916 268
910 64
886 448
898 324
991 316
510 914
4 1064
648 954
781 450
595 92
57 984
323 1152
743 653
333 563
919 983
752 190
175 271
324 685
394 144
249 227
319 1001
1101 1118
352 1007
131 978
391 1056
422 354
57 703
473 184
663 350
342 520
548 98
38 184
700 144
643 177
564 975
446 450
554 185
866 1143
384 196
456 985
478 770
252 338
83 1084
389 1128
358 911
659 1044
22 984
328 241
843 798
941 788
98 431
239 10
293 545
198 288
819 1125
959 924
1118 580
376 21
448 594
540 485
47 1088
1080 852
978 980
492 1084
814 35
940 889
405 181
1108 1188
636 214
1170 180
169 957
906 407
609 1025
508 19
300 1196
844 616
430 583
996 271
650 801
329 125
354 117
994 76
237 802
6 1014
919 924
1177 1156
738 386
41 820
1034 404
843 430
1113 629
1055 466
1077 92
615 698
780 618
284 1183
496 447
869 212
163 299
549 76
342 527
937 640
357 372
418 1037
1155 831
412 96
798 599
1018 506
833 744
898 925
632 782
1086 281
133 933
882 893
796 997
133 396
419 785
394 278
1087 356
586 237
413 1063
1179 233
630 516
437 820
918 916
277 712
973 264
147 629
990 963
375 962
742 720
56 292
1155 272
896 46
1177 10
691 682
512 656
229 397
810 252
824 433
618 312
302 717
1041 1037
752 329
451 933
564 288
794 711
1194 290
534 168
522 277
326 297
515 1003
1092 596
343 805
962 727
0 611
70 852
100 1000
572 913
1095 500
632 54
534 181
1102 656
804 431
814 892
638 1079
475 941
1138 1006
690 893
790 1153
447 596
561 1004
618 747
998 1108
321 778
348 1169
828 458
1086 1040
1057 972
727 898
741 450
445 105
1025 891
239 1004
891 1023
132 186
698 324
82 288
433 534
23 512
812 28
98 118
877 511
990 107
994 216
992 488
611 295
721 513
1054 494
868 383
478 58
276 591
45 102
334 451
173 567
297 1031
181 1159
307 207
1158 707
771 818
785 755
1055 227
267 922
727 782
447 878
471 467
1112 225
81 55
582 231
1118 1080
171 528
873 33
460 585
940 273
526 1179
435 128
1146 627
574 488
705 530
64 588
253 514
560 970
481 672
156 769
545 442
246 52
858 470
320 1135
1115 845
552 545
806 972
845 1133
508 281
1029 1155
547 927
778 672
368 1142
512 126
958 44
754 67
1006 64
66 670
1021 875
381 108
202 122
516 691
805 141
1166 11
694 1006
76 71
634 519
49 690
1089 804
293 601
439 542
301 785
164 389
900 1058
273 551
399 736
168 1060
111 611
352 212
859 1016
228 289
363 553
339 1058
891 875
531 1011
1002 293
819 55
928 171
785 65
1050 388
90 471
142 902
1132 491
633 91
918 279
785 1120
1061 67
594 77
327 4
174 19
924 167
1109 617
279 682
84 768
1186 184
1200 116
642 367
773 36
459 654
773 27
928 203
871 311
138 1162
1025 504
245 385
889 166
536 251
670 466
66 980
542 83
295 355
1087 948
583 1103
271 815
926 502
255 686
279 997
592 725
337 320
1124 26
982 889
1190 52
856 1028
857 345
961 752
369 564
1187 1072
275 800
111 1028
918 391
924 920
1200 524
1123 257
847 694
397 44
859 237
419 254
780 601
222 154
167 1168
54 654
648 1023
680 94
997 1094
1003 674
485 498
100 130
796 16
99 958
360 910
102 639
252 1147
527 985
303 1159
495 180
519 453
659 1008
39 935
509 159
629 653
278 803
703 1122
416 146
365 432
716 1156
567 1052
100 342
1118 217
186 434
1090 179
20 46
630 627
391 36
430 486
1001 749
0 523
472 1118
843 43
1103 553
254 145
810 583
608 649
111 735
1067 705
631 1185
217 964
964 771
847 49
483 1107
1021 359
592 154
209 904
655 995
879 403
681 948
1075 952
1008 843
1064 812
397 638
283 672
1156 899
705 157
1123 600
783 163
172 615
96 584
1162 1192
378 670
742 1198
1022 975
784 280
460 842
1036 632
760 840
93 586
451 1033
1063 563
106 1178
216 1009
881 571
473 302
809 321
1 447
71 459
104 586
45 1039
880 1106
349 634
772 838
548 754
1057 1099
736 476
762 626
1188 1148
97 363
671 300
449 1147
115 1121
112 442
1146 407
565 984
629 137
578 290
1054 910
913 374
379 256
491 1196
936 703
788 196
545 715
781 45
742 605
955 680
62 1200
568 495
675 529
222 519
759 1077
844 919
1171 207
183 729
147 794
198 1052
1142 867
1121 419
812 754
89 972
152 712
105 618
453 274
320 846
557 652
297 1085
650 127
388 980
604 849
1046 373
838 1047
910 635
1147 669
338 835
61 1122
1067 870
519 1031
350 595
434 26
914 1033
137 407
352 1182
1169 782
1149 980
448 1085
145 305
263 673
78 849
676 339
1169 461
768 885
290 502
1056 916
892 775
795 244
317 407
160 102
55 652
796 464
1117 535
1150 312
106 961
762 89
399 878
590 511
712 1170
722 782
676 17
505 759
20 222
384 1106
791 1089
62 364
2 990
212 1124
487 385
1134 438
578 292
35 667
150 645
656 875
1105 151
418 1170
904 1083
1071 223
79 829
251 1094
436 19
1063 945
1147 560
450 602
717 890
1096 216
468 85
510 17
1092 1163
552 580
220 228
386 53
727 926
750 506
973 414
1046 518
981 560
595 314
292 220
714 568
811 222
817 1041
968 723
1137 593
283 992
224 1041
945 46
228 567
707 344
653 56
229 1105
844 895
690 84
242 155
372 479
236 216
1137 967
674 12
436 702
586 569
750 923
842 940
936 977
422 78
513 701
1007 915
952 1049
162 457
431 445
158 1154
558 755
768 685
781 579
623 720
232 376
234 139
612 1161
784 214
367 485
235 260
326 9
649 505
656 957
520 1021
441 712
633 1090
142 1050
1112 828
1095 1115
616 996
1087 1047
388 969
240 1076
1180 747
990 641
1140 800
503 165
1108 861
71 989
924 893
790 448
722 345
697 364
853 1044
484 581
1187 58
245 1145
527 13
457 161
537 1152
64 842
1196 2
486 929
127 777
1195 1121
478 151
337 635
451 367
379 109
181 1145
845 290
800 594
106 1052
318 592
1077 957
925 63
439 744
1095 13
992 682
1120 152
166 377
650 168
89 214
81 1163
39 507
526 439
923 1015
150 276
128 331
564 117
13 674
896 1085
1062 1012
1010 833
392 191
611 149
547 45
1136 694
581 496
41 469
1122 185
27 378
536 1129
539 335
420 779
197 920
912 241
370 808
81 771
965 582
234 1043
221 833
329 686
139 1080
657 669
414 1103
737 711
36 928
14 720
1162 768
998 48
689 422
1018 21
503 1073
571 1130
117 385
1083 562
543 891
341 668
333 384
734 215
1130 361
615 338
280 495
327 395
270 946
33 890
804 86
341 957
976 441
1159 803
965 223
28 814
721 852
104 524
717 827
535 315
193 853
280 876
51 53
1153 629
143 548
49 209
68 64
725 16
359 1055
551 650
514 1010
768 439
955 438
815 1065
263 729
569 926
1147 539
325 1112
1133 1121
1068 1013
1188 1060
457 141
440 1169
609 952
332 576
1179 385
78 372
495 992
525 939
260 348
586 1104
730 106
378 330
461 66
160 1000
939 181
420 821
313 890
822 871
1019 1032
828 810
962 1093
138 870
854 670
513 70
1125 985
285 142
1042 193
258 810
1108 778
1018 500
865 526
1170 680
1064 448
10 506
850 1046
379 78
784 928
448 1007
522 1101
476 248
881 1057
1006 365
765 716
800 1100
1083 1190
242 702
1005 452
582 627
313 359
627 530
511 838
907 506
440 284
253 686
48 1024
1200 1036
1065 9
1169 737
1017 451
1011 829
1134 312
606 237
1152 179
695 607
365 27
1048 1181
635 451
424 46
336 97
7 648
708 604
272 122
382 1185
1108 418
1084 194
167 113
537 505
150 701
729 971
1013 780
767 216
776 856
88 651
121 427
348 1141
909 270
203 249
617 755
790 313
162 121
1047 232
554 353
216 622
1056 16
639 131
338 678
1021 980
264 139
482 1002
1071 1187
399 669
966 1108
213 591
68 622
1046 901
1038 85
134 290
648 113
448 142
1088 36
74 263
1088 526
392 304
302 712
71 552
645 40
550 121
313 908
786 514
805 471
1027 552
679 355
872 484
195 571
1126 928
673 744
931 1168
353 509
650 742
522 969
64 646
1094 262
354 649
149 874
446 683
273 79
783 1169
8 22
889 628
646 198
914 1100
303 953
184 115
214 646
1177 862
727 367
836 721
2 855
144 370
580 638
776 73
95 945
966 493
72 851
922 718
96 825
693 730
135 253
736 870
965 125
551 386
532 125
655 984
897 955
1016 705
1068 869
490 646
219 753
849 626
529 611
622 1077
1193 345
729 376
491 978
99 884
709 682
232 669
135 573
171 59
69 364
254 725
567 337
161 1085
278 1053
1173 1100
290 734
780 738
110 904
664 358
638 792
1083 906
126 222
267 247
346 1157
22 115
421 358
975 348
1099 312
0 765
70 18
337 853
709 412
1113 806
604 44
592 306
533 782
1075 600
619 306
791 136
485 887
805 807
1015 944
779 140
15 178
261 169
179 1032
961 757
1135 1055
692 887
862 756
800 1073
598 103
493 530
559 41
524 482
989 110
220 451
371 1024
1121 732
807 29
1143 674
855 805
59 759
741 106
25 38
1119 677
583 415
505 1084
461 898
13 1020
992 158
925 119
1066 516
857 692
1179 319
194 379
1077 175
3 817
576 337
270 1060
688 244
68 434
382 648
1121 53
645 804
1101 898
475 794
1107 944
815 616
960 173
78 609
419 181
317 189
998 94
651 59
1129 124
960 195
232 211
203 579
726 212
585 1182
873 610
1002 707
553 90
319 673
437 27
294 606
261 249
277 1121
388 1108
464 79
234 833
620 1152
928 945
599 775
22 930
93 881
1047 218
428 1075
527 537
210 61
752 513
491 182
474 113
837 729
273 320
935 996
1177 472
689 788
394 164
1152 190
936 151
1106 852
851 177
82 1088
446 794
1064 818
897 695
601 938
15 6
1000 1015
666 638
626 474
768 663
456 560
452 555
661 239
1047 1009
559 244
128 405
391 44
762 468
121 856
24 1005
1149 527
349 709
356 594
460 73
107 400
908 912
137 264
1118 155
947 333
641 207
297 325
173 238
262 944
968 542
20 709
543 920
943 963
787 523
846 745
539 95
208 445
1027 168
1042 513
653 1117
1044 562
683 633
668 708
454 21
577 873
887 611
906 1152
17 859
73 243
636 439
609 813
1097 463
249 24
14 60
648 758
445 1158
143 874
688 754
398 693
191 1092
9 581
1133 208
669 764
474 928
1125 975
330 213
659 1034
578 644
146 986
218 681
255 931
52 735
609 1172
140 1064
276 1024
1133 525
917 902
360 989
506 543
866 581
1009 79
299 298
751 787
1095 903
301 1058
218 448
561 407
387 1031
408 216
717 1165
403 1040
1041 507
451 1142
275 1117
142 106
704 89
419 355
847 683
978 829
931 281
700 160
1028 399
819 835
282 548
41 622
853 348
934 462
732 213
299 635
1018 1014
14 802
770 79
648 831
569 1123
142 781
801 1058
174 47
300 1144
236 544
631 1107
1054 358
1008 817
576 771
837 882
114 833
905 1024
940 648
64 920
433 473
1154 820
1130 1033
271 89
200 328
258 277
832 573
94 18
945 556
271 527
398 892
726 1180
593 727
1187 511
683 542
418 800
946 1046
487 1099
46 1066
1089 41
317 778
681 840
563 541
175 1003
13 52
625 640
613 914
161 331
468 1138
344 498
1135 1025
409 1147
714 951
679 498
1008 103
758 524
409 368
936 603
156 890
187 1045
904 1061
1119 1179
374 367
951 242
349 720
356 655
169 988
659 654
232 978
810 1061
228 508
1017 503
1056 33
662 467
15 1157
658 977
1130 976
983 510
910 367
889 1028
416 152
610 640
358 664
837 748
833 554
671 207
666 412
1179 279
1079 512
935 588
520 1123
896 403
152 1053
296 476
241 289
40 809
544 931
818 16
970 377
447 628
583 388
1156 684
165 1106
718 1011
855 833
373 178
1184 442
641 930
756 1196
817 1
966 142
996 772
239 4
562 124
861 246
341 1079
850 311
197 532
129 970
167 1089
218 781
159 159
805 703
269 42
682 574
839 954
1128 291
1195 1082
64 437
424 729
803 227
969 474
616 1009
1078 809
1074 88
55 699
770 548
46 579
405 577
8 1154
233 238
655 739
928 967
871 498
265 842
457 412
166 578
260 680
950 550
1069 204
25 435
36 697
237 452
248 139
284 524
579 92
881 626
1133 596
299 83
120 51
623 832
180 124
1109 931
820 72
83 1131
1041 1109
876 531
28 250
155 694
1123 78
182 165
446 246
641 1131
197 136
141 1109
986 1147
681 821
408 1095
599 758
487 1035
226 1149
731 521
999 474
889 916
135 1091
1112 286
536 60
518 726
344 222
456 527
1192 264
89 897
389 373
266 731
329 997
465 487
858 388
351 1098
1134 76
776 1137
451 751
593 24
974 988
22 34
129 171
775 965
30 811
1085 571
17 35
33 568
314 1141
61 17
423 175
729 327
269 323
1152 1133
816 1174
265 97
32 787
710 791
256 417
624 750
896 826
1027 986
859 1081
741 85
81 797
605 11
251 1194
1041 310
841 171
787 822
1170 45
719 926
738 1013
146 793
1103 154
241 604
776 1008
907 490
316 292
221 344
1048 1200
452 328
547 587
1171 726
808 1060
1048 438
479 170
21 843
524 1127
1046 911
294 339
1164 149
975 215
325 1034
394 939
902 780
467 328
923 1125
334 266
530 398
353 1016
261 263
119 1029
706 821
203 975
291 267
804 688
490 667
679 82
1021 591
692 1065
1095 1198
587 514
959 898
1130 315
724 24
910 993
266 656
1103 766
503 986
888 556
136 1103
290 322
556 416
403 521
82 162
526 424
1198 649
510 274
5 916
17 977
764 332
64 887
617 729
194 126
721 59
1169 1103
643 901
546 118
270 38
372 319
84 349
563 699
560 762
127 441
374 901
255 181
1103 1019
1019 643
574 323
214 1144
1154 862
29 947
672 91
267 899
192 461
716 1096
1190 412
797 51
750 322
910 350
197 746
407 747
244 1087
509 880
459 1012
327 595
171 832
289 92
268 79
340 1081
460 12
786 180
929 264
381 1077
536 139
423 469
593 73
1183 659
1069 218
705 876
1134 595
1135 394
307 167
374 664
312 649
265 1151
419 1058
302 1082
219 626
282 857
256 79
162 758
1054 960
1021 77
326 364
700 508
776 682
775 860
1084 768
481 656
958 132
999 28
995 569
244 932
50 562
1176 1162
320 329
1047 938
262 1
367 286
511 262
208 477
481 1169
32 464
285 228
234 397
769 397
318 1085
581 890
921 183
439 1148
369 708
891 152
168 27
733 277
721 362
1066 175
461 1036
1061 88
398 717
949 849
311 1148
494 1096
603 178
557 770
751 402
37 475
320 83
158 820
328 1044
753 937
854 864
338 120
1012 757
591 428
1111 561
423 546
1024 842
734 1046
596 622
933 22
874 940
250 202
451 1184
476 403
723 1165
1141 386
895 318
630 1120
982 1095
623 1190
454 389
169 455
808 213
14 189
1156 937
150 764
911 740
446 269
1036 630
428 934
337 854
828 747
788 968
547 627
724 1185
611 212
1149 1103
1116 926
862 1001
717 327
850 386
704 72
737 669
114 286
658 943
972 888
234 454
1187 986
759 670
363 204
278 351
286 914
1031 527
1021 275
685 62
580 112
945 1161
13 1093
581 642
819 263
494 238
227 1116
26 194
1163 821
475 301
1101 897
322 299
97 993
385 69
691 222
718 278
1021 834
799 71
1136 266
853 1064
643 181
665 836
626 224
125 1022
271 256
949 612
785 1103
104 262
920 1151
669 334
634 1116
130 824
966 447
292 1135
18 172
992 198
795 242
893 235
324 602
879 491
799 308
191 718
935 689
37 720
144 328
7 322
510 658
334 402
156 93
803 684
673 901
576 49
365 1109
388 97
369 671
1083 868
97 1158
723 757
742 117
971 957
1154 293
112 627
689 561
1073 895
666 393
1180 963
396 55
439 203
892 344
943 1195
81 399
843 610
1198 612
406 343
436 169
158 204
975 307
1124 1089
910 923
868 78
151 462
225 739
1151 875
161 758
46 549
992 89
267 428
1101 18
556 868
626 1124
1042 135
590 827
144 1190
775 361
591 529
1078 306
1067 361
703 373
298 114
392 758
486 1026
278 294
472 54
1020 257
891 994
582 960
1023 714
215 624
819 874
920 983
279 65
856 244
84 70
680 679
974 27
292 805
855 251
99 301
136 277
975 765
34 187
370 242
968 110
1097 990
522 23
209 1159
20 695
346 890
1167 1133
506 109
561 432
482 806
794 718
19 1169
1135 216
932 271
1139 150
54 314
660 941
420 277
867 1161
403 723
1186 237
941 241
1077 398
451 166
8 495
521 125
162 721
758 92
106 962
435 854
1155 351
698 411
970 867
914 290
746 450
845 1050
926 273
926 538
950 384
915 456
670 797
48 782
1144 166
380 78
1173 1063
822 50
611 27
935 970
1040 542
86 921
90 406
533 268
1028 754
958 192
1021 483
278 407
120 532
381 623
1191 340
407 749
134 222
546 965
667 684
809 1155
722 907
303 99
1008 758
1172 989
749 1155
1065 392
535 1132
512 479
374 795
321 1035
1033 1110
774 1079
989 47
963 1031
893 1140
1003 767
949 364
786 258
67 690
222 503
436 990
931 453
444 796
554 748
302 366
1152 610
189 1051
54 180
603 268
337 1143
5 1080
1058 210
100 963
951 1053
729 629
978 486
631 273
56 172
717 137
430 218
1062 423
752 218
1093 656
27 927
104 716
62 606
243 91
283 137
148 591
1082 2
861 1159
3 57
68 696
421 505
1199 102
1175 865
692 73
1070 1177
1164 274
346 1084
203 844
158 961
951 1095
587 977
397 822
988 7
271 1155
1011 751
1158 505
489 270
493 822
498 1158
966 153
56 637
573 742
773 591
432 534
757 791
229 473
509 689
71 526
771 406
321 270
914 325
237 580
238 1054
446 829
917 309
759 30
232 486
1129 922
790 322
924 11
550 236
1078 734
721 1014
1027 927
945 364
662 1029
551 1147
882 877
761 816
501 713
761 768
365 478
554 249
751 186
1090 318
100 312
726 929
928 1115
258 376
307 1009
160 637
695 193
886 1161
207 1089
877 1134
583 1057
985 720
318 827
112 599
1150 723
937 430
463 956
998 718
1093 1004
995 925
794 892
100 556
36 473
62 677
749 520
972 735
862 710
566 375
792 59
158 482
858 829
898 1111
742 584
580 546
198 519
682 84
516 27
506 338
201 562
432 895
484 1047
1194 743
590 1078
703 723
98 1075
87 376
978 769
1157 913
823 1024
61 509
1062 896
996 589
12 560
263 925
722 531
1090 289
825 716
64 1150
1109 1023
289 888
121 519
362 236
776 299
1036 967
790 941
119 623
207 514
943 130
964 895
1091 368
905 929
697 681
550 1064
276 788
804 881
425 541
383 449
896 567
1124 133
455 504
710 794
126 1148
617 155
528 414
168 514
896 571
839 202
42 918
802 191
926 1045
1057 438
1072 1031
890 939
321 1131
887 667
715 747
31 1136
205 476
394 1088
745 548
760 706
539 431
1161 784
614 849
366 406
695 1062
845 659
0 560
598 508
160 14
1023 944
477 791
322 40
1050 153
399 1040
1173 362
819 1189
227 262
519 240
1104 1122
226 1012
373 795
1129 436
237 186
725 504
919 625
412 156
1132 595
93 753
154 330
852 406
859 119
179 133
115 914
1087 929
114 374
305 663
695 515
211 274
1029 573
1080 728
932 357
654 299
999 773
190 960
670 431
235 1178
1087 1156
1011 190
1151 936
832 863
246 718
662 493
668 79
516 1059
1028 459
93 768
1033 294
466 1166
660 779
585 449
553 930
329 818
862 1136
553 890
66 132
193 23
517 228
1086 781
462 944
492 1189
521 143
807 295
332 153
133 271
1092 1154
770 302
350 526
664 957
788 395
378 1091
205 456
809 300
208 979
182 32
307 81
976 904
861 861
313 928
712 322
1171 948
462 1074
4 903
903 642
776 514
40 830
1139 48
133 365
143 1157
727 505
251 75
1048 153
464 1117
583 478
919 448
927 280
1069 686
867 245
554 680
154 1152
237 604
578 871
785 784
1182 575
352 515
967 765
616 237
526 15
861 486
882 1076
559 215
244 178
1130 366
38 122
835 946
480 836
814 755
445 920
874 830
665 432
453 24
485 156
82 345
359 826
204 60
991 1174
1174 571
1128 257
908 923
822 178
774 257
782 1168
69 449
714 1085
482 146
656 270
3 42
507 373
691 1174
503 769
1049 977
769 1119
428 837
1185 642
426 959
196 1137
909 329
797 171
362 876
454 1137
341 1134
343 1160
217 267
964 222
782 313
676 18
619 445
58 15
267 1192
1100 1003
1054 758
689 292
170 298
43 335
1097 431
426 316
519 618
648 1178
524 1158
278 374
661 100
1115 865
332 753
213 269
878 919
98 798
760 547
313 1054
206 1019
451 849
4 786
157 174
9 369
43 1166
435 1137
232 564
869 521
1109 49
428 603
773 717
832 34
4 21
327 24
125 481
471 285
78 1198
1136 969
67 637
95 441
40 95
777 1110
473 469
798 1093
890 450
275 949
789 890
928 617
325 811
249 232
182 412
364 977
120 1090
832 576
1043 534
904 1005
831 75
705 687
1035 292
343 315
1122 65
573 1084
926 919
690 22
829 1144
241 318
310 223
831 859
886 259
794 45
477 482
148 705
326 454
398 1038
779 894
968 928
917 169
993 27
374 267
12 547
119 961
69 988
1166 819
660 367
768 22
210 421
26 137
27 990
946 607
23 187
260 479
1127 1085
1197 570
1150 662
326 1073
706 377
676 640
1026 1190
628 196
505 782
1149 914
722 58
878 78
791 286
1044 336
395 1045
1129 146
318 490
452 204
302 34
377 32
939 1151
1006 983
930 463
199 13
649 1099
637 488
1178 886
659 55
945 166
1118 694
163 312
434 75
789 354
368 1165
37 230
995 463
615 302
0 515
836 910
423 771
1017 493
1107 1198
961 279
3 208
889 876
1193 562
700 754
1155 30
952 787
1161 1018
85 1171
40 1175
241 151
630 363
275 619
1128 167
157 350
646 1176
33 41
847 91
426 610
295 1
148 622
1000 364
619 1094
1179 963
1018 287
1050 1104
837 356
47 564
1158 1154
828 646
1121 761
1093 1160
483 936
854 588
1063 583
723 433
996 779
1100 1077
903 359
990 871
224 286
243 280
1056 671
194 1148
939 283
400 1124
335 523
527 835
577 1000
230 735
594 1177
680 1092
353 122
450 481
135 902
969 997
602 913
1023 1122
696 1081
1121 99
841 245
556 50
1050 1140
594 855
1187 426
1064 93
1047 126
265 778
791 908
759 484
917 293
61 550
658 831
823 36
742 449
237 1065
742 1031
325 862
1114 444
602 1195
831 746
184 811
640 1090
935 914
12 1129
1143 684
455 1181
1123 991
1099 854
262 1026
611 1110
397 605
773 218
580 1137
318 1014
975 66
965 472
269 1098
142 611
70 193
367 126
661 199
40 444
624 477
412 829
631 763
690 106
644 167
295 601
221 714
528 786
250 908
137 370
304 1064
900 806
514 186
869 632
575 5
821 801
952 976
950 1090
403 320
31 134
1169 424
271 488
519 411
86 608
960 924
522 497
504 811
238 185
635 1064
615 392
756 201
287 210
618 510
708 754
923 292
776 486
1024 1056
1100 1002
1019 618
447 720
111 626
643 1156
133 1147
58 848
826 617
399 910
360 331
834 232
980 787
1167 492
905 549
701 1134
35 780
890 737
30 328
200 45
1187 475
214 11
916 133
372 446
165 201
1131 1157
1154 832
518 945
289 697
994 375
388 236
1167 560
68 290
1029 367
669 158
641 1125
1090 1135
802 827
668 247
185 779
536 1006
370 1115
589 1037
41 123
9 840
635 726
945 1015
1128 589
1155 688
797 512
718 401
971 448
555 217
909 673
1043 374
419 536
556 171
831 160
140 159
256 504
7 785
423 1030
305 50
289 1088
906 393
675 514
407 741
429 1173
1065 653
254 255
1061 342
121 316
497 1076
389 684
429 541
10 244
534 314
38 429
1179 298
1189 721
213 668
463 319
486 36
441 587
45 586
823 866
734 568
622 117
1192 844
1013 384
564 22
710 257
988 1008
933 368
1035 437
419 292
443 271
754 812
315 444
841 446
1106 784
592 1164
719 489
153 588
1031 484
1142 702
945 616
96 416
41 598
194 649
1179 1042
1097 191
329 723
1015 761
1194 953
827 1100
142 518
1064 144
558 378
359 786
35 1192
768 911
318 94
637 665
740 614
1079 1001
9 28
291 307
567 187
1113 114
321 567
784 439
1158 155
838 331
80 521
1120 513
449 85
433 987
253 434
121 46
699 718
602 714
206 1187
126 293
573 34
835 1169
31 19
866 541
1124 221
801 117
744 836
489 66
933 309
2 96
310 836
456 1150
936 117
726 908
1031 542
289 1171
978 808
782 1046
192 368
931 676
291 591
250 837
253 468
518 236
8 122
565 189
135 390
778 62
1129 84
779 943
889 1181
687 1067
1065 551
960 1178
979 862
687 978
307 824
1085 1181
664 649
257 364
1079 254
41 458
3 269
575 817
1119 384
219 254
1136 163
809 583
1048 421
135 614
31 584
952 446
520 77
194 936
806 1189
130 2
513 823
872 1132
1120 33
806 1010
290 250
819 239
108 923
960 720
845 525
749 387
9 300
22 823
1110 768
853 721
519 463
522 157
84 978
704 1038
437 565
250 1043
753 993
284 905
521 894
485 559
380 130
124 785
797 663
933 494
912 653
616 1120
671 414
201 982
1112 216
733 135
436 985
442 923
465 58
1150 9
55 172
543 813
513 1030
628 423
624 239
896 93
1167 996
987 594
128 903
58 851
930 1166
440 413
893 246
836 722
296 92
512 499
271 462
370 574
918 944
965 16
560 155
1155 6
61 1031
815 347
455 132
1104 184
30 437
1002 868
600 304
861 890
410 415
919 360
366 1093
546 425
198 685
268 690
1139 376
1019 157
459 388
909 393
765 244
236 685
195 1080
844 1148
100 1035
30 300
282 706
161 379
961 997
243 508
390 909
969 862
406 357
389 524
977 1124
202 516
852 947
246 258
1140 659
965 292
730 512
626 546
567 439
581 776
992 222
1195 524
712 765
540 955
764 134
1059 211
464 465
80 282
216 572
171 917
881 1193
742 1101
422 292
545 748
792 489
912 626
893 1033
766 209
673 340
231 219
767 907
696 2
446 976
804 7
154 501
848 855
698 967
885 1102
548 799
148 893
480 289
699 428
341 992
1028 1048
3 345
584 961
362 655
718 185
353 837
388 366
213 613
927 542
534 88
29 326
1000 330
858 258
342 325
106 862
839 22
809 1000
626 820
181 816
781 560
1118 213
1115 112
1109 1155
1010 71
770 473
555 509
426 472
381 968
795 1107
271 705
246 771
242 76
1095 251
448 1148
1195 313
256 985
869 132
829 654
644 495
164 1052
35 1122
1049 1028
707 479
653 202
914 802
29 248
627 536
1169 1014
314 6
777 138
591 188
139 1040
1124 249
335 617
948 609
1080 878
259 197
723 688
724 623
426 319
330 588
781 1104
116 681
217 683
255 571
807 993
976 401
1125 192
259 826
1170 850
690 63
407 21
987 434
328 579
616 324
866 1066
1042 516
192 546
179 699
883 235
418 429
1066 777
1088 749
1129 1096
822 48
1054 197
1106 17
503 1189
437 380
882 358
645 1002
624 820
296 661
537 168
80 468
903 518
547 537
215 923
1067 364
683 1125
410 1065
46 140
448 417
98 344
559 1189
710 548
900 430
822 287
684 912
145 339
543 126
8 270
1108 50
1050 246
177 1065
469 199
1160 256
835 826
204 55
72 404
549 189
58 708
969 129
126 1049
982 1125
243 54
35 249
54 183
665 156
250 755
490 698
892 719
566 327
96 925
262 460
117 1130
548 859
603 1126
448 669
1188 504
404 738
1078 48
277 592
43 1050
884 149
476 666
239 1025
869 832
477 668
296 89
731 954
981 362
23 30
270 364
87 828
382 418
1121 3
266 299
276 398
555 978
296 328
391 164
547 249
288 571
870 546
367 646
471 704
641 573
413 821
578 915
412 163
663 1083
1123 831
562 877
825 1054
1036 907
296 443
373 465
381 877
738 962
162 1155
822 143
857 1135
459 113
968 977
522 369
773 314
689 385
95 1014
47 336
267 773
753 809
1130 688
652 608
1124 1142
344 552
91 198
897 1080
633 297
0 362
964 842
1193 395
181 219
725 413
878 1077
203 1028
749 909
105 22
846 489
268 838
178 873
219 508
394 166
17 392
657 1151
592 325
803 776
292 1034
443 460
822 834
258 136
803 1189
1065 218
442 789
358 980
1173 630
923 410
60 173
1044 936
287 1004
124 387
489 1187
804 175
559 1055
892 923
974 559
43 896
690 848
269 541
92 995
713 321
217 784
1006 1124
640 951
596 417
751 807
871 188
214 1054
482 1021
932 110
820 869
771 203
267 411
557 612
457 807
46 330
969 237
196 386
688 506
1154 596
35 100
178 439
252 259
522 440
250 795
995 474
704 458
1147 874
819 283
212 1175
406 427
118 863
1069 1137
991 806
292 300
315 869
533 454
7 408
1073 361
1099 229
85 231
957 124
118 1200
1060 362
870 648
521 269
685 766
740 835
374 656
1151 867
1199 1045
625 1173
420 288
137 372
1110 302
1084 614
1174 510
345 503
978 1149
1135 348
239 335
51 115
319 1114
1148 833
1040 382
240 35
1085 443
49 1088
1038 833
1112 122
1153 55
50 147
238 783
996 566
52 739
1141 938
1200 936
695 276
506 222
889 484
735 728
410 1136
415 167
47 369
964 147
1109 706
201 1177
939 137
845 874
806 435
143 711
904 613
1169 480
1030 1119
523 881
1176 807
759 81
643 514
735 266
596 1002
96 95
380 232
774 771
701 1025
555 1082
470 729
496 397
623 1000
792 537
1195 163
1040 156
184 362
77 847
63 805
1 1129
42 28
961 104
511 500
209 80
18 166
1097 597
1067 153
609 192
678 1116
1099 911
584 434
963 597
1128 895
331 30
667 995
10 1103
257 545
574 1008
566 1175
275 746
212 681
491 320
153 72
1149 168
115 398
454 1146
215 391
929 401
640 894
688 1129
1078 329
799 709
1136 517
898 472
937 1050
678 140
743 851
446 333
125 926
472 557
955 527
286 1111
973 672
658 722
456 77
293 285
108 1128
266 906
1114 160
766 45
532 1005
1161 942
484 897
605 1107
127 349
106 439
245 718
550 884
466 940
1124 952
657 140
885 21
352 131
1085 1060
68 859
246 305
74 1190
925 854
122 909
655 706
221 939
247 392
490 172
180 176
737 641
521 146
1184 528
911 634
997 165
146 1065
374 328
1091 1129
264 715
779 617
141 1152
1000 796
910 222
1023 968
917 214
918 894
71 74
192 838
226 330
496 511
473 294
527 91
554 1052
715 614
717 1049
400 393
192 412
1082 722
349 330
67 434
491 979
847 1011
738 1074
305 801
594 28
603 667
514 110
319 742
497 372
1037 145
768 322
145 264
1139 343
1037 446
1092 1175
618 607
663 327
356 422
431 1
580 20
97 63
882 883
759 202
1024 1151
105 914
527 910
550 671
1018 130
784 1188
588 109
414 37
120 72
938 848
495 1104
1164 776
622 154
415 813
372 357
634 285
339 1046
799 159
265 1166
518 251
800 1107
398 228
834 821
906 1161
1022 545
151 612
998 309
827 215
1015 284
1178 929
311 186
112 1089
1145 666
709 145
1169 509
951 240
484 290
925 573
555 83
1160 732
48 926
690 1169
137 675
234 394
971 992
127 700
753 830
321 613
30 137
404 77
360 533
392 429
752 298
176 845
835 1111
763 1171
30 629
804 1037
602 628
1180 519
565 737
71 891
15 710
143 267
1122 180
280 193
160 33
200 428
112 1147
314 978
372 125
679 1094
226 32
887 1007
604 1127
768 837
629 565
630 241
724 959
1144 703
671 347
1080 1157
1068 719
1200 257
441 1141
701 146
515 271
830 951
944 717
508 284
806 715
1182 65
156 1009
223 504
791 799
1138 66
27 610
515 529
1172 574
617 500
855 173
90 956
310 414
300 274
946 79
560 15
953 1020
502 458
493 383
80 819
23 881
941 183
573 216
17 290
175 151
106 651
373 1195
566 1057
135 362
278 148
238 14
39 272
900 690
659 560
610 481
230 389
271 819
694 257
38 394
382 1015
732 415
141 883
848 683
1116 930
133 143
888 1116
660 1079
926 464
784 336
182 911
1117 592
991 120
302 989
57 388
637 242
504 58
568 996
691 1089
216 129
112 1155
1081 2
1160 683
726 545
536 427
597 970
390 449
217 726
1052 1041
445 613
569 558
37 522
1054 1131
1048 12
1166 537
1027 433
146 336
1141 643
757 743
720 874
394 784
1191 384
969 861
1179 24
115 106
31 1035
1181 567
1169 171
155 748
140 834
539 167
390 27
51 175
1090 1043
112 1108
61 904
911 861
78 560
1154 654
416 536
902 497
1153 951
737 521
808 941
524 125
1158 457
1094 244
126 607
43 476
440 437
47 769
661 725
962 1140
900 483
664 138
243 1196
93 588
993 1144
409 937
273 752
844 16
189 312
465 262
667 292
226 1001
923 219
512 417
201 1156
498 681
33 1142
11 1164
925 442
522 140
1033 1018
51 86
979 164
710 564
84 438
177 1055
87 1187
1174 929
544 244
806 456
179 1122
627 992
394 71
15 730
281 983
683 1170
914 1184
939 1163
401 828
107 1055
188 24
967 1144
920 261
492 1178
870 761
1005 1189
994 411
382 1110
446 562
196 166
1085 807
961 433
976 570
664 984
290 1056
136 0
49 713
753 326
27 253
495 958
1181 192
30 470
677 282
932 935
988 611
1191 498
745 713
649 592
806 863
896 531
964 686
563 494
33 62
75 55
1091 863
826 156
1187 406
541 716
41 839
844 130
85 945
1157 1040
779 1084
954 814
1033 381
427 1104
629 609
455 797
354 218
670 377
1065 300
674 751
751 399
858 624
98 38
1193 285
845 211
1047 666
232 423
52 689
447 1052
845 259
869 624
1067 835
630 769
22 520
93 118
1 160
1151 427
596 12
1181 919
1002 918
779 262
564 1101
718 35
787 34
1116 32
473 914
626 1199
241 744
228 420
734 412
752 521
768 962
809 981
1197 217
749 373
642 475
189 466
689 243
994 1120
366 408
575 508
151 26
352 452
152 913
562 35
343 749
865 945
1116 588
1192 1200
401 173
671 682
1044 1151
57 1053
255 276
767 957
728 1186
352 579
187 15
1040 693
18 1047
1066 58
570 326
310 214
1075 1052
933 675
340 731
659 18
250 1022
524 1024
948 399
744 41
414 483
409 756
407 560
711 566
892 212
1029 734
36 1126
1015 400
450 991
411 995
321 140
710 243
1012 339
92 237
111 770
428 78
1074 6
134 540
751 10
221 132
241 943
852 1067
117 862
402 921
1198 545
1074 921
990 1063
1143 338
1199 825
697 879
147 1104
607 567
698 1020
1097 638
547 501
893 1068
800 523
505 351
655 647
715 881
243 399
153 878
783 330
106 984
303 503
400 424
863 778
531 864
819 601
185 736
481 1078
290 954
441 438
935 17
591 1031
451 894
661 358
780 531
670 1017
192 131
799 1030
949 1139
962 639
851 398
914 541
68 828
1034 461
422 59
515 150
789 137
110 795
94 756
347 1076
1064 1128
54 410
9 157
1035 358
968 1
463 278
297 201
393 802
1123 1156
103 795
169 535
893 530
85 643
172 196
766 522
522 1141
468 191
873 634
1174 586
879 475
25 760
371 894
635 332
566 846
1090 487
657 225
43 556
715 696
921 882
318 190
974 436
698 604
411 765
1134 988
912 357
976 424
377 270
213 482
805 656
389 326
797 1086
473 269
298 128
370 451
520 466
547 1057
384 945
918 270
477 897
19 322
570 829
559 1194
684 698
68 488
556 672
315 1125
363 852
570 1127
264 1015
99 917
1006 1084
410 1076
303 389
1183 171
557 1023
964 836
782 953
1042 1164
737 283
218 466
159 592
862 964
460 1061
565 1141
643 1101
1007 260
192 596
388 1066
1085 654
273 1028
1052 132
930 1168
50 704
425 486
386 1172
185 66
107 461
157 662
286 222
994 844
378 880
100 63
129 231
147 785
142 133
303 15
753 306
937 889
262 710
219 143
979 1090
63 1150
176 265
836 225
460 529
812 646
617 223
1023 1
1033 636
91 1062
461 585
901 1158
715 270
164 741
1193 820
903 1095
946 27
601 91
1143 727
1167 1186
1167 444
840 1181
187 972
1059 439
1137 180
558 144
837 601
946 1136
897 917
17 1166
567 644
797 456
763 1119
558 26
562 858
314 507
123 975
33 1098
285 682
715 113
423 110
780 158
78 623
1066 1068
345 523
473 890
387 461
71 761
737 470
744 880
990 1153
898 887
1057 358
325 1174
1194 1059
382 437
1191 362
22 301
627 809
437 1189
326 77
502 381
6 419
320 1097
1031 60
402 500
820 1051
1007 815
813 806
250 148
393 908
754 1088
866 101
238 1
230 1151
79 975
763 490
539 931
392 133
202 89
585 574
263 254
935 1051
1129 991
363 364
688 1041
896 343
1088 177
600 1162
555 1088
774 481
652 596
1105 631
494 73
363 1172
138 123
660 709
822 736
648 299
1083 48
273 946
785 1087
175 593
570 368
995 766
487 906
701 1176
463 73
1179 590
926 799
16 236
34 652
535 628
295 367
727 420
391 603
114 473
152 929
140 696
560 320
275 704
411 340
804 289
365 59
996 723
420 428
895 854
242 1011
697 655
22 382
402 996
1185 365
438 1098
67 571
542 526
823 339
1175 137
834 88
715 550
170 763
713 128
694 124
681 1167
45 45
1136 664
987 266
1193 265
272 890
969 169
137 781
45 918
620 86
579 237
317 875
155 2
630 500
198 435
1052 355
435 537
309 605
939 1045
36 452
977 124
999 67
635 714
1198 315
558 388
500 931
1110 182
853 758
357 440
343 542
26 700
548 879
1148 28
368 1175
435 1117
1000 1190
627 257
1088 221
597 285
273 647
1171 935
1164 206
464 840
887 424
6 812
424 683
662 728
407 1195
1086 379
615 599
31 151
534 56
465 856
537 299
813 1150
994 922
1128 575
581 172
346 230
1179 801
931 542
192 374
134 475
902 938
1074 870
1192 1117
1183 466
84 922
854 307
288 164
505 489
895 167
321 873
1084 25
248 707
414 454
392 557
970 184
1169 359
1046 42
409 844
272 893
73 858
1004 909
710 334
770 827
653 383
129 788
306 865
453 224
532 385
337 478
117 331
1197 350
616 345
643 920
387 95
114 692
1146 983
445 221
18 1096
529 470
102 282
247 1056
345 584
967 261
911 27
667 1133
763 1094
980 790
318 680
876 491
502 489
1172 639
273 779
606 1128
433 686
606 594
1136 532
352 1111
323 416
508 223
346 1182
626 640
518 482
1026 949
622 528
98 249
821 778
47 505
835 644
1087 1040
477 173
394 775
471 908
65 1088
2 69
516 115
96 671
498 755
1106 548
56 242
1 622
622 944
81 4
587 1019
850 35
1077 833
386 651
815 41
439 571
910 963
1131 391
1152 955
427 919
500 88
220 1145
540 555
385 1035
18 1013
774 464
507 1018
759 121
1058 225
730 1030
209 232
1046 175
598 193
854 1010
183 70
936 481
616 940
270 877
802 1000
1066 637
1147 407
316 386
1151 793
666 750
376 747
954 468
187 515
28 598
533 1175
278 378
71 81
369 594
1153 770
137 252
721 979
188 436
1076 767
336 518
864 271
797 1001
1064 221
721 170
1076 297
149 99
307 226
45 603
608 682
605 48
88 854
394 115
821 350
550 465
993 863
359 612
981 931
662 557
236 601
429 68
715 1005
496 599
521 254
826 465
616 1015
623 1176
822 1129
401 290
185 803
839 428
995 213
70 26
1090 285
762 335
371 831
530 509
439 1102
843 673
1195 580
579 356
915 1124
1071 424
635 484
73 94
1188 193
228 381
572 190
643 869
686 214
923 1192
884 312
494 444
450 420
110 270
739 323
530 746
289 151
204 1052
1015 1114
689 717
320 596
1086 816
1172 125
420 895
859 937
1061 589
444 1176
415 595
807 626
169 885
745 686
650 456
26 553
903 503
34 633
722 592
12 627
559 740
196 49
727 186
418 1111
1198 491
98 573
1134 598
210 779
318 535
247 1131
292 807
1126 330
957 769
102 1150
973 1200
162 636
488 376
433 91
289 280
100 754
86 1065
364 232
40 243
913 832
1049 428
372 286
1154 202
1016 777
835 1011
810 820
706 944
321 1027
1129 990
298 939
682 609
359 182
1187 253
227 1041
1073 1039
78 776
1077 314
537 1193
96 390
990 126
559 906
520 1153
561 822
25 328
151 1078
486 545
513 1022
837 491
880 640
609 937
943 431
1134 704
969 89
333 984
424 446
1086 93
554 813
60 728
282 225
921 227
1026 68
569 656
163 50
379 148
1108 1108
917 316
160 872
349 160
709 701
8 657
51 497
898 1109
199 125
1153 1039
68 804
181 391
216 165
965 1128
335 44
472 1089
719 1181
380 217
967 191
122 193
303 35
306 198
1027 515
798 1006
1191 1134
223 526
540 105
225 764
587 355
343 348
378 993
574 504
377 868
215 88
542 245
403 433
425 1157
711 244
785 800
966 1179
35 572
962 612
1189 717
454 1058
1130 620
142 479
941 36
774 562
940 806
763 803
993 907
620 1100
26 399
198 1032
411 112
0 196
555 741
936 428
903 1183
456 990
886 932
508 876
553 199
93 923
111 706
319 151
179 1156
17 399
411 30
330 159
956 1181
1126 294
987 679
263 719
75 233
763 899
903 150
1015 1127
1108 997
653 745
564 553
314 777
1060 859
624 540
935 857
54 431
966 398
561 190
98 884
165 1036
1018 1052
689 789
98 47
618 385
628 101
141 341
402 618
938 274
573 259
172 1180
370 298
780 452
712 421
1158 507
671 450
300 586
705 394
719 130
939 154
485 1025
893 1174
385 928
667 93
1068 837
184 1132
359 1033
1121 1071
751 686
189 736
45 405
121 279
963 886
394 670
275 726
1167 562
239 314
93 652
231 606
802 445
14 1141
1104 1137
365 161
516 1021
777 489
710 899
1117 778
594 1125
513 1
802 114
954 386
711 894
719 587
782 139
775 402
724 1086
907 412
1176 220
460 1091
536 1029
1185 779
407 285
20 792
716 372
333 63
654 205
348 941
775 473
45 395
187 907
626 297
181 1083
629 968
882 452
606 1079
31 689
306 922
939 33
649 1167
1185 172
949 115
867 983
825 754
161 572
12 794
451 1166
314 498
1046 758
791 135
913 873
254 478
1074 284
100 102
1199 180
856 154
469 392
1 104
928 78
66 507
376 1062
88 986
361 925
42 701
1063 211
1138 935
385 173
1012 506
530 561
3 895
791 636
1136 1072
297 553
280 136
162 1177
599 693
208 370
173 914
236 538
909 401
71 797
56 139
277 8
911 95
908 224
1160 528
242 1170
450 40
535 620
47 663
282 876
176 428
790 442
818 592
149 612
199 367
258 370
531 54
89 1075
827 775
357 1095
326 1069
1146 547
980 1200
123 1104
764 863
746 871
824 637
943 864
357 1018
278 1041
616 1176
372 482
873 6
1146 589
375 346
218 523
634 962
1177 665
807 76
497 959
882 790
213 1120
479 177
521 718
821 720
875 840
1081 560
1099 824
503 691
337 517
212 811
320 432
142 425
1170 1126
293 100
1037 205
1149 930
968 732
606 844
991 822
835 960
865 759
1151 508
407 917
1028 482
347 871
481 261
148 231
80 286
201 261
105 928
387 780
540 109
1096 148
957 208
674 185
799 300
1178 875
276 751
124 140
854 944
1167 916
545 785
1117 328
995 539
1130 1057
758 588
1143 82
21 1078
1060 117
105 438
159 158
3 137
938 141
178 174
449 83
849 1152
206 20
816 987
491 803
1111 60
1124 1178
350 261
511 942
271 583
470 94
276 621
383 377
1105 506
349 941
1018 87
828 983
895 756
258 8
919 1135
1139 799
68 84
739 826
1134 698
1121 573
68 482
845 815
373 119
322 28
302 108
409 326
32 251
694 126
562 155
280 744
32 1150
549 730
1049 58
386 97
1030 90
712 473
169 1091
241 1013
550 837
908 540
661 67
836 69
448 965
1067 1151
724 488
46 1159
286 552
301 707
926 781
1009 358
744 45
152 246
1142 649
418 845
605 1150
392 252
972 1121
507 1196
722 239
759 654
35 812
930 135
844 787
652 1130
603 373
449 67
271 83
765 773
91 698
87 842
1191 687
4 1195
477 320
374 688
487 758
793 554
375 249
141 1190
564 579
873 941
872 64
368 48
690 611
446 781
571 887
730 942
101 1017
943 190
424 602
350 760
77 99
875 1005
1111 191
629 568
919 915
604 127
535 288
752 339
776 90
424 1122
266 845
941 852
526 409
97 832
962 311
992 546
434 463
858 613
283 983
34 837
975 658
467 934
569 30
807 1114
532 249
392 682
410 60
526 871
1107 1034
277 484
1155 322
775 1134
884 1169
172 80
136 1173
412 54
557 609
1138 423
574 239
595 439
314 970
222 441
437 1191
1120 439
501 175
21 61
227 86
1106 424
543 351
938 1101
994 656
716 188
156 319
728 1087
1081 182
643 96
1172 30
735 597
466 584
884 339
1010 542
1088 836
76 156
976 1068
368 424
240 641
830 975
695 275
146 539
974 80
93 654
295 634
688 601
441 373
165 853
809 331
326 819
506 298
474 1082
688 595
1028 427
209 749
8 1142
1137 461
281 1138
544 795
144 298
823 373
850 568
654 431
830 487
612 679
1108 938
548 56
1025 256
593 499
593 751
864 548
134 114
601 490
714 1110
531 983
882 624
794 744
220 496
323 29
610 829
511 831
882 656
486 629
848 1071
619 466
354 599
114 623
157 1085
964 19
938 1170
586 1131
692 865
769 259
83 1198
548 1023
550 927
766 1055
1036 880
36 700
861 346
240 1067
521 874
703 843
227 544
213 77
14 940
388 99
622 1071
738 780
36 64
159 249
1129 523
367 43
433 798
951 683
368 26
809 11
372 46
358 992
413 647
786 168
495 509
107 669
894 385
55 1028
723 316
82 736
166 164
506 608
924 432
1028 102
101 298
614 369
906 1003
23 34
307 98
195 486
1198 474
1051 1195
605 146
223 431
1178 727
979 671
879 396
1106 59
351 388
894 753
79 123
907 291
936 381
700 809
199 855
168 699
583 887
152 865
9 100
80 875
39 118
226 101
355 733
288 6
966 736
483 444
292 1102
967 879
326 643
808 720
512 533
760 922
394 103
504 710
41 580
148 177
1041 478
76 1138
39 429
200 764
57 332
396 182
265 616
310 233
1142 188
563 1121
121 729
502 929
704 291
563 434
19 464
30 768
457 881
348 841
755 242
548 1185
304 1161
462 767
1100 879
856 500
157 392
624 812
413 1032
913 1063
704 432
364 572
605 594
720 377
1035 1132
704 326
1124 814
341 1096
668 955
808 170
1019 1079
316 744
689 1116
33 1185
363 170
885 1107
377 157
263 345
718 62
1005 386
521 39
947 381
695 829
282 145
168 745
940 569
407 275
1104 107
98 248
1020 1052
967 1133
632 700
790 876
295 1150
184 733
909 419
558 771
278 1199
316 947
1088 988
630 953
492 754
637 74
565 1061
839 636
1082 220
453 141
430 337
274 498
963 150
1091 720
1006 143
898 664
332 790
322 19
401 664
293 1055
1004 805
762 255
974 327
1040 252
215 118
785 289
700 290
61 985
809 1003
1078 698
1127 723
1135 204
486 555
468 75
519 715
423 1114
140 1073
137 133
500 266
190 770
781 405
1094 987
674 679
817 172
394 712
959 72
819 665
584 831
12 802
60 1095
667 103
104 401
415 1176
272 46
783 437
745 822
259 401
669 307
489 115
1042 976
740 420
650 928
648 933
572 624
356 1025
67 179
809 817
195 49
768 156
1 186
212 430
363 215
826 655
527 327
1134 458
1024 442
801 1121
735 25
147 587
464 349
830 120
75 1120
512 979
117 434
1161 701
828 461
538 998
1160 1011
743 399
426 674
43 1182
733 1172
1124 958
597 218
905 343
469 382
394 1014
237 709
861 660
389 716
63 1103
535 638
433 768
729 1083
1001 115
920 40
834 1015
1005 731
1033 1181
1140 716
647 525
951 640
803 254
1079 133
442 841
860 235
814 355
245 480
1081 311
895 190
275 432
619 163
1091 36
325 946
1017 534
1110 554
975 902
641 564
1133 351
39 937
892 391
831 549
593 152
918 334
398 606
256 732
809 757
1023 1007
409 297
30 560
661 462
1076 185
1138 479
37 756
243 608
652 7
903 11
128 194
825 670
941 1111
423 797
302 795
316 621
493 427
992 479
477 795
56 874
457 287
903 170
442 44
931 490
590 1029
108 429
645 452
719 575
485 17
56 142
751 703
715 598
314 785
58 398
982 409
1082 529
994 402
328 702
650 97
303 852
903 55
829 114
470 846
1080 859
32 174
665 399
191 327
818 325
542 75
898 842
492 904
613 832
598 199
288 127
697 514
94 1097
350 690
249 575
736 840
238 575
168 430
35 959
241 244
416 1196
839 43
703 195
1187 263
823 354
143 850
375 1005
480 590
952 1104
129 116
163 750
867 63
485 1171
1193 114
105 244
24 1174
112 1161
682 719
1152 1055
591 77
355 624
43 43
725 164
388 71
1073 779
993 671
620 110
1114 308
1110 286
155 1173
1193 104
710 767
402 480
415 780
938 117
1145 73
302 1139
248 499
101 522
1087 917
1144 1093
1097 936
541 808
195 102
705 599
1063 689
813 919
94 748
648 852
296 1170
1184 928
849 363
831 778
731 497
573 130
989 69
587 758
1125 405
973 607
1174 415
20 761
592 749
241 362
1169 116
351 965
677 194
966 1096
573 1054
386 187
271 769
558 414
1130 270
540 725
277 801
645 1059
171 86
227 134
158 507
956 990
934 538
850 1106
20 897
165 1179
1145 912
587 615
529 886
473 568
774 1188
359 320
1020 766
642 7
21 437
259 341
1114 322
1094 372
1009 694
665 1058
1131 592
341 33
322 907
274 144
872 975
495 404
1086 580
665 713
371 81
953 326
782 591
868 494
903 983
130 1123
1073 839
906 776
739 1
278 749
198 683
1020 346
947 22
485 1167
935 777
115 119
1142 902
1070 909
1079 78
1006 483
274 363
1173 609
614 560
1088 711
92 1049
26 1120
247 706
969 888
629 583
467 954
872 577
1104 1078
620 413
378 603
915 769
974 1065
352 1022
584 1096
1071 848
716 1028
1075 611
584 710
656 213
466 227
1166 428
53 762
308 1057
1145 10
906 194
347 700
409 81
707 62
131 678
1108 58
411 1036
467 810
150 426
1145 910
361 755
340 640
53 682
542 1077
785 478
1085 889
216 288
328 223
550 947
681 895
455 1175
772 1186
706 654
766 1040
1036 174
651 829
1122 463
479 1176
988 562
920 999
620 688
858 415
876 436
713 1049
866 230
1200 716
916 674
933 564
52 1128
973 49
1198 1002
1066 869
975 756
488 949
815 953
124 1093
975 529
563 1061
109 747
836 29
448 616
842 1133
1027 376
170 1052
507 1076
860 1002
642 177
432 515
261 507
324 541
1066 934
68 321
904 1038
91 902
1131 217
510 1199
1139 475
138 1199
820 369
719 501
140 954
742 791
999 127
599 425
819 376
404 223
651 744
910 144
429 837
453 1171
897 428
711 1067
935 28
1022 278
925 929
50 1002
578 437
436 720
1033 1054
464 977
118 1075
431 403
606 1162
571 364
1115 87
462 881
222 479
1121 488
959 690
221 822
147 1158
597 579
95 221
835 8
671 900
241 1045
1054 792
585 752
973 1141
204 931
635 698
289 470
908 647
174 329
52 84
318 1139
385 956
987 591
41 464
104 1004
121 110
300 988
208 703
632 368
1075 107
1184 388
714 1028
810 325
111 763
431 516
971 881
275 1138
223 293
343 727
686 267
784 992
846 212
665 353
303 1044
260 262
91 1160
825 781
332 986
856 341
1189 1043
753 577
686 1122
873 1092
444 217
617 474
921 251
604 154
1119 881
780 349
570 837
112 6
1054 945
553 70
1139 985
1147 1105
1093 795
320 505
778 703
99 706
336 203
847 33
894 992
512 249
1174 102
518 284
1173 62
76 121
766 1052
649 808
116 979
707 843
927 1142
762 301
942 1
1098 1050
901 94
222 887
219 1040
611 972
499 84
870 426
1016 792
1122 70
11 164
1197 477
553 140
493 1129
216 63
729 1010
1197 7
1085 258
1142 126
1192 716
180 846
550 41
1000 657
372 102
313 197
1137 123
308 1143
11 400
1065 479
416 912
228 912
1136 831
178 1077
1027 572
184 943
114 1159
690 898
569 1129
1154 509
855 1160
83 98
864 543
558 177
270 827
345 781
706 221
791 1165
163 567
482 812
649 749
1098 42
119 730
533 718
64 459
1095 602
586 215
196 604
479 1167
1078 644
350 340
569 434
953 507
365 158
864 1147
728 388
476 1065
766 160
80 826
955 10
799 14
465 228
886 632
90 407
249 656
1002 961
162 283
364 972
886 503
1067 959
1010 1191
295 1102
209 257
1032 624
752 1123
622 203
1013 401
523 593
29 275
882 888
257 877
1017 108
73 653
754 395
570 90
884 994
762 14
232 331
794 964
1121 542
326 1109
949 828
610 554
1171 433
451 1133
1093 15
999 373
145 82
1053 203
1 131
575 1116
1114 152
486 1096
455 1158
45 508
554 66
1076 867
530 1196
469 703
788 267
1188 926
828 614
891 636
925 706
131 1012
530 321
168 1035
981 562
929 430
848 264
757 427
697 380
318 49
8 893
830 778
225 954
14 676
535 1155
742 73
200 725
20 287
635 636
47 772
998 813
558 535
458 639
638 218
250 50
1023 938
814 51
120 34
508 115
1168 594
523 633
595 556
689 114
149 208
74 440
434 536
1014 579
743 769
350 31
321 509
471 12
505 500
840 1180
329 878
1129 445
931 1065
900 572
163 491
763 353
695 659
72 1071
1054 116
547 605
290 1182
695 858
712 1099
165 604
947 104
1197 1049
865 234
465 644
930 518
130 642
1189 1183
724 970
495 408
148 991
365 115
858 290
546 874
702 416
736 72
966 535
496 781
438 724
361 614
716 946
544 843
870 618
1169 485
883 1049
1048 1115
276 277
304 925
673 669
329 182
124 748
547 469
839 895
578 561
144 768
357 830
930 555
1102 1089
964 1162
933 333
953 142
1007 716
600 231
190 287
197 1130
49 559
255 504
1200 140
34 955
108 644
484 613
280 375
949 858
4 411
289 699
816 1132
1119 744
255 779
349 718
182 227
122 317
507 584
679 370
681 232
654 150
1102 1145
539 355
449 922
680 760
1034 827
855 1060
114 375
517 893
213 454
268 685
805 673
742 394
669 1129
65 1103
470 776
66 169
376 73
1189 755
76 971
695 637
452 783
1039 325
453 1175
386 229
570 797
692 1070
154 860
96 1122
113 855
984 1119
382 1041
332 3
245 765
99 938
776 827
964 605
588 480
91 618
254 537
315 892
351 904
16 138
293 959
644 1197
437 919
432 10
360 161
526 1186
70 1032
672 817
232 565
46 1163
272 342
1185 1136
682 14
260 774
44 306
88 1027
421 1072
81 630
9 376
705 1176
918 1170
877 133
1003 359
484 971
1185 1146
70 121
911 323
820 567
636 149
418 861
385 319
155 195
598 1120
675 672
994 510
1084 1114
271 208
772 1055
1067 244
256 740
1119 645
1100 877
847 875
847 449
331 25
612 325
694 546
759 143
939 553
192 465
1063 137
1107 733
352 1187
565 756
204 297
644 681
302 390
877 737
337 127
664 246
713 1087
1000 369
898 1196
901 168
85 930
265 479
506 681
610 1053
624 1128
525 994
1163 1015
198 795
977 979
387 1119
59 283
1105 881
735 836
463 229
1140 280
1128 408
876 450
790 1067
801 322
586 14
374 904
237 457
432 13
510 1085
706 590
185 310
851 662
851 290
290 1183
747 302
593 676
931 889
784 1034
783 328
510 458
126 559
12 909
166 769
526 96
355 444
978 122
106 988
36 663
744 1072
971 48
1109 829
685 1167
903 314
463 294
337 856
1199 489
1053 778
431 1006
619 628
185 725
474 11
972 4
365 1161
916 840
858 536
749 637
732 19
292 1010
206 1092
1040 954
526 236
441 1098
787 1151
982 163
608 528
129 641
324 1200
4 362
31 906
1085 810
129 1069
3 1079
208 64
684 691
1123 745
151 570
690 280
408 433
107 1034
279 337
441 579
337 392
1082 629
218 903
117 497
623 942
656 572
470 827
1135 798
902 369
303 510
643 7
849 1048
1140 247
187 695
421 853
959 210
866 983
66 832
115 678
61 372
538 86
900 771
1151 919
1146 136
111 514
1079 277
285 507
459 129
648 385
621 719
912 81
1043 414
624 277
699 89
351 839
1141 856
370 1102
1055 632
721 617
804 991
416 42
244 573
833 586
977 926
414 488
1081 750
1151 869
863 164
908 835
374 615
1140 518
277 1138
102 27
163 768
426 681
717 504
592 62
328 580
295 33
871 489
177 1072
878 57
323 260
197 795
224 892
661 161
198 944
780 1145
931 755
1092 534
1197 1034
364 349
1038 75
501 1027
1162 687
86 1074
552 282
945 327
1143 571
728 440
1171 654
9 959
1022 558
922 318
945 735
254 448
409 1039
1108 465
437 992
273 717
270 842
92 547
1008 59
107 833
855 608
1030 84
426 217
727 131
1140 856
920 463
257 934
394 1151
465 1155
301 1129
1188 243
858 923
817 266
82 465
601 398
516 567
298 949
466 439
856 352
486 221
883 446
715 5
506 634
23 0
831 395
670 196
959 193
781 1
1188 237
712 177
606 940
266 782
406 247
680 347
853 1088
83 769
724 265
942 204
793 244
423 356
928 200
1039 100
689 728
755 780
213 133
559 1135
20 8
231 1166
595 95
46 154
994 710
689 748
989 71
563 546
187 1149
373 1015
207 1178
1110 652
728 749
887 1067
39 204
156 571
219 824
672 432
1168 307
1097 357
1075 676
835 235
919 949
403 481
686 80
646 148
604 280
814 80
478 699
912 983
647 1042
1120 985
786 98
371 549
497 1064
1082 897
1018 703
759 481
285 437
991 846
243 1124
984 537
588 536
285 993
510 59
324 969
568 860
152 1128
242 762
993 1129
721 252
1017 56
1053 577
311 302
434 408
172 966
73 1132
609 699
210 359
155 1099
1099 505
847 303
531 57
815 1088
826 632
266 0
926 617
571 365
42 757
744 112
142 15
99 920
786 560
1186 59
256 514
117 306
630 675
550 252
994 11
513 416
394 29
1184 363
170 591
949 1048
953 324
13 508
227 112
864 974
836 538
415 930
1178 3
250 155
895 906
891 1200
515 55
451 845
369 420
234 529
289 1083
713 220
239 1074
867 633
975 512
1014 506
1056 870
454 136
470 46
66 794
1055 754
170 1100
508 842
713 7
384 470
1095 527
810 487
1170 898
698 287
207 454
512 906
653 584
869 545
401 612
87 761
1068 800
176 1019
180 931
236 136
1134 851
193 157
525 111
757 1184
97 938
163 928
1031 318
527 119
1005 922
732 510
1167 353
1166 779
899 853
840 918
979 931
592 387
81 87
862 541
5 1013
5 385
346 436
317 1006
609 531
511 512
796 497
552 1072
456 751
502 336
489 275
683 196
184 1053
70 1110
244 1135
357 660
359 389
1051 1047
1128 517
1072 132
206 981
900 427
962 802
942 988
783 2
875 776
518 550
630 946
1040 1166
571 148
747 775
27 866
817 498
708 1098
135 129
39 1088
1132 614
724 120
908 907
259 455
1138 105
538 1018
921 608
988 693
870 1188
738 915
248 774
594 417
99 899
953 166
129 24
958 825
801 498
430 57
193 509
278 1175
139 209
17 1026
1131 375
178 37
15 422
158 68
852 175
207 39
341 297
1015 855
299 45
912 228
1125 232
1139 716
774 944
313 426
417 662
844 533
660 497
1188 111
848 681
460 773
822 500
5 483
1053 551
1119 88
639 684
969 630
1086 547
911 446
683 495
489 880
423 865
708 257
315 585
120 937
620 710
42 231
1106 312
581 37
123 776
490 154
612 23
652 612
519 948
106 45
948 322
502 138
560 168
383 445
14 29
915 211
400 132
368 738
999 727
724 595
1056 188
195 234
363 479
930 159
526 397
690 541
490 637
946 376
1046 579
909 691
857 967
988 350
674 524
1137 1140
1104 790
1056 655
275 1086
993 95
227 1025
1054 805
362 217
940 346
663 381
169 534
166 1039
391 657
427 321
494 543
259 1055
789 73
893 514
534 708
422 740
190 236
536 283
1089 169
769 345
47 892
252 312
1051 1099
271 1167
655 1100
876 492
869 605
480 190
850 189
227 616
81 1072
228 1075
780 1099
1111 71
882 469
333 686
664 53
1161 414
688 585
148 505
161 437
312 150
823 1185
862 522
188 1130
748 827
1193 639
1148 1080
1003 299
1018 805
197 717
1116 882
33 84
227 293
54 1191
605 36
1164 1112
913 314
459 801
461 815
519 930
318 1153
443 448
338 569
316 367
1020 767
543 662
162 1037
166 298
317 597
1137 332
244 589
701 442
181 678
711 888
1196 975
108 176
372 336
635 482
711 194
32 196
1187 792
945 289
602 1145
548 1077
613 349
3 707
1189 35
313 1163
60 560
1190 842
415 40
988 27
495 94
792 35
727 544
447 500
301 512
163 959
923 574
866 562
486 685
154 972
1198 698
527 792
529 757
961 980
583 288
1098 770
555 639
557 335
36 867
519 531
812 691
1180 124
423 816
26 206
1143 504
1054 1114
6 988
869 1092
978 284
924 513
1022 949
47 884
121 48
103 726
880 863
736 1080
642 776
484 332
685 497
707 1086
749 1128
442 392
641 478
632 821
966 1122
727 348
405 662
566 851
826 752
524 464
987 350
1166 1075
748 51
536 991
1175 515
367 435
683 421
967 980
915 411
444 246
267 1098
948 6
502 605
1063 886
1053 1146
718 306
74 524
54 166
592 30
892 203
1193 801
256 628
407 986
604 671
1146 347
186 1130
584 272
319 736
557 654
545 241
1085 166
556 819
1107 640
548 97
987 611
64 127
255 208
749 759
763 657
916 100
106 436
1062 244
508 467
702 1197
1117 335
1138 392
1073 1101
535 776
378 1083
78 594
544 1087
81 157
853 1117
619 491
391 1096
810 911
1054 142
843 568
155 433
599 369
440 1063
289 595
1055 759
715 68
782 378
879 737
307 127
788 569
1108 950
432 524
131 111
642 994
112 478
941 55
1053 16
1134 904
348 588
1049 901
1045 246
833 593
262 688
809 1113
659 132
925 715
692 893
524 301
175 763
500 952
505 1138
74 944
181 559
777 1072
169 164
1031 212
64 703
776 567
278 666
188 510
744 22
1187 659
71 445
969 53
862 297
451 1168
798 617
364 810
645 68
601 497
658 528
1097 679
739 799
1134 345
1075 871
486 811
821 601
318 985
1117 909
1126 553
604 961
340 481
1103 317
1048 1034
693 1125
933 1197
237 1048
964 400
1012 1070
193 13
494 12
1196 165
648 700
475 353
314 1066
400 711
596 1112
49 11
870 155
593 295
750 636
81 193
1007 388
403 1002
1070 776
846 934
648 994
800 56
962 840
283 835
1142 894
1161 38
485 738
797 160
206 796
1062 761
660 729
212 545
63 1176
239 643
484 1006
1012 187
286 956
710 997
197 1145
87 113
1013 98
927 637
253 164
205 469
858 926
537 1095
783 1017
534 1013
1022 377
1138 334
582 116
100 768
1070 816
1195 410
926 154
936 1083
699 746
881 1181
52 214
650 540
865 1072
313 55
32 938
970 1171
405 594
274 209
346 485
469 512
925 913
972 341
672 410
458 421
941 1119
976 243
31 921
796 1014
951 858
1194 471
1018 1164
743 673
132 793
565 964
1186 589
295 169
721 921
32 410
424 938
445 155
1158 1118
528 241
377 16
1057 507
250 577
752 573
589 345
488 639
1194 621
882 615
265 788
399 661
872 895
674 52
107 677
1104 1136
799 830
903 361
777 152
582 547
925 437
43 1045
583 801
51 1013
606 1120
785 577
706 302
908 733
425 724
867 163
938 144
688 304
585 618
179 248
313 257
971 1126
242 991
664 1194
894 752
623 476
135 829
93 942
744 864
369 261
493 128
687 434
75 595
576 1077
252 851
48 266
180 612
541 26
893 1007
11 858
805 522
765 599
966 920
19 402
642 250
89 340
95 515
324 1136
1064 342
756 904
1 1179
652 926
648 405
719 455
235 425
661 1193
151 854
818 858
241 575
44 9
581 573
1147 343
157 369
149 266
543 144
678 1075
1195 205
234 958
388 1065
612 339
1149 1061
919 290
749 259
67 239
589 498
1061 512
143 164
829 421
595 138
14 832
806 1070
872 1103
179 236
294 642
674 350
195 1078
63 455
398 655
722 779
463 652
579 960
73 599
742 105
283 1194
509 646
886 1076
1076 164
1056 235
821 840
481 536
187 22
901 1032
784 42
631 840
1141 73
600 1117
766 597
199 15
324 228
1005 169
987 234
491 303
477 104
207 1095
1078 50
890 521
1094 1101
736 443
1118 972
929 690
818 461
61 621
256 721
65 102
993 756
914 1163
276 78
1028 142
1041 641
801 776
1084 771
455 827
398 1030
188 247
873 586
828 901
820 968
191 587
140 309
275 881
736 93
19 467
212 998
486 969
421 713
1144 338
710 595
634 216
456 769
31 543
1054 797
925 746
212 130
808 378
8 820
410 835
651 278
883 1046
542 767
680 1078
537 798
708 434
77 1091
1115 78
534 1143
714 498
48 691
919 1106
469 446
850 1112
59 924
327 277
832 697
687 186
1165 453
1014 300
464 1013
934 74
653 154
223 298
519 208
947 35
1087 194
1184 115
735 298
802 785
401 248
612 720
494 110
1174 764
1164 201
56 422
467 576
618 1107
287 262
636 1135
326 396
213 418
343 330
1066 945
115 504
216 118
237 921
883 15
17 521
792 962
982 812
764 1134
67 882
365 598
550 533
924 402
862 770
981 27
263 509
236 502
875 65
304 505
19 91
245 793
225 721
96 712
303 795
1176 350
562 1000
1039 185
21 765
953 425
490 540
164 950
318 1184
490 1161
172 61
504 1082
488 1182
739 232
597 869
197 408
1150 1110
1060 463
122 403
480 1111
1151 803
4 72
232 187
158 734
1066 702
1051 254
1192 1055
710 947
728 257
491 261
227 101
210 9
1077 229
79 426
563 603
412 134
102 952
858 731
445 55
289 1049
876 1112
73 1150
604 317
1132 97
74 40
281 102
437 1130
21 647
357 292
560 934
954 826
713 482
8 896
1094 802
1075 917
321 1074
615 358
347 681
335 624
350 651
599 146
764 592
392 683
387 881
752 703
752 861
92 1180
291 949
871 1096
684 1059
365 177
995 484
539 592
1156 1034
524 1117
195 1112
53 494
772 567
854 714
1042 566
917 521
779 1006
672 823
1131 622
570 917
159 886
706 19
60 478
891 772
1141 79
1102 943
737 675
884 769
153 1130
801 666
562 937
197 268
476 748
976 483
408 33
154 151
484 883
393 627
1130 256
255 838
293 393
260 647
1084 1143
1187 698
1011 270
616 880
52 413
241 1048
505 1022
1082 427
98 1134
765 171
290 983
820 203
130 1046
786 966
160 910
1085 1131
567 21
1078 201
700 182
1161 708
230 105
1089 417
943 973
1085 902
1017 523
244 354
398 52
19 153
126 645
740 1183
569 762
1190 1196
688 481
626 225
653 821
416 182
235 14
805 546
890 1176
674 161
390 629
883 330
897 120
341 323
1037 812
269 587
169 246
1121 896
892 1094
971 906
1113 662
1100 489
437 390
281 1111
1194 179
899 551
816 1145
1100 116
983 1018
554 349
617 1146
787 540
209 882
366 614
358 740
610 877
690 259
844 759
1171 353
442 981
798 142
1137 829
1043 121
325 1033
453 300
77 1050
905 787
29 460
1046 354
609 461
421 565
1037 830
964 1100
199 906
378 1049
349 1103
482 578
1200 951
631 124
56 602
590 1083
808 882
197 1030
673 91
1123 739
285 726
1184 1107
61 472
80 129
870 184
337 1005
1059 263
342 745
33 238
152 1078
12 587
1189 286
458 1150
949 437
399 913
1169 79
13 302
1018 874
193 432
221 1141
1075 484
685 826
545 594
1105 1200
694 941
787 175
86 556
1079 437
823 1141
108 882
145 1109
536 376
56 59
1195 866
651 251
901 1149
698 102
27 318
969 330
247 851
850 516
558 908
780 11
227 867
1136 983
1062 840
185 1160
534 319
162 1013
725 819
139 803
429 364
262 378
489 328
1037 829
1109 1042
108 394
850 874
456 158
706 547
605 735
695 559
1074 443
383 119
762 1197
357 902
926 758
1115 1121
790 1160
710 1140
216 765
1157 539
590 765
1153 59
947 1183
588 475
475 1064
112 462
931 783
164 508
506 642
1138 550
379 1078
559 158
132 489
607 65
850 952
759 9
1013 375
1187 233
1042 510
918 1197
246 396
1040 101
866 386
317 1026
246 320
1056 495
1137 1084
518 282
64 89
676 383
501 652
1112 835
134 566
570 129
95 839
693 621
425 781
202 820
183 1174
1190 81
1131 933
855 15
679 674
8 1169
1184 904
615 709
425 630
526 93
5 1004
631 202
1079 946
980 295
724 1064
345 909
829 1072
797 825
1127 455
824 552
1134 781
860 302
864 557
40 359
1012 697
756 712
393 1146
364 317
550 1002
886 27
264 1002
369 192
781 1044
127 912
208 168
1073 545
1148 655
986 471
46 144
600 311
404 142
247 916
673 707
801 74
911 584
481 347
335 903
529 835
313 1134
565 160
730 27
941 49
944 351
535 1089
156 661
843 459
980 937
1053 380
643 946
8 603
1194 946
69 1069
746 322
273 514
736 747
187 927
419 756
609 881
1040 14
865 866
612 1099
716 841
1122 405
1052 1176
1087 178
979 674
790 1185
359 1073
920 1189
836 484
991 781
298 416
927 201
898 708
47 473
1037 342
229 714
583 773
1170 261
100 487
192 892
797 364
207 1058
843 743
990 758
1125 647
306 942
42 22
555 358
1014 200
1054 859
1075 150
592 1010
379 316
473 677
982 2
598 180
602 623
812 774
253 100
40 927
1090 524
87 814
768 80
130 626
992 66
1154 871
1027 402
116 391
599 895
374 147
1060 905
305 278
929 1061
478 651
575 655
568 1078
229 386
168 899
301 106
889 36
520 367
548 917
251 226
1131 204
445 185
695 368
984 1112
371 150
456 408
163 758
1001 176
480 448
570 287
1102 127
861 435
505 1093
550 1047
209 767
890 168
945 257
560 1150
989 426
984 138
219 647
959 634
320 428
781 1063
348 529
210 33
559 97
851 1107
580 334
1135 900
859 80
1045 160
1148 745
524 1023
24 1179
69 832
531 1171
40 280
112 852
977 952
677 135
54 846
668 1019
497 59
686 748
1022 534
585 822
803 710
973 233
705 467
1064 210
46 398
795 197
202 494
970 1004
294 684
959 753
939 262
334 118
217 762
811 778
90 170
258 1039
538 152
6 466
188 97
723 1150
538 217
639 212
1027 338
554 84
852 775
54 441
779 333
653 800
887 1094
35 693
377 750
1193 194
530 1118
425 726
304 408
853 1174
385 818
190 1116
587 333
789 1118
535 419
873 517
991 866
552 959
668 954
1172 516
155 660
870 3
1054 154
234 715
705 656
1042 20
265 8
349 1066
702 670
346 464
737 1154
707 764
241 994
1195 194
73 1158
268 983
863 528
238 669
1029 977
795 359
497 45
378 628
364 111
1145 1129
292 720
243 992
799 1181
221 818
401 622
697 100
1059 745
390 217
350 296
1117 1017
598 1022
283 299
979 166
787 728
21 1155
226 134
607 1125
941 731
721 1103
876 1126
327 733
35 371
865 601
473 516
977 936
1193 585
820 141
833 707
139 1156
123 490
960 525
391 981
301 117
202 1152
132 1123
1197 398
624 968
239 42
45 948
722 111
266 529
1111 704
567 395
57 570
769 520
629 185
484 1110
759 969
154 152
1050 146
1072 389
828 242
811 136
1026 1158
1092 262
603 946
756 104
892 802
528 214
848 418
813 736
1099 167
931 502
12 867
911 97
582 799
3 450
152 949
687 1196
104 21
281 297
992 81
145 308
742 67
1035 797
1132 121
792 192
870 1091
600 893
1127 389
630 583
789 991
619 768
23 917
846 621
1085 689
305 553
5 214
275 1108
1056 1100
378 996
637 976
1187 1008
1060 86
360 182
454 715
102 280
1120 820
684 110
341 321
475 593
253 105
593 565
250 844
192 456
1184 938
760 648
211 231
79 1103
394 507
1127 1124
1004 1150
921 509
961 739
406 198
141 49
259 516
876 308
941 1010
1145 266
835 1090
1157 516
1196 727
352 1160
772 382
581 207
1026 187
505 748
455 20
95 408
861 1161
716 733
605 822
548 45
414 300
482 1158
186 1143
695 359
301 110
251 889
381 767
527 789
927 1026
1001 674
1035 522
968 530
232 105
194 417
873 1118
966 548
759 899
288 556
68 539
1104 781
1183 621
431 530
490 38
154 118
898 561
608 458
1138 968
1124 128
586 551
251 1135
577 289
635 902
1181 579
719 418
814 455
1054 0
847 441
940 256
944 472
62 830
256 330
1118 466
660 310
942 338
234 1075
58 456
1143 936
190 219
800 141
50 620
815 774
557 141
600 454
330 330
764 192
833 556
554 1083
907 408
407 832
522 121
420 951
1124 528
69 12
695 305
429 131
327 18
707 1119
61 455
679 549
645 768
251 266
934 403
543 834
493 131
352 435
979 1023
1158 173
943 711
292 509
954 1003
975 1182
466 368
950 286
1080 688
41 1171
53 59
869 666
424 677
26 230
212 59
915 768
917 29
1031 334
345 907
193 162
1112 193
1059 694
363 1156
397 1084
169 7
98 284
788 1158
771 1013
201 27
412 857
541 990
366 538
1094 939
358 1023
765 470
1148 428
511 1171
658 920
815 375
807 992
1132 2
141 745
134 131
973 128
876 1135
5 518
879 2
674 743
1096 253
402 275
189 962
931 1141
181 335
965 142
370 475
244 394
573 63
280 719
433 879
152 773
560 118
894 513
1131 510
186 900
713 698
453 286
139 106
519 1164
805 567
599 672
556 1094
73 946
12 803
852 425
461 94
454 342
821 118
1118 675
895 478
1054 601
596 203
416 783
508 587
683 869
333 716
730 240
1066 1138
128 863
239 453
1172 249
461 806
941 857
862 751
900 999
993 1056
810 72
1160 235
231 920
293 211
125 855
467 903
863 196
902 557
948 790
295 899
779 997
798 341
425 261
936 418
711 864
529 772
649 26
229 770
150 266
358 454
250 585
83 277
793 1130
906 1082
1160 97
822 827
50 638
817 1016
853 91
1107 36
545 1082
760 4
899 755
422 998
42 1155
22 829
293 582
1161 194
841 307
322 251
601 284
52 665
123 594
24 987
926 419
2 815
521 672
440 114
945 428
588 526
776 946
481 51
177 1107
304 824
205 908
910 916
846 84
45 757
880 1104
594 777
102 61
846 207
1086 177
336 1002
1122 176
652 74
618 1087
848 707
579 773
879 665
426 612
663 974
166 1188
810 124
493 252
1118 753
572 136
716 200
973 594
507 814
743 337
55 1051
373 1078
384 2
820 455
504 239
1043 978
507 151
39 34
682 622
653 371
606 682
899 837
522 896
860 225
191 407
690 201
469 737
280 990
430 1170
785 10
827 789
73 825
748 98
536 981
159 501
939 682
638 366
1134 627
913 1185
685 404
219 282
126 371
124 641
523 285
379 699
784 1068
1151 848
896 463
735 295
784 775
539 581
1036 1158
439 356
240 957
476 507
1160 251
955 850
459 1
446 482
1024 42
535 997
996 545
18 971
953 1172
490 622
507 1019
302 61
371 19
916 929
1090 372
1096 601
1155 591
684 588
415 761
183 151
847 1082
1091 1131
986 228
978 343
388 207
965 484
358 307
482 274
126 750
18 1155
265 883
304 634
417 807
485 488
1151 1131
533 551
555 889
127 622
830 514
1101 477
764 1033
557 295
1164 8
95 729
908 1080
10 689
267 366
1086 634
417 401
1005 514
1047 255
891 703
1020 918
997 116
1101 154
1144 331
327 851
786 892
525 787
413 392
655 444
710 1067
377 1197
1181 694
577 649
103 753
143 647
603 482
899 299
1182 411
391 569
276 199
591 491
826 358
963 1170
205 925
383 825
111 295
1080 1109
748 505
158 774
57 419
194 64
1147 952
170 1070
490 553
1186 1135
343 351
758 498
13 640
226 125
1168 1165
247 15
922 206
714 1131
1002 940
133 491
295 91
1008 459
322 964
1123 33
358 1119
100 883
405 268
257 562
597 240
1044 350
761 278
289 679
807 552
338 999
967 1106
797 478
434 350
697 491
217 951
964 6
249 386
984 994
526 600
129 753
71 878
136 244
1124 1025
933 1051
199 253
277 236
327 1134
201 494
455 674
514 467
26 178
150 1046
596 54
496 1045
791 539
153 222
1051 831
71 1054
576 75
563 916
1064 289
972 134
968 405
380 387
312 50
1031 159
1011 846
544 984
0 663
1136 921
932 1130
1022 657
717 653
818 389
198 801
105 1134
901 720
1160 650
859 143
1103 46
295 983
624 90
347 409
857 353
387 1105
213 1143
1020 333
195 390
768 82
54 847
214 508
125 1069
833 735
434 488
962 838
1152 613
1110 620
1146 93
650 735
405 593
599 306
202 15
295 670
234 150
390 137
606 356
703 371
1102 1092
1121 123
516 953
432 196
939 743
240 537
1118 771
1105 228
749 649
775 536
615 1020
812 933
1006 148
38 659
628 1039
636 159
17 694
798 211
751 372
986 612
911 583
137 635
141 1144
1155 885
256 397
235 857
84 520
294 360
1127 600
413 286
149 94
683 0
833 737
439 117
656 239
848 815
682 1195
1020 1161
990 1191
439 41
253 452
632 469
427 993
815 372
577 1126
879 691
12 1198
1044 535
878 674
581 746
157 379
88 1068
670 200
1038 676
705 1168
338 617
1085 543
952 653
998 52
593 756
607 345
710 55
462 919
948 1138
17 275
663 477
836 968
101 1162
422 942
1022 448
893 788
352 167
561 517
884 622
105 1140
852 399
1122 1144
750 703
86 1007
327 460
53 1
982 826
773 615
508 268
171 671
1156 783
250 933
401 405
573 854
481 508
304 1190
414 968
403 713
138 504
607 496
433 249
911 220
44 699
1187 51
481 475
407 639
209 179
565 10
526 113
93 728
1176 369
521 1078
894 84
699 1064
1143 719
406 341
990 1150
1149 56
111 437
562 769
353 736
1105 397
1043 529
742 655
655 58
963 604
21 719
147 480
228 918
10 741
400 850
555 631
394 937
1155 37
339 972
44 941
553 1196
219 593
620 636
237 1102
936 130
602 1094
274 682
97 487
381 938
647 70
854 710
881 729
634 1037
101 1114
308 146
1056 303
326 22
923 806
1014 810
1155 386
188 799
383 20
898 965
958 775
409 168
669 984
380 899
122 470
992 390
691 779
1049 874
761 873
49 269
1003 35
19 604
117 475
368 328
1066 884
334 431
326 673
882 33
521 755
1159 1198
394 328
173 999
231 891
864 1108
606 284
121 841
535 258
762 639
473 1139
998 252
1188 667
863 330
1108 1035
959 513
469 1026
820 1181
228 664
650 701
781 136
742 1080
720 297
397 663
531 481
146 537
226 909
331 1077
1122 1037
64 20
152 178
219 909
372 592
665 112
584 148
1100 97
999 623
1172 101
1009 818
977 871
734 613
618 743
579 422
45 957
810 70
1137 125
879 380
1025 545
386 961
590 789
1075 1199
501 74
564 1020
443 341
144 847
11 1100
162 714
484 1025
1060 907
698 724
251 229
949 890
1192 358
1153 1003
265 832
973 698
33 612
180 453
1126 1163
297 157
401 818
518 1026
1085 589
572 27
1181 745
297 116
175 960
1198 148
487 490
749 497
500 863
192 974
1177 889
703 47
584 127
229 977
264 90
921 1184
408 516
118 389
825 843
583 520
200 1145
701 412
247 532
247 676
618 1188
340 1094
777 8
680 572
621 861
687 1096
1103 396
647 2
760 26
1194 1129
667 195
474 454
412 373
1139 261
420 1050
735 787
897 518
740 237
435 641
378 349
52 411
157 805
71 492
993 947
724 1176
1022 470
377 1120
688 1118
708 17
538 955
890 921
180 809
1121 598
1151 688
541 46
912 832
721 24
679 488
186 922
1041 940
798 851
342 985
657 997
201 481
548 475
362 226
658 716
369 838
116 750
1171 1077
312 848
289 585
320 637
285 622
873 129
634 1177
19 308
456 119
336 229
355 1138
790 1146
925 1108
165 552
908 755
1087 166
745 139
875 982
854 642
647 952
1164 1063
1072 1109
395 1178
671 153
303 195
427 921
1019 349
296 334
875 1004
889 470
483 179
538 761
208 202
383 781
860 1159
236 204
225 705
356 722
829 130
711 360
460 449
251 920
940 469
118 196
701 785
598 885
303 851
1060 631
749 629
498 146
773 935
423 1145
1130 860
709 333
892 305
1179 616
210 94
1057 775
126 74
157 532
218 755
671 1187
628 1086
998 544
710 391
107 306
1069 353
388 444
300 612
143 283
816 965
607 1073
1089 632
421 276
656 799
567 683
463 108
1042 825
1195 162
63 637
1013 871
77 89
553 153
449 879
1021 652
419 1166
37 1035
52 610
1062 472
755 916
860 541
1029 456
786 290
76 1136
854 922
534 560
666 409
1138 1090
692 772
308 1177
542 985
911 1043
572 702
923 1113
603 620
843 172
774 191
132 750
736 84
1141 540
1050 308
508 1015
48 904
912 543
409 751
1025 857
379 583
216 355
390 932
35 807
744 383
1088 621
163 217
641 480
164 66
593 1147
878 965
168 394
897 945
1136 335
153 836
493 855
1102 1038
103 552
264 185
631 938
603 463
195 17
117 1090
1069 728
921 704
440 183
206 1110
718 721
765 560
987 660
532 522
1165 237
985 506
582 885
362 756
182 490
545 595
320 280
269 1134
347 714
590 1131
344 409
768 735
880 588
983 436
1171 865
344 824
347 1018
1100 252
783 834
896 666
1155 739
236 14
426 1132
811 192
582 61
315 620
1000 745
1116 554
747 507
1116 192
623 764
1077 378
387 403
547 349
836 813
1170 731
715 829
1105 657
520 724
306 747
607 1034
625 81
1189 320
31 274
151 362
493 235
749 871
719 108
433 219
1008 306
210 147
381 1136
710 422
1164 689
1044 613
779 363
853 722
316 844
770 398
617 5
1042 816
946 846
70 686
766 1017
681 406
537 702
718 309
101 687
379 803
240 160
881 1021
877 86
141 353
782 371
669 924
900 77
613 334
832 1172
1134 719
235 590
353 1155
834 1006
1114 1056
1086 250
562 182
1159 167
160 1098
25 921
868 603
672 269
453 390
938 157
502 891
698 22
248 918
287 190
495 855
1135 573
1152 491
268 76
1122 72
720 1031
262 1060
535 624
444 652
785 340
771 674
447 979
253 35
930 262
34 678
42 1110
1191 1094
97 637
621 709
108 68
165 193
375 196
290 257
200 784
743 291
754 180
374 1098
656 547
285 552
331 865
1159 119
538 792
387 325
259 747
381 234
505 658
591 272
1060 742
604 833
369 64
1176 141
654 432
885 810
520 628
75 1138
834 206
600 579
494 916
1029 1111
359 743
169 588
1021 315
1120 885
656 418
62 594
336 296
844 922
299 251
439 1002
279 1162
783 364
475 682
847 626
651 1114
629 478
195 810
973 1135
916 1054
861 410
386 997
311 135
16 830
496 772
778 756
1145 601
394 981
34 1015
660 18
677 418
940 259
247 51
1054 706
175 847
216 140
1196 594
1127 349
1171 76
1189 902
632 309
18 148
413 214
1106 347
922 50
908 296
784 289
971 36
163 755
747 691
580 227
741 693
477 858
742 696
289 43
905 732
593 68
594 135
416 90
831 1107
198 668
778 928
756 1140
537 274
1005 554
456 913
506 248
461 402
222 297
763 1149
1097 935
978 927
856 342
457 509
323 1122
665 242
146 955
171 41
288 1128
1030 1113
199 534
1001 741
1181 740
1049 815
925 461
948 828
532 621
229 140
87 518
158 255
269 48
1166 418
682 469
819 914
545 967
286 352
815 1178
220 834
690 976
173 783
963 876
1184 358
992 565
948 1167
1126 430
831 124
660 1067
467 914
836 54
755 930
1088 174
850 1056
282 134
362 1066
395 345
421 71
843 1014
1070 26
781 725
167 635
983 830
731 10
163 778
1147 837
961 5
1003 1089
563 200
49 769
1083 727
110 108
435 142
784 27
24 674
86 136
315 552
880 680
567 1192
232 161
266 1185
364 225
1141 658
284 981
547 732
526 721
1139 240
606 755
80 1097
1162 658
11 108
774 524
278 170
1102 298
841 301
1084 216
681 380
276 1000
776 268
74 98
75 770
979 486
103 989
914 701
136 574
879 505
740 876
408 531
1076 584
537 992
346 1173
711 48
337 1007
980 360
946 214
279 616
902 992
705 447
107 56
186 1064
737 391
522 0
764 476
127 472
1051 595
89 287
658 496
457 1103
767 234
1052 204
237 731
657 423
873 870
128 148
442 520
315 1094
754 704
523 43
245 808
146 648
946 112
1003 147
657 893
235 239
1011 460
343 1098
903 1162
197 706
765 540
708 915
198 271
506 871
341 581
348 414
1099 225
738 1095
802 830
468 723
776 1025
650 691
0 35
596 1050
345 537
178 918
1016 752
1114 454
954 904
932 395
1066 222
156 895
542 145
122 140
563 172
752 736
92 320
886 1067
70 190
778 1183
743 813
108 658
1059 67
20 697
865 555
1056 1200
942 1189
804 1134
131 393
875 736
27 126
414 1010
579 890
528 1148
760 106
231 622
1164 917
971 429
755 987
514 12
15 281
1001 134
805 898
25 655
1006 724
175 580
497 107
551 882
965 971
975 779
323 239
404 412
444 1041
140 775
575 738
297 97
967 927
310 642
272 954
1153 675
966 698
799 827
348 801
59 1174
577 331
1095 258
631 66
979 705
1030 158
739 329
1049 687
725 203
1069 249
385 136
326 248
1042 979
1190 714
680 1071
613 952
843 838
573 544
1151 1023
820 820
69 230
703 271
628 1120
1035 1034
947 1177
313 918
257 1048
295 88
72 649
256 527
360 1127
30 325
172 836
441 60
713 865
840 942
477 336
808 639
927 43
50 1163
1076 605
27 398
493 54
809 740
234 84
478 1172
698 661
452 949
1052 879
88 172
509 501
1185 11
135 551
392 148
536 125
111 46
350 117
390 1114
265 951
115 243
386 1029
510 443
719 300
475 950
712 307
1074 602
501 837
714 835
990 786
1124 1173
524 571
56 290
402 1050
54 783
776 75
331 850
1077 291
409 1006
235 823
349 889
1054 427
709 578
387 804
779 956
650 1108
971 422
1030 1125
862 155
980 503
255 40
1026 782
742 673
97 1190
125 162
871 298
329 190
826 25
253 444
845 303
479 857
184 3
223 777
1052 700
767 128
126 320
932 432
1091 812
841 260
1112 1090
971 903
537 1007
962 152
1089 184
258 39
384 576
591 884
30 62
431 22
746 1196
231 308
778 781
330 1154
965 200
576 33
333 1049
48 538
1170 382
846 180
868 704
832 245
815 981
284 407
1024 1082
477 1007
448 279
174 198
577 1190
671 429
651 922
446 178
726 1041
334 533
1151 1075
660 1030
36 164
259 635
520 776
1002 1136
362 1096
1103 997
348 256
672 4
89 1172
811 1143
871 170
587 1020
511 1111
194 766
746 196
1020 118
650 522
814 1031
630 448
578 898
862 112
484 238
775 750
567 517
487 395
404 604
416 1176
297 1102
115 33
620 924
290 282
834 790
619 906
1087 1008
371 955
317 1185
1127 49
121 660
948 946
801 1180
559 896
868 642
195 87
619 774
925 506
223 120
764 458
31 1130
1137 841
484 860
1143 903
202 1120
428 375
561 352
468 377
577 923
1028 709
323 497
224 190
318 878
1129 500
1073 296
589 66
815 1176
437 66
205 144
515 665
948 704
1198 1071
13 948
1128 474
860 854
508 832
335 585
45 724
893 933
298 762
815 117
292 46
58 991
354 524
909 1021
1144 317
1141 204
952 1141
569 1180
170 1071
733 0
140 842
210 802
1092 314
14 1196
420 95
819 40
476 159
1073 987
702 839
58 780
398 368
321 309
1095 657
500 1112
85 240
111 599
1160 765
1185 1122
1011 579
1077 790
907 51
983 43
57 1027
326 1043
5 71
1008 698
32 534
1031 155
464 186
660 623
780 562
1098 289
659 580
127 1051
688 109
18 555
44 228
456 374
811 914
182 1080
1042 934
136 197
538 472
963 290
916 721
49 870
1146 776
483 351
494 2
298 312
299 47
1133 517
624 1131
126 787
893 863
516 1029
373 489
435 1124
863 561
365 888
556 427
531 1180
631 1033
962 510
491 1157
1006 930
681 1199
922 8
278 1058
285 61
59 516
465 95
482 627
1157 617
355 1195
159 545
388 228
543 337
749 853
894 413
1062 270
463 822
412 1012
942 156
534 630
656 675
1100 1103
793 381
387 79
1181 574
540 155
903 73
22 540
1157 1022
892 471
299 1020
150 39
271 347
509 481
487 1069
209 100
197 877
581 1151
406 797
976 282
226 762
549 463
415 23
497 880
48 772
921 208
689 286
716 706
491 306
1151 1026
63 1105
819 989
1126 484
551 527
980 1187
445 1027
691 436
429 641
392 1089
899 38
914 492
535 760
143 69
839 708
505 129
740 330
196 428
2 510
186 350
396 58
425 501
1197 876
264 816
578 746
239 37
613 374
257 1153
356 1073
1168 917
773 702
10 428
1068 217
545 568
836 967
1054 1075
850 1004
774 1046
148 681
894 582
8 87
922 369
864 394
102 926
444 172
54 623
1055 1152
902 86
1031 20
1065 937
743 486
1033 227
398 596
444 321
167 103
1099 521
876 973
661 14
1151 494
882 1080
154 300
946 777
1059 1119
42 1148
908 1120
179 805
1047 585
1192 490
278 573
12 816
495 301
150 385
815 33
761 62
599 684
291 732
369 1102
73 977
1029 316
234 765
952 133
1180 684
487 589
613 968
1027 310
788 876
420 411
440 887
544 1
360 81
1078 661
626 1165
950 1151
844 1140
1054 93
683 286
732 1139
863 1150
673 643
322 695
252 242
698 491
1106 24
169 698
464 1144
729 425
44 918
380 17
285 945
515 910
669 732
163 305
661 750
874 286
488 1069
925 81
972 615
825 1085
1173 1176
274 59
1065 718
290 293
20 35
1031 1027
65 296
26 1064
698 699
271 663
1009 70
34 687
603 1053
151 484
1198 114
562 821
536 843
1188 329
23 839
401 937
843 1163
1020 646
427 397
441 1134
244 881
822 767
244 484
354 1177
317 432
332 877
1030 1186
731 548
512 1124
649 781
804 194
481 88
959 808
743 517
199 212
292 418
673 446
184 92
364 268
771 210
1054 200
95 347
729 795
1184 109
608 691
83 1153
648 938
895 991
880 179
500 535
1036 899
251 411
857 6
1157 702
1112 742
1200 628
151 107
653 499
935 125
783 581
807 360
1047 1054
456 308
762 78
263 1002
1001 508
5 882
544 264
691 456
77 957
518 775
209 276
179 1014
1098 951
1056 670
918 10
446 112
281 210
616 1038
724 544
974 840
391 121
1001 983
204 1053
509 1109
858 97
366 333
1087 214
586 596
947 778
489 1025
1089 19
542 678
610 723
949 414
243 769
626 1070
711 1019
167 669
248 1106
284 965
94 404
18 955
412 719
456 827
724 94
953 567
289 397
253 364
846 49
1162 372
834 736
200 1014
790 219
440 62
161 556
898 1100
470 358
108 784
231 109
776 1044
930 479
812 398
87 494
861 584
102 115
720 394
354 667
1137 913
565 783
189 302
123 1090
1000 219
52 867
381 260
978 866
722 948
596 633
64 536
513 232
405 1165
234 896
1105 1170
361 543
1164 364
1027 60
570 516
1026 943
1150 556
539 195
901 732
528 675
701 717
153 101
618 363
733 1004
877 155
1192 307
421 764
189 1160
547 483
634 286
906 845
884 1177
95 236
573 850
1085 173
437 81
795 559
659 936
836 159
125 254
586 920
230 75
626 12
862 468
665 425
329 735
759 6
1182 279
159 905
882 915
835 738
1019 920
939 1017
65 616
1084 1051
50 256
711 1133
1005 286
370 1005
709 768
361 1070
735 473
6 9
262 990
41 1118
39 216
279 589
763 1077
849 168
996 1090
938 493
1094 686
225 883
759 180
980 515
206 1076
817 161
799 222
1155 105
505 1045
1115 921
933 62
555 163
1118 324
1195 68
334 952
1200 551
1129 1039
956 6
877 1032
753 1007
875 869
943 660
40 893
406 169
1141 439
273 887
766 1140
604 131
351 37
1101 129
1175 180
337 874
344 669
251 112
502 722
1176 277
382 559
883 31
420 109
425 1066
761 798
139 484
172 376
146 413
23 644
550 505
166 216
745 545
392 453
1134 998
169 212
110 665
947 1020
286 24
719 478
646 26
971 106
563 648
138 25
1126 399
1141 812
162 1004
936 263
825 994
326 1171
1103 808
32 407
1025 991
375 17
280 162
683 56
21 452
278 970
450 250
147 839
962 625
862 988
548 559
328 530
698 823
284 815
856 27
231 201
826 1018
316 331
894 939
398 907
652 403
335 665
682 544
248 435
1122 1190
1128 393
815 221
826 535
755 663
521 341
217 1199
987 879
116 1028
473 1076
554 53
283 767
281 1100
962 570
842 152
661 765
434 744
838 1043
956 680
147 421
1083 342
878 1035
263 130
497 452
364 576
1015 414
1170 919
1063 688
1168 736
613 225
442 157
718 128
158 137
314 314
243 269
137 958
523 770
56 850
841 377
648 821
237 1014
189 1075
1186 1178
975 488
151 323
516 607
680 784
916 686
681 146
958 1096
598 315
778 852
443 468
640 152
957 1178
443 582
692 863
977 14
1123 909
388 241
161 303
1006 1080
704 716
316 1200
563 180
511 159
260 369
501 1175
623 811
282 1022
585 488
571 326
141 510
847 358
659 268
1099 107
45 1000
418 277
856 307
604 841
512 825
966 623
199 936
230 1002
834 826
1115 159
897 832
407 308
432 275
930 350
377 566
305 476
411 1178
452 1194
419 786
204 239
1049 539
492 478
1099 248
433 464
201 379
807 624
227 567
270 250
1200 827
87 558
899 665
431 631
1064 983
833 16
887 1135
1021 991
369 634
419 963
1028 531
538 894
1015 1157
1024 848
365 417
646 433
1191 898
765 286
198 569
688 859
500 595
867 22
533 2
335 219
114 493
989 825
14 460
761 1152
1159 901
931 513
487 422
786 80
1072 289
1154 678
1062 880
33 756
722 125
696 98
184 737
692 77
851 631
741 452
769 808
396 323
191 571
979 11
218 776
75 553
408 715
902 998
699 1077
421 742
1175 475
204 840
625 482
328 809
561 273
963 213
163 99
743 439
692 1183
347 758
384 273
196 888
786 510
1143 885
324 581
583 179
183 823
384 844
901 436
417 1183
393 196
277 1014
232 936
220 323
236 114
687 810
341 574
1115 1007
304 1145
573 805
1090 8
973 434
363 399
812 15
1092 817
983 1120
1035 1057
189 123
405 552
834 258
26 795
1050 592
351 784
853 977
1118 615
1125 317
774 582
1023 1093
833 439
738 897
746 362
1018 921
653 893
173 984
200 19
507 451
112 61
213 470
1177 474
221 755
938 211
865 1166
516 185
742 626
350 1168
325 550
1135 361
630 65
17 963
360 591
1100 822
758 159
137 637
754 262
926 470
658 701
683 324
572 334
414 294
536 804
149 65
448 415
865 268
87 203
127 136
852 303
848 520
1073 1178
1169 553
557 274
1142 510
890 39
595 707
41 507
58 551
586 263
84 939
515 351
1070 1004
379 952
498 68
350 40
367 651
354 226
268 439
1085 524
778 332
9 230
357 217
137 82
733 1107
388 718
186 932
1094 806
450 1084
695 440
520 650
90 1038
1020 41
620 454
727 783
1106 930
529 307
861 80
844 677
445 42
1122 282
14 227
884 485
353 64
327 1169
888 242
1095 821
188 427
609 868
326 198
416 663
600 719
956 270
985 254
509 1139
79 931
235 486
297 73
176 111
422 866
748 788
884 68
492 896
1086 756
1200 643
718 421
20 1178
571 731
117 761
998 1135
120 729
357 1153
329 1169
882 528
411 1170
1143 695
627 977
813 118
1106 224
690 101
39 983
265 973
843 864
325 354
709 1184
760 522
503 881
1177 97
683 278
730 1188
973 375
243 552
875 344
779 719
855 691
410 444
140 821
947 856
687 172
122 459
601 1019
794 949
994 23
781 98
529 51
960 172
36 327
574 722
683 1107
288 1008
648 1046
786 491
263 679
1064 243
832 180
241 1005
497 668
1111 867
341 15
139 1017
809 370
961 1137
362 774
487 934
259 583
1066 803
745 424
503 636
363 1042
761 407
1190 1179
132 584
1031 249
539 769
151 522
704 131
720 1007
148 361
565 957
395 133
623 1079
1112 822
159 1144
200 642
699 793
111 822
164 164
1008 982
1195 173
684 11
538 832
611 866
391 218
531 873
699 683
1097 1094
313 1180
826 49
11 968
665 89
1009 280
794 897
667 807
117 670
943 279
91 886
707 1063
316 829
860 5
1001 136
901 299
874 583
891 442
629 798
1114 772
710 301
458 673
968 493
522 803
878 211
161 953
695 713
71 808
626 101
879 1112
33 295
593 687
574 1010
776 929
1023 62
120 1110
1148 379
938 437
443 978
929 5
68 1029
481 587
892 751
1173 1030
346 796
287 912
326 1032
1147 378
718 682
1160 482
608 160
1160 1118
410 722
330 18
919 837
824 712
844 916
87 179
1122 610
729 726
866 1043
213 1083
905 29
716 1061
369 800
779 1028
273 797
923 333
1045 511
1161 1081
1082 1018
37 722
302 436
944 220
643 480
371 837
1089 868
192 561
1110 312
828 36
523 1132
782 247
872 832
980 662
711 1013
293 854
822 1033
920 1132
1017 296
898 1072
200 1144
730 1019
341 838
42 920
863 383
197 979
1029 947
399 931
24 788
639 875
212 324
621 977
341 210
441 182
1059 42
757 234
456 1093
433 412
479 855
217 454
1045 163
343 267
1088 1088
361 215
1122 876
619 431
135 220
627 577
0 16
422 956
912 144
0 525
710 33
39 466
1064 381
225 302
179 198
879 497
472 958
1053 659
67 466
1178 315
1068 795
878 272
1121 840
337 483
339 1165
1130 945
1148 398
647 542
862 1117
341 767
1186 628
194 461
1006 640
1169 355
1118 763
792 89
521 318
570 637
529 985
218 1044
1047 288
242 1025
632 357
172 687
743 533
270 25
1164 1137
1032 262
806 15
815 600
731 611
109 108
661 776
458 1113
32 889
513 69
1199 1112
1142 615
648 303
747 1040
328 734
469 418
1103 934
889 864
787 98
77 151
698 880
541 473
750 759
652 460
616 462
532 956
916 756
490 61
517 185
453 54
808 684
403 228
454 928
338 445
1193 1176
1063 529
916 402
774 1168
30 1134
862 642
463 678
146 673
309 473
949 624
70 1011
535 876
180 400
955 1026
1084 908
1143 473
321 329
308 855
749 595
112 331
863 549
77 549
509 671
998 1030
383 609
783 789
208 355
1025 1024
36 1048
136 1093
830 110
1142 727
71 943
129 867
215 1112
148 904
417 590
803 324
880 149
787 511
979 268
884 346
472 526
666 904
998 557
1027 841
1069 478
858 1199
657 1082
625 45
39 441
966 963
747 341
827 831
628 533
1151 105
1101 254
214 724
677 407
192 1083
36 743
1145 280
645 130
122 525
1025 582
203 746
954 1142
977 91
599 492
259 345
1139 360
1127 886
803 19
938 77
815 922
21 725
764 163
302 1194
1184 98
956 173
876 500
886 591
1180 169
318 882
1106 212
567 7
1134 791
1095 399
509 543
55 1102
1114 765
259 878
25 1084
1049 385
635 634
581 246
1150 1186
204 604
632 544
998 795
349 693
1055 1183
10 262
568 120
290 187
552 829
535 486
656 412
116 428
40 1043
979 220
948 1021
288 398
1004 872
298 693
256 671
0 772
15 982
137 1171
831 55
206 903
659 661
364 681
375 547
971 248
1064 1092
544 286
70 239
996 1022
702 880
374 689
135 553
267 679
512 285
98 891
523 837
1063 1070
728 611
768 508
387 181
764 129
971 1068
946 923
1132 101
409 799
500 845
759 37
149 337
225 56
244 813
1036 360
758 865
553 439
543 387
84 1083
669 328
653 646
967 244
1004 666
247 401
701 738
303 791
30 361
160 1144
811 587
539 116
468 74
700 1172
316 923
763 646
266 378
354 143
627 878
1029 1016
340 391
911 493
261 611
717 687
1087 618
838 1136
601 24
225 1136
154 485
803 1117
378 582
256 656
660 631
347 103
949 171
1003 137
850 464
979 551
677 978
1067 901
733 115
113 737
237 647
89 616
834 441
1161 614
487 856
508 699
508 648
553 1176
140 23
733 1139
350 571
129 530
380 839
963 959
558 443
394 918
957 541
1090 873
194 1157
606 84
1005 288
1065 693
312 604
1089 514
567 1036
427 271
1097 174
314 769
889 546
1022 900
341 371
726 478
307 246
1147 716
818 765
279 218
1013 306
506 639
991 913
509 872
1130 625
913 301
1102 905
469 730
835 582
953 1019
200 238
711 219
435 119
10 1096
552 30
386 1100
23 760
190 116
931 59
280 4
1102 748
208 698
42 778
930 388
491 1049
1144 674
62 178
1026 55
260 421
1146 268
83 321
1138 396
1165 827
906 1011
635 1180
1052 219
4 443
1060 218
724 1187
307 432
251 253
576 157
1078 314
886 579
456 889
132 208
165 480
611 219
303 3
675 797
60 269
611 958
277 1189
389 965
134 1162
1104 1182
970 169
434 1058
506 281
735 779
403 1198
694 432
882 76
194 521
1131 587
166 1027
251 477
195 981
1183 44
753 1138
996 142
400 558
1006 1085
661 910
1172 1167
577 69
912 512
871 1084
1107 889
571 217
835 560
769 701
1098 49
441 841
103 269
743 1130
1129 773
301 989
699 65
879 761
796 260
644 342
60 259
601 282
911 99
1140 872
278 59
410 67
993 169
1200 545
33 1133
694 86
1077 1076
847 332
600 284
994 276
590 523
900 243
331 565
685 501
588 233
627 327
470 319
885 279
1182 658
915 95
1017 547
433 433
711 270
431 767
668 705
397 790
436 1138
751 745
821 1089
613 50
433 1064
557 621
871 324
129 216
855 160
658 487
1189 1160
1095 640
1007 434
645 331
334 620
133 1162
238 664
565 151
123 755
869 783
744 905
181 388
361 1065
1071 185
1166 520
121 196
1048 245
85 495
402 166
427 348
357 255
488 1025
37 151
64 809
888 710
1113 298
711 385
554 479
803 280
1098 483
1005 650
1076 267
1097 281
917 601
1108 654
549 782
615 70
740 97
218 80
775 1121
642 844
71 588
295 109
855 652
1013 97
281 465
713 1035
1105 190
316 487
220 525
186 59
890 668
1095 168
636 1168
444 547
765 301
308 1078
648 275
157 1187
561 52
322 681
116 514
856 308
651 1003
179 857
424 962
96 833
737 1165
743 251
119 442
559 197
1095 874
540 1108
736 1022
667 293
370 484
1151 1010
528 1159
137 672
71 1194
675 652
643 990
375 573
1184 405
530 873
958 1045
1034 29
287 169
488 68
259 84
328 640
324 260
326 675
647 3
651 1167
963 919
127 52
991 333
629 342
483 346
388 872
451 156
105 961
107 931
85 382
692 527
1094 913
375 396
749 1001
85 100
552 739
1048 437
336 687
372 779
1168 1132
906 241
45 10
455 44
245 45
927 359
794 190
365 730
777 737
824 1153
1113 42
479 709
1036 346
546 32
1195 1146
1073 814
1145 167
757 1154
666 941
635 557
709 340
1131 59
506 710
512 508
1191 626
449 934
702 69
1198 98
113 339
368 701
919 174
967 614
225 1038
38 474
472 160
789 8
79 520
595 717
53 409
203 549
1021 1168
398 0
73 274
769 500
144 150
571 705
1193 527
674 175
963 1153
1127 807
30 1107
1135 1160
1096 334
835 1087
1198 320
424 469
208 871
119 704
582 1133
111 646
734 558
915 169
15 639
956 215
514 431
157 266
1071 494
992 553
599 302
1057 821
809 46
749 702
574 567
446 973
567 296
923 710
679 220
627 585
680 292
49 34
746 402
371 1196
353 903
966 133
1118 977
1199 552
112 988
31 256
790 847
196 1026
984 785
1006 390
631 1032
401 450
254 531
484 787
318 455
166 1155
290 566
416 579
445 411
645 96
611 568
939 106
944 229
535 444
141 40
1044 1085
853 789
333 703
781 925
338 1168
720 1179
44 1069
215 829
776 569
344 322
702 358
1107 906
45 66
583 845
542 949
323 1156
738 248
580 1044
227 373
75 257
168 134
1109 651
753 198
463 318
248 423
92 108
927 61
416 909
505 264
153 632
935 402
613 896
720 1074
157 135
129 715
1176 844
490 1009
270 471
597 286
198 675
463 1129
1169 984
1004 190
247 586
406 1198
88 1087
67 520
254 668
689 79
89 978
734 1157
1160 619
861 1000
729 970
959 946
85 688
553 663
639 599
19 1128
695 799
246 60
1108 575
926 694
1146 617
742 774
211 1055
373 923
220 853
1093 532
1165 309
873 1173
2 603
321 348
583 751
342 1093
999 678
317 865
939 889
550 1073
752 672
623 66
259 1178
8 371
651 489
131 17
889 888
718 320
753 343
575 770
87 398
907 1127
60 1122
727 173
327 1023
709 992
39 629
767 289
991 410
33 949
110 55
766 846
369 964
945 931
1179 650
823 791
96 1185
457 801
458 1114
358 1163
138 369
478 736
1143 110
569 290
767 253
339 685
1088 541
627 237
715 1156
886 934
685 691
663 830
372 313
711 1071
844 656
462 489
247 638
200 1119
1140 715
89 912
904 116
951 473
1100 1082
606 22
257 1019
568 167
672 205
958 698
722 490
204 843
344 857
756 902
858 1195
577 115
549 1099
1116 650
723 572
1184 385
1142 923
1184 636
1164 824
1035 296
700 453
224 807
113 1003
200 160
654 717
716 850
603 428
548 533
11 391
659 770
379 143
367 823
539 1037
467 729
690 1129
893 773
302 149
224 580
227 355
45 574
566 1036
407 1
432 5
169 880
881 967
432 880
835 893
582 1172
212 752
38 161
983 681
1188 419
992 363
622 811
899 871
818 1052
974 326
567 228
64 500
1003 96
1117 39
347 186
181 378
630 417
647 5
1031 771
188 468
1070 927
544 1056
244 1016
693 120
352 787
421 977
340 653
943 978
194 880
656 54
193 319
1038 566
105 90
852 715
1035 1188
388 836
49 307
1193 766
724 1075
135 529
546 489
87 671
1018 582
559 553
375 469
403 896
254 34
1158 712
653 769
618 361
743 611
26 365
366 688
1193 110
534 32
669 733
949 1036
927 881
84 103
559 556
852 937
388 79
1132 510
215 896
358 485
1155 814
220 994
518 273
633 1115
1156 220
390 447
597 1185
689 386
730 80
210 960
756 373
154 973
256 619
746 984
677 6
473 475
229 651
512 956
1196 195
684 413
15 385
689 1021
982 673
723 730
456 230
196 782
31 783
1020 288
507 803
864 1035
735 416
841 1163
950 1180
904 483
762 328
447 453
639 61
736 130
469 657
195 588
586 706
480 106
811 334
36 279
124 91
258 339
406 1035
840 409
52 548
803 1086
364 817
40 736
150 66
21 176
1028 64
462 1047
577 823
99 357
1123 522
581 820
180 46
184 673
993 99
265 134
70 799
218 319
536 616
501 425
585 1018
151 1195
285 540
539 417
1140 88
1031 387
266 985
2 1135
738 427
883 186
74 879
523 911
97 1144
302 544
306 321
573 1136
627 772
1178 491
465 607
510 490
439 995
164 490
64 1149
1154 833
10 844
1143 889
113 366
191 974
376 735
1120 1136
641 335
601 1118
247 192
589 918
894 165
364 721
800 899
261 1068
53 1192
453 456
1062 1005
829 438
324 659
605 703
357 1025
824 670
371 1013
524 459
1027 1190
872 957
139 712
110 986
1088 151
86 746
153 55
705 357
55 517
752 1115
948 743
750 366
808 1165
186 632
876 1117
904 386
940 232
394 794
1195 855
498 1124
1041 380
142 353
637 753
1034 678
449 408
771 1196
32 1143
38 38
163 349
60 1033
319 157
977 112
1117 1141
36 396
1119 812
363 771
492 593
877 109
291 1182
909 497
40 753
298 768
442 1156
476 510
654 1001
527 959
691 787
765 580
852 390
533 982
120 1018
924 244
1041 109
734 443
879 1162
1081 152
426 598
744 175
782 1020
819 714
965 609
1106 1192
1120 75
831 425
169 589
713 896
1028 741
748 860
888 913
202 840
778 528
726 369
1073 137
309 565
65 1149
874 112
567 1113
134 55
514 804
43 208
974 713
1021 685
378 1021
90 493
314 980
1152 79
574 39
585 888
1169 867
166 70
1035 1101
1046 846
515 561
624 161
249 884
1185 793
78 171
241 993
630 1136
108 684
1080 696
1003 873
63 855
523 305
1076 69
1078 595
900 543
158 602
472 99
1052 53
795 434
632 239
1030 300
218 673
532 729
487 347
301 3
359 774
379 938
417 1024
468 827
590 600
156 254
238 396
378 224
467 611
1181 10
1136 211
746 332
1013 437
174 710
394 482
1094 934
834 428
847 621
72 1007
610 1006
445 114
619 261
1165 598
657 974
1069 62
362 147
1111 189
370 151
616 618
350 674
79 1085
371 714
404 428
1178 611
774 271
417 619
848 1144
703 651
988 354
127 628
405 1105
1016 1125
993 959
1020 338
1011 762
566 143
244 832
1051 867
671 1041
17 906
230 918
770 443
511 1050
599 963
54 1029
787 139
609 774
205 355
170 22
378 896
661 967
1063 669
974 668
281 700
800 265
744 365
840 999
266 331
581 504
632 428
76 332
907 1091
260 751
933 741
1003 867
69 677
999 471
313 439
20 616
816 227
1017 614
796 775
1006 934
1110 662
350 329
305 844
1187 479
302 389
109 809
813 257
106 453
745 412
1106 352
1034 542
1095 19
795 592
228 979
642 354
997 544
1081 1140
208 646
1103 793
1045 195
38 812
1089 404
931 855
1149 43
612 134
1127 223
339 696
527 403
22 400
420 604
424 943
141 858
330 688
275 784
156 38
660 447
121 148
807 880
8 386
944 120
40 1135
1103 394
1102 904
1170 846
391 1059
330 377
906 691
1072 1044
655 427
986 258
1196 577
432 236
19 840
886 569
716 415
515 67
496 472
740 1156
496 197
1108 785
297 229
247 1180
198 104
661 166
792 633
218 752
157 1046
198 248
587 1157
837 280
1050 658
724 348
1033 12
1170 931
736 1088
928 59
1039 1172
1182 229
826 297
291 517
593 645
365 514
695 1040
318 1062
506 1104
951 74
621 1068
276 484
1170 640
259 557
871 938
119 1155
240 612
485 213
571 582
1033 388
297 76
358 890
660 1014
811 881
741 734
339 680
148 483
912 186
1168 949
775 847
910 837
692 1042
245 934
799 617
940 356
281 174
904 272
995 899
524 34
382 72
124 1163
102 1140
287 686
705 1177
552 898
911 119
594 819
528 254
214 1147
676 626
1010 581
452 506
523 806
309 774
271 631
289 243
938 970
1156 461
782 92
492 280
862 703
368 1006
1128 1015
443 545
741 905
255 1186
362 1115
1055 298
749 413
873 127
1018 405
805 360
19 1192
367 29
1183 357
953 284
205 1023
739 1114
567 261
315 146
534 25
729 364
1164 583
1133 669
655 382
109 503
405 1150
16 591
13 1067
1086 356
711 720
631 549
1128 400
431 762
1132 1097
1163 354
815 87
1008 676
728 156
167 11
262 1027
790 731
639 834
664 1016
1002 642
505 388
412 477
203 66
260 998
206 386
48 162
765 327
476 814
908 295
849 415
1057 464
316 1113
1192 707
519 137
1092 337
597 909
1062 82
455 150
1118 373
874 804
902 760
307 123
513 709
652 465
425 515
345 990
602 79
299 248
385 838
15 602
1182 524
959 418
1169 816
637 1107
630 138
222 751
1141 445
847 268
1073 51
818 237
399 660
427 949
489 271
244 849
970 770
1137 39
62 26
987 880
171 837
1129 941
306 388
417 135
239 803
637 243
941 513
697 286
242 1137
168 178
310 531
784 1041
643 763
67 680
754 584
573 501
26 1069
706 939
287 44
532 628
286 155
107 178
480 982
160 1114
863 1029
410 916
497 693
102 811
142 18
510 138
148 671
556 462
484 487
491 352
39 740
465 180
866 911
701 1002
228 189
601 50
627 985
314 561
360 1105
207 384
670 169
153 1099
843 980
87 933
654 1133
972 954
0 899
583 70
891 1145
720 261
1171 797
924 660
659 514
856 582
313 969
166 388
995 363
875 788
704 37
455 234
152 103
214 792
942 1163
654 6
905 603
1071 1114
790 956
1089 1093
606 861
141 1174
322 417
1159 212
694 1015
872 714
903 1024
90 1141
837 992
959 506
1190 1055
790 979
65 1087
857 434
446 796
275 1187
400 362
356 623
1092 394
414 270
488 985
1144 1132
944 312
673 113
1050 479
1041 87
632 1085
289 790
332 639
587 708
614 1041
680 578
975 927
1075 729
969 979
325 268
0 965
361 184
1171 47
148 601
33 899
61 263
159 519
1005 529
74 86
425 456
344 1140
351 876
870 444
407 911
759 309
385 913
807 901
1009 81
1079 150
190 57
1126 234
577 688
247 376
1007 985
139 1141
512 635
1136 281
119 954
676 729
145 1068
1040 1045
834 1164
533 1194
431 24
988 219
526 166
156 420
687 249
614 892
360 697
64 319
1035 1161
275 1183
120 180
1059 782
310 811
379 581
1188 601
592 779
180 27
108 387
667 25
380 384
948 1171
1045 663
981 16
1128 863
203 107
1114 619
226 1013
550 851
195 108
400 814
199 394
1101 980
183 713
436 579
1134 662
865 274
327 283
215 802
1006 681
859 810
316 464
773 271
762 955
857 1116
570 102
1165 910
471 620
9 436
1048 246
48 886
232 481
586 506
1158 482
847 769
1109 626
852 529
1063 586
627 77
1070 176
1011 1148
175 90
616 634
392 494
481 156
136 284
274 818
800 272
381 556
814 1114
361 529
232 986
1067 551
644 1156
3 135
46 892
1085 374
768 910
291 1166
1039 644
796 1111
327 132
601 1173
45 316
680 474
506 970
395 1061
630 591
1085 986
104 606
307 49
1149 362
1075 975
46 105
147 745
68 1145
280 279
242 211
1069 1180
547 493
32 1188
713 1167
931 988
988 65
532 917
554 1173
192 34
734 416
685 622
1186 558
786 1144
41 941
15 1103
63 112
202 111
811 555
947 120
635 527
526 1007
920 488
619 696
1081 632
1126 1134
969 1054
823 959
559 412
1182 863
583 1105
382 357
764 136
242 14
227 1062
266 577
485 251
867 987
396 217
288 974
1129 942
872 45
348 2
178 745
559 806
713 980
1044 765
161 277
871 18
1198 603
375 94
887 830
749 874
224 1054
1080 1125
1044 32
1007 1151
235 1002
1054 946
867 462
143 124
238 974
916 43
553 729
1177 994
93 775
436 1133
256 754
1008 1172
864 730
681 826
249 1055
907 498
796 1041
554 943
3 705
299 285
1081 600
189 1116
1156 526
957 656
955 229
841 1038
820 672
57 424
84 196
319 50
726 731
1173 266
410 293
668 108
1000 1033
990 895
36 1034
392 862
776 785
627 1139
1020 218
85 749
201 535
635 365
1165 980
468 91
630 795
541 29
1045 614
376 1084
151 937
1027 711
556 1073
985 805
182 678
645 916
302 559
716 462
880 17
66 617
982 913
1186 607
451 158
275 456
298 289
631 1165
1085 530
32 118
32 477
64 52
335 370
106 1009
385 967
667 386
1200 376
75 935
531 256
629 384
236 604
114 954
973 356
616 977
628 606
1122 782
1113 313
923 556
274 926
916 283
375 149
425 1031
97 964
129 322
190 1115
9 241
404 411
516 537
838 592
765 307
1083 766
162 1132
518 641
258 353
111 862
1099 78
534 1139
409 427
951 902
865 1066
965 938
610 294
319 669
865 1081
1092 1081
563 266
854 1175
1085 1005
508 777
76 524
2 37
216 1000
916 499
1182 442
555 883
652 690
1098 487
976 759
1152 324
738 1017
645 1094
56 567
720 1102
643 1109
879 204
416 1168
544 163
726 1080
1127 656
65 1187
1034 0
793 890
725 1100
340 151
666 714
75 980
394 470
618 738
892 918
57 916
692 618
1116 0
1197 1166
37 1049
350 548
566 475
757 233
1181 1111
496 556
919 1170
1040 364
502 89
1182 746
58 819
1061 1048
357 260
240 754
736 688
762 1044
837 756
885 715
824 1084
314 725
372 1074
872 677
243 547
850 112
305 2
503 472
899 632
696 748
483 518
97 736
489 1004
1114 1145
625 870
1059 85
473 645
637 383
669 757
1063 746
646 101
861 859
364 669
22 1101
996 413
807 294
1114 1140
97 93
999 898
609 318
715 1168
882 680
1167 182
783 374
882 1023
327 623
944 1152
482 422
970 453
1038 1116
748 1012
724 625
1165 807
49 2
815 144
572 225
593 1093
113 423
752 1119
1172 303
425 228
35 549
1072 1040
1018 725
566 34
259 697
248 973
1165 1144
318 1042
1063 968
352 149
214 896
754 66
972 382
1146 973
990 189
318 449
824 751
502 552
975 811
190 149
511 586
798 862
714 75
81 875
325 730
772 584
1191 174
842 614
409 601
915 1018
407 644
659 842
996 277
933 263
438 109
406 1184
1053 101
696 641
722 235
73 543
511 503
1004 623
283 793
739 234
166 715
957 684
211 155
113 1051
55 686
1146 1090
496 250
1009 836
633 789
454 557
323 69
19 733
362 258
758 387
420 342
57 1075
1189 372
844 218
1091 823
327 106
1164 746
1059 464
433 1070
950 382
685 521
964 569
906 202
1048 291
304 968
773 66
474 955
788 536
553 501
408 38
577 970
252 739
1035 149
46 22
850 470
142 65
294 576
652 1060
1074 374
605 158
225 869
656 510
451 456
763 552
237 602
914 866
1153 1172
221 50
413 988
385 568
1162 318
586 203
474 17
817 605
519 1200
65 320
1122 27
918 755
423 42
377 144
681 632
299 1198
761 1174
872 576
963 802
420 338
685 494
685 168
845 108
387 223
829 1181
484 1011
1061 478
854 153
313 1138
660 712
82 1118
610 1075
557 52
310 103
25 1007
1019 127
310 1028
588 705
325 875
876 443
69 1175
807 327
884 7
500 619
123 392
841 491
883 505
254 49
691 487
1011 756
200 852
173 452
345 1024
948 503
743 463
187 956
138 459
99 335
780 547
743 308
39 22
328 133
824 1116
358 185
392 1061
520 594
371 785
46 343
687 752
1027 1135
1076 1059
957 653
908 382
637 935
987 150
576 148
918 265
971 359
35 793
752 564
908 650
653 804
585 980
1076 765
283 1073
357 446
752 17
983 350
757 823
737 1026
46 1022
663 1145
526 937
1064 623
1011 21
142 256
558 825
491 1030
447 984
716 1121
803 824
1006 419
525 1051
362 329
566 356
765 1157
986 673
562 1020
1186 160
1011 34
248 589
338 417
315 1127
301 140
1090 1170
1097 472
596 535
538 370
463 1113
680 1195
536 885
126 194
743 846
720 343
608 673
896 1191
253 25
126 804
160 243
1108 958
894 458
283 1068
740 652
858 775
983 1156
877 823
341 1117
1046 213
577 696
355 289
168 123
699 843
995 751
593 841
602 178
94 793
486 392
844 580
498 822
1147 108
362 302
271 1185
568 724
374 631
747 823
373 763
947 230
457 810
80 171
56 1032
488 1115
1074 949
135 1057
645 247
49 424
175 162
818 869
38 324
674 1043
330 98
75 364
758 964
569 467
66 687
378 615
128 260
629 1027
187 755
631 1164
534 1044
98 559
439 1161
822 294
655 1085
1146 502
296 827
124 542
810 139
254 1047
248 220
1119 794
211 865
938 810
563 661
103 62
1166 611
76 996
724 472
243 1118
1196 477
635 548
101 554
860 689
28 1175
979 381
488 390
844 926
20 262
21 349
1067 631
644 523
1194 164
846 350
579 777
168 49
452 131
35 628
542 566
783 1085
1200 848
324 27
734 963
680 1126
621 1192
366 206
245 1068
699 322
672 81
756 422
1170 108
1078 908
282 907
109 106
409 367
605 819
278 752
675 1172
269 70
37 390
981 846
724 758
516 73
336 798
395 424
182 108
868 306
456 660
988 426
1194 879
1084 233
908 1015
61 1185
515 872
350 258
698 763
424 211
1054 348
798 177
170 210
260 386
608 797
147 933
405 730
566 989
24 151
1170 72
820 83
1064 595
962 969
315 696
314 844
1172 13
734 171
145 222
318 1005
930 1050
801 956
884 101
261 636
160 160
976 681
446 1009
998 20
1053 425
756 333
113 1128
1015 753
539 761
158 844
748 993
487 899
1189 174
80 668
51 791
1004 235
172 994
660 529
686 276
930 126
71 1169
769 1169
329 6
10 106
1031 981
77 98
96 496
924 97
704 155
1104 1076
304 929
603 681
862 506
677 858
366 975
913 1110
215 716
403 803
1041 536
18 526
250 59
440 715
819 934
52 865
891 976
1063 471
357 182
107 297
826 272
1128 1140
423 868
639 773
955 910
1018 1059
360 829
575 1044
514 847
257 1165
88 541
238 1074
702 785
279 540
740 53
956 790
1056 515
613 366
529 895
583 246
618 1108
590 475
347 82
1139 279
38 479
439 1026
172 648
348 660
232 591
328 394
378 1042
862 488
1072 1048
130 235
1128 674
934 902
1161 918
558 280
644 688
101 602
447 541
669 344
985 388
296 377
1109 1096
1039 878
568 973
987 727
488 438
1078 374
427 308
181 884
227 625
90 1084
266 602
353 340
542 418
632 363
26 1004
621 622
107 755
67 219
1114 60
528 829
1155 701
456 487
942 1169
466 831
201 312
470 277
953 837
885 216
1118 1041
1014 918
376 877
103 784
165 683
828 160
470 856
366 340
585 47
635 226
608 845
419 577
642 387
798 1136
189 1050
423 893
692 1153
885 1122
665 830
285 1123
315 196
543 309
1131 931
221 380
762 1188
838 562
3 884
785 984
668 129
714 767
923 676
313 190
898 540
509 581
689 995
129 959
1034 233
1053 53
681 904
778 682
652 1025
869 609
489 1196
1022 129
939 714
527 92
529 716
1124 905
141 796
30 1023
555 431
223 866
137 893
76 667
661 1048
531 948
118 140
101 1041
987 232
846 747
1197 276
691 109
216 896
992 55
662 640
789 982
481 217
245 434
972 871
806 477
618 1102
668 679
532 805
910 84
276 1063
850 371
801 855
873 148
806 725
217 1071
389 314
997 760
618 47
930 905
84 1128
1168 737
629 1198
64 1170
330 525
1053 20
334 849
1023 154
433 489
780 1038
733 76
346 511
322 383
947 474
298 914
263 365
260 168
344 544
778 848
591 789
967 694
1119 652
63 736
745 752
1014 14
1184 505
832 264
700 1003
147 589
353 1044
423 581
172 78
469 562
806 469
252 1111
262 823
403 49
338 566
921 593
801 670
512 253
921 212
515 721
566 389
400 272
184 185
919 873
1099 252
258 258
156 277
1184 155
1135 699
1078 478
1072 499
760 14
241 344
937 477
666 219
11 825
333 645
1085 801
68 978
311 1185
1042 534
1154 519
1188 82
961 491
912 697
100 915
614 546
931 613
651 642
520 930
156 27
177 1113
89 1109
908 964
851 574
1167 25
656 769
431 593
368 981
339 564
404 337
66 1196
1101 400
60 1024
540 822
988 130
113 110
1041 368
898 1036
182 811
572 860
130 549
489 456
1072 256
1059 156
775 197
1108 536
434 140
1073 780
629 362
383 1083
798 235
969 901
667 456
1154 562
107 500
967 267
934 650
1152 367
673 585
1126 972
436 98
514 739
770 482
330 353
8 828
798 570
449 31
326 49
92 1190
685 868
779 53
840 1005
973 876
264 708
893 410
149 539
413 1190
822 169
675 833
547 993
860 529
995 558
394 70
664 610
575 60
440 639
331 503
531 460
1044 980
684 187
724 921
592 441
554 430
333 357
1049 1078
998 299
1183 438
807 10
618 130
895 720
466 425
605 608
471 560
619 988
528 324
648 952
213 775
259 648
617 477
978 41
979 864
10 221
1153 450
642 527
601 880
839 849
781 327
201 976
1051 67
182 990
702 1014
143 897
181 1000
97 577
422 375
146 84
1059 517
327 977
202 1115
981 378
31 922
476 1185
412 99
305 201
430 319
1181 171
615 267
150 102
835 149
556 131
500 891
761 430
1033 514
530 414
1095 89
728 1001
27 392
1133 620
83 8
265 478
594 929
190 501
312 162
401 798
1061 811
271 1002
1155 195
923 1094
533 533
413 822
148 504
1147 1120
646 1098
760 51
694 70
191 667
1040 831
411 97
778 554
1124 88
216 708
966 1012
596 72
833 1171
998 863
674 880
419 1064
1168 47
437 1187
1013 497
796 957
579 915
560 1011
1170 590
1077 815
179 23
202 245
1033 1171
388 214
568 360
211 828
330 780
461 976
176 713
1170 591
283 516
14 1158
859 381
345 533
876 788
724 730
452 149
480 854
68 399
209 1008
628 280
1147 543
86 461
522 601
787 55
800 203
1051 208
1010 933
104 1165
90 1011
114 171
328 1148
1048 25
836 649
214 672
561 703
580 129
1054 307
477 1185
1101 926
151 442
587 555
768 1019
406 243
1124 1049
509 886
1187 636
374 269
745 586
91 1047
674 690
809 1021
891 184
758 196
604 892
508 919
1053 816
354 17
880 1119
924 680
1059 297
624 865
318 759
1187 925
736 45
729 589
388 119
720 206
1035 144
1072 538
851 798
400 548
447 699
589 441
93 1123
564 948
199 1065
832 107
346 199
506 478
261 248
942 855
825 997
768 243
500 609
1056 78
461 856
158 714
165 161
478 1070
557 286
421 419
553 631
110 805
107 24
963 725
179 816
350 534
896 555
860 77
883 322
1120 469
25 444
70 1193
160 841
1111 621
424 233
133 883
929 1083
410 677
379 1016
629 124
538 202
752 96
475 733
102 243
1065 225
740 1113
72 823
790 898
452 273
201 1142
495 208
356 304
230 164
869 610
630 39
1129 951
1139 406
15 461
1189 265
598 1026
225 374
423 462
1174 56
456 170
255 264
641 232
150 166
69 114
1135 99
1172 774
765 807
92 1116
152 476
1058 202
1100 925
233 985
907 37
111 372
581 919
285 500
1085 1123
2 832
657 799
512 467
23 1161
199 520
775 1001
304 220
852 1197
508 125
60 1102
969 1192
537 790
893 805
1034 480
160 286
424 438
61 283
886 602
788 81
397 1189
1094 982
91 820
485 990
231 290
983 1105
866 51
9 86
95 262
530 760
1127 456
517 1192
942 228
545 39
276 901
682 145
734 167
1161 51
1022 206
768 56
281 281
802 1013
695 233
927 540
886 329
632 599
1152 234
597 1002
574 585
1014 429
482 143
593 761
1093 365
562 611
285 124
817 530
637 16
395 709
1165 1012
566 285
460 484
926 300
503 930
1180 994
141 334
288 1196
900 96
780 139
535 1124
433 107
208 448
419 583
1011 1061
350 585
789 541
1054 787
140 82
176 1016
894 1120
589 623
342 320
255 893
639 911
13 1015
176 230
542 663
839 863
309 1061
512 1160
43 559
1143 1134
122 825
1141 975
1083 710
795 400
239 419
657 542
507 400
1196 983
579 276
698 1024
1006 513
280 1120
1160 579
1179 394
783 149
14 905
428 127
914 770
526 294
1124 142
722 1064
1196 401
748 886
599 681
327 169
605 1043
56 840
617 642
1093 805
160 544
1 367
181 322
681 1188
784 198
964 1195
1158 438
908 171
1104 909
1194 511
125 1175
122 1077
883 442
927 577
135 1142
642 670
948 409
1013 642
1025 20
924 719
778 469
891 206
931 426
1019 975
840 859
485 602
704 6
714 444
306 1075
621 1063
49 805
305 42
358 888
602 1006
1022 214
1083 994
308 1012
391 212
667 642
84 579
485 549
390 463
795 855
914 646
65 333
1047 377
489 935
520 512
155 141
1078 418
1110 132
767 481
665 785
363 1028
6 528
1091 761
557 109
18 1198
519 1066
49 128
961 76
1110 555
251 550
119 974
612 609
1193 185
436 1072
233 740
606 915
379 762
166 1036
977 558
64 215
775 1199
601 504
756 211
243 409
1030 829
231 1177
52 347
828 716
438 602
657 560
858 329
512 805
72 566
1128 935
739 1013
951 807
632 864
549 746
253 732
668 1161
922 837
950 655
990 684
298 118
183 680
0 1024
339 877
1114 1102
223 494
430 962
996 614
785 419
859 905
135 594
17 105
17 336
492 467
585 527
702 74
402 502
1097 870
465 601
720 1137
933 575
56 169
43 611
1032 379
494 74
568 927
71 722
145 98
950 779
1160 270
1056 1180
626 1189
863 317
723 668
881 974
800 423
546 905
700 423
1160 1045
652 818
1074 758
923 220
115 1047
1093 594
353 732
791 284
497 8
889 269
113 945
348 1012
191 106
696 817
851 240
822 225
589 1096
464 539
538 13
103 1043
1194 929
67 638
224 1123
1148 12
537 1063
1072 1118
92 612
560 310
376 1142
1156 65
897 196
512 4
296 165
802 439
551 39
191 856
477 398
626 354
99 688
493 1131
1116 676
1200 3
853 236
493 295
398 624
1066 552
1062 283
979 710
317 296
461 175
691 399
724 485
729 124
374 1122
902 281
591 584
112 1038
1019 586
846 199
415 1045
1005 176
273 1191
1145 506
899 890
1006 889
860 184
1170 67
194 873
1039 640
939 1193
795 1083
1036 336
1178 144
397 180
864 1155
641 892
610 494
22 230
793 1039
55 479
181 383
108 698
851 462
1105 393
69 981
205 601
970 880
16 313
1174 546
504 542
650 1084
942 580
530 751
668 200
31 250
54 728
1048 163
458 867
20 1153
295 939
622 334
1099 881
684 1077
651 324
1014 837
505 515
834 303
122 357
865 875
145 1086
269 232
711 612
830 723
1031 345
408 642
1132 966
697 517
497 796
391 592
75 1165
275 1109
216 974
922 1046
1117 561
1030 668
594 301
479 482
104 1112
420 1109
104 435
804 1011
439 188
973 850
1153 350
570 503
1002 712
969 355
928 938
1135 1058
373 995
138 1103
819 519
344 455
641 554
1069 380
834 827
1015 643
1013 841
797 805
658 184
141 434
1014 217
622 1159
715 178
283 113
916 957
510 195
531 266
474 1132
779 577
227 76
950 238
989 523
757 576
847 2
207 631
67 94
266 1103
282 189
630 943
249 486
637 510
251 26
978 1013
1167 1191
977 515
1130 584
961 797
320 710
623 578
623 908
1123 588
445 1150
83 1130
921 544
739 330
571 386
360 632
156 341
25 6
24 1190
1049 152
1040 956
1161 148
846 478
380 674
676 576
1172 695
746 985
1022 990
377 1165
12 236
900 242
631 385
694 1050
489 916
185 260
40 991
235 560
798 1109
889 469
579 97
282 807
733 492
1069 1199
811 948
28 897
940 686
235 334
1092 477
818 814
129 234
155 766
593 1134
628 1194
181 764
18 552
923 820
284 285
1005 1017
927 158
326 523
626 1026
734 410
747 70
770 800
937 569
3 757
400 119
850 839
635 106
620 735
310 595
166 586
274 1193
712 1109
783 848
305 1173
1170 921
302 330
859 50
21 932
422 697
11 842
1085 168
996 866
690 497
166 174
820 833
883 465
219 765
446 60
864 579
168 812
1018 176
1021 73
456 945
3 919
973 668
807 978
546 727
1176 406
1099 162
130 196
1142 721
447 251
162 126
12 641
802 262
225 132
746 599
237 595
577 226
996 546
302 1006
1054 489
936 238
288 176
129 38
239 1152
535 480
45 1046
640 547
645 317
82 608
999 1055
592 473
842 699
0 307
70 37
92 306
1098 894
279 632
604 1134
525 1143
1182 373
256 587
1157 1169
819 307
731 745
595 890
995 126
913 342
43 387
596 726
733 906
600 768
1110 4
864 639
144 491
550 681
179 14
1196 902
382 389
735 1191
792 580
539 1083
1141 1164
696 952
323 838
589 224
436 602
617 309
314 114
1010 467
70 1009
247 538
1101 290
701 573
1002 123
357 624
91 780
530 700
565 935
320 449
823 589
401 756
257 215
434 155
743 16
2 580
1066 804
602 458
591 301
404 1168
1058 372
339 701
318 974
1178 263
1141 261
403 922
1117 456
995 110
283 973
1139 987
260 481
1147 1022
312 660
442 55
1120 92
467 296
837 149
1014 160
667 955
713 401
154 949
957 691
160 1091
1025 948
758 16
1010 574
686 716
541 1060
470 149
590 1022
498 966
313 570
788 285
234 610
73 368
276 879
1086 20
1094 857
359 650
269 225
493 533
486 1143
301 993
1077 608
322 0
578 912
391 98
326 398
218 922
445 1067
72 244
342 551
1069 932
1187 1172
14 258
83 576
995 365
934 253
94 692
305 626
729 190
63 2
324 1102
813 368
1187 607
138 1172
1165 603
554 324
1139 391
321 752
157 883
547 848
421 938
613 29
1020 1021
84 600
936 992
1130 372
642 544
919 1083
572 368
535 91
614 8
497 334
1139 30
314 1156
1190 392
172 244
653 853
675 1118
690 1171
654 961
905 222
895 822
650 899
792 246
418 1164
932 59
285 800
544 529
217 455
283 576
958 926
644 1131
550 944
1087 448
98 262
878 399
440 1166
113 64
277 1122
1149 249
431 1053
864 20
467 79
239 1105
583 325
1006 807
1184 945
447 923
1114 70
355 1011
636 447
466 464
47 736
115 641
433 1077
121 463
66 441
763 1082
1038 538
341 1159
235 147
641 1106
939 512
536 998
40 717
69 982
563 670
152 160
897 1128
47 806
909 1106
843 160
399 113
65 604
863 23
922 1122
622 166
283 111
362 613
35 792
29 416
737 716
239 965
484 212
1035 7
623 457
898 588
743 750
80 710
64 171
481 753
685 1121
762 991
236 767
263 1197
694 940
391 426
495 423
87 369
480 737
630 306
826 203
240 384
1016 25
1109 455
103 718
656 544
1175 244
633 961
352 862
209 595
1087 765
819 669
877 256
334 666
244 748
162 662
281 89
420 59
615 282
1032 449
1111 963
777 1006
22 558
702 1000
589 398
111 704
817 1072
960 609
549 825
341 1109
111 399
294 876
989 553
224 1027
938 484
329 297
124 723
964 884
1130 697
363 322
180 203
505 50
1152 530
789 1087
666 990
889 1154
643 856
336 861
553 142
1016 485
821 585
121 489
220 1063
886 155
275 604
738 239
1153 1073
297 1130
767 149
845 344
1153 47
772 428
676 340
724 762
1108 925
779 65
247 1184
199 55
222 953
640 322
807 1052
647 517
742 195
49 60
230 601
733 260
151 1134
87 381
607 725
966 687
35 681
448 184
655 11
988 653
618 750
884 46
684 873
513 32
1157 165
1119 661
1094 321
997 155
275 553
609 850
358 873
783 152
125 151
1162 789
427 1187
1063 952
909 986
1198 48
987 610
1025 1032
971 1030
953 435
1103 894
705 363
907 1155
33 162
135 933
521 154
591 144
895 615
658 537
1100 134
546 13
162 1116
257 466
198 282
294 954
361 207
441 402
670 35
241 717
638 576
1002 520
458 497
915 542
29 366
447 1086
743 284
905 849
323 515
442 373
1057 619
600 286
362 1043
106 509
332 59
821 858
473 578
1178 213
467 607
751 496
681 432
324 1004
634 385
1061 206
522 1142
737 339
517 1005
368 457
967 16
600 61
796 1193
75 792
541 525
34 473
488 839
818 60
532 799
775 928
550 423
170 131
159 926
566 731
1123 176
1058 660
626 509
374 1021
431 303
493 138
557 323
346 240
1 623
39 329
165 476
647 559
9 289
40 1165
77 611
704 645
1115 0
1097 53
23 417
870 889
1175 707
857 1005
365 70
684 254
38 8
439 755
199 154
152 843
285 21
715 705
943 647
981 206
241 264
577 1055
1164 724
232 75
995 314
329 739
104 1199
310 335
721 1013
351 1045
176 1033
258 359
249 491
178 1049
443 1168
983 202
676 1182
486 590
541 1093
25 79
677 699
298 99
879 433
729 343
1194 976
945 133
500 551
212 711
108 1104
868 1165
171 716
1158 883
1065 1175
636 133
318 362
301 269
395 348
87 50
499 476
413 778
737 1185
10 129
596 802
5 1196
977 856
745 317
169 1050
395 1112
885 964
875 1192
465 624
298 1099
237 1039
818 1064
366 510
1025 435
308 554
45 1072
823 869
414 277
1013 748
882 67
240 1157
284 387
725 1055
481 748
720 1131
918 918
442 334
401 98
802 661
870 1152
755 821
703 65
128 518
346 646
1092 383
70 12
1193 833
401 351
718 1036
825 756
520 1059
168 958
925 479
451 854
983 750
965 444
870 363
543 900
344 623
76 52
284 1200
960 448
732 826
140 267
609 346
1159 886
12 1119
128 972
448 805
399 957
789 244
924 904
483 895
668 1090
96 583
136 433
895 302
283 647
695 206
445 531
174 708
591 804
439 451
970 436
762 840
1157 983
733 1089
1131 356
563 615
12 986
12 1122
1002 405
515 651
373 44
1161 1059
480 964
847 266
53 439
102 4
143 932
448 671
732 21
840 370
1050 206
29 1150
303 804
867 555
5 124
473 1160
503 25
1173 1064
731 1024
525 725
154 819
766 1002
1058 1076
1020 342
1128 750
684 668
282 48
925 347
900 628
396 908
39 959
254 406
1180 301
480 689
72 241
12 1163
935 209
682 785
801 1016
598 697
416 990
498 1156
109 987
782 605
1180 549
65 586
154 241
509 935
234 904
1176 522
119 339
295 149
728 658
410 193
382 480
907 911
613 207
529 698
797 646
940 385
447 497
358 24
621 713
996 555
56 238
1157 725
1196 71
811 759
878 839
443 405
791 1147
474 872
64 727
1186 621
568 210
695 1078
912 951
285 10
594 257
1129 292
97 952
1126 301
387 951
1132 940
313 458
830 51
1025 97
917 1117
915 592
560 553
1151 865
113 738
575 466
1134 607
1048 664
852 643
1084 35
576 293
659 1187
865 18
1132 410
101 1006
1149 625
194 518
699 205
316 703
988 914
1191 735
1139 245
1 147
502 511
699 782
1109 104
643 694
136 226
184 883
839 12
91 376
824 1097
410 657
982 303
82 870
1144 678
418 198
463 916
721 441
1167 66
962 455
978 487
383 314
663 438
362 389
710 612
354 494
833 1046
58 338
760 1128
669 604
753 225
61 563
506 375
855 318
644 740
596 130
1034 999
155 334
414 668
86 671
413 1161
121 937
152 816
520 604
41 704
816 149
25 1134
551 1193
993 825
969 595
710 505
382 780
52 617
258 567
998 339
15 1159
701 367
799 545
988 944
1153 967
27 1145
89 923
405 300
1063 1121
150 308
425 1078
572 509
650 86
523 784
226 793
135 786
491 625
917 181
71 302
1140 871
330 763
1195 204
193 156
672 1165
126 768
83 99
496 178
199 349
570 158
1092 1137
518 360
713 293
44 81
548 569
1159 990
900 521
635 1169
47 808
364 1087
52 593
1007 871
533 275
1029 1018
288 202
888 904
608 347
848 322
157 878
71 135
402 152
374 1085
302 277
1100 689
766 1089
655 118
523 160
1182 447
506 45
1083 585
1181 1128
913 461
788 824
590 320
299 801
875 1166
665 761
692 574
1133 363
285 804
1019 771
174 310
898 1192
626 128
1081 526
422 793
772 589
306 400
601 954
86 315
471 1174
583 353
796 191
1027 52
587 252
33 322
208 716
1022 484
842 472
620 648
439 1008
992 291
794 1173
54 666
792 763
1075 884
980 71
715 635
485 181
591 698
152 550
910 206
969 159
313 318
743 943
635 679
1028 280
1141 391
43 38
702 36
463 491
389 213
828 623
1080 1040
549 917
973 937
383 758
820 503
1055 576
321 497
217 769
981 1048
1108 135
832 1162
108 163
94 142
125 1064
533 412
301 382
838 75
669 102
106 462
1095 722
541 647
215 604
348 1192
200 991
1103 428
482 512
1175 419
986 127
779 1002
1160 656
874 1054
1168 1110
81 684
917 346
908 246
1094 86
829 663
1113 345
237 553
1083 728
241 898
89 293
178 197
1063 749
1062 467
324 530
129 89
567 83
1018 1022
943 73
1000 786
854 68
171 790
676 442
272 691
1152 846
883 753
10 434
33 513
983 191
135 1098
95 56
542 166
1004 200
107 664
1010 880
596 479
808 82
306 750
801 146
138 658
588 1174
983 77
617 672
393 817
434 851
968 938
173 725
651 285
217 1078
118 34
841 282
83 764
801 98
779 219
309 56
901 693
55 161
269 118
869 1111
331 38
717 1034
1140 910
338 177
433 804
1094 1059
109 278
868 1041
1104 360
114 70
969 40
283 90
415 929
348 195
23 581
996 503
306 425
859 736
832 505
10 1047
339 489
661 806
1176 156
311 461
536 516
555 278
702 45
854 878
908 504
80 232
843 700
557 814
695 518
710 116
476 491
315 801
209 1041
979 1086
566 236
46 531
970 407
414 613
382 129
824 630
383 809
1026 750
523 766
899 60
778 569
673 572
1177 1107
1096 234
1127 902
157 1193
268 516
1096 290
1016 300
1067 767
1197 167
114 237
9 553
1151 883
524 708
249 1187
966 476
486 337
619 650
132 318
980 1077
1086 568
630 548
770 540
674 527
752 436
211 402
243 199
1048 1019
770 1106
158 809
1150 381
356 309
72 198
119 1136
354 908
869 224
1175 84
639 543
719 749
1195 157
314 618
638 695
1103 613
351 354
357 926
646 738
710 853
791 565
253 29
1094 635
812 571
252 387
1128 170
888 306
912 8
39 393
195 643
524 1022
838 720
403 962
687 123
246 707
1122 752
1178 989
1060 421
116 68
864 1145
399 794
14 889
295 964
1160 888
773 180
441 318
689 334
465 99
442 155
20 221
516 442
791 1040
857 939
1005 246
329 1160
854 72
336 356
145 427
408 135
548 35
124 1054
749 1049
51 548
769 961
447 333
630 637
165 637
1200 773
193 755
1158 303
758 640
304 777
361 316
988 986
54 708
106 356
301 1033
529 676
936 251
399 983
723 92
72 911
815 208
1126 861
88 387
731 255
439 432
252 173
626 770
827 136
492 836
219 547
616 299
689 1157
765 222
666 612
436 239
604 932
523 361
895 0
806 201
862 239
548 1039
97 503
331 937
367 1114
1135 909
242 29
504 33
316 1103
643 1047
298 1044
13 967
512 236
367 1060
548 351
176 803
569 803
82 812
225 964
566 751
482 1067
504 408
394 286
921 980
400 1015
974 222
21 433
796 695
509 167
631 31
1141 543
333 798
37 342
1183 128
315 974
807 771
567 91
515 950
91 1161
286 485
42 332
1021 684
917 304
373 122
847 1114
465 283
321 711
1061 143
448 367
498 806
1190 1075
666 948
255 465
376 782
1067 1007
4 935
902 1131
5 645
1083 534
233 109
200 1185
904 264
791 1078
470 381
583 761
329 426
682 252
45 537
1043 679
596 274
940 836
601 1039
956 57
448 1182
620 755
159 168
897 15
1024 950
1057 336
406 136
660 81
166 1174
166 1005
511 343
557 1067
158 165
775 642
905 436
582 295
472 586
258 977
220 868
468 273
1085 353
758 1100
51 558
1005 22
986 435
1016 42
699 336
413 640
473 945
709 808
334 282
121 344
825 1180
977 622
995 400
637 185
1168 886
745 325
266 887
1087 723
1199 1103
428 335
797 657
137 1052
1028 730
992 217
653 105
673 303
906 1197
246 1057
420 317
1159 805
889 828
101 263
903 380
606 822
752 16
936 115
187 467
747 379
973 191
1155 617
756 767
335 611
750 104
375 291
330 422
922 1154
419 473
1064 660
221 490
409 397
809 211
1185 719
589 212
809 681
93 1050
519 218
317 372
929 1002
256 17
872 557
188 812
871 813
131 655
435 707
378 311
313 116
623 321
630 556
1129 977
665 902
270 540
774 295
94 1032
867 1185
811 596
535 1028
424 1184
1125 719
1157 774
603 459
170 885
54 864
777 814
45 9
842 145
1153 61
384 732
697 578
114 311
964 829
267 973
204 498
1199 5
1083 865
548 284
1113 922
322 541
535 411
140 1187
252 643
980 963
1066 1070
835 404
1128 513
406 972
883 742
353 1189
111 220
77 777
1124 104
1169 1180
435 260
585 120
707 90
252 999
80 424
1021 797
891 765
1077 203
456 860
504 47
995 246
85 357
846 1076
1158 293
625 611
233 521
13 404
445 73
971 589
10 643
1131 835
855 510
724 766
672 414
3 453
505 293
67 351
339 479
997 1125
280 132
736 733
363 739
686 947
1056 936
826 145
1149 946
1171 795
328 31
1096 456
487 990
87 2
242 852
1092 338
236 112
671 8
79 853
624 975
263 896
979 12
1178 630
390 585
180 262
1030 893
347 1178
292 741
770 464
1167 752
256 1037
830 680
701 814
916 716
776 389
568 0
202 1191
405 1037
765 691
205 1142
266 433
1161 77
684 874
999 180
960 434
1043 34
485 13
1197 561
1126 150
950 773
770 796
38 706
12 928
785 205
906 438
362 933
71 252
856 115
114 974
777 301
1148 491
51 496
891 747
849 202
944 1121
704 177
612 399
534 449
775 794
544 884
916 204
147 783
87 610
205 769
374 423
208 866
1161 1178
723 1082
1187 975
1175 427
1045 841
544 862
504 425
1064 713
913 277
365 580
908 128
432 1020
856 846
115 198
899 59
400 1198
464 415
970 615
607 1196
1184 105
703 1119
732 53
1089 380
54 896
553 278
144 622
723 1180
289 1185
845 938
238 903
383 46
493 562
959 436
1167 886
267 274
111 500
1048 0
471 945
515 750
7 44
451 759
980 213
39 143
721 628
464 372
1199 333
526 516
914 341
370 158
656 185
409 119
249 443
195 495
1036 441
708 427
1135 1046
672 513
713 1011
1134 721
238 893
401 641
757 214
472 22
482 863
495 601
417 995
281 622
395 557
548 474
108 10
392 909
213 702
710 13
78 94
898 1065
728 755
194 755
966 940
929 334
169 901
22 663
427 400
946 321
951 930
426 539
437 199
42 887
667 594
1021 358
601 616
123 685
581 153
828 268
1085 328
294 519
778 217
1078 142
872 735
1004 1114
145 1040
651 412
892 209
1176 1060
1104 893
735 315
6 578
830 1153
505 145
575 519
568 574
1188 216
17 278
47 803
51 984
944 262
586 896
840 969
1097 735
231 242
1103 645
934 335
1067 259
289 587
38 858
474 166
1165 272
949 330
341 636
414 904
823 255
924 971
486 1019
1188 1053
751 74
37 553
1158 751
656 515
752 975
135 1173
858 677
444 460
444 433
916 1074
696 1066
323 743
70 332
504 854
398 637
963 566
306 754
167 626
22 194
922 29
910 454
1152 557
48 646
313 95
903 277
96 1184
581 949
903 329
271 154
819 549
575 671
166 658
133 231
639 751
117 1177
778 1033
383 71
634 895
1153 815
323 529
312 1108
838 544
943 772
251 733
759 1146
44 621
1017 1122
354 555
699 462
1184 79
1085 989
146 762
634 120
161 520
947 462
477 822
720 620
394 818
678 1066
685 38
689 501
1059 258
401 1095
826 899
1018 843
541 404
1020 583
676 556
320 201
760 803
654 1168
1116 1058
311 609
1057 824
527 223
564 727
999 43
901 1043
947 465
922 860
602 55
776 267
856 523
531 341
1197 177
796 1197
58 1121
913 888
827 1158
750 135
442 782
43 792
491 974
375 226
707 723
377 392
788 206
544 306
668 350
1077 672
552 164
1175 768
722 1170
789 974
66 885
721 410
126 1018
57 771
949 397
1170 505
11 688
594 1187
502 900
14 818
1124 37
590 611
760 78
43536
143 221
945 1099
546 966
991 314
106 963
1005 752
442 249
235 1008
666 1046
683 921
568 141
575 743
989 257
93 352
688 220
598 1168
1166 1175
900 571
106 838
349 186
554 928
683 866
474 1145
680 155
833 545
428 992
396 243
1157 410
863 256
216 1031
691 263
1002 134
1042 39
627 426
911 787
857 1056
974 684
480 481
53 170
235 551
32 738
544 1171
382 157
468 828
1132 628
1196 914
727 562
1131 1044
355 468
1015 77
186 27
657 643
301 991
478 127
120 1176
428 630
457 543
1152 1105
199 1043
1137 665
469 338
1156 963
48 405
7 109
596 827
558 1049
816 76
118 101
882 429
1002 1030
457 746
1031 1040
817 344
514 269
837 834
328 280
855 584
355 852
659 997
209 530
934 572
289 620
863 612
34 585
262 787
147 68
334 753
77 1154
994 742
300 22
413 415
658 1138
1120 726
492 25
1165 1136
659 687
693 165
861 16
650 4
536 1199
1044 772
996 495
1102 1082
781 939
244 797
889 237
543 793
30 73
1080 105
774 863
634 807
835 994
467 669
605 882
990 408
769 682
926 893
1143 139
320 1184
22 724
399 258
924 403
1143 1092
809 793
1034 178
256 833
1003 988
257 383
440 739
1171 766
127 302
158 357
579 320
567 247
658 417
451 345
308 1028
1040 989
165 539
610 252
941 1199
1089 1177
431 733
580 372
1037 562
794 544
517 31
709 715
783 625
875 1103
319 723
115 712
1060 693
101 337
291 186
121 698
522 296
635 66
187 176
100 1111
959 1081
17 574
457 127
1181 1195
449 409
525 1193
302 32
67 297
5 273
834 1109
29 302
553 93
465 70
198 639
292 248
848 701
988 556
1168 965
327 33
24 738
843 195
139 920
360 784
34 138
231 170
142 1107
334 101
685 1168
392 1156
253 707
533 903
613 382
687 989
106 592
525 336
1193 770
1144 905
1138 465
14 652
641 687
1072 0
211 1102
879 388
442 753
978 531
521 1156
652 798
230 941
842 65
976 774
737 656
134 698
15 720
1035 1146
694 1162
418 1016
842 202
1116 775
54 243
451 410
642 819
79 1069
143 655
1133 72
1174 904
363 783
946 590
508 23
205 1077
1187 1143
1111 870
427 757
200 1120
837 672
38 634
480 80
1041 387
1162 1135
478 28
474 177
147 716
1160 1069
497 528
556 364
1030 625
643 988
202 1016
458 225
303 437
1184 1185
126 844
686 630
590 544
328 279
811 676
1089 652
297 1010
1075 359
717 1022
705 600
1006 586
805 244
490 453
892 337
806 960
332 148
191 890
432 33
846 476
728 800
390 860
657 188
706 657
595 709
429 1082
594 694
1162 982
615 125
1005 37
556 271
355 957
741 264
95 81
259 150
695 336
513 225
487 820
1001 879
38 313
890 953
1014 1147
95 528
1070 921
473 1051
948 937
1185 185
309 426
217 256
1109 724
1060 679
1150 1018
589 814
1002 1110
30 468
78 656
452 575
855 26
861 284
199 1016
852 866
648 970
413 780
312 884
460 77
972 675
899 962
1048 1003
183 763
217 1008
365 133
284 673
453 673
129 220
580 196
977 1087
840 551
375 1022
29 313
1029 1043
89 411
1065 144
774 875
386 849
269 734
136 363
206 1113
763 262
745 90
372 1050
1072 347
1170 716
216 1138
225 248
538 427
917 7
1072 70
1192 235
633 249
748 376
1138 865
0 973
182 402
1047 817
877 191
320 66
767 1191
869 1021
247 796
887 708
35 851
24 999
1079 409
859 1021
254 710
922 1058
99 125
339 59
874 293
451 958
588 988
899 1193
286 996
346 116
368 181
1115 636
22 1092
460 931
603 362
1160 46
328 132
23 689
570 260
354 556
196 796
945 755
81 86
588 229
522 507
867 1047
213 531
441 394
537 760
1048 1065
603 1185
655 414
494 705
674 948
85 846
514 1049
1160 6
650 1091
14 987
335 89
437 175
384 953
733 1163
713 458
792 468
304 479
198 71
733 1160
487 567
895 422
972 634
990 874
449 44
662 790
560 535
203 1102
731 1189
560 364
962 491
348 1086
877 926
0 273
134 897
95 328
356 948
335 33
151 973
57 113
881 686
157 105
845 623
90 24
1122 255
321 597
770 349
880 879
1166 359
42 12
234 1169
241 42
317 871
919 335
584 1153
173 727
855 779
205 59
278 296
319 201
786 952
694 983
501 300
979 194
872 227
753 638
174 839
544 181
555 666
659 304
468 166
1066 1080
932 1095
625 351
839 1175
1170 724
1020 362
1074 401
841 184
668 576
1037 631
716 282
421 658
20 482
901 1091
683 120
675 430
869 460
452 607
6 543
446 918
1113 470
883 1091
749 1077
1006 1128
493 73
878 505
348 874
645 1082
1051 1182
1110 399
1090 574
1172 1051
582 1026
587 770
422 260
495 163
1049 1169
1056 1155
8 933
841 1122
596 1010
653 548
753 168
163 30
729 1081
654 931
380 490
152 325
962 154
1046 797
494 737
774 48
1158 896
858 694
764 227
1145 409
827 29
1057 82
80 576
6 1052
761 863
318 409
308 635
210 794
261 839
123 819
298 614
960 1077
709 683
637 1138
878 454
633 658
238 148
576 108
696 404
655 463
858 892
561 816
73 923
783 699
683 684
626 545
422 488
347 512
974 711
745 470
322 223
1028 990
1196 1165
1182 21
76 812
907 304
15 76
359 657
362 214
1101 820
596 538
50 151
604 92
542 757
691 376
837 131
954 278
1017 337
575 1193
280 82
511 301
955 318
647 739
1113 854
577 324
344 72
90 328
1190 678
990 381
450 1154
996 376
984 1158
873 1164
529 562
93 120
1005 855
314 1060
1091 822
149 118
36 914
886 235
1185 203
1087 853
57 531
490 278
1120 564
1167 977
266 840
94 515
498 336
1128 758
527 245
190 318
685 333
144 13
339 422
201 684
246 808
744 567
116 1059
487 1135
23 62
164 1044
864 936
472 429
1097 1121
412 989
1004 709
420 382
1080 679
918 656
12 41
820 76
835 68
351 386
619 1096
866 714
788 357
480 691
188 921
672 35
1041 766
233 680
735 519
652 76
497 525
718 802
446 310
1060 726
403 669
596 1006
382 993
1134 734
932 1099
409 928
1138 1180
1131 183
466 809
842 650
869 662
1117 896
1047 356
831 1148
333 204
473 308
211 440
463 203
29 73
850 1173
579 355
403 994
534 241
1149 566
723 190
1101 814
1026 344
662 202
454 115
198 305
1197 1148
253 865
997 409
952 98
959 489
437 252
1141 605
281 572
1166 1199
273 956
857 910
1165 213
97 606
1158 688
27 499
517 1157
712 45
715 67
895 115
797 1118
881 577
257 829
132 578
520 75
248 5
1056 85
1127 364
1041 21
75 242
1107 61
164 1088
393 269
56 583
117 397
431 47
791 82
383 347
349 1163
692 234
917 1128
338 97
254 312
875 145
742 890
1018 834
666 721
369 745
670 785
1155 260
56 1111
1068 213
614 445
695 996
517 548
412 8
212 932
651 349
367 547
128 1132
667 759
1043 144
1042 839
366 665
331 363
56 1178
89 1030
361 556
873 116
1167 38
499 361
904 1185
164 618
364 1014
201 1124
122 803
1046 1127
999 742
860 178
57 973
751 718
329 919
615 1147
681 301
751 1060
1031 816
928 136
721 668
1094 784
1038 526
28 292
5 781
1197 313
997 602
449 997
957 898
968 251
1103 1070
902 233
127 57
155 315
134 910
969 23
638 468
1126 20
991 580
443 617
798 631
750 214
1029 957
50 950
592 278
14 631
339 1080
449 990
301 36
741 59
1193 772
724 312
613 1115
880 1088
526 249
1191 117
95 1194
103 955
131 1075
568 420
859 603
370 612
1101 716
640 966
612 34
314 719
478 212
680 413
86 370
275 1066
583 442
16 377
1055 262
561 972
745 577
832 905
960 1108
258 241
348 531
189 1189
1197 1196
650 104
645 540
315 1001
379 935
814 612
845 557
617 1173
830 818
430 141
523 907
1034 367
1062 696
587 1072
580 903
692 221
969 639
424 490
629 211
792 465
684 1014
765 910
524 126
705 123
408 760
807 1009
133 998
353 291
1012 774
1064 163
1040 561
673 520
462 556
754 680
571 1049
491 1019
659 350
634 1052
666 754
259 450
737 936
932 20
147 954
341 605
165 734
175 594
323 1191
1004 144
804 910
1158 608
1142 663
606 405
1071 359
72 418
2 68
332 454
1162 968
462 1196
1038 524
1108 194
715 1019
85 164
97 1174
809 1161
405 1198
421 84
386 477
172 1186
987 882
486 823
942 482
769 321
612 780
960 468
985 744
1052 185
905 174
1141 194
686 867
414 417
38 1000
565 41
320 797
1146 929
811 284
235 1114
772 636
270 1142
574 1038
526 343
299 89
191 1176
21 1007
923 770
128 86
539 198
279 293
821 363
511 727
751 836
156 864
899 401
478 325
277 148
1164 965
871 1089
266 600
148 825
1014 419
933 1189
721 851
1137 1103
19 1190
156 393
520 359
896 969
8 114
898 31
90 1171
437 639
960 505
982 402
1050 45
595 671
362 1139
271 567
17 1120
294 137
908 460
637 372
781 283
791 1060
938 1061
114 20
863 691
621 884
946 355
353 501
455 403
205 157
708 962
753 1164
862 21
434 832
510 746
1195 337
1103 732
324 930
757 599
399 309
492 983
737 887
1024 502
431 902
273 830
1142 824
980 838
902 559
614 702
710 949
262 892
298 7
949 399
322 828
83 58
770 364
673 1109
742 306
934 864
1055 1029
1041 924
304 246
1133 49
857 921
811 608
635 173
595 1095
1080 838
1041 3
574 43
946 737
917 1057
11 161
339 408
13 160
317 213
506 1168
47 673
679 1059
352 546
309 1188
295 282
825 1023
484 1009
1190 420
414 543
158 382
33 206
863 989
654 374
634 831
808 1140
362 978
26 466
331 760
291 79
146 414
1138 412
101 448
832 643
811 153
129 226
762 515
500 50
205 904
330 174
378 251
70 851
353 822
1199 785
321 527
573 904
520 348
747 245
1164 888
1047 698
1128 143
351 343
445 911
656 570
953 669
743 1115
175 295
952 552
76 680
782 186
802 36
359 1187
653 803
1141 1048
1058 187
328 601
23 297
429 302
105 535
671 1034
269 116
802 627
1050 552
858 634
147 360
222 594
942 395
437 311
543 470
79 519
462 887
436 483
47 745
898 750
392 673
666 682
51 408
335 1001
705 1118
778 527
444 917
285 406
453 36
1131 1119
747 311
1066 106
509 674
633 540
1126 446
824 1172
43 637
1033 186
1126 358
682 191
528 1133
1090 1096
344 1030
81 798
87 452
517 524
420 788
916 234
359 113
427 91
581 943
158 960
875 36
480 93
997 153
363 823
544 1029
1141 323
608 1183
630 239
354 838
613 961
934 990
468 1086
1064 1147
801 548
787 203
678 114
1085 66
569 968
994 493
580 50
685 802
832 456
1114 190
1049 1108
741 203
663 532
844 416
971 895
572 1198
449 1044
892 835
1134 360
840 402
117 626
299 556
931 1052
1155 203
251 1199
761 43
931 171
203 0
3 1133
174 319
1041 415
48 988
889 328
358 349
965 1184
175 1058
981 813
356 1170
3 346
196 6
645 1178
735 562
1144 102
974 1180
950 319
809 1018
613 235
56 385
1126 247
189 555
296 731
638 68
530 386
841 267
815 528
133 709
394 440
415 487
1129 902
689 551
83 1015
1126 705
118 371
982 403
288 205
629 831
898 613
940 805
1077 554
75 986
416 750
319 451
1011 354
274 794
1155 1021
611 37
1042 245
1167 659
525 575
1095 714
781 915
1100 72
389 1034
736 384
1164 129
117 55
648 530
794 695
886 395
575 535
467 993
945 946
1094 619
550 475
184 1064
1050 1139
1078 1023
246 362
583 991
879 1172
862 171
412 288
183 398
901 477
1009 229
447 373
903 658
469 566
979 530
142 377
42 1065
815 691
622 1043
1126 143
673 346
550 1086
60 748
1184 1138
810 869
356 80
309 465
352 72
131 641
837 4
486 296
333 523
991 1152
833 400
661 54
469 480
471 36
576 184
929 260
1062 715
133 1104
203 563
203 1011
1070 643
430 39
912 781
1033 383
985 716
384 994
22 763
21 1003
850 847
873 857
1196 884
655 799
430 1026
479 172
453 1111
105 132
885 668
31 836
494 1112
657 604
992 183
1 1115
116 831
625 68
438 698
915 710
429 859
1094 616
534 1000
868 68
625 1088
665 379
411 241
391 555
400 698
927 271
167 487
315 364
52 348
587 177
170 39
716 779
577 623
1090 513
358 701
810 160
231 843
1087 603
967 252
59 762
770 694
306 873
417 193
1048 476
1112 337
5 971
1011 142
26 649
1039 742
453 291
44 922
265 166
66 1117
495 1139
34 243
407 928
555 1087
466 274
509 624
992 33
155 595
960 891
688 847
1049 234
377 727
771 460
862 1123
8 991
432 1146
755 1102
841 484
332 354
216 1115
488 289
348 720
383 311
574 392
611 417
781 492
596 270
412 608
216 111
899 302
153 731
447 769
823 729
61 188
770 488
362 262
767 336
2 106
898 947
252 70
497 627
504 235
35 438
727 735
40 281
649 414
116 236
312 173
1108 260
723 345
10 399
693 1099
1158 175
870 1067
722 768
687 17
373 423
186 774
835 411
760 908
532 807
1034 1072
527 417
936 275
50 1088
625 609
934 609
322 724
693 440
1084 1111
394 43
279 528
15 711
831 681
209 550
212 476
1027 950
85 462
613 204
832 57
35 1174
529 221
242 966
465 422
202 433
1000 51
513 810
477 982
1079 388
339 903
160 648
921 602
750 946
1116 131
721 527
1101 45
620 383
925 980
1141 1107
1033 613
1037 287
656 46
230 459
472 218
963 421
1189 856
810 552
379 81
435 747
810 409
1064 823
1195 752
1052 1048
1166 171
470 941
158 480
495 8
702 798
745 1142
944 90
522 329
286 602
412 1109
170 673
1007 814
637 333
869 1024
186 1165
310 936
275 596
298 931
668 170
379 624
1151 460
1071 962
955 182
338 973
946 1146
135 945
377 389
1084 329
571 226
940 842
934 84
722 1161
59 1197
675 259
492 234
172 338
335 92
449 1139
196 1119
265 154
122 178
174 345
598 35
322 1074
41 570
314 562
120 2
192 1141
907 454
37 96
243 1154
1070 603
142 1033
203 386
452 859
130 324
733 507
642 222
690 729
249 442
539 693
920 57
1160 721
168 465
913 665
143 33
1197 296
790 721
469 971
403 1019
742 1164
390 573
39 312
377 781
37 372
837 767
4 867
838 781
486 773
818 1055
456 1171
183 44
777 416
55 448
473 536
457 491
4 163
1027 639
937 530
1076 980
1096 440
847 656
802 250
552 816
401 365
805 172
355 50
1191 582
1190 253
226 437
438 712
12 945
636 758
536 1159
39 613
938 1028
1097 484
318 995
811 970
647 399
107 47
137 625
1013 249
1122 649
773 1071
822 436
1172 652
187 232
1077 959
679 797
923 84
1173 442
377 1020
806 708
325 1061
1058 389
1154 718
237 475
906 1132
16 648
845 779
478 979
170 424
31 428
967 611
794 563
970 1066
458 604
639 1048
438 929
245 570
1063 967
135 698
818 761
95 55
307 145
278 846
195 334
199 1164
350 396
248 1140
694 1145
1088 815
205 791
106 178
615 1097
158 262
982 150
465 427
121 665
125 25
802 512
486 230
1117 983
160 509
37 68
757 723
64 999
950 47
1167 466
341 632
528 151
1103 638
485 184
282 218
271 1024
22 314
147 392
595 182
627 556
1039 386
386 808
607 622
779 521
236 739
581 1076
565 695
822 663
232 368
670 390
392 762
101 670
970 1168
831 1105
1006 775
687 1137
463 666
127 1064
131 1024
1117 520
319 44
1166 714
718 30
498 821
583 944
1186 760
1108 355
1188 563
582 166
37 655
1172 369
453 562
525 413
425 384
842 40
435 601
93 585
279 563
1047 651
1085 984
456 390
1011 599
750 664
652 655
811 265
744 746
225 1114
270 428
993 743
637 787
1105 961
1155 520
214 140
407 98
823 89
1074 407
496 971
1085 394
1021 497
650 292
407 492
926 214
398 122
997 1106
797 150
378 405
1117 454
848 167
659 1124
635 467
852 115
520 1171
307 607
696 1039
294 594
884 717
855 971
94 611
339 301
1037 797
1019 711
587 1006
839 550
994 285
639 1155
466 570
1007 76
858 358
8 572
476 731
425 988
966 958
498 795
839 149
386 200
177 501
727 876
319 688
1027 1148
512 677
455 631
420 1000
371 200
886 446
377 1088
1152 1113
99 811
214 277
738 1087
317 2
101 650
1185 1036
446 891
1171 977
542 653
137 591
273 361
377 492
14 774
1110 272
301 950
792 851
1043 722
925 948
1155 279
1102 807
650 973
211 884
762 1048
771 966
529 118
549 866
253 1028
1106 140
823 1147
286 413
364 1044
532 912
772 882
115 1169
251 375
58 1035
750 147
259 909
76 3
649 295
519 884
901 612
948 474
398 162
970 552
49 916
182 158
417 1019
144 1096
4 0
110 1008
1121 1175
737 659
412 780
800 506
553 256
852 220
99 193
181 1186
949 24
360 88
852 1017
233 1003
1072 915
485 433
504 761
1101 448
41 1099
621 1102
667 704
59 865
94 523
431 458
1044 1077
1025 927
994 173
546 29
492 756
425 473
977 1099
714 1010
1016 1110
1087 778
1066 607
835 648
409 377
1004 911
53 676
553 87
553 479
17 63
543 602
580 562
38 913
182 550
871 628
980 219
239 527
424 275
314 516
674 215
22 226
37 766
1166 540
134 867
837 682
1 22
147 815
925 377
135 118
551 929
767 451
889 173
556 667
626 920
12 1067
901 320
1198 1198
831 596
570 335
1191 961
1034 770
1044 347
597 446
1166 688
0 251
620 747
848 1179
484 565
461 645
1120 176
157 1042
238 761
92 1059
642 606
314 720
394 469
131 802
974 304
511 993
994 978
378 505
126 243
433 358
909 928
419 962
407 705
1086 794
1076 215
1188 292
472 342
877 320
96 1010
872 260
892 855
329 840
642 418
612 824
356 1097
472 971
513 859
697 617
544 274
549 271
581 1024
992 244
250 516
635 157
525 952
980 919
104 419
44 594
438 856
627 461
715 739
1079 664
973 1185
636 711
517 659
92 733
499 827
592 175
915 4
555 592
950 650
177 915
1141 405
1056 321
691 839
211 663
710 507
458 720
134 257
641 407
946 566
779 399
1005 416
84 1137
466 887
297 357
558 286
756 1002
99 945
1039 37
871 1036
739 1180
918 383
651 32
134 1147
584 588
225 426
860 611
756 499
289 791
1175 198
832 417
280 962
40 1033
1143 851
928 257
425 1174
42 270
610 327
921 43
1110 296
302 826
178 472
382 394
41 1064
411 634
765 116
262 555
101 374
772 1083
594 122
462 965
913 1120
449 755
902 276
71 215
748 956
688 711
434 345
14 810
893 877
41 292
1004 157
210 803
949 120
47 1184
739 718
620 983
647 854
1034 232
196 450
1099 4
569 1016
195 1131
366 27
626 1184
757 807
507 920
511 688
95 663
181 702
1031 396
1033 352
997 96
527 670
59 1164
79 1052
759 192
1166 783
499 848
176 226
1124 551
1138 589
26 1003
426 41
529 314
208 928
522 1150
214 849
1086 179
652 752
962 474
525 34
690 186
1156 1064
197 237
244 367
385 833
369 826
1050 355
538 475
1189 519
406 859
377 446
29 650
1074 1092
99 191
549 851
535 728
87 904
847 1144
56 561
1145 110
922 43
665 73
889 179
388 359
1078 370
791 411
262 1140
212 809
848 116
1155 1173
1012 809
114 684
567 1038
1157 40
735 388
304 892
423 803
44 664
291 551
77 641
597 319
503 476
1144 538
666 589
270 1129
995 901
761 1058
1187 1177
206 513
782 1084
848 654
316 797
77 640
48 422
589 162
450 19
830 1096
267 1122
784 245
194 444
681 267
466 971
1066 122
351 863
1006 1066
626 1167
72 1192
408 1027
90 568
709 502
975 503
578 981
395 802
1 630
469 845
736 720
1022 528
975 1094
1170 965
818 924
40 1111
228 272
934 985
233 1105
686 131
633 667
454 421
173 139
631 895
199 476
208 864
128 120
187 761
483 386
502 545
975 857
320 54
1107 565
885 545
719 503
649 917
1046 526
1056 87
361 93
1069 270
681 243
603 108
405 1104
320 165
130 680
501 8
709 873
631 608
227 1177
581 866
736 1041
768 730
30 663
300 1183
949 239
194 211
815 800
270 458
349 864
523 270
823 549
216 487
337 141
275 4
736 624
264 425
848 0
94 760
334 53
744 833
853 738
1149 1005
157 322
877 620
857 425
1051 895
285 206
31 529
912 551
981 681
171 318
652 707
546 774
1101 953
939 37
43 88
486 327
256 639
201 1066
993 537
105 710
562 365
1112 1163
1159 692
937 837
181 455
97 850
508 385
23 780
516 716
199 1023
535 221
793 156
1166 1082
192 460
208 457
942 885
421 236
968 102
46 1135
103 798
40 658
105 30
694 117
107 83
966 311
131 1166
762 338
132 420
902 693
616 229
327 402
425 482
608 66
172 1156
69 767
1150 894
190 943
468 1157
22 503
1101 841
912 1130
535 836
1164 534
437 634
459 816
383 799
895 1078
824 790
1087 416
590 344
101 556
662 885
978 334
635 975
493 384
114 35
146 51
262 730
471 972
273 204
640 1157
494 774
159 894
74 583
113 118
214 490
873 683
49 529
301 930
924 894
1060 898
686 416
1079 913
985 44
1119 1014
930 522
1091 322
421 585
602 741
880 319
497 540
365 1138
921 467
489 202
342 98
784 971
937 627
1043 684
419 78
540 996
960 394
93 971
752 33
136 472
760 345
959 748
618 605
1089 1059
1142 80
415 1038
208 244
244 77
487 641
324 268
1076 1054
491 712
1066 349
926 1129
985 764
979 202
259 654
746 199
64 252
255 725
732 969
829 355
499 404
739 913
446 925
70 1084
568 296
846 127
364 807
1019 316
391 325
578 517
104 1146
429 751
71 276
89 510
592 607
312 926
914 89
89 863
312 403
234 817
424 992
732 38
477 774
1118 1114
1014 316
49 743
109 411
1165 406
291 256
684 99
427 1038
814 405
779 246
698 839
240 120
91 1170
91 466
738 363
1177 598
913 17
239 1022
279 569
940 397
371 850
899 229
849 342
1170 1028
846 973
87 768
375 89
147 608
208 635
1153 1009
1196 443
554 1199
1170 120
474 737
992 102
814 1138
233 20
564 629
557 1083
726 1029
405 115
1188 335
445 691
163 81
888 197
1054 228
268 906
594 576
713 1054
316 880
364 189
663 1025
726 606
1090 919
321 664
169 902
376 227
22 1083
539 59
1107 1099
118 337
1051 911
741 54
581 894
900 312
228 234
970 735
403 1027
720 448
842 649
987 555
656 483
1 475
941 754
651 1161
341 53
89 661
388 116
1121 78
635 449
238 817
664 982
848 234
201 918
717 534
621 1057
84 601
328 861
420 1090
827 765
688 611
686 154
653 1158
184 889
192 294
517 372
977 1022
939 876
679 1043
492 287
707 1096
495 1085
27 703
429 86
764 114
498 655
822 106
129 562
794 719
267 394
351 822
893 197
601 95
497 198
327 781
1100 320
222 480
380 108
1143 316
297 580
415 438
1011 791
975 163
533 591
485 846
865 1003
1038 634
437 129
962 1039
1104 1081
29 655
62 493
901 201
342 814
1129 143
893 1066
899 987
89 1002
524 407
720 188
590 543
791 185
524 764
1078 844
642 970
209 223
455 883
703 255
347 973
50 1073
69 868
548 898
821 1043
296 549
816 231
161 792
1096 937
369 865
757 330
1144 467
305 1016
1167 912
80 667
471 447
424 71
72 596
1124 1
805 328
947 306
1139 1081
616 104
208 27
120 235
1111 659
895 750
1037 560
841 1017
940 53
427 778
489 1048
266 852
260 202
122 1028
1003 648
661 667
658 195
1127 27
83 71
965 817
505 863
947 563
82 360
758 1105
724 157
617 1005
457 941
791 903
608 966
413 629
722 339
377 702
1060 687
1162 751
908 261
931 555
862 482
975 452
510 307
745 1084
565 599
945 1137
932 246
411 435
126 833
415 947
787 703
1167 1178
305 60
1122 1078
1048 616
542 92
125 719
399 1152
476 693
1173 317
249 404
392 719
1115 560
831 369
230 963
343 65
1149 328
677 612
291 154
1003 1176
517 923
1093 557
797 378
902 28
948 715
842 1156
996 988
826 368
691 272
613 891
496 1135
1084 135
936 725
1127 716
364 1021
1169 957
320 879
985 219
224 1165
702 596
648 928
783 1155
887 684
1171 96
124 741
1128 835
36 1163
440 786
209 480
1 188
139 671
845 594
927 392
330 135
71 221
1190 914
208 841
314 611
529 793
280 176
561 102
894 903
968 329
960 138
1106 738
275 1137
436 668
912 365
1009 712
766 32
456 1181
638 718
18 288
542 15
1006 842
990 1076
92 923
38 836
245 682
312 249
356 1037
474 297
67 271
783 1072
305 742
768 116
371 788
703 720
714 269
815 293
417 599
713 419
803 578
1100 170
280 884
302 916
159 845
1110 699
988 295
695 32
967 96
1002 1112
985 1097
478 510
979 442
1084 526
767 272
848 680
937 958
1086 583
1148 520
325 499
958 3
405 1027
843 446
1093 364
389 460
694 299
969 1073
566 1065
1060 288
1025 119
998 867
455 229
833 884
53 921
1093 644
643 1020
150 790
116 141
46 86
1049 673
107 572
903 365
397 1095
747 524
783 917
178 489
114 1082
941 1017
30 333
311 1155
305 751
395 332
805 815
444 241
411 904
159 398
232 157
561 759
664 309
1066 593
681 420
152 388
780 51
941 976
882 562
1103 77
518 460
710 85
402 49
158 755
848 768
230 688
447 700
379 374
728 802
753 230
416 1167
666 394
947 597
813 1055
463 382
365 935
509 625
252 696
368 271
348 197
641 172
394 140
137 1079
600 350
571 935
764 972
367 1108
1121 87
297 914
1068 280
1141 447
1032 1179
779 801
492 390
739 1015
163 861
573 785
299 234
88 803
763 228
365 99
701 799
722 148
349 817
876 40
971 1093
426 188
766 924
402 271
820 1026
778 1150
380 546
868 358
910 1067
178 1091
271 406
272 828
799 1043
35 746
941 341
1041 698
984 381
878 673
195 352
115 570
143 272
1023 718
490 201
462 567
1110 339
1068 644
847 640
946 509
219 65
885 505
93 447
517 1116
422 388
708 859
562 1187
458 654
217 1091
124 878
999 847
237 75
1045 1023
2 769
662 619
453 1025
457 866
62 481
427 473
784 137
32 299
80 1045
1159 1034
1101 692
666 707
1072 394
607 1071
819 595
274 155
660 542
701 228
204 988
128 1003
1142 1120
1053 413
1164 1111
945 702
729 739
913 585
263 716
76 493
529 700
264 733
667 773
821 1068
196 330
97 175
817 1054
71 840
1075 770
865 17
937 71
879 215
85 539
659 787
690 373
1058 309
603 1030
696 196
673 661
874 553
76 387
483 1086
1050 262
91 1071
28 18
704 497
661 397
722 528
182 1095
179 179
72 609
784 648
756 598
725 250
499 656
716 972
608 209
981 46
419 195
514 1127
688 171
536 917
503 559
818 277
76 431
162 291
836 536
1098 1134
527 219
79 1030
173 572
851 435
997 98
833 288
161 1098
565 1002
274 910
802 246
855 823
725 962
1143 50
875 172
379 499
442 1003
93 767
410 116
763 668
1156 210
1143 700
1021 943
9 787
524 320
569 700
172 848
78 550
1175 1066
281 733
799 1050
349 341
24 685
1132 1189
136 252
952 761
233 840
165 397
85 101
982 157
534 1103
489 234
620 510
298 609
576 55
816 602
267 288
288 849
576 787
189 401
937 691
564 283
282 725
165 829
883 1047
822 724
128 1036
151 611
458 1103
466 872
1094 530
270 996
565 1140
778 204
241 1174
840 29
181 241
849 169
186 468
342 148
963 669
1167 892
1156 676
300 398
27 1035
178 739
551 376
1179 491
296 144
245 102
726 312
275 635
222 23
333 999
1081 503
481 315
77 122
378 207
669 933
914 585
868 876
122 241
1012 749
635 662
558 788
878 145
1130 428
448 1186
208 360
438 306
43 1150
843 875
252 736
262 569
719 877
844 915
1191 129
43 316
365 269
322 570
544 812
484 364
281 887
409 941
864 111
999 715
65 1006
548 554
1188 593
82 11
222 679
1004 360
460 1104
627 549
798 483
221 631
153 944
720 861
1103 16
936 1035
339 195
921 854
66 1008
1148 947
960 902
775 578
412 213
855 852
901 542
223 619
1107 183
710 566
682 1128
701 556
732 750
18 210
218 1029
167 116
1117 1144
59 991
484 239
1023 64
417 508
695 710
866 925
680 154
853 1173
892 958
1109 725
291 1185
231 773
346 723
179 34
1199 41
829 1052
152 118
573 635
704 617
197 1121
330 134
918 585
319 1065
966 910
637 1069
253 156
912 98
440 101
1115 372
1125 1199
146 52
203 1187
1013 875
964 487
249 593
788 245
185 1172
983 1001
692 376
1080 347
591 171
1028 1014
642 625
1097 809
96 695
381 1119
147 94
1120 120
382 844
14 328
798 267
436 26
1063 657
158 743
316 1111
269 239
1071 1166
889 326
642 1126
1188 588
16 1061
950 760
228 755
388 243
935 216
1147 708
18 667
236 941
1103 452
1106 617
415 395
947 943
747 1135
1019 239
391 693
646 350
612 687
347 1033
891 1130
545 1146
807 134
12 385
372 55
722 765
188 249
64 604
366 601
682 1179
776 936
749 379
765 412
47 927
401 1123
223 195
268 1165
222 824
91 159
706 560
11 327
223 971
135 522
1104 380
104 208
234 190
477 51
1011 530
785 776
1161 571
24 524
59 891
1144 582
937 318
806 289
801 199
866 358
1018 646
988 1000
289 6
1143 428
157 773
1027 64
1062 563
911 595
1093 751
847 15
902 1030
291 496
194 972
945 7
1149 78
641 911
78 577
769 1024
538 672
909 1198
707 896
733 956
20 573
45 1174
224 792
483 1081
376 885
882 288
272 627
755 791
781 1096
496 855
858 607
573 650
146 619
1105 143
461 942
1109 1198
837 1185
623 22
727 818
975 441
389 490
1105 904
308 709
980 644
780 853
476 535
327 716
1198 993
243 230
573 375
647 323
557 430
233 903
1099 784
904 803
141 1112
762 1079
386 317
143 95
1163 205
943 724
96 750
728 1030
629 327
927 747
782 922
216 178
813 1166
1018 229
683 973
973 620
711 672
300 574
122 259
982 623
932 585
901 196
1 226
521 359
163 304
843 340
1074 17
866 241
1119 232
195 266
530 1114
736 493
301 1108
218 387
1119 894
368 529
946 94
402 382
811 446
916 344
419 855
368 991
62 168
917 19
1000 664
294 56
361 744
437 1159
1045 602
624 1124
94 1015
75 76
1195 1186
1187 350
850 1143
1082 272
418 689
454 804
28 237
1071 804
1156 645
394 1051
1030 943
205 90
537 898
738 230
332 91
317 831
1046 302
717 733
745 1007
867 603
512 184
1038 392
1075 451
1118 207
264 695
1037 751
488 1123
184 240
607 878
8 224
700 653
990 853
139 259
567 979
927 343
936 321
126 1004
232 445
164 116
1097 788
783 933
495 931
402 119
540 87
664 325
179 453
973 455
634 82
52 314
957 1140
548 121
807 797
570 36
572 639
642 417
966 343
1147 200
1134 325
197 553
949 628
1013 1104
525 624
1066 1188
247 1046
113 949
94 1005
573 1140
891 258
1168 452
709 548
359 662
1011 653
166 206
1094 736
647 407
924 315
905 691
205 141
175 391
781 1157
1003 161
421 1138
113 58
547 755
872 226
208 1022
307 548
1093 415
257 787
133 657
533 541
303 963
1110 24
968 226
1185 534
276 1083
661 43
1065 305
168 888
441 758
1032 1189
440 191
470 90
371 967
728 1104
1167 457
956 744
268 489
586 71
303 88
18 1069
1186 1088
78 760
544 372
1070 794
766 157
407 1068
31 1135
317 690
249 296
170 970
234 390
808 284
156 580
91 644
605 175
458 373
567 998
816 110
1153 468
1075 923
934 199
63 876
665 1198
403 667
681 295
845 767
482 622
371 1090
643 612
1038 1021
127 664
906 989
149 1059
798 870
681 342
957 93
173 422
1017 364
609 134
441 49
291 951
746 46
88 640
754 445
513 351
564 257
402 795
899 797
197 602
915 1036
608 541
1119 329
280 223
624 141
568 57
234 1009
395 461
427 977
628 470
925 791
1177 603
572 412
905 723
1036 939
1009 436
890 746
669 110
665 706
1153 786
401 1078
132 406
147 172
211 1000
779 578
327 793
79 652
132 253
476 233
370 936
919 1055
120 600
327 804
887 574
738 182
1128 866
1049 690
785 1022
612 131
499 27
341 833
301 1070
99 584
430 54
608 954
702 202
1153 1007
83 715
416 901
915 523
369 781
1155 230
539 764
331 6
664 926
337 616
319 291
145 1189
459 328
963 0
373 631
852 1199
180 34
694 652
864 201
594 941
683 276
1120 1154
94 89
937 583
415 78
619 88
102 838
803 381
522 892
685 221
90 229
103 101
349 290
986 302
938 861
875 439
993 962
1041 985
489 1133
149 1167
494 97
748 680
928 891
247 999
895 1029
840 914
216 1142
1132 1102
401 698
533 240
26 925
704 560
744 96
832 744
554 898
849 449
806 156
186 43
1133 777
946 603
97 483
367 185
865 1002
809 1122
604 917
362 324
556 184
697 885
57 1194
849 993
17 79
782 3
1016 771
275 390
128 483
834 122
42 957
160 392
284 1032
869 315
930 740
1173 274
712 287
675 552
204 356
499 712
41 166
85 364
483 397
240 1098
556 75
646 427
889 514
20 186
1143 161
1019 755
207 132
284 337
662 1076
358 1181
1103 1197
434 1008
80 896
76 941
1155 442
595 606
660 817
728 709
1074 1143
616 124
745 459
761 956
1155 599
291 916
1131 795
1066 67
1190 1102
587 674
854 1162
523 320
926 1052
732 832
778 542
546 1161
290 1089
564 1065
336 841
651 451
861 97
86 359
90 1091
1142 603
659 794
508 212
1026 548
1162 156
207 342
1179 460
1132 545
1048 482
649 753
921 749
827 997
1010 942
300 1145
1024 581
807 952
880 486
1124 257
833 136
620 1175
625 736
185 455
169 1089
677 328
271 12
329 638
836 1045
164 776
243 847
1196 329
851 413
287 19
226 1167
1007 54
870 502
802 407
638 761
283 1039
74 1135
427 567
551 689
1111 204
405 471
895 830
1132 161
879 463
966 895
574 348
853 1116
904 31
281 90
414 36
5 82
1066 800
272 654
384 401
907 226
868 425
1132 109
403 1134
713 268
1026 1017
610 137
1013 675
493 96
619 757
289 104
519 1039
484 66
218 31
248 1041
699 707
7 153
59 380
772 556
287 266
1112 1123
813 729
30 1038
1016 1033
429 551
1026 885
218 271
663 589
721 772
66 1173
271 11
863 799
697 833
993 152
618 340
911 753
889 771
619 299
377 152
59 98
319 1013
1089 728
214 704
996 622
911 155
185 975
759 482
1062 881
382 616
1151 266
564 25
680 27
915 179
669 664
414 1096
18 537
1097 263
1038 1191
1016 139
1167 381
854 375
769 1001
1022 159
551 1195
475 175
30 764
445 83
982 234
375 334
809 837
419 1046
931 710
692 129
993 783
508 1010
1147 460
341 962
771 975
560 1171
276 684
1099 601
1085 235
54 327
220 196
52 842
353 1037
458 290
737 370
820 519
1071 435
275 1074
626 720
553 1185
672 1023
164 126
679 422
1072 216
838 370
91 656
705 1199
1189 313
366 1060
544 250
758 589
416 288
950 435
461 171
1081 159
190 255
386 735
943 970
363 429
98 331
477 1165
717 615
231 996
659 1115
645 855
1034 1
670 1003
775 988
417 914
630 1159
303 1156
359 906
401 843
182 875
130 940
312 564
674 755
1189 358
679 545
904 89
1084 753
25 1042
58 632
974 872
701 327
1095 1136
1105 836
1145 70
836 1086
786 938
417 560
683 25
154 133
1102 462
1004 222
711 634
1172 1056
791 1034
467 352
159 579
598 257
793 960
819 810
851 763
791 1138
459 1080
521 868
294 831
1131 621
436 522
230 349
238 373
85 946
1132 139
515 1074
783 260
598 622
701 914
134 89
295 520
223 984
452 545
368 491
34 969
709 383
1012 565
883 808
454 569
199 390
9 735
880 468
30 1178
339 420
236 227
629 619
951 339
826 1001
399 834
134 1064
773 649
736 153
175 327
404 306
539 722
1034 289
1036 315
1019 694
1027 664
805 597
1162 410
121 1045
617 1117
205 1046
606 444
332 453
1180 788
1112 464
445 635
1118 849
1073 88
414 180
594 216
165 482
790 779
564 126
652 949
7 823
727 683
489 206
477 1171
345 854
900 201
837 618
1067 437
891 282
1059 677
64 202
77 663
400 472
879 850
1060 437
1015 903
969 300
655 190
43 380
416 603
515 263
643 750
592 411
1016 288
194 365
14 32
628 809
1045 721
610 1104
455 654
33 1121
656 460
721 874
1167 424
489 791
434 852
294 676
30 474
268 1183
219 405
828 583
196 861
173 670
725 1104
970 334
117 199
648 1068
354 95
226 371
394 82
324 449
1020 993
805 181
1181 1113
66 1007
492 950
970 196
1131 972
180 52
571 661
260 835
388 160
759 984
144 842
640 1107
1156 613
115 0
259 117
260 881
681 552
112 775
591 149
244 695
270 1150
484 4
1123 472
1170 144
174 882
312 102
711 419
502 306
283 893
621 142
610 89
1049 1030
623 109
535 1150
773 1070
534 444
287 1132
1110 748
825 659
114 825
638 891
703 520
198 158
347 1123
553 25
746 1057
282 170
812 453
1098 32
586 317
732 252
714 638
85 425
426 83
1158 1066
83 829
1101 1069
885 1140
966 934
512 865
503 66
359 756
439 876
454 664
62 269
684 275
1015 453
1141 374
640 621
444 1002
1194 825
68 993
891 861
57 1154
742 896
279 1024
701 1074
463 12
640 75
321 1171
420 989
526 737
252 711
990 663
753 301
159 492
225 305
912 47
359 1052
525 330
540 801
958 453
510 79
807 1017
359 95
429 861
880 310
167 875
277 6
287 988
794 146
218 881
291 163
566 620
379 408
1189 1047
471 734
554 64
530 742
470 147
120 957
1016 822
1179 192
1023 1058
1156 411
1127 38
579 1147
789 766
1024 24
1099 507
571 942
977 150
532 886
789 929
1058 782
458 681
161 1
662 234
106 264
488 222
408 210
1020 86
1010 509
588 289
674 224
23 231
673 914
587 286
562 354
154 1148
89 969
1001 1098
397 844
1172 764
643 976
132 508
222 506
871 394
500 745
57 670
48 606
316 15
621 991
175 967
376 617
106 1173
589 737
698 392
1091 298
230 847
679 579
482 548
182 76
298 678
123 334
375 797
35 53
574 977
1145 359
76 163
11 118
903 233
158 1062
643 652
1131 912
78 605
945 85
427 579
1141 746
603 1128
858 859
41 5
325 593
923 1139
133 224
594 462
1113 722
330 230
988 6
708 386
1050 162
581 95
885 524
790 1
1116 214
553 239
272 529
887 986
834 1
684 625
837 497
373 1136
654 186
106 60
1170 786
491 932
1076 169
890 186
882 914
450 809
993 525
115 715
1116 61
898 458
455 716
895 65
404 1095
549 1106
917 710
55 666
236 1147
356 1111
415 377
1052 121
1122 74
350 1194
856 1090
831 900
1107 256
1123 627
915 55
523 1104
664 363
280 701
1176 60
1095 471
90 807
193 5
923 78
1130 1025
520 848
384 466
427 1137
763 1175
156 631
586 1182
10 146
513 202
1019 667
445 1037
913 605
801 397
916 650
502 1003
588 197
974 311
1005 318
1062 576
494 995
799 1091
171 1119
761 169
834 500
919 1013
492 510
156 724
592 405
300 534
1021 681
78 15
826 845
574 944
584 1172
85 594
759 1088
391 62
254 1147
147 727
598 163
1148 255
13 673
711 1093
1109 481
121 1117
262 865
398 50
1176 1148
808 986
508 1051
1126 142
582 379
84 1070
400 749
174 1131
392 172
905 816
819 567
153 162
669 297
536 92
929 830
555 360
985 222
145 395
806 1177
400 436
594 1181
938 943
119 309
699 600
981 1004
1168 848
55 22
241 653
167 880
967 1128
868 1125
1056 1077
851 376
363 651
771 38
458 179
652 116
529 825
820 554
323 757
7 0
285 864
1004 846
894 525
478 310
172 267
17 338
714 277
837 859
235 1131
621 31
1004 231
555 1191
932 832
262 129
920 895
317 974
729 1044
14 11
110 678
477 341
471 70
876 1140
755 962
1006 602
48 245
840 87
1177 568
698 1163
397 650
546 442
373 1149
458 885
896 655
165 1098
421 1092
130 492
804 772
1074 166
898 383
404 1014
915 404
1166 882
963 1058
707 60
230 584
1027 1009
402 498
379 1035
804 138
532 229
1098 38
33 1067
532 808
693 583
898 706
185 1159
984 1171
333 256
171 164
67 532
532 391
916 575
242 455
1196 189
386 422
981 110
9 453
380 959
530 912
913 1171
1016 686
1020 1019
812 512
1189 1014
657 1174
83 435
902 508
24 1042
1011 58
79 917
1086 33
651 946
182 863
966 268
892 646
736 949
679 102
786 1119
102 358
88 893
729 418
1011 120
156 2
48 610
465 17
229 1019
796 665
130 383
333 572
1163 524
191 610
251 297
593 363
1052 416
516 619
208 429
309 63
620 1159
1042 409
1029 647
231 647
1168 335
246 1167
736 690
1103 245
554 999
1116 207
1116 633
721 449
816 963
708 187
77 509
723 16
1067 488
359 732
496 764
759 79
93 1126
810 219
540 975
879 443
894 156
89 201
583 1063
361 1052
815 290
774 99
608 475
42 1049
424 995
1033 762
288 886
980 99
540 153
178 180
66 402
486 40
594 662
504 62
529 66
744 862
856 854
1150 1163
744 1178
950 682
682 958
1119 271
1101 1159
877 349
1011 740
1134 529
686 743
633 180
1186 194
438 789
1068 392
102 550
241 1092
618 76
126 666
861 926
733 699
895 460
525 759
1125 454
383 471
250 962
690 705
300 352
712 1052
578 184
34 1160
509 794
308 1009
570 133
1163 257
752 888
688 709
245 48
132 431
756 522
400 230
524 709
193 453
80 370
1198 294
502 768
79 1127
1099 243
678 325
537 541
112 692
453 237
1108 401
68 842
299 658
428 225
42 451
891 906
1011 7
1124 1076
739 146
44 1120
481 998
1075 909
5 1014
294 444
361 643
1124 809
186 277
50 55
1138 601
131 221
158 657
170 670
1044 735
1184 301
877 878
958 483
1028 153
201 649
424 178
1082 180
874 179
179 611
32 807
104 678
823 1068
172 917
147 420
5 1153
782 68
221 1030
765 777
325 514
851 1190
177 781
389 146
239 181
368 1172
1050 84
477 1190
1095 712
861 1187
722 917
506 486
740 425
858 242
412 228
1158 755
683 649
841 30
759 1159
430 853
926 147
93 193
1156 1113
389 924
118 273
140 511
364 752
328 1008
575 78
816 428
1023 765
931 209
1198 169
387 242
226 350
1154 232
465 1146
790 502
452 424
401 623
465 763
883 52
997 589
939 824
723 624
345 1167
1167 778
1101 435
385 541
575 524
1179 795
139 798
239 500
815 364
1000 483
294 97
280 419
401 1054
566 1085
720 1090
868 497
640 1152
832 454
1023 434
109 944
321 38
1081 594
489 507
615 37
250 866
1113 593
345 1041
653 182
568 49
199 537
215 788
867 655
513 16
181 436
708 862
217 473
269 134
304 897
551 274
830 867
335 803
294 854
850 996
436 146
46 364
1062 586
844 162
287 152
422 295
792 643
747 573
149 335
217 855
866 1139
1126 601
592 930
266 526
7 328
837 792
670 370
237 1154
603 645
1116 190
1114 373
283 824
1140 259
1010 507
602 1047
866 765
125 888
15 1031
1116 147
641 41
1109 738
576 460
195 417
792 854
1028 233
382 409
1148 1147
1074 685
350 547
888 413
546 991
637 541
358 1189
1021 861
575 135
775 302
26 1133
343 78
200 1142
591 906
590 833
98 655
198 964
75 826
877 637
25 618
587 1190
317 105
154 12
134 806
356 55
737 646
520 1037
1021 945
820 1059
570 1140
597 289
903 1043
18 9
1156 971
1174 932
809 343
51 937
344 653
869 938
237 561
1066 495
710 163
753 986
1199 63
842 1070
268 395
384 118
593 769
553 326
40 1105
17 583
281 260
987 495
721 294
951 911
431 659
1050 387
836 1004
410 631
1181 233
468 1043
782 118
604 1135
1127 321
402 1169
671 662
1105 338
847 1001
1082 609
85 790
346 54
1174 210
1059 459
987 1080
459 1053
820 218
682 764
54 337
1028 253
120 357
599 1046
605 537
460 409
495 947
214 529
37 697
989 536
357 207
1062 798
66 1087
77 854
966 835
274 435
1100 191
1193 436
927 60
1062 202
1157 30
1088 363
123 139
916 700
262 965
321 339
143 100
967 506
202 597
430 104
320 1053
1131 423
1 650
1188 720
447 358
331 693
475 753
1184 257
441 577
352 326
894 1129
99 71
669 608
914 427
535 915
129 1136
753 422
1045 322
375 806
138 304
645 617
740 108
663 1109
1064 659
1008 807
636 550
848 134
491 762
521 960
418 356
1006 884
1196 331
756 645
431 570
430 590
134 542
767 746
323 908
716 124
576 516
67 498
862 283
648 430
440 281
988 30
448 298
315 509
131 1127
189 791
1036 83
27 679
27 890
178 27
149 1066
1080 971
58 737
352 11
967 650
587 1154
83 751
856 1085
828 859
1064 48
327 1050
272 363
768 1093
882 161
1015 120
1096 700
335 525
1138 999
518 6
502 628
206 305
689 726
1043 616
1027 46
500 923
1002 865
383 482
1185 114
58 1157
767 55
735 162
721 606
945 1095
446 1029
357 1193
1162 236
601 85
790 1060
333 355
330 282
1186 127
963 411
375 302
1112 407
753 350
336 1110
634 855
846 1073
636 317
686 324
832 267
941 535
1145 583
1139 244
1125 126
714 544
1005 640
633 548
311 812
344 1123
276 439
505 1077
528 391
1122 616
1021 874
607 655
1140 1044
363 286
814 1104
607 252
579 980
503 807
34 819
1126 538
853 196
640 363
23 779
84 957
1132 319
559 894
1104 987
475 499
10 322
865 371
837 303
665 15
582 284
1126 499
1153 968
961 1188
295 414
634 826
1199 879
867 40
988 272
754 1076
811 560
697 1103
63 716
999 563
368 660
852 236
1021 1142
567 1045
928 197
487 629
156 934
719 229
499 1150
147 143
1064 725
818 1156
1158 624
733 424
267 236
204 161
716 472
295 269
1115 840
863 1045
806 203
603 74
724 1151
293 343
934 456
470 226
777 261
1054 1185
882 99
893 11
258 391
761 639
643 221
433 144
1180 1191
535 1079
772 745
624 769
907 1104
881 1042
429 490
692 348
1086 88
1085 778
537 1024
1152 659
424 294
185 188
799 77
426 807
741 311
96 1139
466 686
481 306
408 192
1181 948
1071 141
764 88
1001 894
754 1010
1145 411
1056 690
429 217
671 2
1084 403
895 201
136 502
919 1004
297 905
1093 472
3 233
945 976
185 845
416 1110
698 905
729 23
1166 817
598 373
727 450
589 157
324 628
432 1000
1101 1052
804 533
1194 928
195 1118
32 412
255 969
237 578
96 1083
596 599
367 938
795 1051
1089 167
482 154
684 313
740 646
476 242
385 1179
1042 471
1056 1181
308 186
273 229
1041 489
424 5
356 451
959 635
192 920
89 270
1182 1009
737 1052
664 613
854 786
279 932
1195 483
1046 301
122 882
1080 1200
926 445
1008 1184
804 298
1 985
1125 800
661 424
175 552
626 730
397 422
857 1054
223 1176
172 497
830 1105
466 39
22 251
752 827
12 1111
549 868
997 545
714 1072
750 687
178 1058
314 1167
1193 424
900 393
912 408
319 700
637 759
243 1041
500 882
1183 114
311 550
929 1113
236 1137
143 728
696 1056
651 685
675 261
124 521
972 488
1124 61
232 1123
556 463
656 58
520 1159
355 1100
310 666
516 58
799 916
279 1115
138 386
310 616
955 209
849 962
172 1103
729 330
739 916
737 889
40 882
70 1098
21 1012
1034 659
797 144
285 304
1113 1192
246 736
883 865
799 463
818 231
971 1125
864 355
1147 1068
1000 843
907 367
558 948
1191 280
140 164
135 306
461 1196
410 777
287 699
1139 603
844 90
865 820
243 602
314 512
912 1162
1057 1097
538 671
950 249
577 34
953 839
299 480
1189 471
901 93
845 626
819 1080
665 1088
1025 1136
1138 448
1133 687
840 794
364 1072
784 737
1174 17
543 207
721 614
297 1137
551 656
7 716
1089 131
358 973
895 952
699 604
1178 578
825 466
891 299
446 461
859 106
1085 940
811 101
52 397
358 400
0 995
709 170
188 766
188 857
554 412
1151 1074
827 377
715 759
939 667
960 111
1135 875
616 1167
506 300
20 199
913 263
111 319
340 956
725 354
1076 108
1154 211
295 207
195 1156
808 858
24 950
59 1046
21 1038
1101 1121
703 139
995 722
193 863
396 431
351 827
576 133
46 1092
178 114
501 53
601 637
335 943
141 787
206 1062
385 372
772 118
461 555
731 450
536 296
528 518
756 940
314 849
337 174
1006 851
447 549
286 311
246 566
1003 972
839 524
213 815
392 786
380 684
1035 601
327 835
218 1199
18 1022
118 1126
81 736
670 283
690 767
930 7
366 231
1049 893
602 699
624 824
1163 1118
789 1043
906 309
433 1024
349 1117
374 718
420 264
755 1076
0 508
311 380
887 846
888 37
96 836
728 928
644 891
281 505
819 955
967 384
661 697
160 442
1059 423
911 283
57 545
477 907
496 1080
243 899
722 597
660 1043
958 865
59 537
1120 839
141 559
762 521
395 702
978 654
212 1183
463 820
286 854
354 231
824 150
769 1009
895 872
798 531
867 974
1071 417
524 517
486 1070
600 1167
76 897
651 202
465 1056
783 1144
1112 287
18 51
443 364
377 390
618 393
152 1124
888 483
1115 687
460 1096
402 798
19 767
208 894
521 151
189 1186
81 487
1160 222
659 509
1008 743
961 443
207 1009
303 327
290 527
614 269
821 820
760 252
1158 1132
282 643
269 272
1166 526
681 361
762 888
419 1042
1000 912
244 315
645 117
1034 108
149 666
771 330
561 1074
48 1051
48 694
683 874
314 1159
667 197
407 139
128 182
302 376
765 356
528 523
434 368
772 573
232 1176
502 74
792 47
1182 164
704 384
230 150
164 288
283 666
354 420
288 465
692 412
414 1040
1053 862
673 672
683 577
170 483
68 70
425 643
1153 321
53 695
899 895
345 206
613 817
452 631
378 102
182 58
568 1166
577 148
1113 1098
815 525
934 704
322 863
953 61
843 598
1068 1010
958 923
621 398
376 303
1105 203
965 1032
112 563
348 779
266 489
1034 202
961 291
245 928
23 85
187 398
721 79
129 205
346 332
757 988
423 827
218 381
1107 850
246 266
271 594
870 1156
29 141
911 736
716 814
389 927
684 238
609 801
574 364
924 652
687 356
66 789
866 646
386 119
937 452
1165 298
386 194
392 501
847 609
762 168
276 276
543 528
50 851
115 830
334 223
1167 13
177 744
913 776
801 500
860 623
59 1012
461 1159
1084 1106
1014 81
54 272
510 317
491 144
771 835
233 235
1163 485
523 259
826 688
885 710
957 226
1156 968
762 683
268 327
805 456
770 407
166 614
909 531
304 493
685 366
1163 1124
187 826
1195 532
586 950
584 1023
110 503
272 139
331 814
529 462
384 780
107 418
773 699
224 1082
949 638
28 1156
516 235
713 481
1009 1191
701 638
359 133
30 1141
1015 30
597 740
651 1031
628 992
285 685
198 127
659 877
356 806
1196 715
84 374
249 1165
88 936
1086 556
314 985
1162 6
452 902
1028 815
618 1104
136 7
1181 280
502 834
1195 234
156 197
924 279
1004 1056
414 1034
276 984
1144 106
253 1065
478 740
754 75
212 23
350 724
509 462
77 1121
289 910
854 672
0 270
561 632
127 653
617 702
626 547
1057 634
665 552
962 30
299 87
1143 1165
9 1043
803 969
764 1040
116 285
949 187
20 1002
389 191
586 25
840 740
7 596
938 626
165 345
736 904
179 831
39 932
967 625
137 981
1049 803
718 940
425 631
502 601
492 944
1053 1120
244 1041
242 752
70 1151
547 856
502 776
183 957
242 1135
428 1074
273 486
776 891
174 783
773 172
37 971
446 617
461 59
1013 1145
884 873
347 784
223 745
157 613
227 223
391 1090
394 1005
194 1026
114 843
807 611
426 973
862 971
1164 667
779 759
985 953
728 567
1033 101
529 298
557 484
482 458
79 722
319 253
744 1019
837 77
987 1154
773 237
680 331
324 273
150 892
710 1029
545 98
1002 743
402 1114
584 251
496 779
210 1005
790 1131
966 686
746 365
88 1109
743 510
980 443
373 1198
762 1090
893 988
623 1118
968 181
167 344
1114 1200
486 486
73 1105
235 890
625 1081
637 695
652 695
930 718
122 905
529 1199
699 60
547 680
61 774
784 705
58 167
546 404
230 454
788 697
852 738
1159 29
722 1148
1166 972
409 503
648 794
445 180
1179 1141
317 881
203 312
793 1145
138 391
185 584
563 1065
115 465
1088 968
309 347
1050 352
429 704
806 1116
751 937
228 1194
400 861
117 1064
966 541
767 1198
992 120
902 181
141 300
814 918
374 1058
44 776
273 713
618 531
614 438
713 384
605 1089
62 472
269 358
197 412
968 984
442 205
748 365
746 609
198 1112
146 538
1029 1
831 383
536 353
642 895
1033 823
861 969
640 122
619 123
824 641
804 1068
360 1189
370 156
208 35
95 113
275 608
510 761
1189 1178
1040 1130
638 931
301 22
614 701
805 1155
620 905
444 254
832 451
689 177
537 628
452 407
324 826
672 957
619 540
145 1104
582 643
762 751
80 208
804 464
1163 759
1116 281
304 1133
1031 594
838 162
971 828
928 276
96 313
774 845
510 901
1173 273
951 391
511 1047
310 0
349 52
948 940
292 592
685 601
362 662
559 459
883 343
685 764
726 1183
60 713
713 805
369 294
1124 723
631 411
801 983
612 164
256 1061
647 9
333 921
555 635
217 258
1036 389
359 1095
1137 975
137 953
1049 106
180 769
548 52
187 490
296 651
871 1070
100 766
573 135
350 441
763 637
995 609
1075 1004
410 811
75 1161
1178 636
594 450
509 949
536 647
1009 526
807 168
898 608
1101 821
863 864
114 329
933 1099
87 1071
648 23
902 55
966 192
281 93
366 506
730 1038
335 103
276 1071
1038 519
406 724
843 552
19 48
369 707
1107 131
519 395
882 698
974 499
408 194
517 1051
319 708
1136 567
886 1003
345 462
1139 931
915 254
1012 420
1099 470
186 690
332 578
322 482
1118 740
892 607
843 769
1155 136
72 1009
673 775
802 287
1119 1164
1172 252
986 91
351 239
952 1197
168 540
1147 321
488 453
42 432
106 384
756 972
799 452
627 750
489 96
134 1100
123 100
768 631
667 364
219 578
664 824
715 73
802 653
382 764
707 882
974 30
809 1172
90 1027
495 330
1072 90
927 686
1094 528
1007 389
126 238
745 244
213 1017
1167 286
246 1115
150 431
447 191
228 832
112 804
1167 384
1131 70
364 649
845 884
911 1082
645 505
579 739
378 1157
782 727
1061 3
1092 946
393 556
552 547
741 509
869 19
124 1095
159 179
903 99
558 949
790 227
1190 928
29 96
725 873
969 101
148 55
923 658
67 266
152 836
14 132
1074 1132
113 466
420 196
652 394
964 52
119 790
669 1039
1196 159
1048 323
413 1157
805 404
967 187
963 701
1175 785
190 330
560 524
74 1129
770 565
530 816
486 427
686 206
137 1050
647 846
560 1091
71 909
717 899
114 805
688 222
901 212
158 294
846 739
86 215
169 973
400 284
550 235
267 578
627 435
473 698
1101 75
104 596
1159 8
1109 763
544 927
1006 506
880 216
267 682
225 346
634 410
854 875
1091 1058
45 571
813 167
957 918
275 546
715 880
99 1070
896 98
620 552
446 859
1 1150
548 701
878 563
621 64
511 945
443 757
1146 159
624 766
72 114
576 536
192 859
938 1128
542 282
617 1095
39 62
567 162
332 975
400 1029
1019 464
48 664
191 607
613 681
149 791
150 151
850 713
1086 669
130 331
1169 802
258 1139
485 228
766 609
829 1085
971 919
897 357
787 575
420 255
952 31
853 735
821 507
1140 600
412 468
824 774
735 29
832 478
642 744
1183 78
488 802
26 12
1091 321
1167 43
1144 580
795 502
782 192
1185 208
226 730
912 1159
825 616
293 267
691 84
754 1143
253 143
390 438
785 474
180 568
124 890
887 64
454 773
24 1196
1098 1051
961 504
929 75
928 836
966 291
872 745
368 888
393 66
475 367
150 207
861 544
801 1168
90 851
1153 715
1048 13
510 1076
558 122
743 1091
60 193
1091 323
541 548
826 764
70 227
968 491
977 939
968 1121
536 618
936 656
41 933
161 398
84 705
549 546
348 992
684 394
1112 587
661 1192
814 496
742 454
777 472
304 663
694 498
92 913
169 185
1001 842
525 543
746 62
792 352
549 993
620 362
28 1080
505 411
1009 94
1101 585
665 1163
1020 693
973 183
539 839
47 814
503 48
160 1018
1126 1187
827 792
475 766
268 1137
439 269
933 1025
248 679
1134 237
324 1051
959 91
1032 84
968 222
1141 1106
304 487
1149 998
15 927
978 493
20 896
612 848
555 774
343 568
22 25
99 45
186 614
899 319
406 409
645 128
1006 254
973 552
369 1086
791 496
85 886
625 1058
879 425
985 485
986 439
273 61
18 45
133 721
557 551
496 382
997 930
1056 246
627 465
739 795
326 63
687 1070
1139 417
1067 22
785 820
340 210
282 777
810 114
24 583
452 406
201 883
61 211
1166 464
408 419
519 324
132 219
549 1146
1077 765
1199 169
984 484
802 533
124 1159
515 543
719 28
375 413
671 738
360 378
537 490
15 493
826 552
244 450
151 148
1031 406
614 1160
108 443
20 670
424 1087
87 499
460 476
945 1091
1049 1035
422 551
300 886
844 1033
124 337
758 117
284 854
111 1099
828 910
407 45
753 913
68 337
668 33
238 878
714 557
932 386
1025 794
608 561
1120 850
201 832
312 740
646 1163
6 460
722 706
983 101
574 281
564 408
316 795
662 564
512 299
1152 755
920 235
743 520
538 526
1180 619
972 943
188 1165
593 813
810 508
931 868
835 211
1103 352
289 233
150 761
495 443
232 1028
766 1087
401 110
81 89
8 1096
432 765
280 224
949 514
925 619
751 848
649 1077
871 631
298 280
118 189
1046 297
295 737
985 139
550 96
1130 155
287 90
885 602
547 625
311 62
769 362
671 1096
347 291
747 1191
574 399
952 1080
302 1062
816 972
670 546
768 95
724 292
1198 302
108 1146
555 894
447 988
538 726
625 399
913 1195
980 1139
1170 1194
648 38
697 70
200 999
286 137
1143 322
651 212
729 600
820 437
51 1093
100 713
811 272
930 833
607 92
346 660
788 995
308 280
557 1101
910 420
328 591
875 576
616 82
114 725
910 612
490 431
411 1092
540 711
315 203
1190 222
561 1053
1155 511
723 364
1080 401
540 871
348 750
1063 582
39 298
624 1104
300 831
824 159
165 698
635 582
1083 62
581 901
87 640
317 50
541 301
569 532
764 7
723 817
303 431
589 341
680 1069
24 426
925 1068
498 992
797 966
261 205
1109 460
69 783
900 1096
238 1116
996 380
324 1040
536 976
464 655
946 950
823 203
654 449
1033 455
613 917
167 59
997 668
1077 200
95 53
971 805
561 592
495 859
426 882
70 271
365 1055
69 300
645 311
957 987
1159 937
784 269
612 952
1007 686
162 1112
323 1083
796 1043
175 102
358 987
179 614
918 1103
763 248
779 360
135 571
893 786
997 64
1181 973
483 112
528 244
221 718
280 779
183 59
591 1107
120 846
291 510
239 921
638 313
263 943
536 698
840 296
407 1099
1008 1116
1098 465
270 513
340 1028
86 677
759 998
942 390
1029 861
743 423
552 563
147 895
1009 931
1164 579
575 619
993 1194
48 771
119 1113
194 201
458 1123
978 1117
360 1182
19 80
177 1047
33 1087
408 1001
936 469
1169 137
1047 614
499 83
47 738
203 824
623 26
147 66
215 875
343 674
845 333
102 804
441 608
549 452
1022 132
459 93
1177 544
647 612
1141 285
761 813
770 1187
60 606
503 856
976 1004
860 1134
831 979
400 24
679 1143
243 235
838 757
783 277
380 827
359 873
825 755
323 680
49 126
29 1082
323 818
761 790
851 486
808 1092
6 696
235 797
249 1194
1162 868
154 664
12 1132
950 816
777 926
608 217
301 705
42 812
514 227
162 240
43 1009
71 695
9 687
568 1077
909 1045
1004 129
487 775
885 494
1154 470
667 1078
992 310
212 158
382 811
767 539
525 948
980 46
747 951
237 1088
706 1037
1004 568
859 658
687 1049
248 573
836 482
64 99
383 1185
594 1099
591 233
1035 1012
457 1022
655 1183
645 441
818 1142
859 43
952 770
116 771
1016 152
359 642
612 588
420 637
1065 735
244 265
6 646
259 371
1101 893
239 284
1004 249
833 1112
48 703
487 755
852 1200
1023 423
412 935
1042 1012
784 135
889 699
602 234
349 708
531 697
966 495
231 731
337 319
753 451
1043 198
703 1085
169 1145
6 0
30 46
560 295
43 692
795 735
488 1063
21 849
405 1124
117 1160
566 291
1093 191
66 709
58 143
246 622
917 1114
696 746
1122 1167
1094 195
821 1193
334 337
106 1113
804 601
1169 317
240 1158
726 45
265 310
188 177
1160 335
439 318
1132 570
248 572
5 373
113 1031
565 244
371 905
371 1057
430 614
753 320
151 84
982 1029
624 454
1177 164
296 703
643 1160
485 370
920 530
248 185
532 1048
70 1037
193 86
889 172
1012 822
759 187
1062 1077
636 85
300 268
295 974
255 104
1105 710
74 501
1180 980
1120 472
219 342
744 160
1186 626
1089 1024
631 660
1049 477
442 212
928 889
1048 3
1100 995
521 1035
985 801
461 1121
8 535
800 632
865 75
1010 666
12 531
260 1173
699 1120
862 675
307 945
1171 994
666 344
449 263
674 147
26 1011
258 548
585 202
552 409
104 1167
145 595
411 542
218 109
631 583
736 1169
22 963
47 792
562 302
822 470
665 791
804 95
48 1196
308 625
209 4
388 80
1176 176
770 905
581 1169
150 389
1161 98
640 118
391 860
497 1191
790 961
870 511
394 431
450 580
460 1011
33 864
771 407
880 115
877 589
1138 545
380 833
760 113
172 429
440 178
1195 9
324 849
901 71
136 415
450 310
546 286
96 1040
162 527
458 566
683 976
482 434
365 809
606 60
732 1125
407 1036
87 1105
208 728
985 745
552 86
74 666
1091 547
719 1120
528 800
1041 103
75 568
998 27
855 844
176 1065
290 481
580 141
149 369
711 83
293 722
414 857
781 193
61 276
981 448
263 569
1011 911
798 427
25 203
762 1006
158 930
583 1143
1185 831
382 501
775 83
540 1051
659 469
63 128
1078 1025
1052 627
228 493
95 278
89 525
177 146
439 339
922 744
610 710
697 11
68 496
277 644
635 432
910 68
1014 1154
504 554
903 1073
139 417
403 1186
1136 736
156 730
426 569
598 904
413 351
157 605
1028 331
63 1156
90 168
214 374
1015 638
1177 46
582 20
981 504
142 386
934 242
107 1144
225 1186
520 383
674 409
155 291
913 944
587 738
416 376
625 483
931 202
264 766
1 187
600 333
1005 269
574 1088
1157 348
184 1001
193 123
701 1190
1037 286
756 1103
1098 115
351 351
1011 725
135 377
315 924
460 275
1158 332
864 592
1161 610
832 366
622 735
1146 593
36 986
965 618
916 291
1062 404
940 1112
1112 1190
30 183
468 915
450 690
211 5
1190 1041
184 389
263 791
101 1029
1123 612
616 291
547 706
1013 65
129 115
980 385
410 905
985 1175
437 1112
328 157
525 376
162 1038
340 501
234 1064
140 863
824 1087
77 428
847 0
887 544
801 884
954 636
1147 1076
1139 950
818 817
986 270
785 137
1167 524
88 737
531 19
593 198
488 1134
133 1170
645 984
1141 897
1169 1057
516 823
748 314
166 93
826 1160
920 298
558 1090
938 311
1130 269
1141 685
465 538
1082 1128
127 1009
414 559
613 824
165 34
270 771
392 455
391 486
149 1075
859 464
502 333
452 906
629 906
1058 766
395 669
128 305
464 107
138 134
151 111
842 978
1068 772
820 135
629 350
527 719
1192 595
500 1127
973 1044
260 1185
774 924
352 893
344 303
494 202
889 338
141 823
600 347
181 105
531 200
183 1064
887 285
763 617
680 306
969 858
1142 361
708 524
363 265
301 166
904 1027
204 375
563 496
168 1044
823 893
1124 292
1020 688
1108 1118
167 413
487 346
506 477
652 298
1156 90
736 1013
628 770
744 734
208 1056
674 504
996 987
810 25
815 1189
1044 1110
169 1114
95 283
922 782
217 987
843 357
445 837
530 533
216 204
1041 151
1091 128
377 411
836 552
385 615
891 24
876 884
774 456
788 813
823 330
327 920
791 93
122 19
1072 66
316 608
466 46
256 458
664 914
26 887
1079 397
251 967
826 986
491 270
568 312
967 265
770 847
552 1181
877 934
995 426
957 1052
555 854
673 831
310 662
989 574
1135 712
1075 1063
299 555
477 693
47 567
590 598
830 1046
204 477
868 491
424 993
1090 1197
1190 1105
1045 717
404 548
718 777
436 660
440 13
514 1133
580 634
1117 504
1094 1187
646 411
313 1193
378 561
657 285
1192 889
192 454
1184 1049
587 928
637 465
75 667
620 360
363 669
993 792
805 1164
848 486
530 287
763 358
1162 823
65 888
1048 505
845 967
126 866
982 763
1109 860
442 718
801 831
634 564
591 568
748 375
800 332
520 407
1092 12
704 343
181 841
334 393
1187 611
889 343
741 825
521 602
934 583
426 1006
895 803
1142 259
978 1165
762 919
308 742
1164 1059
67 467
50 171
1136 170
1010 121
818 294
630 666
775 706
158 440
1003 745
150 1066
140 487
1046 1128
65 180
692 504
243 756
513 591
364 165
91 291
59 580
1142 788
1029 390
589 1200
594 436
726 324
712 1069
1142 274
1006 286
1105 957
654 82
227 360
761 777
40 24
902 1104
395 430
1056 1064
101 270
341 176
258 1017
825 229
841 928
439 315
357 954
210 166
644 589
341 159
724 983
761 1044
64 1120
49 903
1077 282
323 1118
594 193
55 289
69 655
229 571
118 1056
920 149
465 672
77 572
569 664
1102 803
967 606
1073 374
951 1146
489 49
275 422
1055 426
472 979
573 325
855 788
285 618
537 266
954 200
537 1150
240 444
792 720
946 419
684 70
1005 1089
156 922
26 265
1187 102
197 152
663 579
1098 947
674 1147
1136 107
261 203
348 684
733 98
104 510
11 357
1016 741
476 265
1056 395
1159 132
48 525
738 46
746 794
688 780
1039 544
53 1175
929 941
780 1130
410 697
899 368
104 953
349 737
1005 65
545 472
582 407
569 490
1183 835
1103 26
453 1
504 540
388 63
253 1105
312 977
669 945
738 311
325 316
909 457
1197 1033
1128 533
427 1042
710 643
219 397
711 499
457 874
1110 343
1059 1183
329 1168
321 166
369 301
570 56
764 585
459 9
328 480
954 918
553 834
823 966
826 263
360 100
1010 697
513 1152
827 270
698 445
143 777
914 872
178 240
385 48
1037 39
767 574
1110 38
204 655
18 1054
1089 720
1128 1191
68 748
1148 747
259 1155
617 677
451 336
903 155
1044 756
986 1054
479 1179
477 837
854 86
539 240
348 778
422 450
287 70
362 526
174 1
951 205
190 271
849 992
172 585
1120 238
168 618
504 135
803 668
1137 598
798 1044
1097 1194
334 947
1118 733
751 785
1122 351
196 971
179 783
589 974
83 150
478 326
1096 746
956 305
118 1199
117 804
1162 448
770 811
927 378
411 1016
893 131
1095 100
922 807
421 948
923 29
849 980
179 919
59 1106
337 867
83 485
1130 347
308 385
1101 316
805 1174
515 688
292 821
1127 630
951 635
383 317
40 675
267 543
908 750
175 275
724 1007
1052 170
1133 381
812 736
287 904
641 202
1200 390
450 706
97 705
134 830
510 784
515 194
770 988
424 615
565 1073
932 938
385 852
915 478
575 798
66 388
129 1079
1196 950
184 280
1080 1000
16 510
512 476
46 233
800 567
808 1161
1183 313
233 987
308 893
543 1050
316 1033
246 763
920 561
154 413
576 299
533 1187
597 874
912 137
689 142
89 515
493 130
1077 264
312 133
1095 733
207 151
162 424
489 119
650 836
1041 714
380 146
601 1154
807 612
957 302
1065 1102
700 1016
900 987
1178 485
1024 350
224 886
891 546
228 1144
55 614
893 70
539 1107
748 868
640 272
929 476
666 101
1125 676
768 420
237 649
652 265
8 1009
849 1071
1118 719
940 684
1012 419
1171 781
865 237
773 858
637 1170
533 284
488 1038
267 37
454 78
580 860
949 670
625 425
166 665
87 225
241 1107
425 324
149 918
752 1075
1164 1169
468 462
328 645
479 110
119 682
986 1150
807 547
940 69
253 158
1118 279
1018 117
807 517
762 282
1038 1073
964 707
396 545
1168 678
866 558
665 468
959 697
447 9
592 367
879 950
619 311
207 306
1091 984
556 626
1159 697
463 544
75 589
420 536
589 821
1034 212
944 128
917 372
702 793
658 416
491 1176
247 880
532 196
1193 859
66 374
280 310
175 270
361 865
525 321
360 603
480 328
821 488
343 368
439 663
431 519
45 472
847 909
59 901
11 532
96 252
857 40
784 897
57 978
379 1166
232 891
421 1057
821 596
296 1028
1073 87
227 28
579 1047
573 108
1026 205
248 720
698 490
912 945
969 748
777 819
670 120
725 608
1170 639
993 156
1194 570
1110 763
876 133
311 507
39 76
522 354
523 1088
182 495
729 342
1137 661
1092 67
1179 287
591 701
969 1016
246 222
620 79
602 12
1039 598
1198 374
1026 532
347 707
355 505
411 890
1099 194
425 19
260 22
181 915
1159 359
721 986
298 812
439 861
726 467
36 1095
743 1068
1049 636
575 110
142 813
162 602
611 1015
344 1035
396 888
46 850
850 748
403 343
333 631
355 804
1011 511
1065 968
864 713
379 634
770 166
831 512
133 4
898 1154
1189 600
816 1118
28 1032
79 353
760 222
1104 852
684 721
525 681
307 449
241 894
348 99
73 1007
904 923
245 119
232 735
861 942
47 3
525 805
158 0
1075 589
1039 787
394 1137
1078 194
72 714
694 996
1030 798
968 289
175 1172
645 760
1198 463
140 1053
884 796
979 689
833 1004
69 720
40 296
839 1100
349 211
732 88
667 1085
880 405
962 1060
613 825
77 88
166 230
121 1107
244 653
348 56
120 237
1024 1020
906 1046
1065 143
137 363
592 817
984 1033
915 496
576 732
302 35
861 295
691 969
310 744
1089 82
698 1182
253 933
445 816
270 1015
815 1156
1097 134
252 1084
402 584
246 211
930 162
715 978
869 77
958 449
65 120
1048 1134
1017 11
957 1141
286 861
810 704
1162 443
953 762
58 489
1134 764
791 5
411 841
212 631
822 666
208 835
220 236
339 740
1000 589
1081 281
365 588
402 997
767 1038
552 469
697 598
538 1137
472 1088
252 854
321 979
12 1004
815 806
777 103
1058 465
343 991
658 1001
407 599
19 85
947 920
1127 404
1153 200
833 266
879 1050
49 528
999 783
776 482
109 1126
578 284
381 230
836 884
894 501
529 278
839 497
733 954
890 824
126 1112
107 442
309 443
866 1112
1000 1055
6 51
389 234
102 371
989 1146
461 309
663 1000
852 60
529 271
182 534
746 824
341 104
195 950
1073 826
819 494
1147 220
646 88
548 359
370 1107
395 182
1020 145
418 142
517 399
468 1075
484 456
993 438
1142 715
149 825
707 620
997 1081
875 720
169 516
1131 363
68 1054
754 797
683 385
1028 371
108 341
1191 1079
332 747
943 283
499 964
480 51
1032 462
858 645
31 182
1126 726
276 978
876 835
448 516
1054 359
648 1029
1110 999
627 563
524 675
218 424
115 78
1097 324
870 758
997 915
446 443
556 760
1023 625
764 608
10 996
430 935
362 664
69 1116
31 431
679 405
521 976
320 667
843 730
383 487
109 807
424 529
692 981
319 242
223 694
834 661
888 320
1 8
727 817
226 129
625 386
888 397
267 599
940 276
156 1119
117 655
792 737
570 1010
384 1090
236 163
199 856
112 190
120 1079
145 933
595 803
929 909
479 462
80 569
1013 420
40 405
205 306
908 178
476 1150
400 690
763 239
886 661
229 834
620 455
168 773
207 925
462 897
876 919
346 828
568 1019
1129 352
383 700
677 168
627 48
957 1130
1172 463
660 592
425 644
363 366
102 22
208 581
174 518
225 1196
958 35
530 250
414 383
324 582
376 559
873 1037
967 971
582 1165
463 818
817 1122
1093 980
602 932
980 110
822 1010
1159 965
585 1156
1179 1182
483 628
911 486
1010 1034
1110 451
1144 771
1138 274
995 867
546 797
985 540
1083 1121
314 236
1027 14
275 1048
850 565
252 842
72 627
238 414
824 97
635 470
989 943
822 584
791 148
747 715
496 504
843 36
986 90
555 340
1162 1040
405 1000
1072 519
346 601
520 1193
179 1176
219 809
191 306
494 1042
486 271
1017 20
923 1136
1131 323
518 824
24 97
558 112
760 904
1046 165
427 381
806 592
779 253
687 272
233 1164
82 358
12 620
45 36
215 656
501 711
426 643
961 559
453 938
79 139
609 474
817 281
75 851
408 999
952 119
603 204
421 1143
794 341
1004 622
417 992
353 367
1073 335
1180 775
1108 739
119 30
335 985
728 922
62 980
437 340
748 102
897 413
586 716
480 149
673 1174
56 110
1112 173
670 299
214 1180
317 535
670 530
508 993
1103 993
587 289
1073 488
873 67
663 990
220 357
1074 918
137 653
444 156
158 269
191 186
816 120
894 777
436 90
1144 147
465 1036
528 566
436 182
76 99
1073 949
402 534
133 304
10 239
51 788
1011 277
924 343
85 680
680 528
1157 1175
1163 636
172 280
727 1192
383 369
366 842
472 1059
557 470
274 181
548 712
528 920
974 786
1014 1015
916 1087
406 223
142 302
483 614
510 634
1172 763
1058 113
255 369
1134 409
1066 636
614 549
548 354
203 135
79 219
444 516
981 542
561 142
283 490
722 0
338 1129
355 65
365 712
636 558
1198 328
784 130
192 333
72 274
845 300
995 577
840 924
1171 42
196 347
445 512
64 952
595 895
808 480
824 489
272 335
225 929
72 157
266 372
324 534
751 516
713 261
580 1006
931 1003
290 977
745 572
1081 682
346 488
0 609
522 515
225 348
218 1091
452 432
262 781
708 836
23 1179
1034 305
728 208
33 1040
447 381
1155 90
420 739
482 525
1076 216
548 511
957 775
882 1120
81 429
369 724
79 850
665 22
200 167
843 757
54 93
535 210
165 453
1180 1101
178 1170
134 453
1008 6
189 447
968 818
450 252
5 9
174 685
453 292
247 394
962 596
512 399
1138 1034
624 1123
403 844
965 737
723 1173
388 1088
1195 977
407 1154
676 771
566 104
59 231
50 471
291 1189
50 397
486 27
1177 296
217 1196
746 298
697 832
691 602
656 928
775 22
951 328
1176 598
234 1137
590 377
242 366
419 515
100 64
546 1041
600 1038
7 110
430 312
445 609
930 1170
425 1012
865 751
345 933
644 847
747 492
469 337
642 645
501 141
750 555
294 713
743 562
685 842
1076 204
609 662
334 501
315 47
786 644
203 893
641 156
546 1181
708 246
708 132
75 896
945 1120
235 915
678 667
373 504
525 636
692 58
571 583
47 651
354 1086
77 1051
144 510
890 530
959 96
1076 881
252 926
772 195
1149 1056
710 185
253 908
1012 123
722 525
800 831
198 529
239 422
417 1090
449 965
493 485
605 647
1051 160
295 566
719 112
34 478
165 749
1051 336
448 468
749 238
391 965
691 148
522 754
158 1142
718 163
172 456
683 434
577 240
625 805
1159 370
619 900
624 719
1187 198
351 459
686 938
164 1110
1020 517
695 893
284 181
1156 551
137 634
939 367
695 217
831 2
1177 503
377 1009
217 809
156 241
1036 1057
361 373
135 426
806 688
522 913
17 515
899 1021
994 811
513 954
1047 624
441 38
150 12
282 782
195 820
1176 674
262 651
348 863
274 631
329 385
1115 785
982 1194
438 759
126 751
657 1197
52 541
431 953
29 806
1130 792
111 422
719 168
825 683
894 931
167 622
739 764
774 298
744 540
389 95
1031 587
760 177
1129 1053
69 594
229 805
1009 844
304 714
449 136
107 124
687 580
861 428
351 738
302 84
412 872
975 280
504 1131
1160 471
282 962
582 600
667 350
174 309
464 786
465 327
320 896
569 731
1082 527
821 690
1133 856
1132 932
296 413
220 449
583 200
7 1117
26 836
594 461
582 173
988 34
386 752
345 1013
966 988
1167 701
45 417
53 840
1189 633
135 649
297 438
120 238
102 199
903 807
676 398
927 912
619 77
325 441
374 305
968 745
971 1112
643 746
1168 1101
545 509
208 399
194 890
1111 349
881 894
175 364
471 274
412 1152
1151 745
801 1118
971 714
462 860
600 985
154 683
997 1005
394 524
1036 844
75 565
1185 836
287 1134
792 207
649 37
361 1160
467 952
291 156
385 916
856 346
984 386
511 1051
695 1001
769 636
606 878
132 758
62 321
322 1058
4 141
62 137
551 1099
338 981
797 988
964 749
1027 762
437 211
18 632
865 417
1015 108
21 1147
140 875
884 43
196 761
806 638
759 340
16 143
1050 344
557 166
143 1010
672 914
947 571
1119 330
1124 870
293 1002
737 170
730 457
391 694
1069 1122
1051 845
1046 655
1083 1033
1 417
1132 1122
221 1034
1042 418
246 789
850 1099
568 658
871 266
679 1117
127 1052
915 1008
226 623
1013 777
384 1107
419 526
225 818
897 94
801 893
47 93
187 294
337 77
936 566
507 641
436 538
385 141
106 954
741 1188
248 388
839 176
285 87
595 739
449 933
984 737
267 1149
531 713
138 245
76 803
272 1136
5 922
651 1009
376 649
815 215
186 195
1010 932
783 1121
383 235
996 206
1195 993
557 1016
540 874
980 537
783 615
546 339
934 1056
453 1191
129 841
731 90
179 1105
1050 1095
1111 1198
440 1014
632 654
1174 220
294 499
268 1068
777 1054
605 289
352 137
1159 310
475 428
21 1075
935 952
933 973
578 525
1197 1185
509 122
1186 357
520 801
605 592
140 541
860 944
384 408
411 882
834 1182
1074 879
1142 685
1199 190
696 379
207 624
116 120
584 235
518 485
374 651
559 229
336 790
338 998
1053 835
616 524
1025 751
544 1096
329 314
421 1153
919 89
877 797
647 706
576 1185
132 706
33 1042
38 818
1033 405
1181 880
1088 929
661 322
400 247
400 392
451 513
974 504
308 108
702 498
518 35
457 843
993 109
833 1132
8 674
395 246
891 17
180 569
441 610
478 618
731 929
1034 994
788 696
49 791
4 279
1054 436
1174 199
1048 132
1182 1156
926 350
848 933
520 241
1135 1158
85 957
353 454
117 744
843 719
545 789
1035 1152
733 841
665 504
664 679
681 138
1054 272
984 635
637 780
494 1171
842 69
1117 770
1144 348
856 71
80 1197
1046 599
56 310
705 41
476 1033
401 477
960 119
181 1100
505 541
850 208
627 98
572 1025
521 582
537 407
1154 945
130 480
850 781
1199 501
183 339
532 464
587 89
89 339
676 250
204 702
889 153
734 1138
723 735
266 157
682 845
453 684
110 994
904 865
155 298
1181 609
869 1033
232 547
197 88
766 782
881 78
787 834
848 103
500 937
854 619
1177 914
761 995
1161 75
1097 287
459 936
235 653
822 966
458 951
1026 164
804 992
964 1150
377 1075
1132 700
677 556
814 1015
872 171
136 769
556 985
332 120
609 439
850 993
349 544
242 1140
636 1184
5 209
587 590
186 601
552 1142
1014 34
481 404
98 886
293 990
333 621
660 755
83 565
24 58
180 713
1103 878
891 958
348 319
23 439
316 220
863 586
428 155
1088 449
887 107
689 215
476 288
209 325
955 424
650 14
1087 1003
621 1081
604 815
1071 511
1168 776
65 874
214 671
1067 302
313 1146
66 556
147 336
355 583
655 105
980 1061
443 376
132 276
232 503
792 1021
430 1106
7 315
718 45
42 1045
1188 418
3 539
948 337
1074 855
1142 977
486 214
523 156
1145 418
749 502
463 389
481 731
57 212
1159 169
575 872
1061 235
688 677
672 1019
968 201
308 572
240 1138
366 311
428 808
224 675
821 829
1166 237
620 1085
93 328
567 963
124 1158
391 1035
982 811
89 437
23 1177
837 679
333 580
341 152
1043 904
314 1052
548 1171
124 83
9 1170
659 70
1140 672
533 48
431 196
916 230
694 196
546 872
438 937
293 1195
182 344
348 458
263 430
1190 20
805 638
935 63
751 562
991 788
1161 753
1093 355
628 647
1067 725
696 35
864 635
69 489
590 812
417 130
992 806
427 120
1175 936
40 844
98 917
703 333
826 275
1014 470
249 839
906 1044
475 664
1140 974
573 1169
804 679
541 516
613 1191
626 957
667 691
612 244
935 1186
247 1182
812 539
92 259
458 316
418 3
213 829
461 1016
853 197
977 1184
315 296
111 570
502 1066
235 571
660 627
626 418
169 865
575 323
9 25
711 613
1 13
698 984
208 598
1054 1126
760 792
568 494
400 1152
785 1034
371 576
382 744
102 1057
870 977
717 968
1197 294
1004 411
1007 1187
51 592
46 214
925 410
1124 194
327 907
6 651
443 888
638 956
1002 500
554 653
261 59
651 379
625 94
535 266
1051 1081
1042 542
367 1000
166 1063
80 1064
769 543
1170 328
505 357
954 810
499 918
1121 590
370 583
952 448
731 736
599 749
1095 1006
6 805
239 343
958 1142
368 225
669 790
56 949
684 210
93 812
1094 638
1150 1060
964 713
144 176
801 1195
229 1173
699 53
337 925
287 536
232 894
515 921
68 772
114 895
75 287
780 523
725 56
223 574
644 951
89 311
978 1041
930 260
810 555
904 195
1101 492
331 357
1151 969
97 239
1071 1047
445 669
577 278
748 876
859 58
575 568
856 650
941 1032
87 686
433 483
935 878
1167 749
188 1018
1037 329
913 967
350 544
45 250
866 20
69 985
178 541
563 913
931 925
17 711
891 462
979 142
1178 910
563 1171
694 566
299 11
1110 52
351 741
591 774
592 911
1003 839
122 759
226 88
713 1125
1118 1171
760 688
647 683
548 625
34 430
824 922
98 594
663 20
1082 928
733 477
1080 1111
1021 1060
498 1092
1074 849
813 270
327 578
420 833
878 663
604 366
1148 648
914 494
943 1021
1114 828
32 637
476 222
907 593
730 954
236 316
160 99
339 1181
159 467
574 923
160 666
1059 1095
386 365
271 1070
516 566
956 408
581 1040
491 612
574 503
944 802
16 775
206 636
432 670
822 401
1021 689
586 379
306 48
681 130
1187 128
263 538
1014 78
278 279
299 985
63 388
996 44
976 99
177 634
1189 308
454 838
233 239
1127 353
1021 765
807 359
21 348
843 978
1176 280
945 905
572 208
739 865
333 644
957 643
798 943
1054 211
793 920
995 592
705 1048
775 256
529 389
1167 1104
692 383
732 587
616 35
398 267
763 1137
82 1136
438 636
131 994
237 499
1113 878
1177 1112
12 826
914 1169
694 200
886 1081
831 36
939 686
470 530
327 708
1166 46
363 1189
339 107
785 80
711 650
835 621
317 166
213 144
516 194
751 450
1123 875
388 1163
1107 1103
128 751
438 900
310 338
952 1088
891 960
954 242
482 1051
490 411
1067 1131
227 895
0 414
582 373
75 396
1014 604
576 568
1052 1128
196 262
1007 967
276 1127
691 87
530 1180
759 1101
60 702
89 1104
298 971
1041 914
473 918
225 616
1009 1092
207 887
413 561
1042 910
358 511
1158 22
879 26
310 256
596 377
988 662
1132 385
819 724
293 718
147 447
1117 259
503 514
533 1192
316 179
320 878
70 525
619 1083
732 1200
998 232
258 755
546 168
614 406
461 579
252 223
474 364
734 25
1070 690
148 714
112 332
123 472
1187 1134
1193 617
943 29
1024 837
487 1016
296 907
261 1025
1002 606
1139 1153
299 409
831 929
954 576
519 855
303 72
901 147
650 1007
39 493
944 740
979 1060
765 967
241 514
950 1101
717 408
1087 508
1068 1054
1067 344
26 646
946 436
1167 611
936 1069
317 1151
941 487
725 740
926 1162
1103 835
624 937
363 1065
561 453
735 68
363 401
696 1007
506 374
943 464
33 1163
41 252
177 523
326 1190
689 38
229 214
563 312
41 830
701 809
123 741
702 134
811 825
712 862
1007 1082
497 144
1159 1048
1080 132
223 91
503 721
814 697
940 199
732 178
274 555
770 417
46 788
1198 1149
657 929
550 1071
748 95
582 347
74 669
974 569
165 266
34 506
675 775
405 930
779 1042
421 918
594 498
195 93
57 191
509 520
361 665
899 2
662 633
769 877
228 407
365 561
1041 658
588 821
1105 422
1171 63
574 628
1182 868
249 806
888 1104
1166 486
1024 831
127 773
327 253
41 676
1032 148
26 410
402 340
666 3
483 711
616 981
1053 1183
235 791
975 880
194 398
954 1032
400 1069
852 310
569 781
1113 643
872 486
509 561
472 1162
936 443
372 1166
899 131
479 387
833 221
22 1162
113 894
914 283
326 155
444 65
846 631
671 197
194 1185
605 544
1092 206
585 243
753 568
1057 935
277 810
564 934
1133 797
1052 1091
527 373
202 183
592 865
469 67
278 202
1124 369
216 7
1146 4
1191 728
432 590
184 345
31 715
813 930
329 35
1043 940
1008 4
220 1132
872 566
151 438
352 370
231 214
765 272
36 595
355 811
243 212
512 1003
36 728
273 770
1196 308
736 632
912 120
360 216
764 1003
525 962
273 725
569 492
965 996
779 918
998 151
102 251
949 792
86 95
375 205
807 60
767 941
1012 210
52 768
730 239
343 604
462 941
1132 1145
706 1172
969 1111
981 336
560 577
713 1055
623 757
1112 588
699 511
294 68
494 371
992 267
36 699
130 814
664 502
696 1111
938 518
690 226
733 17
985 483
564 640
423 1107
789 380
239 305
1105 259
200 861
203 431
104 750
926 782
249 431
1147 684
1184 351
472 902
7 684
99 290
610 334
150 879
608 296
1022 1039
20 465
365 474
866 608
568 121
885 1147
959 939
517 845
1165 788
664 1081
957 258
326 845
28 1108
1075 701
174 932
854 830
779 645
982 940
916 845
1046 1042
414 312
363 76
620 323
710 544
981 502
642 1158
411 484
347 578
752 369
219 1169
509 502
524 529
829 634
1042 398
785 711
1030 1029
161 1106
879 703
1095 1082
794 179
161 392
224 509
214 984
509 637
916 764
1013 272
143 407
605 565
872 376
326 871
434 890
1044 1113
1095 321
443 1020
994 1015
357 104
762 650
984 562
448 203
236 859
123 598
1094 796
1021 999
1099 369
777 908
442 901
1125 1191
333 1173
810 146
311 546
367 260
144 775
287 722
766 581
858 752
317 1076
587 706
329 1126
56 1116
621 317
859 745
282 447
1162 1096
1080 3
646 104
457 35
700 65
239 875
798 1121
403 168
827 115
867 602
312 799
317 948
675 820
109 986
707 633
433 477
218 94
102 638
437 414
994 486
706 44
762 114
13 548
994 422
1143 485
505 86
386 929
1085 1004
388 189
1042 396
518 1097
379 553
729 452
29 74
104 243
1009 1003
999 314
477 954
582 188
60 232
1143 187
943 249
569 1144
533 721
534 815
1097 969
684 135
799 303
766 556
226 519
715 234
258 579
206 617
870 287
5 324
867 62
368 210
69 1189
1157 1140
904 377
616 915
1016 180
574 1153
520 1197
209 1183
579 854
789 445
278 922
1182 1091
680 210
207 1048
520 399
332 434
289 10
350 1092
455 135
1046 147
867 483
412 644
186 265
1185 778
581 534
980 727
8 715
464 57
1117 285
889 644
721 251
400 1043
818 503
13 1050
1085 1148
746 756
30 887
207 159
295 360
427 454
1011 1001
303 819
206 487
909 1064
235 593
884 546
369 709
617 215
409 802
477 305
626 289
420 462
297 549
274 618
1105 1021
582 952
1195 1048
934 608
570 1156
602 544
399 11
575 1048
1035 319
260 272
1135 383
767 156
368 503
1095 493
449 177
226 752
194 937
502 506
435 506
992 922
893 719
717 238
972 198
321 443
963 497
953 1025
963 1147
1161 1055
1074 37
630 183
610 313
228 712
400 572
664 456
890 647
883 969
201 459
427 319
1022 1167
21 212
255 763
103 240
1148 909
629 680
578 970
1119 153
99 510
299 260
1077 201
1103 146
888 132
664 834
389 831
431 852
38 127
1136 1009
783 438
660 237
993 184
305 529
596 816
656 604
1043 266
553 1032
797 603
142 309
933 96
260 213
391 715
404 401
926 874
423 787
936 682
664 245
826 211
874 215
931 561
961 1072
541 795
1188 923
824 1019
119 629
15 779
1037 40
24 650
807 613
299 246
163 1097
617 237
187 1001
421 796
1169 853
850 762
1177 747
183 1117
507 570
1026 374
132 627
266 133
1112 802
1166 36
845 891
157 183
498 1195
845 444
656 236
147 809
1145 340
722 1123
878 1049
324 778
719 793
1022 454
967 733
661 297
248 13
983 1040
285 374
338 350
694 128
106 579
215 1018
736 770
498 763
783 346
1044 870
462 753
623 128
937 760
520 20
168 515
647 411
866 704
419 701
552 1010
1059 1027
186 247
61 1077
601 639
21 464
577 1061
248 553
988 477
712 204
176 80
607 208
657 56
525 743
30 41
488 652
462 262
87 988
867 920
656 972
626 583
774 495
658 1081
787 16
619 361
388 692
900 837
539 222
533 736
509 757
653 120
112 733
761 365
1090 564
404 585
1030 567
54 120
82 992
253 792
492 696
665 977
987 600
978 860
33 1108
867 1049
870 647
19 165
587 610
597 1072
1185 768
1047 935
659 771
1108 142
332 1013
376 1095
1086 148
935 300
935 968
1059 728
712 172
953 500
1089 98
371 879
197 57
1078 300
330 1136
581 694
889 1067
391 639
738 499
61 748
950 638
124 666
149 154
981 1159
1136 710
548 416
296 685
772 860
744 523
102 930
467 549
1165 155
467 361
126 1127
270 315
274 180
139 1135
469 732
365 1113
224 1143
1130 589
162 514
27 185
346 1052
1150 621
372 1183
835 890
548 323
574 761
283 976
956 890
979 1137
7 68
755 233
1184 423
1142 1124
999 608
541 528
912 132
694 539
576 269
821 804
297 253
680 253
715 466
637 927
99 480
1145 859
1005 729
260 546
1157 110
446 725
549 627
963 676
1038 331
671 1154
860 1011
139 530
206 485
1170 1161
13 1025
180 437
620 1070
826 732
996 736
1116 1112
375 1030
1086 1105
971 477
660 1138
526 657
940 261
813 912
791 106
1016 1097
981 90
1084 21
860 371
899 969
969 64
620 85
1153 962
211 270
766 472
122 1175
943 1184
2 269
1178 22
183 1187
611 150
725 106
608 398
122 778
164 822
609 1136
113 923
920 1142
381 262
686 314
1107 278
1012 1166
367 270
88 1010
23 1158
1055 156
715 741
32 6
162 470
248 509
669 471
1182 222
1153 586
293 4
233 1141
924 779
697 730
847 1127
704 761
264 1017
549 197
266 867
525 569
908 138
380 363
1050 157
684 96
362 750
1008 736
401 78
76 973
242 922
296 360
628 1176
195 1075
335 500
23 1033
266 1068
111 996
194 1099
289 1063
59 697
294 772
275 172
659 82
1189 455
345 1173
605 345
522 236
778 264
672 573
1121 473
563 371
487 611
866 1034
214 692
1148 368
459 963
285 704
411 1149
810 963
57 500
0 819
319 1066
829 786
1067 910
958 30
109 818
252 904
948 1088
784 707
60 227
270 609
508 778
1092 654
963 666
99 802
752 503
531 236
226 27
959 839
1114 319
160 395
44 793
703 1001
608 1174
937 132
399 373
237 520
1096 98
235 223
881 926
424 812
135 175
305 551
524 364
207 808
546 993
807 1077
350 913
815 110
1192 90
96 157
797 997
445 248
30 1080
906 416
402 836
1182 649
228 689
1035 901
974 390
1062 478
373 295
503 1181
568 287
412 501
975 1095
443 751
1033 733
291 498
376 1081
392 932
674 53
559 1012
902 174
329 981
494 731
173 678
899 915
490 710
82 820
1091 1121
40 470
884 208
27 701
463 516
789 935
904 633
957 349
1127 566
345 491
87 361
692 205
186 911
167 503
408 956
971 612
468 857
593 9
561 1112
240 845
88 898
305 564
794 1061
543 1025
6 851
1031 818
53 1011
227 1087
178 78
189 41
493 220
329 870
1135 992
190 154
1173 596
894 718
1024 343
297 37
829 1121
1127 955
361 500
321 813
323 91
464 319
163 865
77 345
398 682
290 474
798 1007
865 303
273 1036
544 1128
752 30
216 255
540 85
333 856
3 98
496 913
1052 25
496 1098
46 968
967 583
592 415
961 701
550 325
228 167
1198 1072
254 30
909 97
1015 1116
579 173
36 937
856 473
423 245
456 1197
892 339
450 457
905 782
675 749
296 446
984 329
710 543
88 1072
591 52
38 135
970 1162
1173 1193
713 319
492 862
768 693
456 1132
26 174
459 83
111 686
1099 65
774 577
750 665
165 128
1196 936
1132 132
214 645
843 116
849 164
669 25
970 406
906 124
105 951
622 1039
377 616
221 1189
238 838
582 574
1100 328
99 1145
336 144
279 235
1148 706
805 1123
402 708
95 982
1013 316
533 803
616 381
262 864
1186 691
1125 429
533 960
493 11
57 929
586 476
434 116
496 1083
485 546
467 982
480 952
68 1196
719 442
938 666
489 729
641 650
1052 236
488 826
185 972
1127 356
559 959
671 416
320 899
105 81
95 758
173 619
1149 88
876 1052
1177 545
55 1182
578 1162
1108 117
1102 797
360 154
950 231
608 1191
442 1094
427 988
166 594
840 1107
937 447
596 1094
504 363
67 106
809 215
994 865
889 889
244 416
282 74
356 629
540 1090
961 1164
969 560
335 1086
163 1037
1156 159
866 701
1174 563
838 681
1113 198
625 819
559 818
454 1008
336 819
86 978
1163 364
698 13
1175 1160
480 884
995 618
416 1115
687 1174
789 1139
815 162
558 51
623 1155
88 671
913 92
1137 538
436 314
1092 1165
270 107
7 460
339 763
858 135
671 626
672 746
634 159
983 939
1085 1184
534 1089
892 136
892 1106
142 421
987 1082
1093 892
197 1118
16 130
1176 469
881 855
51 1134
796 234
1156 586
710 204
823 288
443 1061
538 437
1127 1098
1137 796
435 689
97 1117
774 908
279 225
64 871
713 660
449 1132
262 245
860 1122
443 638
401 421
901 742
1171 581
48 917
960 44
378 332
594 835
959 279
785 322
710 610
193 382
82 838
279 388
449 831
507 511
851 1194
115 246
959 716
65 1121
536 860
142 177
377 365
1165 637
1170 1148
105 202
323 543
584 72
634 957
120 372
919 848
917 545
329 1107
611 601
105 607
752 418
1113 1172
647 832
113 1005
432 101
947 969
930 284
234 785
816 238
802 1168
93 299
800 696
667 736
1023 15
411 1077
36 154
954 696
108 660
151 464
1179 916
894 546
915 1134
1110 189
402 335
313 396
31 660
1008 154
61 971
748 32
602 132
299 464
946 430
198 747
481 235
405 337
233 706
978 961
895 300
882 158
255 518
1125 427
795 1129
321 1165
601 628
830 675
613 426
1014 910
892 272
936 964
143 373
747 360
768 936
1112 1112
552 761
388 203
111 11
703 211
706 162
1069 815
454 764
350 589
668 504
564 628
861 230
283 52
196 320
320 838
171 1015
121 432
176 223
60 981
1099 779
857 388
413 645
1024 1114
817 984
1148 612
112 860
1 498
519 1064
909 348
914 935
1166 952
549 1066
391 365
595 786
62 397
532 67
979 603
586 48
1021 702
415 1113
1114 890
994 1133
771 86
99 236
25 966
982 246
209 185
662 370
549 768
314 1042
135 631
190 50
1183 1089
1188 403
888 1126
1065 890
618 436
473 560
1063 262
29 749
277 756
733 234
488 134
918 1128
533 846
1179 178
473 786
84 998
531 754
428 164
667 721
1135 522
615 441
220 343
864 868
516 394
761 765
65 1024
829 399
215 1143
1175 1041
1007 229
1058 641
1106 420
333 158
207 49
485 1076
505 144
255 999
140 975
1116 191
954 11
417 124
1174 271
203 1132
765 938
905 602
498 489
470 778
428 626
506 462
867 206
405 119
39 117
648 346
1008 789
410 1100
611 270
188 281
454 65
397 461
404 437
104 15
93 1118
297 1055
626 287
369 305
1069 916
163 366
1181 268
67 491
1148 579
306 605
792 1197
1185 739
516 313
372 1193
910 730
716 634
757 288
295 1116
46 1021
284 179
22 220
533 481
1090 805
647 565
716 1032
1110 588
1194 1027
1024 1012
522 541
830 501
604 371
1097 1105
341 562
405 974
179 1182
526 1148
666 815
527 438
605 322
356 990
200 519
253 50
1032 820
750 122
357 339
650 3
145 266
303 345
929 1149
958 398
796 658
794 376
1142 243
899 690
223 327
907 975
727 1159
460 861
257 436
53 700
372 504
671 628
999 349
1104 490
417 410
255 345
693 669
1184 392
178 456
922 627
991 79
1012 580
274 726
217 439
391 17
905 287
123 157
349 679
1043 999
152 264
1179 360
291 582
940 559
851 185
56 404
1131 412
854 919
1035 738
521 203
52 872
107 1033
916 494
639 809
971 1175
180 306
100 314
291 406
1149 612
699 535
718 431
372 1029
1022 1063
446 790
1065 345
227 1142
888 890
938 444
734 820
512 144
516 991
504 1119
993 254
581 1102
369 394
1037 693
441 800
4 1111
933 647
102 674
875 56
568 75
355 420
252 1015
996 900
1198 507
491 123
53 363
170 86
123 805
641 891
230 1134
333 106
881 471
727 468
107 116
233 587
344 900
15 773
989 161
977 545
373 785
627 859
112 320
496 1118
168 414
312 785
506 1197
638 203
464 845
108 940
1161 949
62 367
1119 95
1032 324
1153 924
1028 381
602 894
92 350
1151 853
197 413
14 752
682 48
200 401
882 1079
223 236
14 1075
971 230
66 17
375 563
633 192
247 1023
112 889
849 496
375 1046
1065 329
388 38
686 1182
1003 783
771 883
237 993
1085 822
74 206
670 361
26 559
146 295
416 405
1049 446
371 622
34 688
1193 477
975 919
1078 1112
211 853
809 731
774 512
104 116
932 534
775 333
564 238
535 333
901 726
888 180
680 402
951 232
1191 164
1190 1166
993 852
188 808
1110 1194
1189 139
492 145
1121 42
1167 1145
540 132
1026 796
956 931
1124 642
680 208
359 315
920 731
921 23
1073 724
24 875
298 561
81 351
405 207
778 502
1128 753
126 987
190 628
441 469
1167 433
842 335
76 292
271 441
790 1070
779 870
258 591
369 1000
49 564
419 750
798 929
992 1160
580 332
128 412
256 839
857 745
1183 243
778 987
668 393
361 55
106 757
503 361
560 614
707 373
419 316
1172 195
1142 1013
891 230
3 603
149 966
115 189
229 18
176 332
121 749
1196 1103
963 910
267 402
282 16
895 22
106 190
396 779
739 1082
282 379
485 1130
88 239
361 1038
837 988
321 380
365 448
250 851
871 109
125 442
445 48
439 610
278 216
516 705
1197 989
273 456
887 1139
1058 443
604 836
168 90
163 104
494 678
983 591
1044 1148
741 80
1169 819
945 979
228 1127
912 493
689 1027
751 1192
1044 550
1087 375
546 330
675 1161
1037 79
315 674
135 1026
958 413
392 79
339 1005
205 1014
1129 967
852 584
749 619
1113 690
997 274
295 200
228 40
640 409
228 830
851 387
1158 645
742 31
525 1028
1082 1178
540 1189
955 1044
149 1150
530 164
984 616
448 1101
983 883
371 121
1104 436
1130 1081
629 1084
751 799
167 1128
849 257
1159 820
744 444
1105 119
837 11
79 650
158 993
1042 137
815 692
937 601
173 1189
754 513
1131 1
568 343
144 1179
314 770
666 1172
1013 243
78 852
25 600
497 896
534 949
533 580
393 169
180 74
1042 422
160 197
1159 1045
564 475
102 222
1037 486
133 208
942 1007
760 795
547 580
589 139
670 1088
772 430
205 523
71 422
320 508
990 501
979 19
322 51
1176 596
554 1025
694 181
106 639
1081 440
214 555
308 427
553 433
45 440
549 1000
707 238
5 206
263 917
1163 721
310 518
1149 718
210 837
779 137
1164 760
379 806
868 742
827 721
169 793
80 1074
73 530
293 34
495 979
644 731
0 420
619 748
48 122
728 725
587 449
538 1184
509 947
699 814
739 30
1018 484
1005 941
91 1154
1161 124
751 1073
737 141
685 732
895 553
46 858
714 67
803 448
621 6
1099 218
1013 303
237 222
323 705
1133 906
389 703
442 701
210 257
213 1189
952 849
928 958
1071 311
1003 1166
951 730
335 698
693 981
705 293
901 805
416 574
172 282
384 622
625 826
259 169
41 629
1008 713
162 964
319 377
249 1002
692 957
1024 924
64 513
357 448
438 649
719 1168
173 282
1169 1021
407 360
692 418
1164 470
1072 270
494 949
946 316
36 141
1060 649
617 939
460 786
1063 632
363 186
888 840
1178 427
939 1086
930 336
526 30
1079 777
601 336
1180 296
180 520
761 941
920 472
672 815
1103 332
252 998
622 664
1176 733
1139 57
136 248
981 239
1015 142
680 334
530 89
689 914
588 520
645 333
901 806
516 844
716 359
72 893
688 1145
1177 1142
1014 381
490 315
1098 903
299 1102
1022 1191
186 979
239 1169
420 189
1086 18
893 534
446 596
617 1085
314 795
147 235
689 614
752 172
654 695
699 174
890 883
552 254
26 1054
205 1001
239 778
901 108
444 410
361 676
320 359
59 156
579 246
941 1186
1032 431
427 1112
881 773
289 119
912 1055
403 0
1165 647
727 491
182 79
208 1168
113 25
720 281
294 661
998 389
536 851
225 1031
812 959
966 1019
169 696
552 1073
826 778
406 445
426 876
1147 1093
641 602
1076 202
924 113
961 523
942 350
1034 146
638 980
287 224
1033 973
1036 383
501 1185
253 485
826 346
665 108
635 67
1032 225
1119 9
418 908
666 531
633 581
323 970
751 532
1154 728
924 830
614 602
1070 795
430 1002
166 115
476 869
875 70
544 448
1007 517
191 309
93 939
326 35
964 904
229 440
955 806
279 880
320 290
164 209
568 590
661 640
76 83
392 350
1041 331
297 440
397 644
929 284
371 329
975 563
524 898
150 1152
128 124
862 1161
250 120
128 126
345 182
259 728
537 1196
142 89
778 1
144 652
1002 249
1098 999
246 939
245 1045
67 745
151 500
325 1160
156 752
803 23
72 608
536 550
648 466
502 371
38 1105
1007 1157
580 60
42 723
193 465
247 597
639 489
464 1059
1119 1099
731 510
554 436
1163 941
1121 33
420 853
863 51
94 544
435 1095
1127 487
1043 411
254 450
888 168
672 524
1183 629
1175 435
374 71
717 553
444 207
567 434
323 1106
954 127
790 1161
733 683
352 243
91 699
337 868
821 204
274 62
664 842
953 672
293 442
894 877
602 325
226 310
47 887
299 637
197 859
1104 74
42 491
319 556
601 293
1135 1089
745 251
665 229
583 972
1018 938
1174 1199
1128 497
650 746
366 172
1196 757
197 1068
931 35
39 530
1170 308
1148 507
678 808
972 802
998 278
191 684
186 426
925 240
1093 1030
867 828
125 948
625 637
749 113
1127 509
95 1182
463 618
87 1194
434 809
654 1105
424 338
36 1150
715 395
49 396
578 409
548 1164
619 253
1160 621
837 72
537 242
617 273
967 1180
516 246
1052 59
69 87
583 262
551 613
1172 483
452 59
904 436
12 883
808 718
813 1005
90 478
119 187
127 1157
388 436
1173 363
964 762
1040 714
924 362
634 1001
625 473
168 195
1061 1140
694 110
665 754
31 572
1008 89
732 60
78 256
881 754
67 955
949 1063
1127 252
762 884
1133 896
168 11
1008 1156
678 873
920 252
98 341
9 244
466 151
252 535
1054 1178
426 1077
161 452
812 466
855 634
737 1095
1133 500
210 977
914 864
101 133
350 652
196 237
77 550
66 60
476 1170
550 435
389 30
125 224
133 161
1173 414
847 581
969 107
760 466
130 914
240 847
161 663
979 392
1074 990
927 121
364 702
1195 893
460 1006
714 1053
490 1184
765 275
187 56
511 196
563 503
815 597
310 107
175 713
859 686
105 75
1191 247
190 1137
312 44
940 41
1162 7
1070 813
351 1090
705 1136
374 302
559 723
94 920
813 1183
37 270
1023 996
335 914
340 1078
58 832
1083 750
1025 902
884 18
21 1117
226 685
653 42
728 1102
991 446
763 317
43 353
785 623
227 524
815 545
968 1172
746 472
743 39
473 822
102 1188
81 1039
960 361
69 164
1085 917
886 1011
869 51
1171 857
87 773
796 149
845 385
1027 1159
65 928
993 68
980 528
751 1140
1077 61
70 3
859 892
1163 1079
650 64
457 317
1146 1183
51 1185
123 527
442 626
93 537
286 166
582 516
361 677
977 353
702 845
452 557
42 96
612 212
456 415
852 302
1045 1001
124 550
784 722
506 463
1060 1114
746 1155
570 959
746 1124
1122 701
899 821
758 1190
780 538
288 325
776 223
852 452
589 638
807 964
410 573
277 356
376 983
563 467
863 956
643 58
938 7
138 1084
963 770
879 794
365 163
292 908
988 152
428 399
756 474
853 360
887 220
1123 101
282 875
393 56
893 478
1156 621
904 482
911 0
153 466
440 658
1187 1101
19 553
758 815
430 1171
548 415
782 566
13 378
1051 576
1040 409
234 357
197 1080
755 621
4 165
314 460
887 500
1023 1101
239 662
18 394
765 1083
544 245
371 899
517 184
108 348
421 101
693 114
1116 246
333 16
702 147
411 10
977 729
590 783
359 155
344 1191
650 809
1108 94
588 833
153 772
40 930
123 608
217 91
1145 604
514 754
871 903
131 990
1052 80
191 393
389 450
890 888
432 54
99 1002
791 194
854 369
49 633
108 417
1080 708
951 614
216 869
356 587
372 711
535 273
28 574
734 364
714 980
718 328
459 536
779 491
718 232
1066 594
258 125
548 517
135 52
614 933
473 1048
395 512
330 550
862 1188
429 100
390 647
178 85
927 1174
824 784
394 419
401 772
756 710
628 612
577 283
447 606
255 61
414 191
495 934
772 765
892 227
340 38
1032 397
166 803
267 40
85 773
337 792
938 1052
103 764
563 1033
135 72
505 1189
284 551
186 618
245 159
590 584
3 782
307 645
350 695
566 627
252 1123
382 198
889 75
469 37
353 1087
796 1110
269 370
1169 675
1004 150
625 1055
494 207
194 520
811 386
719 206
457 472
393 858
134 343
38 972
846 1056
1072 644
481 147
243 248
437 1054
1054 843
1030 1123
780 31
196 748
847 129
381 984
909 542
716 1151
579 242
1124 1129
915 263
508 399
1125 48
1003 263
29 396
992 570
598 106
529 102
403 1060
701 386
993 710
965 566
294 381
697 588
791 298
125 652
95 1133
324 551
432 517
569 938
1129 863
304 443
814 922
183 423
264 335
488 215
1174 351
489 114
140 1154
713 560
50 335
241 272
102 542
1039 731
861 534
981 197
674 217
662 1028
17 981
634 368
393 155
8 137
1039 925
54 618
231 1086
753 1064
771 446
6 422
463 487
920 988
611 9
989 244
412 144
932 152
380 888
180 363
310 479
1041 1113
1136 692
1083 592
180 484
670 136
76 358
88 78
807 333
339 733
499 109
1110 1130
867 579
506 793
1165 629
538 115
632 942
784 979
472 1076
150 436
344 896
38 125
36 380
94 650
52 466
892 819
579 375
1168 172
592 452
720 126
842 710
207 328
447 1097
838 572
1018 795
509 176
978 27
337 479
410 660
82 760
338 1015
937 544
380 880
605 526
1192 122
682 750
1007 611
769 73
224 530
120 201
642 813
758 357
976 177
761 495
994 1200
210 720
925 908
936 430
631 910
424 878
633 83
348 965
444 806
879 516
801 944
5 419
130 308
684 152
87 511
1135 1033
259 554
303 799
806 353
1112 93
766 1060
682 277
928 1105
616 463
704 613
1037 1137
569 806
1183 710
826 971
1165 374
797 952
706 1154
774 407
484 1111
899 1102
365 132
840 469
585 1012
1182 731
158 105
1074 563
624 20
589 350
777 89
40 624
562 602
1126 384
614 4
13 326
30 343
208 498
281 85
830 1064
1054 880
539 810
233 126
294 8
50 101
1097 1163
1080 964
1022 14
610 875
198 863
115 354
158 962
388 681
324 970
1166 923
191 1151
618 343
440 1179
622 1036
1103 581
296 594
264 199
68 1004
1157 471
1007 689
443 1014
946 446
981 944
869 635
1120 390
304 1148
87 393
38 318
966 530
189 849
917 203
1006 1138
1136 877
1109 694
1009 620
261 439
1192 808
253 701
673 1036
739 759
757 280
606 643
606 31
1067 667
34 59
516 298
1160 1107
1127 865
808 859
581 104
39 285
240 852
573 137
1128 131
1116 336
388 796
100 1106
463 317
133 481
138 989
894 844
429 1030
284 117
839 83
444 43
682 147
1165 918
178 966
751 834
105 62
532 929
492 1074
320 388
677 89
1083 75
178 1124
681 831
869 97
1053 922
827 1128
665 268
598 201
786 1110
549 365
635 1134
314 945
354 906
800 560
360 1062
569 345
92 605
1168 662
847 286
253 418
32 31
571 421
893 582
1176 675
712 709
313 393
531 709
908 64
471 1057
793 581
434 20
676 406
844 497
1130 438
326 704
10 242
863 845
75 486
676 307
568 129
943 523
598 443
380 706
55 48
8 772
399 779
384 184
1048 393
129 643
1161 1043
708 226
376 101
396 915
224 442
151 1024
92 585
821 298
381 23
363 161
319 1139
1089 357
958 458
274 683
1060 791
1122 827
953 95
736 1155
852 113
608 976
1056 784
378 200
1198 181
910 422
491 516
220 560
960 639
1007 459
1045 175
687 376
322 243
601 569
276 254
157 705
870 46
682 336
777 1138
75 408
39 846
1004 768
160 110
680 736
1029 638
285 984
420 1193
372 906
842 1131
321 367
836 460
522 49
1062 475
260 725
937 906
979 803
1055 1074
285 1122
79 429
38 1038
780 481
1143 358
71 836
1174 810
766 708
1129 534
1184 236
399 1083
600 82
241 22
172 0
745 290
167 527
32 777
1172 899
488 502
828 931
1037 490
180 525
983 1057
1030 243
1087 271
1165 368
761 871
1089 991
776 399
674 700
202 42
728 1146
389 1068
854 1147
808 449
797 612
752 377
364 24
851 1097
620 1131
677 250
672 1185
976 1166
1053 171
622 188
738 737
942 1170
1047 397
217 804
64 625
249 301
308 887
712 370
135 65
650 639
1180 998
1037 850
477 439
891 340
477 190
857 254
376 432
333 67
870 887
1163 163
310 1058
267 136
737 65
55 137
142 798
792 890
716 547
864 305
739 1048
35 65
91 181
608 1013
1109 1041
1089 233
126 95
452 279
971 1051
893 683
465 1126
634 1155
930 261
1006 550
836 606
205 489
130 422
1073 957
319 1180
182 426
1095 748
53 16
365 194
790 602
193 477
50 358
264 704
476 529
173 750
121 227
1181 310
427 1139
1161 132
509 192
167 535
708 149
1086 679
134 441
352 395
90 136
665 241
1154 256
746 922
738 921
617 796
278 1011
71 653
534 511
94 986
733 292
1092 400
55 566
41 782
66 325
1051 1082
503 342
833 153
958 369
768 66
176 1066
955 715
412 920
742 1022
414 459
467 428
619 411
861 876
316 848
1130 1127
989 1123
647 596
1117 1153
717 977
734 621
877 986
1067 772
556 82
210 553
544 9
623 126
377 51
341 122
193 807
233 563
492 366
42 499
441 143
862 718
108 127
445 903
570 38
824 301
107 640
1005 423
21 541
152 222
505 924
101 388
1030 68
926 979
1180 483
336 929
258 1157
861 424
525 751
915 822
213 537
187 397
1094 332
1150 209
490 27
133 703
969 273
459 601
704 1186
29 864
935 483
780 486
1046 550
340 795
130 742
459 1144
228 1126
1163 843
983 568
142 330
1140 567
638 403
1161 560
233 293
633 35
375 20
869 285
463 184
393 914
490 372
490 601
606 463
1198 333
686 441
291 227
178 1183
1145 791
1115 817
640 176
924 646
1100 567
65 373
367 18
385 861
731 275
390 329
765 564
703 944
637 431
366 325
1150 976
131 778
578 27
954 479
763 247
112 1157
904 234
740 58
983 274
381 486
396 364
1125 502
379 614
876 334
577 135
669 324
430 1048
11 1004
33 71
676 480
454 827
1088 828
713 584
608 933
54 828
1143 439
207 152
136 443
648 194
873 126
798 833
782 575
878 3
1124 573
260 340
257 991
760 9
273 280
1055 732
229 417
43 608
459 1071
127 934
194 815
979 241
1056 762
675 792
204 503
917 20
60 1084
636 504
457 175
1020 833
825 293
1169 396
1183 608
877 915
115 73
524 771
288 871
1149 342
789 183
193 333
47 656
425 784
861 807
1073 736
745 681
1149 961
44 673
920 151
427 69
290 212
1173 1041
939 20
887 867
1008 332
781 704
638 342
541 1182
160 1037
492 922
1131 304
969 754
921 441
1037 177
549 833
952 705
649 513
919 285
753 710
218 415
725 719
839 175
338 205
278 169
1006 194
1080 341
346 625
809 1079
997 182
961 1150
952 972
1018 710
1162 969
569 677
39 295
733 439
295 403
329 411
358 192
108 873
719 403
828 369
5 1159
662 1004
620 1124
591 616
560 855
312 954
936 1129
611 408
1023 727
560 1149
950 409
1104 1119
1156 363
457 231
1036 465
191 982
214 170
992 173
558 1126
656 439
159 942
1125 753
567 736
1173 502
562 77
532 207
368 695
1127 641
549 1025
291 887
26 575
1144 443
832 647
1100 772
366 410
369 235
360 163
508 1133
578 455
106 798
293 1007
775 174
946 1045
594 265
707 970
1173 371
964 889
374 550
825 424
1 862
576 750
248 587
886 416
742 709
459 603
1111 376
1132 467
678 211
376 989
216 968
650 260
379 672
718 644
525 340
1110 464
845 817
673 349
1067 518
69 711
452 850
121 648
961 791
1055 745
7 28
502 626
373 492
1150 935
459 140
854 1063
839 436
690 267
326 1172
1104 361
79 339
126 789
468 262
926 71
654 1086
648 697
274 116
985 750
592 771
638 652
550 930
70 413
531 203
799 501
931 758
1004 1067
49 205
374 603
129 361
354 358
151 1072
946 843
954 74
1065 557
719 397
556 631
361 9
297 556
752 1122
85 41
1186 991
1185 47
518 778
312 842
859 42
817 774
929 375
892 1141
828 95
603 1085
1036 106
1001 218
912 886
768 1041
839 322
350 1149
774 595
840 660
155 1097
362 1047
1129 999
1108 322
472 782
695 931
560 933
916 429
199 435
445 395
998 831
957 957
658 281
1046 419
923 216
348 1080
589 153
162 984
1169 270
163 587
444 731
858 767
266 273
469 593
583 1160
226 691
395 296
1049 369
156 743
1041 474
425 474
132 427
522 916
1072 616
548 1044
1045 296
345 123
1147 651
695 1002
1146 689
921 1067
1134 1142
812 435
40 889
201 479
135 1131
430 818
613 705
1062 670
583 393
215 113
819 96
639 344
792 1101
939 809
460 1142
151 340
615 765
199 59
1014 198
547 232
357 364
901 1186
781 651
1021 18
1163 186
379 197
497 942
987 513
81 843
0 1009
519 78
907 168
814 17
748 0
1094 632
781 570
953 1163
774 867
660 370
379 854
239 1185
750 351
641 278
969 943
806 665
90 113
829 757
936 206
701 25
782 280
1140 383
551 980
429 480
188 406
35 698
896 286
643 304
963 1104
38 1003
338 920
4 59
220 135
985 1008
664 15
169 707
897 1158
838 863
349 169
784 505
1127 225
1044 1009
817 325
717 193
678 112
1084 55
26 274
731 539
1007 1192
1018 451
786 178
1093 857
1074 199
732 29
1158 147
19 354
698 558
1111 300
109 58
905 827
451 1053
316 426
382 830
1165 832
859 885
912 458
881 1141
483 175
430 233
733 122
74 1017
11 478
1168 397
607 689
199 756
355 934
843 226
380 388
345 639
690 700
622 1158
1031 1046
346 962
947 810
82 221
109 670
288 699
1010 552
1188 630
527 292
747 312
687 661
500 687
1125 225
221 267
252 40
416 1191
230 977
700 264
1028 1193
319 158
1169 1067
503 2
169 825
747 66
536 95
383 1199
653 866
498 989
107 738
916 200
41 359
1094 771
1011 1135
115 955
752 911
398 547
951 1137
543 223
1159 1097
978 795
753 1079
251 385
1033 1071
230 693
749 110
255 358
1127 297
788 785
33 537
118 1192
774 276
480 858
448 566
1136 885
7 1101
168 973
469 812
98 1109
339 728
1048 422
875 449
892 20
720 1008
1124 690
712 494
905 1131
719 275
1040 384
480 387
225 213
377 452
265 9
211 35
78 190
1086 458
829 652
831 452
910 1088
995 739
651 1051
307 551
99 825
425 296
764 524
178 357
966 802
467 343
73 891
38 1007
610 291
1160 729
534 914
1154 434
856 1146
289 1140
256 177
1134 829
360 225
283 1044
569 29
109 465
418 397
380 1059
45 588
1064 668
729 563
650 1086
713 145
205 41
837 735
422 378
661 290
629 423
1081 384
1057 195
1000 142
470 367
288 418
704 306
467 891
531 1166
605 611
393 846
928 1144
874 386
1045 1147
552 687
1041 625
14 118
674 1129
115 815
1152 633
352 553
354 65
900 496
786 831
855 1182
695 214
735 719
1171 790
457 821
16 647
33 844
814 443
550 470
1040 899
230 524
60 755
1121 13
267 595
305 72
264 178
109 538
241 80
284 144
611 539
683 146
429 444
1125 101
1004 770
964 981
673 950
236 753
147 121
871 1164
648 399
805 929
241 926
189 422
199 792
419 657
797 82
797 656
1134 615
847 1157
301 849
473 967
46 399
798 228
1151 518
326 936
1164 753
996 1016
369 101
916 323
657 876
3 684
200 933
1020 206
232 664
229 1005
177 348
853 331
807 758
254 1112
701 741
532 1004
1092 1155
1043 65
1069 627
92 59
875 532
59 1092
398 737
454 651
602 600
657 1179
934 1163
293 523
163 1066
740 650
1190 553
274 993
995 935
246 704
119 415
149 481
326 946
1200 1122
483 494
1124 405
1051 841
1149 1187
1164 424
836 292
320 703
451 300
508 272
314 901
1027 529
438 1187
1003 317
906 482
434 1083
675 184
832 319
651 81
458 62
28 901
782 261
1147 250
830 42
724 965
613 1177
304 431
764 109
919 210
349 685
239 50
1123 580
1200 219
268 768
917 465
964 893
482 81
1000 45
1188 651
823 277
822 335
891 75
394 664
1072 393
1160 991
220 39
1165 426
127 344
574 537
440 313
470 1001
169 283
376 1195
509 271
1012 423
491 84
876 439
128 939
345 149
772 7
273 1120
741 1174
112 296
293 588
1146 449
77 121
226 266
133 280
465 1150
1052 691
376 1190
550 407
852 929
1132 162
689 1140
1176 1190
98 978
705 976
536 491
107 1176
848 343
106 866
1086 1055
490 170
953 865
441 641
427 1053
602 2
555 91
905 1158
265 920
346 924
778 688
285 184
1138 1081
300 807
387 20
73 1040
1032 937
1146 275
66 270
1171 510
1110 506
910 613
676 1041
71 711
796 22
909 1199
996 327
844 393
481 667
796 698
774 493
1032 1176
165 1093
316 1083
919 244
38 1184
320 927
536 231
1068 814
782 251
446 848
18 835
121 887
691 1088
1091 1066
44 190
1100 154
1100 218
559 1152
354 332
119 725
694 528
670 613
1072 308
1186 960
976 739
357 40
848 48
184 490
777 655
1121 209
726 984
968 1099
486 343
371 300
182 650
1027 1193
147 1016
1131 1091
707 1168
651 336
781 229
392 983
928 130
719 617
33 836
664 13
663 1067
960 850
131 165
183 1035
269 567
116 1019
342 310
247 358
903 822
606 351
626 478
437 616
15 1076
697 657
471 268
479 659
602 1010
1007 523
12 322
1159 402
491 487
154 132
549 796
410 344
240 345
0 612
198 395
108 1192
1039 519
1197 44
890 263
1151 987
713 388
71 575
639 1006
890 1146
520 978
958 873
232 594
62 1083
1140 1120
1118 1096
850 665
364 557
434 736
1126 842
727 360
793 715
21 775
493 1148
583 1115
1038 481
1076 1024
196 504
225 1164
165 646
234 619
274 719
900 897
61 961
897 77
699 129
72 1015
370 1056
440 134
245 875
1162 1133
743 759
792 661
467 1085
994 1191
464 1044
753 971
937 602
868 1028
617 40
100 474
719 996
963 1027
125 508
83 478
727 182
636 23
618 227
902 106
1197 184
416 986
822 1159
602 646
749 1007
1005 820
1154 1180
154 155
437 940
847 651
734 1092
1040 1196
540 659
741 1010
991 1029
193 269
977 271
727 565
704 273
649 454
866 496
917 978
617 976
511 548
296 30
1179 1161
148 566
1096 305
336 526
517 666
785 1101
1193 765
887 736
49 1026
41 1168
749 601
965 231
726 208
64 162
489 868
681 500
720 39
50 98
961 487
289 13
797 869
510 315
432 759
365 666
241 1185
1022 552
243 689
1093 154
412 703
72 983
484 1088
426 167
867 1165
591 421
345 681
633 1137
308 837
763 192
127 1081
185 683
414 648
793 83
218 403
733 489
511 55
889 1022
1169 792
31 1194
42 145
771 197
958 897
497 128
1103 502
657 1079
295 604
126 313
475 389
1048 516
843 266
1103 1005
313 549
875 229
826 212
448 929
284 190
693 764
145 361
526 754
622 920
1127 992
234 534
835 541
744 557
16 869
63 899
311 611
20 661
932 797
807 900
820 748
549 816
1003 1123
404 232
811 191
634 95
218 464
779 64
507 105
1140 755
763 659
776 442
55 507
408 573
169 939
284 586
803 418
1090 1027
504 527
169 289
37 535
445 966
274 622
33 581
888 510
1025 574
1198 53
505 1140
1059 1148
1077 535
670 484
478 225
349 466
172 422
328 1161
249 611
1094 866
172 875
985 581
339 303
1148 130
910 794
1100 835
591 725
456 531
4 681
521 725
926 850
860 987
331 537
626 643
1134 606
841 526
544 935
885 1046
512 486
339 1129
564 1009
1063 321
1020 425
663 648
958 990
1128 659
1160 1119
359 664
533 735
647 218
1176 1019
246 380
477 1121
206 255
454 763
1150 1080
729 974
499 30
1169 592
839 287
119 948
909 714
857 432
186 1191
515 480
87 881
339 872
504 1162
1192 780
1006 251
1086 462
817 209
1117 1081
1171 212
839 151
742 529
492 630
650 1159
717 103
132 573
48 94
251 759
441 480
239 484
6 1163
860 84
140 861
85 27
1183 872
595 869
123 625
651 999
1110 821
680 490
720 810
245 51
325 303
631 834
915 993
457 786
825 514
402 490
814 1168
920 521
849 920
258 247
630 928
97 921
647 805
561 667
1084 1187
244 1130
926 1146
1189 242
821 701
165 943
376 198
857 187
184 1012
141 1158
442 387
855 271
363 241
520 100
1124 755
128 351
1060 414
1026 662
929 454
286 556
111 1112
1185 256
494 72
482 734
671 734
379 563
566 377
489 698
1020 857
177 948
545 108
815 912
1104 1146
21 350
616 835
754 688
818 1126
697 546
651 991
692 391
1003 650
537 343
1164 1006
545 257
1110 1143
1031 136
335 156
347 524
238 416
171 838
1079 883
945 226
821 358
1043 204
748 859
621 771
139 139
460 255
185 501
494 889
473 12
19 1071
928 927
30 225
947 1090
358 768
223 779
332 596
577 807
160 701
917 932
198 792
657 1077
387 1018
345 187
923 601
695 412
914 37
669 423
375 122
455 1174
198 316
772 315
343 979
346 741
856 328
670 547
744 919
470 1068
402 715
180 570
974 50
862 739
194 993
1114 1035
678 612
1003 948
857 990
1197 393
963 895
218 489
387 473
211 1145
801 81
798 785
945 265
363 1084
11 1135
22 176
680 743
315 122
628 243
95 308
399 889
1183 1190
323 82
1037 801
736 967
840 71
107 688
614 121
830 311
311 53
99 154
459 461
1144 448
629 272
649 465
296 39
935 1084
405 747
532 606
207 1082
668 18
1078 1048
713 677
230 130
94 143
803 683
890 440
12 675
345 689
851 491
888 1168
478 328
502 718
1053 453
1185 25
887 1105
72 553
369 601
472 733
146 1031
1171 1105
537 891
31 590
183 343
494 342
1142 366
874 696
158 47
46 1026
601 837
974 607
83 250
870 1177
309 690
555 375
75 132
298 943
559 845
214 100
982 790
742 900
207 1035
528 285
1044 1190
508 576
640 1181
970 576
1146 178
1096 779
479 287
206 290
884 281
587 447
922 270
446 937
637 647
614 689
617 1070
232 1011
962 87
1148 831
372 495
137 75
405 468
472 716
276 444
204 312
492 1027
1126 991
425 100
442 517
645 942
41 248
1192 625
548 605
809 346
380 1165
1048 1122
572 707
926 473
155 1186
130 892
967 801
880 419
168 814
226 813
795 616
1044 680
288 157
203 526
673 537
81 1066
139 200
263 204
461 1103
946 947
1189 82
1069 403
839 47
211 870
277 133
185 52
707 715
1169 205
732 310
989 932
1074 281
647 177
417 854
683 219
218 1084
865 286
916 240
544 527
604 71
314 1169
1162 333
1136 1096
54 251
325 880
478 303
478 477
981 777
680 1008
390 355
268 558
282 1112
353 25
134 418
943 702
1171 392
460 1067
485 388
642 868
858 240
167 142
617 60
39 300
636 913
487 117
246 580
155 244
573 1032
978 1122
1158 296
291 958
1054 860
249 677
177 1168
1059 162
388 1145
686 503
986 1199
565 231
753 1109
200 311
994 670
915 966
886 674
983 1126
139 283
1191 546
1095 314
650 487
559 1192
644 438
786 341
803 1076
81 1074
488 746
1134 622
839 517
1155 28
238 289
567 504
12 494
1059 334
820 1182
737 1044
455 673
1182 252
779 503
1024 113
1102 1183
302 1118
961 689
398 168
269 241
1091 692
101 941
472 622
1006 206
662 523
1060 87
108 1121
191 877
295 588
62 1001
390 287
887 509
440 168
284 224
40 886
884 136
230 723
324 591
367 815
456 363
596 467
920 294
409 1110
875 909
996 106
130 1039
544 142
129 51
667 131
865 108
160 979
730 927
668 936
387 51
450 548
220 210
1053 775
678 441
422 23
1119 64
1161 736
126 292
890 795
922 530
334 147
740 793
850 759
154 1007
1050 778
516 585
657 416
429 1106
227 216
855 834
429 853
604 756
414 926
493 1136
667 1062
1191 752
899 614
330 625
377 1187
889 147
380 540
96 880
814 503
649 677
188 894
470 925
1166 1190
992 157
579 280
340 169
966 366
554 1166
776 726
1136 933
294 844
706 832
930 168
199 506
1120 1147
1135 473
940 817
33 467
1081 240
553 597
422 82
1098 1169
611 1029
509 59
905 505
186 141
180 48
1010 301
1045 127
1096 48
143 769
46 741
1161 821
959 633
411 467
1190 248
899 333
666 762
643 138
195 200
449 416
63 161
544 210
964 454
1097 18
107 488
177 732
1095 927
125 340
661 1100
286 395
1024 1001
980 1145
730 1162
287 634
758 1086
62 286
95 368
524 1193
110 354
752 504
787 641
834 419
972 953
1176 146
661 324
450 272
61 660
279 552
217 392
1139 359
1066 1191
89 449
1116 252
609 936
752 176
968 147
915 877
565 13
895 953
18 265
816 742
365 124
589 430
371 730
168 489
255 549
289 968
978 825
1156 653
479 985
231 1067
1121 437
784 1157
853 126
244 412
1059 1087
612 763
27 1032
1079 1182
955 339
54 406
843 734
321 274
13 1038
506 199
930 612
435 61
76 815
128 946
38 842
1052 558
96 342
1110 791
1013 985
208 591
566 859
826 1086
840 1091
451 271
627 403
410 232
1006 913
289 737
844 465
858 713
458 1126
475 818
692 157
823 258
378 197
230 28
1075 1140
787 1165
485 55
1143 791
360 597
183 826
523 500
581 447
372 854
945 437
176 8
670 38
139 1174
260 1163
445 771
995 176
890 333
379 395
845 1025
219 637
902 17
390 188
24 411
242 450
1165 231
845 940
67 687
2 828
573 346
897 351
230 1199
840 378
224 380
628 373
518 1059
350 990
1192 934
901 247
452 1126
117 1069
1149 212
638 15
822 27
991 563
962 1194
862 768
421 320
862 52
83 789
414 862
633 820
1029 1046
827 784
319 217
974 280
345 1149
645 586
310 205
119 785
880 591
974 1163
64 7
707 821
981 409
1041 142
937 1041
1127 602
870 403
303 1185
790 832
9 476
126 299
11 891
300 648
526 980
129 1024
581 146
252 230
973 597
458 585
640 319
816 944
47 515
264 915
774 46
1075 1125
522 822
405 1101
479 551
992 915
754 604
331 3
319 1091
874 5
307 1012
911 194
650 711
1175 1176
612 199
108 1073
624 278
1164 911
957 762
884 267
426 930
881 704
518 436
802 1144
340 931
177 587
874 477
780 1129
1109 672
534 264
183 1012
380 257
688 1090
774 1182
438 1017
492 457
872 1028
261 151
974 1143
452 162
576 1182
414 625
28 130
837 556
1071 61
504 759
635 515
1167 10
8 322
856 118
1091 618
1193 207
583 316
400 817
22 517
125 581
620 721
1176 543
422 303
195 201
556 873
1184 921
1075 390
757 1106
1136 93
577 202
754 461
1070 856
577 1120
390 683
947 693
982 109
785 1038
638 211
566 826
1029 1187
462 657
380 624
104 921
470 1043
929 233
293 21
1192 945
1026 820
272 560
681 365
508 863
1077 317
287 285
1110 223
72 1146
1068 160
1166 975
1038 1023
927 795
1020 1000
191 264
1008 570
913 884
222 955
35 413
22 727
93 1012
92 667
538 744
727 35
532 41
415 592
104 340
12 469
963 924
975 9
520 814
930 601
831 816
816 861
732 1150
1032 665
262 475
1101 224
744 1015
484 42
1194 159
1019 101
306 576
507 524
62 276
575 366
791 578
29 624
952 1135
3 759
314 306
350 442
938 24
1040 445
935 265
1027 521
1175 1164
371 618
643 1200
96 240
773 749
242 511
501 823
945 625
491 907
57 459
429 915
441 539
778 44
0 509
293 963
6 844
1184 936
454 824
821 1199
53 533
273 5
718 112
559 1021
688 628
1091 715
60 557
86 710
1180 191
592 768
726 607
561 672
855 1044
19 118
286 341
54 907
124 794
757 269
427 429
717 183
900 990
646 1116
783 803
918 482
429 824
939 118
720 765
496 882
963 180
1097 500
914 128
751 675
1147 208
988 513
192 1059
672 1123
777 341
521 732
907 319
577 94
851 943
1049 492
145 612
273 1157
327 2
535 1084
186 523
332 102
704 914
861 302
1143 452
265 210
950 436
511 34
37 1053
165 1009
832 386
96 253
57 837
1016 90
599 223
507 959
773 946
407 93
735 149
630 837
96 733
967 424
221 335
558 191
400 1185
771 793
460 278
73 976
307 864
355 525
429 111
343 439
981 1031
417 729
464 1057
141 253
1194 172
179 454
836 919
818 1109
157 64
745 605
103 1153
99 134
610 1156
1110 418
791 598
596 783
119 610
912 505
751 843
719 276
120 678
1030 54
258 46
789 304
265 822
81 345
153 114
417 657
988 347
153 1152
486 702
976 1170
846 1165
523 789
1045 942
340 539
294 69
892 1
552 763
517 226
134 253
225 518
1049 287
724 90
20 241
64 1176
270 597
1094 486
942 183
499 546
1183 598
269 435
332 184
458 1093
150 690
118 372
606 956
785 1169
1023 95
571 504
1173 241
578 894
929 38
386 892
177 1048
533 886
298 525
71 400
142 886
576 329
691 572
555 112
561 1055
1023 866
162 25
523 266
1176 1035
211 285
937 938
1073 285
545 525
1126 1161
924 294
933 121
960 28
529 49
1043 1127
29 127
924 1082
1031 625
624 569
412 963
642 779
490 491
1015 413
1070 484
8 771
279 352
294 228
1001 302
1171 557
915 594
1074 579
814 944
799 163
41 971
408 898
784 950
103 365
673 165
102 754
684 283
778 350
905 351
215 684
388 326
573 810
1004 944
1108 573
718 912
659 927
1003 997
358 1114
858 628
164 264
307 60
976 565
922 1108
825 52
1151 669
1056 65
1185 681
1039 364
581 519
1065 611
1189 237
313 302
202 957
656 485
1043 409
346 1066
409 278
670 854
782 289
645 566
673 982
1122 247
943 1122
847 420
803 487
332 533
260 64
747 972
1083 1150
810 541
587 60
544 328
1132 903
517 740
880 65
532 298
945 168
385 921
771 860
388 542
524 481
149 1175
1125 1063
905 248
736 1054
2 782
1025 406
607 1070
864 626
738 601
1016 621
386 851
793 365
66 1200
29 95
150 170
889 1131
773 310
329 1144
489 351
635 269
1135 713
234 822
1187 913
800 489
1161 464
776 27
606 504
926 500
43 394
232 774
1132 610
374 191
787 868
654 147
791 364
765 995
419 893
971 294
1125 611
1110 867
681 970
433 359
528 702
490 103
524 796
1112 854
532 535
683 163
576 631
862 469
1132 847
526 974
1161 379
611 772
549 1028
1134 619
266 553
335 1143
1154 713
373 1056
519 459
92 957
712 340
747 839
1200 411
141 851
346 896
32 1125
887 724
546 419
546 115
781 142
1 736
227 1168
408 685
514 472
432 184
1103 810
339 37
1134 216
1005 308
230 1051
1038 913
409 418
445 321
797 598
135 372
572 1038
1070 1199
935 752
940 895
7 213
216 457
845 42
1144 541
548 299
822 75
5 334
1084 1063
618 190
42 1002
153 122
1021 1176
869 625
756 835
722 1133
28 29
103 511
1041 54
1117 1174
995 102
48 975
99 1194
480 355
171 190
989 249
222 1092
956 1056
1059 90
674 1
268 333
998 136
902 178
510 1078
64 661
935 225
766 953
756 591
295 394
652 562
90 38
675 919
1126 243
20 931
1020 491
813 997
981 57
131 523
826 615
464 766
38 761
920 1104
366 357
756 70
597 1089
489 731
963 271
1059 1088
83 581
46 1012
1154 93
93 786
1119 1170
769 1128
520 941
435 581
1190 15
520 262
181 1122
53 1036
1027 700
239 173
552 377
41 581
491 494
8 1069
97 215
396 605
724 463
933 399
233 240
228 130
437 674
136 929
1179 594
986 847
575 537
82 1188
483 268
537 421
191 1084
218 229
410 692
532 881
196 57
46 299
502 556
904 293
2 849
43 293
853 1098
1002 989
357 90
863 300
825 1138
81 1045
433 165
1078 503
1091 271
1099 863
1171 933
842 1091
888 24
175 620
74 1077
964 742
313 1168
347 1077
596 1042
803 348
210 827
14 291
1028 489
628 642
753 653
1037 584
1043 1097
1043 755
148 1158
832 567
258 958
486 1136
33 839
646 408
343 27
63 26
907 993
823 883
223 322
616 285
119 1057
987 309
524 21
632 565
829 289
953 1158
181 218
660 643
853 1036
585 94
427 636
382 526
978 423
12 798
985 800
810 418
1190 367
649 478
11 1022
821 542
841 99
250 1037
662 601
984 113
629 1069
101 697
208 321
79 959
249 474
80 671
467 442
936 334
114 279
739 597
103 1200
524 822
87 836
759 264
38 76
26 448
352 96
744 572
820 1171
118 867
816 731
386 1171
473 261
914 417
734 281
1112 731
340 178
1064 802
325 554
978 780
411 617
900 1008
682 560
490 1126
845 516
1079 464
1175 1108
551 667
122 1173
258 850
208 345
990 915
1159 635
660 29
963 312
254 909
984 650
1082 998
853 853
985 1183
456 36
318 288
534 1100
868 1108
442 983
1127 285
234 374
936 907
974 948
123 315
256 774
260 1051
96 630
680 38
857 82
989 1183
246 991
137 483
98 966
625 318
40 461
515 404
1084 486
184 479
1020 901
543 807
811 659
50 1052
382 807
1183 853
444 104
573 1162
572 42
542 1086
1027 361
555 477
443 679
965 1062
958 140
452 584
41 761
869 1066
747 350
149 948
565 519
209 722
1176 520
185 1146
559 139
680 444
805 1105
1177 666
285 186
189 339
826 54
1194 180
1195 231
896 1114
1117 777
227 987
1114 1191
1005 1143
1113 532
473 811
836 36
579 623
126 366
213 785
912 1139
516 894
444 1156
1087 1018
87 584
571 838
175 773
566 880
1034 362
731 512
1137 1135
800 915
0 769
458 977
507 472
652 396
948 4
781 899
278 708
427 990
1133 189
814 1105
833 537
147 593
644 1021
436 850
1114 372
967 271
903 221
912 783
709 670
186 298
177 794
268 1123
105 1192
210 290
86 388
470 517
629 173
223 1020
1105 388
629 920
225 379
892 842
486 361
947 47
854 960
1124 444
75 249
858 876
314 621
994 832
556 1187
112 204
851 110
277 850
1105 1199
174 520
774 539
1199 44
1048 933
250 298
478 1112
194 207
717 148
143 659
1185 538
710 260
907 491
118 610
1164 298
443 40
604 475
352 657
816 126
220 582
474 897
1162 123
252 1141
1010 764
489 921
902 154
1185 190
1080 496
267 807
960 1081
418 537
394 351
132 1082
924 846
229 151
696 170
895 963
1161 756
920 280
28 322
40 881
711 821
531 327
645 1054
412 811
534 227
203 772
38 1024
587 769
225 443
502 204
916 521
1050 414
972 142
726 438
1036 130
13 322
497 928
457 41
684 830
1185 472
171 410
688 387
743 1132
661 1003
688 213
938 852
508 535
410 1153
969 464
261 1007
162 1074
283 526
874 1135
835 469
359 1118
659 380
92 212
851 1041
1068 1174
501 899
863 984
633 556
755 380
45 323
87 345
179 243
526 71
73 233
602 348
905 761
332 419
939 1131
1039 569
1018 389
1052 348
575 963
721 1120
692 478
215 959
921 618
867 382
963 907
803 219
20 1052
45 741
18 717
976 1010
221 687
151 955
939 538
304 797
416 893
186 257
326 361
1104 662
811 233
807 567
60 895
176 961
415 464
246 29
69 303
152 646
1051 62
343 1185
485 532
549 217
428 678
585 855
1028 165
135 99
352 432
1010 365
821 797
1090 1029
805 52
1084 419
1178 1068
97 818
621 164
722 663
1097 745
704 964
1158 439
175 488
499 1038
1117 1032
572 364
57 339
934 387
84 1060
189 384
993 672
884 659
898 835
894 1150
19 627
9 1122
1044 1065
697 878
1028 849
279 287
379 1102
602 941
811 924
1007 196
889 468
379 885
664 1185
146 745
271 915
358 127
627 377
650 607
748 1176
101 651
115 97
310 979
947 508
551 425
591 137
1078 829
215 123
670 245
481 126
526 1144
868 89
160 127
887 735
304 291
1171 761
68 1056
456 634
402 107
597 528
601 1191
276 392
921 702
568 694
325 860
283 932
38 376
529 467
1089 517
340 1038
981 81
460 728
938 447
92 987
206 509
829 596
1150 743
37 70
536 1188
224 1078
936 135
774 472
423 1
419 1153
307 585
955 595
1156 476
548 968
139 633
133 533
1014 931
630 472
1060 1142
302 183
1123 1041
221 1165
295 1117
160 215
559 1072
657 260
1195 529
1170 393
611 159
843 290
675 307
651 343
542 460
1170 659
813 972
722 516
61 776
747 241
1098 891
31 1164
701 752
280 1056
349 1164
600 545
997 1117
1188 1119
748 399
1059 511
1006 643
377 164
822 886
337 237
741 357
706 661
291 514
408 248
134 1174
938 39
384 113
71 123
828 88
1127 901
1159 296
537 273
1009 1198
207 735
638 360
548 304
481 935
618 155
118 363
1016 81
694 872
1199 990
159 589
998 534
1089 594
1134 761
128 755
1137 385
1062 221
7 882
1103 377
575 746
1138 690
302 241
770 761
539 421
894 1014
554 417
202 473
924 496
15 658
646 876
810 349
357 287
1189 780
969 54
443 1140
1039 959
703 518
615 491
577 881
1033 1165
1185 1013
1069 811
972 385
1022 195
1078 63
535 584
671 415
741 13
907 871
484 520
224 346
40 1018
942 281
474 131
713 876
156 344
626 420
121 309
808 1185
272 365
637 358
934 981
595 722
334 998
694 1187
425 310
859 305
1117 660
696 105
778 243
167 1133
140 884
593 1056
898 858
176 1144
925 304
814 339
704 52
380 748
35 738
700 1195
736 111
192 803
588 362
222 203
87 685
128 582
1054 665
565 373
866 66
895 1095
545 1032
1017 262
1129 299
37 571
188 691
430 107
1071 478
540 1145
617 123
886 221
361 648
1149 564
533 633
278 899
321 1141
405 1031
951 663
233 10
77 1056
220 433
563 992
753 896
1038 543
623 441
1146 406
1080 807
1073 313
914 457
795 899
377 1026
449 948
1198 344
303 1187
910 40
1154 1185
1087 692
976 1115
386 857
891 114
1099 1083
47 1017
905 1014
1160 269
495 352
1155 418
808 1158
618 968
204 743
394 379
443 795
437 403
766 1158
950 792
584 530
359 403
433 715
879 1190
304 471
92 798
882 863
585 652
1044 762
984 515
873 152
269 831
65 1081
256 606
527 1098
484 672
613 525
116 534
1003 525
444 1016
130 1191
40 503
669 488
809 709
329 518
401 1135
71 408
373 106
884 1091
830 100
1025 706
543 788
1157 713
213 149
268 1189
1148 475
764 861
872 645
491 342
1022 988
1178 264
735 796
295 471
167 911
745 443
566 391
1024 658
671 740
402 348
204 906
424 494
744 458
20 765
893 1165
1141 74
273 321
159 1054
722 955
887 798
322 844
809 255
868 747
808 1139
632 1088
977 728
169 236
266 543
68 976
346 1153
907 737
711 637
15 34
952 1050
374 233
920 831
561 128
860 493
391 992
1071 687
371 681
1021 345
1178 718
403 147
1110 992
715 806
658 30
10 165
947 370
496 325
176 141
624 881
622 597
1193 1073
631 1067
381 547
353 108
1064 1189
897 1083
319 986
497 328
80 264
569 837
480 761
635 1000
789 1096
17 1180
685 262
697 513
306 442
334 1088
573 1179
925 973
974 1136
988 1093
771 796
91 416
119 715
1084 533
278 602
403 100
944 491
19 1036
610 926
41 30
1018 436
170 659
1050 177
1047 453
1144 577
34 929
267 125
1040 1067
405 927
220 709
826 414
78 477
622 1085
587 622
838 1124
112 688
843 1172
1189 151
515 355
172 1079
328 800
605 701
979 549
1107 63
169 143
964 1121
387 808
628 547
91 283
437 1076
146 1160
191 983
128 281
544 162
165 658
583 600
1145 996
616 593
857 678
583 390
987 598
813 987
864 906
1200 162
572 535
247 488
1150 5
371 163
756 360
923 616
1002 326
1135 1096
300 564
550 1195
756 828
510 571
49 618
354 5
23 236
876 49
836 1044
448 533
431 854
138 861
421 994
40 89
972 167
708 628
662 967
30 544
957 658
462 389
47 393
168 233
806 794
782 62
120 102
888 957
1112 711
279 1152
258 395
290 818
397 1008
755 354
984 65
57 73
1032 182
492 1120
369 92
146 139
127 171
823 908
190 132
784 154
491 300
568 829
180 1009
635 403
1090 1102
945 1111
500 793
884 413
341 844
197 968
205 992
267 320
717 290
939 577
972 83
1015 736
432 444
961 31
419 326
627 639
669 574
817 279
1112 509
674 84
1012 605
916 595
440 779
1119 214
720 292
907 822
939 561
177 854
429 120
512 731
179 1194
1071 964
527 639
733 730
535 456
592 1092
338 66
379 510
625 1120
1114 686
822 1052
340 447
326 489
698 125
1089 1186
313 255
201 740
793 1155
695 1050
734 421
927 73
849 385
729 251
894 831
626 402
1012 1053
390 631
773 585
976 239
840 22
49 919
161 176
614 39
164 49
436 869
963 618
1186 771
41 974
583 765
219 614
717 965
419 984
555 169
312 65
1098 1117
702 552
700 3
39 361
174 1169
866 407
1019 686
538 1165
896 215
420 156
32 1123
807 313
845 424
80 46
1156 1193
289 706
853 235
1022 300
133 78
351 379
1047 835
84 565
266 398
835 1110
618 805
924 373
775 134
899 623
567 1130
431 747
123 871
968 504
895 212
417 168
183 5
1011 273
17 949
873 1054
940 451
1030 276
266 987
320 609
858 814
186 541
705 1079
921 1029
779 266
900 1114
343 103
459 308
64 962
720 1097
300 521
893 700
843 767
767 1157
217 85
567 656
463 439
1041 829
247 1170
264 924
1095 67
326 123
671 861
596 791
548 491
544 494
1151 1094
205 1024
203 22
105 742
166 1071
201 597
1105 551
1072 830
403 974
5 391
552 852
211 337
193 1102
117 756
227 480
832 216
615 60
613 1172
196 152
13 1185
1031 637
541 1074
1028 547
820 977
422 823
822 449
542 784
33 90
1071 364
674 793
211 114
943 117
915 859
33 1015
470 1073
480 373
172 824
307 851
858 271
1015 347
939 515
785 677
867 575
510 1161
261 995
597 464
700 301
928 980
749 418
247 241
795 716
844 1185
14 844
511 699
1070 1121
564 616
100 190
667 194
201 1096
722 1068
131 1143
19 635
930 181
795 634
986 73
783 322
563 1063
1141 959
1036 973
372 472
533 849
746 249
956 987
476 561
1015 483
560 12
761 565
872 1054
674 296
550 1146
307 1151
376 836
892 729
37 226
817 361
1195 804
1167 784
916 663
1057 852
1086 337
197 757
596 949
577 821
549 261
517 550
169 39
391 1043
1112 67
209 184
6 153
434 14
1022 158
641 756
594 829
233 359
343 1038
391 1065
551 26
1184 1055
360 1147
346 506
1083 1141
1110 981
1191 269
400 1138
1073 492
537 602
504 559
1028 175
603 1092
559 313
631 1040
771 417
621 1028
827 243
1132 50
1056 649
519 836
794 730
227 2
444 1014
883 94
233 172
1016 382
423 1061
1081 1093
647 1144
226 306
920 15
349 339
846 337
763 378
861 184
43 388
817 940
841 90
811 219
1173 1131
652 804
717 324
609 105
579 654
911 737
339 286
650 15
679 1101
665 1
327 519
1052 23
760 68
322 291
222 146
875 35
68 292
1044 35
228 569
996 37
378 813
466 428
943 93
349 625
893 813
910 1041
1165 521
777 982
9 707
950 1060
1148 185
258 566
397 169
479 1016
508 903
125 176
88 268
103 1157
769 6
189 950
646 885
1069 552
426 1107
948 1096
486 251
847 1169
294 609
1190 752
1018 455
851 123
723 1096
17 40
542 859
322 1056
125 196
380 705
1172 102
1031 1003
852 1094
100 385
603 627
378 480
331 101
741 829
324 858
657 1002
977 1
374 35
958 472
591 620
219 0
81 30
195 896
104 938
619 956
1049 979
1006 164
302 155
1189 1197
31 199
238 884
96 335
987 314
1145 247
53 831
139 206
161 638
779 448
871 1186
686 817
1013 511
468 641
726 690
460 1138
197 988
588 169
285 725
152 785
55 179
473 144
43 184
700 13
603 369
1130 781
673 1105
357 774
486 734
944 591
105 172
1121 92
85 933
240 843
305 303
304 167
556 530
891 1039
242 751
592 545
121 372
653 217
690 1112
805 111
877 959
1056 265
1086 843
1128 349
961 974
1093 1013
274 1137
936 389
344 5
356 332
997 856
1159 205
1141 783
686 722
838 870
528 354
778 259
465 803
961 1082
378 73
800 1070
900 514
193 857
669 1064
15 1190
325 130
503 360
593 923
885 702
770 824
654 232
1 389
87 6
658 1063
154 306
1154 981
183 951
671 637
422 213
401 227
101 664
1004 1179
970 1190
430 889
113 439
937 102
248 133
851 624
295 988
1028 830
447 73
68 727
341 1151
795 62
653 662
1161 633
993 164
480 279
402 1046
741 307
1010 1196
344 182
956 1188
15 845
493 405
396 304
65 503
939 219
402 343
181 257
781 95
264 18
590 839
1008 1030
1160 277
669 378
81 893
948 483
535 751
59 469
853 446
788 520
991 217
718 189
635 250
500 533
25 856
449 450
450 315
205 215
709 1099
347 1138
1081 352
457 1139
686 183
252 231
642 1045
618 49
856 1009
275 890
897 166
784 679
697 426
169 579
192 551
538 815
468 1158
898 1108
924 169
843 121
351 250
106 57
338 598
747 273
284 1107
584 177
557 746
847 8
1147 725
944 253
929 168
721 451
581 261
639 930
1194 900
754 789
47 1100
263 980
784 669
1177 585
660 1150
653 1160
750 302
1031 454
988 10
815 550
748 825
462 300
50 949
952 126
110 984
425 20
698 1193
1191 1033
437 292
606 71
460 814
1083 778
377 38
615 850
149 1013
820 194
9 761
1063 758
352 1179
578 1032
863 848
857 802
28 185
828 499
641 1119
409 762
49 924
673 920
417 4
600 1114
425 989
123 323
911 1148
729 465
353 97
38 961
300 276
359 859
1048 103
776 285
1075 233
439 437
806 182
369 832
922 370
1120 864
673 723
437 1044
937 957
886 791
1176 424
364 932
1005 345
627 439
1140 561
633 1114
13 495
905 213
201 540
774 1092
587 704
849 722
322 117
359 567
790 383
799 629
847 1133
747 1027
375 857
255 898
5 569
447 601
519 291
163 651
236 949
571 511
868 392
703 730
380 812
997 171
752 382
337 549
734 976
447 402
1182 448
1006 1101
691 1010
175 122
1072 24
790 1139
23 1023
838 529
1115 454
375 587
562 99
1197 372
152 854
470 640
835 866
504 603
267 816
929 89
923 573
816 88
472 183
692 454
699 1010
769 241
731 610
169 67
1118 902
918 829
1200 266
1130 884
1155 443
666 346
189 225
26 851
718 336
766 903
580 994
495 1198
125 70
424 181
225 1150
855 520
397 623
764 809
661 157
723 928
192 305
1195 919
551 758
967 392
10 230
136 214
921 231
1007 395
841 306
254 315
19 471
211 557
35 110
294 457
403 78
296 734
525 809
725 875
633 230
343 565
529 1175
611 711
707 97
530 258
99 611
417 347
172 982
1015 754
142 787
192 407
226 398
623 1129
550 642
744 608
627 885
309 108
932 1156
544 1174
664 972
1156 1032
146 869
103 26
82 267
1118 54
938 494
757 291
949 209
418 507
285 49
808 922
102 44
921 1154
566 984
837 564
485 803
876 55
242 1045
243 998
256 741
463 993
920 973
105 442
555 770
304 871
353 839
927 78
19 1142
396 771
541 641
521 164
897 622
67 764
610 206
78 341
638 129
573 875
302 1001
50 818
671 606
551 581
141 115
800 481
268 104
130 1151
74 157
784 217
991 247
931 491
360 1103
678 91
296 1194
1088 153
1103 790
107 249
559 1044
444 578
899 956
1010 1057
712 1035
1161 686
1082 207
846 160
656 394
778 69
90 1139
133 954
12 1020
471 842
243 123
152 671
1085 1057
580 329
1137 830
884 505
508 680
1135 857
10 209
949 575
14 778
186 978
698 315
469 73
427 1078
693 288
203 894
4 741
836 173
1034 1062
1029 873
929 495
198 215
851 305
288 438
1061 38
1047 620
795 1102
805 119
1094 976
365 100
1183 571
877 296
987 674
473 11
1154 158
255 1072
831 902
804 99
917 1015
6 673
1066 688
462 542
11 7
870 652
857 536
164 586
663 460
913 1033
645 687
831 533
170 1147
620 3
501 1189
135 90
604 749
1047 210
675 785
1119 223
968 868
303 79
380 319
209 641
743 934
31 998
36 598
161 1127
197 115
728 828
500 70
126 1177
510 867
765 1161
562 742
59 980
504 1125
615 14
1169 358
1017 943
721 502
640 698
998 931
298 724
197 825
1027 1171
658 45
908 989
438 193
1024 875
1059 157
256 226
997 701
611 566
591 274
760 167
356 74
292 162
1174 798
794 626
606 870
193 829
424 395
927 882
304 1129
883 228
967 518
883 681
912 293
969 611
1074 619
279 1009
329 908
331 392
1120 926
829 930
180 557
672 1065
411 1074
190 512
248 169
1199 109
948 643
325 781
419 1027
180 768
16 557
155 810
10 46
1005 32
485 563
1146 526
536 202
269 362
483 766
823 472
868 784
65 568
665 895
131 129
769 1051
1199 97
814 153
64 693
318 1006
275 200
1006 479
299 912
872 593
783 231
457 16
875 523
208 917
856 1047
554 789
521 829
1138 1166
719 753
686 279
182 435
983 152
687 22
80 231
440 615
428 263
315 426
452 443
838 1196
85 520
562 501
223 823
942 790
848 537
1116 313
544 563
967 1190
37 737
154 898
620 312
642 147
960 916
75 1036
285 8
878 188
1080 325
1006 769
1019 426
526 111
641 450
147 151
468 904
87 73
1133 1015
763 932
669 503
145 874
842 500
237 990
1001 281
1037 588
868 558
10 466
489 640
574 143
428 945
868 1135
125 1194
343 123
22 682
612 72
413 355
1053 305
1059 444
355 928
1083 818
1194 859
347 114
1132 676
1035 863
615 50
872 1177
1094 322
974 1030
1199 644
215 999
1172 796
295 424
358 70
480 576
84 511
402 841
420 998
844 670
320 986
972 890
271 718
662 1178
1031 349
708 881
503 154
202 960
320 24
148 1175
764 273
742 1137
221 847
431 888
534 223
1133 28
480 329
1133 1000
611 812
695 490
1022 451
348 954
36 720
851 476
437 255
593 637
531 1150
821 783
244 8
612 749
1169 481
567 1120
550 925
759 146
423 613
60 39
786 759
339 1146
225 701
277 187
468 512
190 799
602 123
356 924
939 833
699 1006
1089 1038
1040 789
1137 463
105 770
647 902
1054 1098
1062 117
303 729
133 946
1064 583
366 262
710 289
294 371
1132 782
438 1135
570 1157
125 380
997 449
940 111
715 420
889 510
565 1035
1134 713
487 1157
624 409
255 654
550 1133
884 1172
532 928
203 658
255 1040
60 830
1153 589
530 263
425 987
1042 112
912 63
1151 805
1073 1065
932 511
1154 172
827 814
816 125
910 56
140 921
1099 205
771 1028
322 858
1079 510
1070 1015
898 137
746 868
706 542
25 331
501 263
142 756
395 121
790 54
1056 689
986 589
108 565
465 440
670 798
979 312
319 912
1125 1195
888 1181
1007 799
1098 1078
213 375
849 392
1123 701
611 289
140 564
503 1116
699 455
985 438
1175 753
708 547
1050 427
681 1081
793 984
956 82
427 1032
516 175
809 375
48 745
927 88
1124 295
497 962
354 256
950 75
499 1137
162 44
1039 17
1010 1053
504 716
698 634
1110 497
1132 710
724 876
180 882
715 782
961 92
486 819
427 964
257 675
186 486
225 754
891 1089
959 390
513 889
1039 310
890 651
1026 200
310 693
905 874
220 958
1169 602
1174 990
969 1043
98 246
6 890
881 493
50 412
932 611
781 845
923 495
651 442
1008 62
819 633
1096 615
1130 916
920 1165
905 622
973 713
697 877
919 573
46 662
650 850
436 1166
975 275
164 579
1068 19
1156 23
1085 499
441 129
989 361
251 882
382 378
693 512
443 578
132 773
361 248
323 555
522 488
32 384
922 417
576 195
722 396
46 508
1132 587
272 212
158 419
1014 170
272 328
127 757
176 1198
922 93
500 482
0 1091
1041 19
438 691
810 121
1151 1080
160 340
366 1164
1029 342
228 593
534 587
264 1100
886 527
461 464
1139 724
1148 674
978 106
526 918
138 370
1032 929
47 121
246 214
153 681
310 140
657 1166
827 322
831 12
103 55
851 301
295 645
446 892
893 361
209 779
1183 1008
376 136
771 49
478 599
1016 1093
65 912
350 201
883 968
1055 1088
889 557
425 252
1109 1142
955 367
482 1192
762 732
437 1097
1111 430
397 212
1098 329
1200 731
159 541
834 781
1087 676
795 554
344 91
647 788
68 220
215 158
927 289
1042 922
521 130
1192 72
949 968
442 890
26 95
438 477
947 131
541 485
623 500
14 375
246 837
333 492
745 116
1060 175
199 1014
1156 25
1089 816
49 383
1189 15
101 189
374 1027
242 233
1175 713
641 201
954 31
436 1120
352 9
88 423
966 71
756 493
605 770
482 1028
1142 223
109 481
735 38
131 861
959 969
788 104
1037 915
593 199
910 218
838 469
400 541
998 871
335 664
1181 193
535 85
419 357
285 892
1021 72
860 948
1018 591
76 290
191 1108
779 1188
183 1183
146 1027
881 222
821 131
339 119
1164 140
901 61
986 584
973 430
341 1043
793 1085
120 436
649 144
1114 50
980 722
162 159
1199 1088
953 986
459 921
311 976
995 513
1012 777
239 569
748 813
920 916
803 1054
318 1118
1107 174
29 727
1100 114
35 552
1189 54
400 429
208 1081
811 299
674 397
180 722
492 763
618 598
1107 1016
315 796
580 54
954 862
1162 814
1093 461
650 731
809 879
279 897
866 351
76 193
591 771
240 670
858 62
300 284
380 268
289 1101
587 652
1028 1123
149 763
1081 460
551 1034
146 806
742 250
529 42
1031 1119
1090 223
840 173
671 716
804 777
321 565
879 155
690 285
308 456
835 702
1049 327
615 608
25 584
732 104
5 943
660 1096
42 502
1180 661
296 652
299 1192
228 970
1128 604
800 1144
571 360
609 984
1034 198
815 739
657 30
487 502
177 1030
756 93
559 849
291 1082
1198 622
902 315
339 1027
388 1176
1193 1157
754 89
946 533
555 515
526 497
529 1139
533 682
453 1123
1145 1039
791 513
1184 868
88 754
79 32
627 670
264 739
518 589
195 507
974 620
847 523
966 598
1069 776
1182 723
803 794
465 664
614 482
1024 375
879 353
739 568
939 618
28 348
822 614
905 1089
782 1009
1153 166
846 381
207 944
286 795
1189 3
931 310
1018 570
618 1148
448 808
297 723
831 218
1020 164
689 110
1047 820
56 215
639 2
490 674
272 1148
940 1074
3 1126
396 188
327 773
1148 62
404 94
1159 12
58 963
34 714
902 166
742 100
692 534
466 172
396 648
326 578
695 201
706 187
711 479
1085 451
925 1144
233 714
375 855
340 615
309 148
841 836
100 748
1137 610
382 356
262 88
904 693
548 374
792 1016
303 461
107 473
506 200
59 1149
956 1166
544 803
562 1089
594 939
612 87
128 1125
422 1019
517 438
369 979
1140 855
236 372
1093 757
861 406
927 123
302 540
323 1095
1102 567
546 116
1111 195
1127 362
221 119
456 293
397 637
606 883
949 91
818 847
202 500
460 817
1187 106
628 1143
45 694
416 493
1160 1100
1001 1080
1043 944
768 236
613 528
470 566
997 923
29 598
48 127
977 64
686 205
275 727
407 499
552 281
866 764
395 75
92 160
261 161
320 988
345 1113
1111 502
376 647
631 397
854 440
601 909
841 566
910 956
884 800
476 122
411 414
974 407
524 808
188 939
734 491
935 754
713 568
420 144
1020 84
259 899
280 202
1015 564
277 285
340 951
105 955
1158 686
970 777
867 852
84 604
254 675
147 714
879 119
980 1036
160 236
814 376
1111 1149
660 1076
11 902
761 162
1025 646
289 59
442 219
417 844
637 557
976 473
1154 795
861 539
846 883
404 649
124 693
766 1045
154 196
1172 336
860 1115
828 479
1069 918
184 70
969 762
148 368
359 1113
733 554
1149 776
1158 979
806 79
534 64
493 625
760 1
468 981
131 498
571 466
924 406
1062 408
675 889
1145 1115
482 745
1015 387
199 321
237 178
804 224
1013 783
495 910
416 1035
549 815
48 1037
618 1067
637 690
12 284
1129 593
983 1102
727 751
785 1007
514 591
1162 925
205 781
500 594
1026 339
581 929
3 692
632 813
43 1094
807 340
1185 191
424 606
1082 1002
1178 679
402 569
705 256
952 901
64 892
925 928
658 244
190 787
416 689
1067 736
840 675
77 1159
636 310
426 318
683 405
825 911
128 1124
96 81
561 854
361 283
233 834
1196 869
732 858
1175 319
1125 1007
540 219
287 459
939 679
296 941
140 631
1093 348
979 805
147 387
78 388
234 105
146 1048
930 291
28 886
463 28
309 154
147 46
335 719
1170 946
223 261
64 1177
1097 511
275 480
1117 321
761 1140
776 1148
87 942
251 172
1150 2
649 685
1044 1047
322 726
853 430
314 505
407 1038
440 312
939 24
298 937
426 1169
533 1147
138 163
916 452
1050 180
311 936
828 533
883 23
1192 438
1076 340
508 52
559 294
514 1021
162 191
1020 696
1191 266
648 547
221 542
844 553
162 295
843 926
766 1032
360 1185
960 98
344 328
714 910
17 707
878 236
1137 1039
787 719
1044 438
152 57
562 272
780 33
359 157
10 593
590 277
516 34
115 951
163 1120
917 959
409 1071
113 838
347 188
1183 993
676 786
974 464
14 914
333 829
827 810
904 361
1114 1039
41 332
595 527
1198 1066
670 24
728 665
915 383
294 795
973 101
101 671
554 1197
841 417
28 354
171 6
490 640
579 1144
20 77
540 1164
996 321
1065 732
1173 491
73 1038
1043 432
757 808
485 898
399 851
411 418
16 1058
317 570
147 90
766 154
1134 1117
242 972
1171 174
1165 684
878 1011
611 121
790 1165
1191 211
1045 790
844 184
151 929
3 925
1080 938
937 537
301 1085
469 586
792 713
109 394
632 581
467 996
1075 183
149 1039
1025 345
826 391
1054 90
1089 1100
1168 299
1083 543
333 115
573 384
969 571
994 601
1043 845
939 1129
839 421
711 732
70 1033
740 553
448 1072
690 858
874 866
197 771
322 718
566 663
246 268
514 707
239 1059
191 415
973 835
13 1157
604 56
153 546
793 745
725 598
605 469
322 439
308 301
258 93
979 533
626 648
971 739
1022 1190
146 392
1012 526
1064 564
266 158
231 978
1043 869
172 828
804 605
262 337
1192 202
531 386
938 501
135 440
74 1090
1089 63
861 359
1186 901
594 635
899 998
500 358
458 916
514 788
476 347
899 949
263 300
1200 209
963 899
4 969
866 702
252 570
103 857
505 442
358 55
775 1100
818 66
746 1021
349 733
947 190
509 137
56 687
40 181
662 28
455 560
513 753
841 471
770 1060
830 802
229 1063
567 1071
29 324
94 879
765 770
26 496
230 967
666 708
673 704
744 758
442 378
545 384
1 799
79 458
481 663
831 58
1192 498
1010 899
620 516
226 967
77 417
825 822
1072 851
380 949
563 1054
1135 292
736 118
96 740
706 1086
752 1003
797 945
266 742
270 403
457 949
640 748
820 557
975 976
733 577
631 1094
544 125
238 446
1177 613
582 1146
295 106
698 1056
109 208
515 593
508 574
560 723
85 1148
853 764
65 693
140 63
557 96
132 144
971 686
275 827
391 323
369 976
422 522
1100 545
341 721
423 899
482 688
601 1084
744 36
860 931
523 249
205 750
360 34
253 288
967 706
422 203
717 322
840 433
1105 446
776 1161
349 1039
483 732
324 736
564 1143
994 33
811 1141
657 373
573 96
877 1165
99 192
37 1034
1181 50
40 601
1112 938
287 703
1127 1113
23 206
129 249
506 1094
79 825
761 449
802 176
785 460
343 660
786 822
280 769
184 47
995 972
287 445
323 434
166 804
903 746
857 383
1025 147
851 909
553 778
472 647
1030 1185
109 522
13 1156
481 420
400 957
616 134
520 899
461 294
140 828
101 137
462 29
662 968
820 389
488 611
1047 1132
424 89
649 861
840 35
327 860
41 876
551 894
302 722
39 898
925 386
79 1192
699 824
985 1028
545 1167
454 684
607 889
671 147
840 17
857 72
212 564
126 858
1062 532
299 582
1072 679
217 950
952 423
424 974
1046 215
1094 821
334 56
879 24
445 1119
244 930
98 506
303 1076
756 317
331 582
549 660
103 299
549 106
260 920
468 19
601 1002
720 1174
396 905
901 920
1109 648
860 841
676 315
838 148
415 133
302 851
638 1163
894 988
616 1173
1073 191
580 937
630 575
954 523
532 303
1145 272
136 210
150 1122
511 371
622 61
132 687
256 205
193 1055
322 804
1042 939
304 245
992 168
135 475
156 538
391 982
1024 782
961 1147
625 202
1120 797
998 386
426 1126
919 349
585 976
477 260
322 727
760 240
561 897
508 57
753 134
482 971
620 80
313 810
640 750
12 477
1125 823
750 95
1064 1133
1070 1175
1173 1135
527 919
574 773
299 597
463 930
366 439
556 588
285 1179
208 56
1044 686
1048 31
886 494
116 447
1130 904
317 801
507 1081
130 771
35 37
269 710
1037 255
502 597
1109 55
624 921
271 781
184 696
157 1198
520 633
253 193
623 115
560 405
490 706
937 204
424 1000
535 163
540 1100
120 832
511 1073
654 760
609 67
993 1022
318 582
738 676
449 62
1184 142
499 595
557 4
275 830
1099 317
657 752
868 281
332 411
532 173
836 402
66 1
279 1199
949 325
1089 113
733 1085
675 466
567 1159
511 1179
1186 330
60 572
317 279
92 512
1094 190
599 533
389 181
811 60
1062 613
798 597
659 152
139 1076
315 20
881 149
381 927
155 1161
463 690
8 453
995 1159
583 983
4 1196
241 411
707 915
502 283
1102 1028
383 1165
1113 762
915 235
440 96
1121 601
520 865
168 860
160 599
245 979
482 596
493 569
761 558
550 203
397 93
89 1152
834 139
447 228
58 2
214 576
41 669
1118 92
965 71
870 997
1054 635
457 385
462 925
1177 556
228 718
551 562
732 14
1078 1159
741 90
512 1108
348 226
103 855
1020 433
726 206
998 448
5 683
2 64
293 640
103 566
185 377
474 13
95 387
196 902
429 1047
503 22
508 368
1123 212
560 622
372 964
708 271
387 779
1162 787
468 704
933 783
300 9
623 235
1057 343
1134 192
409 395
338 364
1006 25
905 2
428 594
390 792
0 231
749 986
1064 901
191 514
826 613
277 209
116 623
740 399
51 50
71 719
150 899
229 1138
367 1148
863 434
34 1002
850 1194
795 411
590 1010
2 894
769 622
125 408
939 450
418 654
957 834
193 962
1049 169
725 358
933 877
692 464
545 403
545 537
399 828
965 201
946 1105
880 75
1122 355
858 823
348 650
265 941
656 400
654 1008
774 1025
114 59
522 1020
922 898
1178 294
714 569
915 381
350 1063
1189 788
660 882
234 364
112 849
255 679
104 785
15 88
724 1071
65 629
418 249
114 71
415 1002
519 228
642 655
718 132
549 252
203 951
41 364
655 531
963 447
1006 819
1195 889
122 513
231 238
96 1064
811 537
214 1160
374 316
876 408
912 943
376 651
1003 305
1045 349
739 362
597 11
773 94
474 205
897 942
1180 1106
258 352
591 669
1085 824
202 925
82 325
1010 220
558 1166
700 623
523 291
1018 425
554 1178
899 781
224 1114
279 453
176 770
346 1008
209 708
173 480
519 113
1178 10
207 702
231 576
73 1114
754 224
504 196
44 1076
625 703
1012 93
1169 1152
289 137
944 875
541 191
451 897
991 339
197 454
543 699
958 387
916 334
588 56
828 944
1049 181
960 832
120 897
1062 227
595 296
958 497
761 126
877 766
614 752
1049 29
814 955
529 418
787 825
9 579
88 93
970 463
524 819
421 634
1198 1051
364 1096
7 323
805 720
914 569
1194 704
349 185
931 450
600 615
216 519
536 884
793 683
571 587
496 687
519 984
1061 621
253 704
956 291
1012 119
896 861
966 1183
732 725
1017 81
1111 753
44 135
113 1022
629 1098
926 767
900 45
167 332
809 885
39 1065
595 692
435 440
492 263
501 218
469 742
732 630
91 476
321 770
1110 1154
1056 863
718 27
954 1064
670 148
556 577
428 1130
648 512
474 1123
280 396
819 1000
580 278
329 1170
61 882
3 307
1193 783
431 484
836 377
1098 842
911 1060
342 321
418 574
306 416
870 850
1023 82
289 373
738 253
195 580
105 590
843 1078
729 868
484 52
712 572
1051 1043
256 53
1001 365
574 851
710 1186
272 497
13 325
39 173
388 229
40 605
316 197
1035 693
948 115
664 1116
797 338
567 1033
490 1162
1132 342
1121 1161
77 215
402 1176
12 901
1014 884
1038 39
494 428
497 350
955 1168
87 718
252 1091
499 704
840 138
178 920
82 319
1119 12
682 807
1065 46
507 1119
199 452
472 796
396 991
554 591
45 1169
348 368
155 951
763 691
596 25
182 1147
403 459
710 142
196 984
891 623
902 428
307 429
475 215
750 1107
615 142
1066 343
423 1046
1051 1193
681 305
752 358
24 230
764 962
505 1113
115 235
680 1007
1140 1
919 804
192 172
641 870
1057 609
1061 136
923 522
378 567
917 1005
800 801
1042 975
212 292
203 709
350 543
349 321
688 492
719 563
310 965
19 458
561 893
1092 1185
133 2
134 1019
468 1053
482 92
531 322
542 240
170 874
263 1145
872 1043
99 1139
228 706
1190 381
982 967
667 751
592 846
558 965
887 408
684 250
336 904
197 71
959 794
85 162
229 426
292 1181
1153 1163
1057 350
242 479
1116 786
224 742
44 50
350 727
513 454
1121 708
847 158
949 223
709 689
278 732
1149 794
456 853
128 286
992 437
418 707
1056 31
926 639
195 928
67 1187
825 1034
64 719
824 654
1159 381
1020 991
1187 972
715 758
246 315
1000 486
985 892
965 36
422 1051
829 144
489 831
1082 582
413 87
468 604
4 1142
189 1025
536 437
861 1011
975 1107
397 930
707 1032
44 1185
1001 288
847 132
399 963
752 107
777 4
1171 1193
35 824
529 228
55 667
372 1015
718 1023
447 159
498 680
941 469
9 471
381 810
328 629
349 641
369 695
305 298
1159 676
1069 1074
200 926
665 647
259 882
309 868
1096 191
1081 1053
599 573
327 634
632 213
295 584
1105 1073
560 321
315 1054
378 1138
85 452
668 121
627 1195
209 520
875 436
760 1114
731 860
580 281
107 792
434 1123
41 716
82 94
372 372
1194 237
463 897
811 979
341 583
47 583
609 28
1163 745
1012 436
930 997
417 457
117 1173
1034 182
404 1060
43 826
1147 249
1134 51
688 404
1190 823
820 154
290 468
1082 441
105 570
450 284
614 633
710 1122
818 1153
405 433
384 1052
788 305
663 1112
869 1027
1199 222
142 752
174 488
923 674
1018 683
1015 344
35 684
1009 920
736 504
159 465
501 497
1013 170
818 732
1110 325
598 451
434 410
84 26
151 298
980 184
431 371
276 878
249 349
778 163
1155 132
940 1091
693 343
177 74
409 36
1009 554
433 368
1086 91
435 388
24 449
560 1003
973 207
290 43
127 567
299 455
766 84
579 252
382 586
541 1130
677 4
722 303
619 504
814 1084
22 687
457 367
694 656
722 824
1125 937
646 1001
45 751
705 706
620 764
669 514
156 659
1011 1058
258 145
161 1093
84 523
103 750
283 1097
460 720
604 916
1131 1186
728 300
1110 894
104 620
775 727
95 309
163 156
805 1083
1139 251
932 477
478 462
768 59
1020 1194
3 640
547 782
790 117
645 1102
892 1151
986 650
1183 320
761 646
115 467
632 314
458 653
655 327
894 1162
307 924
984 874
384 1069
666 117
677 1066
400 18
477 1059
809 984
974 274
892 102
463 71
1081 1056
289 1067
1157 721
871 662
1071 129
1191 462
1000 331
895 24
59 1104
462 691
890 328
187 289
899 297
981 757
487 679
845 1126
1178 1197
997 295
760 1109
321 738
684 1004
1028 756
255 883
815 132
234 496
451 831
1051 234
942 1160
417 946
838 960
220 22
1018 240
177 860
568 488
328 358
1131 387
591 397
905 301
184 73
154 219
383 1043
299 955
267 790
843 546
145 863
288 1102
637 598
358 557
805 34
591 396
986 512
754 104
414 934
8 19
10 1
1097 945
902 6
935 219
144 674
978 130
393 932
394 679
553 950
518 907
199 712
375 979
540 1027
712 769
42 958
565 1097
215 120
1010 841
1076 509
316 968
1019 902
185 274
106 1058
782 989
345 1142
972 548
401 1060
426 191
386 554
885 970
245 431
171 786
998 652
1041 78
382 400
316 530
797 765
474 837
438 1024
423 983
299 753
172 7
489 263
408 493
911 71
1049 188
214 910
1176 953
946 747
82 585
400 487
1154 227
1132 237
48 389
857 695
86 114
1112 610
1059 244
358 395
1163 402
301 1065
145 118
398 256
126 829
823 1091
67 817
331 1124
18 269
315 338
511 702
770 555
431 69
853 1123
460 188
64 404
975 20
556 961
614 1002
778 349
539 1182
652 694
646 908
790 892
295 396
129 1019
935 693
1114 778
899 215
806 735
792 889
33 443
138 1035
153 287
297 666
883 907
1144 572
580 1087
947 233
144 976
9 766
79 27
1149 843
771 431
24 951
844 285
288 971
818 1131
77 39
0 501
121 662
613 899
10 867
200 568
761 328
920 939
790 440
443 396
936 22
295 686
815 717
343 39
607 456
227 491
15 843
815 652
354 86
863 411
465 951
682 746
592 184
240 490
405 738
41 161
428 656
253 306
880 991
783 816
488 913
256 770
247 631
201 776
623 1170
243 897
557 81
965 35
548 816
234 1054
779 414
1142 947
834 421
797 235
710 332
775 970
1000 414
816 457
1051 165
547 1153
48 1140
288 251
542 916
1187 304
797 499
1130 114
986 994
339 719
478 173
957 154
621 630
960 1016
489 551
424 671
882 381
367 552
663 103
718 68
579 1013
1088 428
619 837
892 810
1101 145
216 1197
87 809
616 21
1056 411
39 416
896 282
948 1191
539 400
909 204
993 1115
778 654
286 113
509 830
72 1164
916 809
649 1082
810 312
459 169
254 729
81 295
1090 274
915 923
315 932
808 220
38 436
1092 124
64 742
956 670
1189 675
376 976
67 1143
924 853
484 360
1173 1052
1148 1098
1059 8
1143 713
123 419
989 485
670 206
1130 330
286 19
1129 455
671 988
73 862
648 705
1065 608
108 753
752 811
267 1126
427 1056
245 189
476 893
942 929
98 7
1159 145
232 70
651 1002
813 1028
932 808
234 1006
592 577
780 877
536 187
188 1049
596 1085
744 396
397 444
156 795
1165 34
30 27
498 863
205 700
840 1082
986 711
29 707
640 40
709 864
166 1122
810 195
32 371
114 195
892 473
160 686
151 370
546 1009
294 75
53 1130
927 139
561 617
683 337
257 1051
86 759
729 624
1037 87
1037 398
606 885
688 610
464 928
371 316
556 475
420 692
279 1072
1179 396
434 714
131 469
762 531
128 1100
583 1132
733 557
53 161
278 668
575 777
697 167
449 616
463 619
596 946
644 724
702 383
983 366
1144 1167
1047 1078
894 422
459 382
78 346
536 144
969 1036
938 803
1035 655
486 287
436 623
713 881
579 67
312 1022
614 471
451 148
752 465
98 293
194 206
1134 451
66 1029
133 815
1060 475
619 817
1136 998
871 991
113 201
150 625
146 344
630 236
1074 1168
317 31
854 995
188 917
611 723
75 860
223 780
1163 768
745 663
538 632
871 853
511 1141
142 137
1138 376
315 1137
912 33
708 821
698 297
1114 913
138 1100
712 990
966 955
993 15
32 1015
797 83
1154 518
666 752
581 690
146 374
604 774
338 321
180 279
436 872
700 482
1092 481
1031 424
569 147
542 749
958 552
976 1000
335 1176
673 681
701 170
365 21
1159 0
536 66
1060 57
787 379
590 190
386 770
406 384
738 821
541 122
400 506
971 197
471 45
970 661
1154 17
504 98
471 148
535 1080
656 1124
1105 339
7 1133
711 398
215 160
473 44
1001 728
872 809
891 236
782 21
738 797
759 828
485 675
280 574
743 1019
115 943
513 132
1163 530
894 206
1156 722
521 1019
913 806
321 566
870 132
974 1165
858 1190
400 579
249 596
657 1140
632 532
122 69
285 766
328 255
536 687
1068 1131
758 717
1198 724
493 595
219 800
1078 594
534 483
325 896
1098 990
565 1189
1013 60
842 189
410 451
694 599
939 904
650 1058
446 709
905 1077
593 1050
559 901
690 494
997 546
201 317
412 1097
988 399
710 266
987 1069
40 173
554 579
1013 1182
1067 842
481 280
15 240
284 199
467 1094
527 330
148 148
16 930
1092 848
405 396
951 621
943 17
749 1171
727 174
616 718
219 838
696 1173
264 712
1130 592
42 146
977 944
602 468
862 515
267 233
59 660
770 853
1044 1031
402 549
314 436
643 827
2 836
271 304
1191 315
560 952
300 742
760 579
436 167
610 392
250 232
775 426
1164 1195
137 552
14 981
589 798
1174 51
505 20
752 791
335 321
935 315
895 366
401 523
91 880
660 851
897 1036
700 431
1150 1092
227 1023
1046 48
1186 684
870 821
518 843
747 1084
501 836
51 234
122 1065
1123 1084
160 954
152 978
388 498
1110 26
1069 265
233 297
132 340
183 470
311 450
638 1033
144 1146
827 497
1005 353
301 941
886 487
140 268
128 639
912 160
583 1051
688 173
400 681
424 122
199 939
845 417
893 774
924 461
222 849
1060 16
494 1114
432 722
661 1036
163 92
1073 982
805 128
610 1166
948 70
164 1057
573 1003
977 404
803 232
1039 315
0 399
286 503
526 814
273 317
0 569
578 192
1087 165
623 371
388 254
1078 359
893 544
250 395
608 40
676 165
776 83
333 225
175 1124
465 467
47 470
725 386
1134 583
839 986
510 734
354 926
537 21
532 684
516 416
1049 108
183 921
301 1128
852 1195
48 588
990 342
381 586
431 311
84 625
196 975
847 1108
610 1192
328 172
177 503
600 473
4 271
947 524
1081 947
369 54
932 326
530 127
1086 357
194 1027
568 1022
134 1011
1191 501
134 366
332 1070
807 282
770 457
532 673
259 760
85 406
933 701
662 70
777 675
907 263
1174 715
307 56
543 575
1185 1004
963 259
903 849
280 686
15 10
1067 1128
437 208
60 91
897 381
156 559
203 770
162 447
363 840
525 92
856 145
791 526
598 1122
641 754
1191 214
87 750
273 64
331 246
170 198
295 279
199 798
141 584
895 21
991 974
930 671
286 477
669 1065
748 560
416 641
792 936
247 1008
373 801
1044 162
1139 1054
887 312
815 867
315 137
564 1104
360 1091
39 302
495 32
968 651
1077 724
600 1193
229 13
258 651
555 506
887 1195
66 706
1046 322
330 571
719 301
1028 516
1063 491
541 583
517 594
273 174
701 400
613 145
1054 426
817 419
560 709
906 1165
584 1004
28 1074
790 708
1065 929
952 846
836 149
1058 57
701 769
73 131
1200 511
1071 947
1112 25
165 265
716 410
455 1087
43 813
492 648
556 284
171 304
1054 700
199 304
575 341
1039 592
159 2
280 318
674 506
891 49
634 881
496 967
383 390
363 324
550 798
29 445
912 317
468 876
225 570
439 1138
574 656
923 748
330 161
1012 236
880 125
168 953
470 144
1028 1082
732 560
798 1178
115 758
35 457
184 241
287 907
510 277
601 378
991 1089
238 250
705 173
865 904
1010 426
291 283
1013 185
678 768
177 808
1099 655
279 856
451 1072
470 799
659 632
48 862
976 309
717 484
44 1169
203 1026
871 192
1177 307
196 966
981 170
37 422
292 1108
848 589
990 91
425 926
879 269
989 437
73 560
156 721
954 650
908 705
436 3
811 114
139 681
977 575
400 80
777 1079
404 207
531 820
577 63
164 804
145 496
33 799
731 94
177 526
378 951
194 169
490 1149
853 37
737 833
670 47
597 851
283 120
1134 604
1116 204
490 46
748 838
947 1178
9 534
899 421
497 143
396 928
97 37
263 36
458 339
1015 1076
607 175
989 5
1179 1037
374 621
490 900
1154 964
14 459
248 300
923 992
955 140
1177 1052
252 771
600 420
20 899
761 263
1116 1167
624 649
704 408
278 546
733 332
281 1198
1019 1187
367 1121
596 799
516 1130
119 320
718 782
43 323
495 195
1164 399
1061 385
220 111
93 46
598 718
568 228
1058 953
545 657
1060 754
368 411
222 204
89 368
457 2
197 667
219 1198
1010 23
886 1019
937 897
600 122
523 123
282 873
795 720
460 780
999 632
964 203
982 898
761 191
658 1153
38 311
1130 477
421 745
261 863
81 388
241 455
771 85
410 997
923 550
801 822
643 892
408 1084
288 800
894 1178
818 659
1058 42
457 611
732 1186
784 927
967 355
1195 534
358 546
85 113
856 113
428 296
963 254
1148 94
160 129
915 1090
927 1096
562 648
596 629
2 907
978 268
1001 486
1087 1163
238 698
472 543
1047 224
200 161
1037 871
355 1091
934 203
1172 318
190 429
298 213
354 30
131 772
697 408
154 699
722 1083
173 97
710 837
361 906
123 749
317 51
720 1143
725 390
200 611
43 610
706 502
368 861
604 1082
552 387
121 337
728 863
40 4
202 230
552 520
1122 1076
1052 713
1161 600
455 1128
106 1092
959 110
285 541
324 515
225 364
872 20
258 774
90 1121
1144 304
689 674
323 1087
1041 980
1107 1063
1128 694
1104 1094
371 924
947 97
580 449
489 122
235 1187
465 691
558 32
1051 547
975 367
894 1011
551 414
80 88
1183 949
370 9
1002 1092
27 831
1125 373
18 461
1046 339
755 0
342 764
105 281
705 881
79 88
739 743
14 1068
773 10
92 485
888 664
435 294
209 835
184 830
584 1019
1019 84
489 244
310 875
486 1144
324 125
279 544
109 698
215 1121
623 288
165 330
43 544
869 85
10 1050
666 573
1093 526
500 785
1185 730
287 637
632 587
292 955
617 598
959 1162
938 668
373 162
51 215
360 676
1122 124
1192 414
267 889
350 125
376 477
418 677
785 431
101 1105
131 173
1164 401
554 285
51 574
809 742
1071 1188
785 1151
499 554
798 277
646 537
610 591
969 985
404 1170
1047 798
94 1163
211 633
228 9
720 900
1131 647
652 115
936 48
871 224
1014 52
294 348
976 624
1175 1131
881 934
975 462
302 843
324 108
117 2
411 599
232 337
232 12
916 411
651 951
670 8
73 203
406 446
1196 786
41 193
1065 200
976 983
1130 517
575 191
220 347
853 1106
786 167
676 98
608 229
880 898
169 272
1003 126
911 998
667 786
988 159
671 893
892 410
1082 730
943 222
970 703
855 1144
334 942
579 134
819 1092
522 176
1177 437
316 876
57 215
720 235
777 603
1103 190
869 1187
199 500
259 73
440 802
240 457
334 473
204 1105
94 377
746 576
619 667
300 758
196 1122
919 404
998 519
751 1080
499 1173
329 700
354 898
547 14
1144 60
736 908
526 538
373 469
550 377
589 807
398 601
738 546
543 1096
628 687
173 229
380 877
233 910
606 876
995 909
816 613
638 1028
774 42
743 885
459 201
1168 157
332 913
466 302
1087 1049
938 635
379 926
390 789
1132 1064
208 838
1064 472
538 157
463 249
781 743
1016 984
606 350
893 230
1076 944
479 512
472 25
102 1122
656 300
671 355
797 66
1075 143
227 44
1176 1051
1032 396
79 249
909 979
106 985
957 228
424 463
510 834
463 367
374 640
1028 1147
946 327
509 659
505 789
1197 532
688 314
1106 932
351 414
256 540
849 895
947 944
399 856
786 247
482 1163
892 839
56 124
921 1162
1151 794
282 1105
770 16
342 505
309 759
870 302
357 1108
991 602
283 999
2 826
1102 257
961 774
283 733
689 621
32 479
129 538
997 330
35 1105
60 154
589 1178
565 102
1034 205
1147 516
1088 12
127 861
560 773
614 611
244 845
717 1084
192 799
907 340
1118 829
228 471
1011 879
1078 187
1000 867
55 574
356 367
901 1080
1144 619
325 159
277 776
152 793
1084 848
1013 1084
902 391
247 610
938 1120
1035 989
792 680
1115 818
358 418
692 516
717 881
970 683
994 284
1008 90
288 1111
1159 326
557 158
245 486
622 116
970 476
858 939
796 869
505 103
644 747
318 1036
549 858
787 307
185 960
992 827
116 870
106 186
65 143
918 817
557 283
994 948
980 222
322 989
827 408
280 946
607 1106
1145 520
193 809
472 1156
1000 269
126 1036
727 1077
1119 458
161 627
702 345
859 270
1052 772
1129 1177
1021 727
1179 351
929 666
121 1097
1053 887
249 828
184 1036
25 22
1095 421
113 586
241 405
804 655
647 711
701 478
65 559
738 1165
754 827
1188 508
870 907
986 187
1140 1141
81 646
65 315
404 395
231 770
17 1008
630 688
1046 1163
612 139
227 720
515 1124
203 283
344 982
209 1186
1033 765
991 812
419 1196
897 883
507 47
1034 950
291 138
734 455
528 736
132 78
485 11
1053 1194
1178 939
32 202
422 1157
1051 1198
570 729
1107 517
556 98
411 1031
1004 574
1005 792
570 925
811 968
22 359
207 303
219 523
264 535
977 145
316 503
331 670
1104 930
704 896
750 872
249 689
592 119
481 463
477 987
258 58
322 691
695 582
588 888
668 124
974 833
557 1143
435 133
1200 929
845 642
355 20
925 375
987 954
441 994
734 783
729 43
1085 843
30 580
39 1096
284 669
912 1058
575 1192
812 136
729 697
226 1158
601 1061
677 911
1175 848
1180 937
980 539
967 653
1072 937
764 519
433 1089
272 716
856 944
1167 654
265 74
217 12
246 1159
163 228
1003 354
571 283
1152 818
754 824
325 44
937 761
295 307
801 1194
703 817
320 328
314 541
218 346
210 189
260 1008
1009 225
106 777
522 405
242 270
348 930
423 717
283 1187
1073 1058
3 445
562 215
1119 207
834 913
536 1021
626 15
548 395
450 104
913 1187
1088 978
1045 995
17 939
511 578
740 130
522 1022
731 233
817 426
660 928
1152 803
519 868
185 468
303 807
321 945
936 249
1088 689
988 977
159 841
276 645
282 245
598 692
474 1031
939 301
858 23
875 792
606 552
701 1067
815 895
361 1068
168 815
868 126
576 786
919 363
538 951
393 28
773 326
110 979
608 1004
431 427
990 203
1121 1085
332 146
753 585
353 821
751 575
507 537
835 49
735 765
346 735
417 486
407 459
469 701
495 433
622 308
247 579
1174 94
981 49
741 387
32 601
944 1200
451 693
150 1172
1005 1165
876 386
184 135
910 1189
543 1009
899 303
655 762
267 1182
261 1018
658 560
790 402
765 1024
714 686
700 1024
369 995
1072 624
109 857
400 465
599 884
473 647
345 101
1181 363
399 12
1035 442
552 786
1190 1194
744 1024
239 447
955 427
1098 397
807 378
508 790
808 87
378 992
709 1185
221 629
53 178
655 298
672 722
1048 719
1099 364
921 953
496 1134
480 641
935 465
631 550
1 615
407 528
876 129
905 317
1136 674
1169 741
431 208
532 595
188 686
453 888
0 23
767 311
189 1196
822 74
1038 1156
61 28
752 101
553 913
311 56
261 218
95 17
15 379
785 123
972 804
637 131
1192 919
511 918
782 156
415 90
596 889
94 628
47 1053
549 339
755 1072
433 647
129 142
730 432
484 868
1021 881
735 764
716 859
314 77
1012 759
1141 172
398 556
18 808
17 1157
411 13
958 1178
338 744
13 237
1060 495
44 1181
336 320
271 722
421 255
945 357
1021 523
742 97
409 822
704 730
364 755
591 553
1023 994
136 406
164 215
892 330
710 165
600 1004
43 1065
331 953
694 880
438 243
365 911
16 384
3 511
519 232
1117 854
1031 1167
453 256
328 456
381 566
561 115
206 962
49 153
252 523
331 99
75 467
885 1032
450 44
118 961
586 531
113 747
1186 344
169 743
457 1116
357 1094
411 935
190 1043
867 1160
989 272
1122 684
160 89
857 1066
809 104
763 855
885 257
6 405
695 1087
167 505
1150 897
692 1039
632 988
1054 58
655 295
365 509
794 481
907 303
142 240
673 1054
908 244
422 116
674 298
965 866
85 375
1013 1150
10 252
558 591
632 390
659 693
1148 580
1053 712
1093 549
983 923
117 422
337 755
451 991
1033 32
415 67
260 798
610 224
884 979
1177 966
1129 349
114 344
1199 517
1089 563
1034 776
239 152
101 127
855 373
273 866
504 1139
629 599
1177 672
984 984
1028 771
184 920
1049 377
71 987
209 432
346 744
615 694
548 1141
1111 568
675 943
741 384
440 507
543 12
907 738
561 25
575 140
376 242
61 363
904 182
823 402
1200 906
511 506
1062 1071
1040 868
819 140
1153 701
1164 63
868 523
212 102
30 43
619 681
288 308
419 575
69 473
851 744
40 619
197 1000
1058 1155
322 293
527 841
253 735
38 457
819 771
1004 97
1172 326
703 33
1040 972
496 805
1106 549
581 761
479 32
238 28
725 246
203 1012
846 143
365 889
833 519
838 485
890 465
293 364
375 448
90 901
1134 889
391 741
226 149
53 528
1000 409
642 405
1064 414
306 57
1184 522
1097 598
1059 62
1006 647
710 1132
802 931
764 1017
573 220
942 960
305 849
593 833
239 990
1076 988
441 154
678 89
814 863
793 774
1043 852
119 577
162 773
1096 983
481 684
478 566
643 422
1149 176
1010 582
303 418
932 744
73 198
166 405
927 804
668 561
977 383
102 88
256 929
987 1014
987 284
856 1035
835 62
17 33
786 174
311 757
685 762
657 1011
273 841
275 240
814 210
1167 259
452 618
353 448
706 346
601 673
925 997
286 130
575 934
95 11
1033 924
813 175
200 1178
27 538
286 598
516 1078
423 1166
62 433
919 38
170 795
1132 131
987 671
620 555
1083 389
146 763
750 1079
779 39
897 291
339 577
684 1133
41 312
1159 716
1148 1000
895 493
483 685
746 77
42 884
460 552
1085 59
1188 499
916 786
670 156
749 456
480 162
403 477
441 705
808 1182
223 553
990 436
750 764
415 588
1185 398
810 321
556 656
44 1128
10 804
1152 24
905 973
760 816
706 923
24 855
254 1156
686 34
207 375
467 1158
767 527
1100 696
813 83
870 108
524 47
529 47
1042 424
737 465
1150 1100
992 361
387 812
408 781
1152 1096
869 882
671 732
1071 351
155 400
331 1040
982 106
710 452
880 236
1049 995
483 321
264 651
37 868
144 447
355 1126
85 305
754 1067
35 777
1114 1024
1193 12
1005 331
919 340
12 1040
752 1132
796 506
1156 37
837 304
990 219
1074 994
170 881
229 578
264 1112
1157 916
454 1135
1176 1151
385 88
1009 316
701 970
1034 960
5 754
225 36
345 944
849 749
368 171
511 1031
410 452
858 180
768 751
389 798
949 795
351 93
597 413
87 13
1131 402
1149 299
277 690
46 498
243 149
215 1099
267 603
226 294
369 322
560 798
251 1100
568 396
676 218
1004 1108
379 585
739 578
1157 1064
996 110
314 176
1133 727
786 919
115 420
726 784
15 569
122 943
914 545
35 949
898 981
643 359
794 166
1063 641
1029 321
68 621
674 530
424 117
934 707
109 223
1161 1072
846 1158
665 1183
415 778
131 392
257 1120
1113 213
1074 511
72 256
982 999
150 25
513 158
1091 568
521 731
1085 1083
890 1013
1187 1068
1046 891
472 387
762 1107
574 386
90 847
776 518
3 115
850 85
617 300
242 737
899 294
51 549
573 515
191 485
304 715
264 278
56 427
157 712
1072 1200
1082 1129
922 887
745 1168
395 844
698 436
1053 1019
771 424
238 0
360 47
260 1069
59 135
588 741
131 895
303 1077
367 1045
344 614
1124 155
144 166
1164 686
469 70
365 468
698 1132
1165 661
964 76
631 1046
484 915
632 1188
288 789
1024 1105
559 512
289 116
685 637
789 986
191 132
538 1060
847 343
799 186
1189 297
951 315
953 1100
575 1064
860 1166
1188 867
675 867
584 152
885 129
174 716
1015 490
597 944
14 377
424 1049
1197 260
623 221
1169 736
1128 1039
860 1184
1055 856
572 456
7 4
1017 335
904 1128
458 750
707 1008
1123 583
577 57
1037 597
1100 779
558 1079
449 482
1183 1175
292 987
336 898
603 310
563 932
1019 323
490 489
940 167
726 1132
992 454
351 1003
128 1142
739 978
160 840
220 163
934 701
1067 620
906 251
869 489
238 708
518 210
1088 586
568 925
829 463
334 757
488 1142
777 391
433 370
1087 241
199 1120
719 529
758 856
83 1176
778 433
173 220
705 1194
941 417
308 956
1108 941
1190 325
320 657
42 510
551 899
138 823
104 142
1116 680
219 1093
1181 552
526 1063
444 412
486 1200
1110 370
835 899
985 479
321 368
630 394
96 479
551 607
473 490
673 902
923 135
451 606
553 611
931 807
381 1172
917 60
1006 283
1021 116
279 526
77 1073
534 895
316 677
1170 858
1074 377
728 1153
132 134
746 712
163 722
307 43
832 1189
185 619
732 250
884 1032
108 299
398 247
70 1164
500 856
782 1120
801 926
1150 926
1168 137
713 578
765 497
750 1077
1139 338
204 1014
154 827
182 975
20 949
812 103
945 895
667 668
621 342
361 167
766 588
158 329
1180 451
571 1094
590 48
385 485
410 958
1029 61
813 786
59 907
641 977
34 672
886 288
133 154
917 815
1163 697
1027 257
1029 1085
641 995
797 1171
419 862
917 783
782 173
1108 534
839 1105
216 5
621 1001
451 298
518 1076
51 742
955 966
769 52
321 606
831 704
635 421
1049 648
1067 213
423 921
244 7
795 457
1037 884
102 814
661 287
30 770
1024 409
496 494
1167 186
955 255
231 1
751 932
173 193
818 939
1112 243
60 238
478 121
109 279
625 186
47 943
470 258
273 1061
331 318
784 80
1182 172
782 654
4 453
439 801
567 732
1169 214
752 1172
12 999
691 819
1055 219
485 76
1169 759
1186 202
528 836
520 988
660 886
399 292
752 1090
926 458
164 931
839 968
772 991
606 916
712 271
243 1012
507 1183
573 633
411 339
60 563
349 198
627 908
974 1086
1200 556
1156 369
881 723
198 637
469 943
698 317
865 407
666 543
344 856
52 907
424 313
1196 306
868 600
600 983
989 928
64 231
228 633
674 340
1199 636
824 96
121 1110
215 633
413 815
227 195
227 114
615 921
841 1085
513 85
669 725
352 815
955 887
343 836
141 1142
335 448
617 731
177 836
937 1088
1007 969
1178 740
168 262
536 1131
1173 1188
31 323
339 632
563 46
243 49
576 290
1149 1000
494 607
774 696
374 683
1199 780
1166 447
526 293
891 871
828 618
538 613
1027 101
814 330
339 418
540 232
1179 973
760 1180
973 34
855 245
490 503
678 377
362 128
343 385
745 232
996 968
4 518
45 464
150 295
409 967
445 756
943 841
1089 989
683 1092
1059 1147
40 853
108 246
383 386
311 1158
452 1195
257 25
820 70
950 695
743 1023
103 256
364 143
847 555
673 864
1062 1200
904 65
163 249
106 995
953 993
905 96
673 886
23 290
41 432
313 999
987 202
548 862
1066 463
1088 340
35 858
566 175
654 1127
346 194
840 1078
355 126
279 4
353 1099
191 249
965 112
396 827
636 297
529 72
102 630
247 59
849 1024
389 426
1009 942
427 250
547 1042
36 180
81 405
879 88
95 351
606 1124
755 328
951 457
1121 55
50 524
283 532
977 345
545 38
606 30
1015 778
591 111
305 1003
1110 476
985 1062
540 99
211 1129
512 947
262 785
456 99
1032 862
1195 642
1178 1062
747 124
1028 369
417 1113
910 120
398 278
677 1013
220 281
358 764
446 167
789 1153
167 1054
76 974
912 894
1064 428
210 874
892 940
1063 241
1144 139
359 305
234 264
949 1146
891 190
989 1085
1000 568
386 591
641 476
1119 348
33 1057
1128 117
437 180
424 565
249 711
1148 388
386 190
689 1095
631 739
821 610
491 324
344 397
691 134
312 1183
46 303
402 158
629 1119
658 431
276 376
519 462
389 516
909 733
977 1092
412 995
13 770
1191 640
1185 471
476 636
1108 1177
1157 1003
1105 1010
712 986
1002 329
130 490
901 230
261 352
72 833
88 1114
762 913
848 154
231 881
1118 284
100 418
78 644
440 253
499 1106
386 958
582 388
3 199
166 218
1166 470
585 874
632 1109
16 89
437 168
935 662
381 215
482 521
846 714
1160 639
191 774
558 69
535 1164
821 8
487 670
1197 1140
149 789
71 1077
1084 69
312 322
1111 148
884 354
1 353
1084 154
932 293
293 853
184 445
655 648
770 236
374 974
763 824
534 536
1146 6
785 55
786 965
550 785
1082 668
202 730
246 424
715 19
230 106
802 889
41 282
64 903
1023 931
349 431
184 773
37 256
488 779
447 175
291 798
206 737
1009 1005
1073 525
1063 1110
753 469
4 1051
1188 140
866 429
1182 931
1172 556
918 1014
757 497
1088 1003
27 798
900 706
397 873
543 21
619 161
370 1158
460 401
1176 891
189 753
308 91
890 1145
821 471
376 104
336 204
439 729
1105 649
532 657
752 962
1150 704
404 1140
846 465
1156 798
155 1142
279 964
597 1053
19 655
844 609
505 123
24 1028
1068 341
1125 641
397 263
726 668
971 482
192 866
323 1107
245 731
701 211
1114 756
1175 1016
1004 1199
138 237
201 519
194 209
422 948
189 157
472 1018
912 1153
1069 60
772 493
878 1171
230 1200
816 33
368 686
926 561
605 569
715 385
981 98
293 441
617 1193
283 1112
289 854
387 2
849 510
1059 560
880 1082
464 1108
251 176
572 793
331 738
766 272
347 531
484 1045
694 824
888 639
890 60
1109 733
471 1098
964 928
1020 894
11 15
225 410
295 435
1020 939
1044 435
1176 795
224 137
646 1183
1035 163
585 245
1107 334
834 126
791 945
101 68
896 1159
1053 837
230 965
1043 446
909 471
71 561
387 1043
1195 1023
333 777
1022 401
792 900
1093 377
743 381
1150 8
451 161
237 1129
951 102
779 451
1045 187
327 23
1112 1063
130 784
661 504
599 763
1161 313
536 24
88 315
1017 960
62 525
857 210
1024 1196
977 1107
997 920
687 1143
152 798
196 85
1088 371
814 215
929 451
126 477
655 692
966 30
921 665
957 398
938 264
728 355
567 16
383 123
83 165
146 1
340 553
1081 841
1015 269
972 771
197 818
307 104
292 769
1021 770
701 432
1159 1113
965 274
1096 181
115 9
253 879
421 192
29 1157
873 581
639 677
779 469
1200 380
138 660
679 373
285 297
761 986
45 944
178 698
343 44
991 769
208 801
111 840
594 733
62 211
396 1071
912 634
837 967
423 361
410 1125
578 366
1126 320
742 765
585 416
25 985
319 1088
39 1044
79 361
995 56
166 722
821 98
816 1114
1167 442
46 1059
323 665
448 476
1047 613
206 313
832 1115
963 1092
175 820
575 1152
705 83
696 986
873 1150
13 1115
604 1126
196 11
895 1148
754 906
192 742
224 1195
659 400
666 1164
89 414
569 131
945 1009
961 3
444 420
1151 251
648 30
433 338
951 620
719 14
328 275
1120 61
1101 239
190 550
415 257
51 1191
356 949
1000 611
413 889
412 211
770 73
812 331
368 1150
690 1081
144 577
1074 350
946 1107
298 1053
789 772
1084 115
1019 1089
369 145
1068 1180
813 1057
337 420
72 389
898 515
880 850
507 1070
327 415
1197 977
738 593
925 59
736 330
508 183
523 269
553 1113
826 192
1188 159
340 147
822 86
37 318
1013 927
1010 372
1081 776
61 931
155 545
702 629
797 958
764 203
320 1071
168 263
376 828
489 296
359 80
604 1006
952 859
631 802
791 1109
975 896
581 175
671 1005
1035 64
240 500
572 189
726 68
23 933
683 467
720 405
710 5
699 1185
61 844
1121 501
1188 395
564 591
776 233
93 920
350 803
1183 324
1156 553
476 1131
498 1120
245 988
1084 336
938 782
246 881
999 437
538 1156
949 135
990 787
578 755
872 650
1181 1105
811 541
1064 266
46 372
983 273
379 223
182 822
34 93
152 806
989 677
530 277
679 188
574 685
100 1113
318 280
1134 149
886 640
632 415
966 630
66 345
313 221
821 901
1124 1031
734 536
227 646
984 385
375 114
170 419
918 231
493 436
929 831
1093 37
701 229
615 114
784 842
93 978
356 717
1057 697
274 777
634 972
1124 990
500 330
559 792
46 46
511 954
1060 651
329 316
593 640
906 908
327 247
1180 180
133 40
1078 762
1195 475
775 594
241 742
256 310
394 655
457 1200
681 853
592 454
753 330
619 5
661 684
968 1000
364 201
725 1039
416 1082
1171 101
122 991
927 921
990 413
620 375
798 482
897 56
801 229
1091 973
222 1182
739 442
378 129
707 423
182 405
58 1113
787 371
874 612
80 948
442 812
1065 512
796 1188
792 963
66 89
140 862
236 120
1016 432
710 896
887 614
417 568
1076 571
582 595
785 302
276 849
1084 907
855 445
539 6
923 136
461 379
952 394
955 474
997 1120
1138 624
1002 213
411 696
130 809
66 8
26 1186
1135 480
251 855
277 74
363 775
58 717
246 550
638 834
762 1035
138 768
927 231
982 98
160 1016
494 111
560 13
20 416
403 291
271 53
109 281
378 1016
557 310
820 7
728 1066
983 509
1073 155
253 490
425 187
442 1176
475 718
125 309
728 202
4 444
500 216
524 849
449 421
1064 1075
504 666
400 773
759 933
394 42
802 1007
796 414
913 166
555 250
787 539
1194 349
739 481
103 694
854 169
1136 134
253 352
1111 134
1134 773
1179 1092
1197 640
1073 415
607 1044
398 874
1055 179
377 1084
188 1147
394 273
892 250
141 732
169 556
515 758
254 917
1090 822
297 709
575 942
197 434
19 607
265 929
518 835
1101 177
307 405
375 1064
1199 646
204 763
854 680
668 1063
340 1114
978 541
945 714
701 1032
1160 887
973 121
162 855
153 319
718 324
654 625
337 50
810 806
460 666
371 799
1041 510
323 882
1078 714
991 156
559 950
740 231
423 732
407 816
1088 1197
684 1074
1075 1103
590 1009
848 616
84 384
964 932
812 31
323 1169
250 356
961 1002
1107 844
170 206
135 67
941 32
363 826
1090 375
1071 861
689 1104
899 54
218 953
664 960
260 710
112 1017
1156 585
1179 176
881 1199
43 821
782 827
1178 193
186 676
73 505
749 262
739 480
544 1049
1183 1125
43 72
996 25
704 893
1020 787
223 94
404 595
1068 636
133 719
307 980
662 935
570 309
923 577
394 947
713 1097
557 133
1153 829
816 345
760 822
777 42
480 1035
397 412
194 315
361 1022
234 953
405 483
560 0
897 1002
97 1143
80 834
950 282
623 988
89 128
1172 5
1153 719
256 9
765 59
1079 16
822 457
1115 468
661 1159
178 685
821 1066
915 543
830 801
288 657
428 575
93 810
838 37
1044 891
218 628
465 277
621 221
424 961
1084 716
760 280
1144 879
976 1061
584 833
67 150
125 1011
1104 1188
1105 34
816 845
174 971
79 415
166 1187
806 309
259 895
178 921
28 315
386 14
548 1152
142 399
1063 631
88 371
571 1059
568 214
357 676
915 252
1055 384
1041 916
559 1150
389 100
614 879
1015 1173
24 981
340 835
732 954
134 380
59 796
332 839
477 756
105 633
989 854
545 344
642 433
940 318
887 102
339 9
1064 236
345 1199
849 569
449 374
82 13
37 596
869 23
139 794
270 846
673 232
1077 915
1178 353
278 330
1182 565
771 703
1051 871
815 725
88 907
1048 1174
714 369
620 906
203 931
864 62
106 638
1032 922
904 1153
285 625
429 731
226 806
802 295
449 404
873 801
590 486
1164 967
414 64
793 872
783 120
347 659
257 71
1184 999
288 826
607 444
514 1171
503 677
913 18
170 1085
653 326
570 163
755 856
154 1073
25 708
499 1116
682 284
1091 1013
25 1190
1013 1074
995 24
1191 153
734 307
449 474
347 493
116 541
986 19
124 267
1106 929
1102 428
1031 358
812 917
602 612
510 33
850 1122
108 927
1023 431
932 886
129 35
397 635
910 621
612 597
1080 355
903 186
243 411
248 327
321 483
805 696
717 1198
728 856
1094 1154
1148 371
521 928
816 868
218 543
142 746
219 819
561 354
132 646
852 21
586 337
554 1110
323 138
924 777
1054 548
186 973
125 1199
255 638
1118 738
265 648
970 1037
957 596
1195 980
608 1105
594 922
474 627
1045 1142
418 726
830 239
223 254
688 676
962 725
201 260
625 1057
836 841
962 150
947 28
1131 1100
1057 474
495 847
936 295
991 899
17 613
189 821
915 146
637 726
876 573
257 786
914 727
624 488
815 647
535 740
325 373
944 413
162 692
240 192
315 1070
348 568
983 1113
300 817
626 1129
388 233
1175 287
1091 174
433 617
428 1126
1117 156
383 187
459 989
807 636
619 792
609 441
968 997
684 140
288 468
532 467
811 665
841 466
1077 616
1071 104
211 1185
601 421
611 516
373 190
84 965
663 422
813 232
759 756
274 775
445 1039
890 200
712 530
572 974
626 680
300 722
936 892
1138 932
210 936
776 221
150 1187
1136 652
466 412
732 25
122 734
1043 558
357 415
74 591
125 103
491 194
594 675
68 594
785 1056
866 1016
378 153
602 1149
614 343
163 1113
73 346
695 1115
453 415
2 200
1181 406
46 1072
309 848
340 462
1065 450
92 1146
737 527
714 229
821 1173
26 1114
680 565
77 265
824 282
741 1047
2 1161
916 568
1020 755
788 63
662 695
736 497
48 114
808 300
1200 1171
1119 61
543 438
643 1030
683 799
898 1006
260 39
146 1010
1081 582
868 171
652 65
232 993
268 425
1173 528
1106 425
67 811
995 498
95 859
146 225
332 994
779 854
940 1065
322 414
343 1063
1056 1171
1008 1101
73 1121
767 283
502 888
775 405
177 459
475 385
600 1092
543 584
394 949
1108 495
447 266
303 849
291 1081
370 914
1128 905
108 69
1101 691
851 422
810 657
147 498
262 181
467 629
1038 444
1000 1003
572 380
691 499
1056 241
962 313
579 149
241 393
1184 180
500 750
755 84
606 757
133 952
354 221
23 535
778 674
1151 1162
1060 518
842 799
1117 701
182 102
383 364
1081 42
757 980
774 390
482 618
861 873
771 722
658 855
196 688
797 1
292 176
730 749
385 313
153 300
158 303
694 674
632 849
375 1057
257 909
1188 627
261 31
582 1143
110 353
715 1135
1189 591
142 159
82 781
1047 822
682 567
921 728
1048 240
820 305
771 268
396 1054
1136 405
173 943
33 584
1024 362
854 47
387 668
377 1
926 1048
94 1081
488 508
292 302
1071 688
46 777
784 1114
806 934
963 786
785 522
337 522
769 853
701 1189
181 877
162 544
388 111
656 1000
232 1165
46 557
383 127
716 1169
493 165
823 451
898 771
918 1123
336 641
738 843
727 464
609 616
1167 616
760 612
185 94
397 414
865 450
241 262
920 870
522 101
541 1072
1144 83
496 1093
884 345
760 254
645 481
458 385
1004 312
828 1072
205 1086
424 424
804 848
327 916
55 39
1050 822
1046 68
134 839
1144 134
1101 877
624 10
400 1174
222 1187
12 452
1128 1020
932 593
5 94
370 1093
305 933
45 448
933 681
316 276
504 866
1040 581
123 719
300 289
767 275
244 952
509 203
1059 386
952 422
206 14
368 333
52 429
407 390
898 618
810 213
258 374
223 178
1132 806
975 192
650 915
84 1037
314 157
515 798
1017 783
521 891
374 812
697 299
461 521
879 96
381 1030
779 1020
828 1098
20 43
68 246
268 751
124 123
2 1002
659 1087
298 1029
1101 273
431 1172
1093 614
803 260
648 597
779 734
567 946
715 922
674 963
1064 763
746 713
498 1187
850 832
717 1124
374 353
553 606
308 788
570 34
635 346
394 244
148 294
980 440
485 114
575 708
699 623
585 1122
1106 450
273 304
616 757
543 231
197 206
1121 452
104 292
213 560
750 760
136 933
447 283
1156 151
1128 17
275 174
462 1145
377 175
616 415
89 503
438 330
531 834
918 1024
50 657
1052 1164
13 722
732 636
587 52
1078 848
203 257
697 892
651 633
54 873
413 404
812 1147
442 526
1127 519
751 280
744 858
600 97
329 699
256 393
328 1183
14 771
138 257
112 565
217 445
84 1165
1000 936
129 1163
294 31
332 949
465 765
396 213
307 129
486 177
745 1035
378 140
387 913
86 959
463 653
1106 6
437 1083
678 194
1028 1098
714 688
1147 385
1036 1193
1164 1018
390 785
769 370
812 1029
1126 595
238 1007
920 932
598 903
253 1188
394 453
1016 1102
1136 718
545 666
557 226
1180 39
469 928
187 1090
446 844
1056 257
616 214
1094 846
1029 700
200 863
1090 380
548 728
373 277
1196 687
276 263
1042 580
687 35
169 40
349 1073
120 746
381 141
624 1068
318 835
70 858
687 748
52 294
956 420
596 235
211 1045
110 891
665 255
446 879
227 235
755 1136
605 202
267 192
722 132
955 1057
493 343
422 751
983 148
595 419
170 927
44 892
737 225
14 1036
942 311
1054 768
1091 876
767 316
715 535
356 52
674 1050
1182 595
276 329
916 199
182 615
218 1057
790 142
214 119
490 487
330 411
981 591
13 437
88 1195
236 257
622 795
260 866
255 1180
673 1147
440 760
270 652
859 1166
1188 522
691 400
322 314
229 1122
214 1075
1064 348
575 552
999 272
1015 244
484 497
162 556
681 1100
743 378
433 795
1193 425
639 616
516 1017
983 172
140 1050
951 243
232 1097
1086 1188
1 1126
810 990
439 945
371 564
796 1000
441 232
1155 998
767 357
1103 526
498 302
612 736
86 38
264 411
280 835
19 472
389 1012
25 235
617 415
679 52
557 1090
1161 244
450 743
774 192
1178 350
977 990
294 801
407 990
1071 182
869 7
589 518
345 806
1147 511
1095 964
714 68
888 855
188 732
753 818
787 314
434 35
1048 779
271 220
980 1006
347 222
209 605
784 959
346 363
964 1049
745 1106
619 602
720 383
140 1173
1075 1027
345 227
785 501
698 224
968 922
538 642
84 232
181 610
338 1163
588 532
650 1101
494 266
697 73
103 425
1196 942
756 5
481 301
192 917
187 82
268 1085
446 371
1005 128
149 1139
986 21
885 1124
620 175
18 88
1168 1096
872 933
872 1110
1040 897
307 259
127 207
589 93
958 421
1009 307
31 661
748 1111
542 344
946 1168
427 871
260 676
236 94
710 133
247 732
456 700
727 95
504 1024
1148 815
674 550
328 438
688 58
102 482
802 784
1118 879
546 748
507 754
1163 271
173 385
288 593
615 595
39 123
918 691
654 1198
262 933
658 1058
325 60
1123 993
548 697
37 472
1032 1075
21 1040
970 1174
204 1001
620 759
566 589
752 294
872 872
1152 156
206 376
21 52
731 908
885 1095
1165 786
550 954
147 628
800 861
1017 234
1130 513
335 369
243 331
262 19
853 998
1012 1063
939 696
1109 1094
731 502
293 1010
1019 72
1148 594
481 490
90 439
301 745
751 1146
604 346
196 1096
939 858
404 448
239 1158
1023 1079
164 388
701 427
34 1166
93 669
493 21
1125 584
971 831
669 612
636 41
410 27
1195 520
781 328
71 905
289 785
397 1101
242 79
895 30
850 43
830 391
1173 1007
1000 572
559 929
64 24
881 153
1173 599
545 671
263 25
572 899
736 1086
656 1171
687 1157
449 244
311 1106
278 790
1082 654
65 997
955 373
632 356
1146 225
685 167
1141 744
474 968
554 283
932 831
728 475
513 349
1037 27
517 286
604 768
179 744
629 8
1086 798
29 352
834 1076
964 1032
973 631
1063 1176
620 681
758 496
213 890
17 363
1174 407
943 1146
598 311
812 1064
500 235
692 150
1015 1001
579 641
417 787
462 1158
1010 872
546 1175
720 566
196 848
682 844
985 1078
532 668
201 930
814 1130
334 1007
798 1142
95 382
648 673
149 1072
236 1165
177 692
1105 721
1166 662
201 385
708 811
1127 603
171 867
1061 1144
556 460
248 651
291 586
716 1108
911 177
950 1071
942 278
908 373
455 632
384 448
1076 1093
253 823
576 974
818 1001
818 464
795 125
600 258
485 71
142 865
1061 801
387 1158
252 631
885 879
857 569
1147 456
152 302
569 555
946 1142
236 1114
411 1010
396 64
285 502
1190 718
120 545
502 720
977 527
731 425
160 71
952 593
179 850
383 331
280 987
796 243
439 839
1152 638
344 911
280 218
841 694
353 870
363 1019
613 608
1041 410
138 1054
1193 324
664 393
470 947
1140 920
922 772
556 1195
603 380
216 26
570 387
555 626
1088 972
494 636
753 458
1186 23
592 1004
919 445
327 343
856 634
28 556
264 901
808 25
1033 804
838 477
168 159
164 451
990 459
834 1172
631 862
673 826
493 395
1008 5
64 15
484 204
911 911
648 481
1053 346
855 32
1089 776
293 230
1198 211
803 962
1183 442
815 1010
645 1126
168 1043
747 587
85 802
80 774
818 1090
368 752
824 261
803 910
533 857
281 1038
1098 549
59 945
445 1018
1195 350
279 119
738 1194
215 146
238 991
613 404
732 35
980 498
963 772
254 1022
516 224
541 693
355 1173
1013 965
41 708
1103 138
737 747
923 310
365 839
295 386
279 1042
905 844
99 304
75 918
719 1141
458 320
683 165
278 466
837 750
1090 923
1057 996
482 335
932 925
722 1162
63 657
332 47
173 442
554 965
275 558
1077 991
646 599
473 776
844 212
806 157
1177 71
383 326
507 954
150 38
384 294
62 1024
116 960
32 525
682 1029
1180 431
347 571
58 1092
598 50
412 673
437 302
1018 594
399 815
109 686
1030 656
1006 950
494 109
304 299
363 102
461 605
1060 1116
276 68
402 640
457 674
892 559
1065 1
405 269
675 570
101 1069
861 1005
252 986
521 1034
537 1001
787 788
863 29
578 1131
744 752
697 525
861 607
1126 40
724 620
969 314
873 1132
124 1187
741 507
249 63
726 357
1178 1029
771 348
334 1076
703 534
1134 249
499 440
1188 1193
100 104
1061 1089
429 838
769 534
564 623
588 673
988 804
757 435
165 939
162 451
1199 293
553 16
383 73
944 165
1188 334
850 1057
10 1019
1051 211
1046 1099
572 365
720 1049
81 93
472 20
49 978
583 227
760 241
862 1162
242 729
534 216
145 360
818 1164
587 1009
375 36
65 421
844 1051
824 13
20 448
727 1190
526 81
592 101
415 736
87 1156
650 235
558 94
1069 92
325 917
592 951
233 421
253 742
980 1028
347 42
375 1161
972 697
588 188
1141 473
654 254
1007 566
276 385
634 748
1070 147
275 804
13 111
236 390
1123 1033
231 921
794 793
477 1014
63 334
317 299
1002 731
197 228
586 805
1098 905
199 50
481 863
584 370
85 521
307 1180
599 935
312 87
437 647
842 42
619 125
206 535
1049 627
421 72
146 245
128 1071
531 81
43 186
437 422
255 87
891 329
1046 278
817 745
564 119
727 798
609 982
942 318
53 678
517 1101
727 460
512 189
686 11
12 994
273 358
461 99
112 958
294 645
892 465
1191 716
57 46
815 607
395 24
664 728
738 461
998 371
305 773
1085 546
9 4
297 239
62 900
376 516
330 734
561 508
780 1118
1077 643
965 612
8 40
520 87
151 16
746 98
109 1112
1046 827
423 39
503 728
743 926
532 405
950 745
530 470
102 429
40 1154
439 738
726 608
874 812
747 832
793 1194
789 824
28 381
441 529
457 1104
952 482
734 885
1168 471
1170 576
1182 656
1027 833
586 595
696 315
763 739
828 732
758 221
92 169
373 1124
669 529
989 801
734 367
898 938
940 27
1169 1087
272 475
699 947
117 428
134 1183
714 1154
392 671
302 748
987 731
730 865
148 813
18 422
65 516
559 201
408 883
176 380
2 444
423 237
1178 23
283 439
241 443
935 288
686 1058
633 704
135 469
731 17
284 275
1104 1075
965 962
555 819
772 433
704 839
548 678
389 136
595 995
296 425
1080 398
1030 112
219 58
233 265
857 1088
181 84
835 794
101 525
602 522
909 1190
803 350
414 959
1120 758
1151 419
503 629
901 1072
298 228
129 671
593 47
505 1026
188 501
1050 86
767 420
547 1111
1018 853
328 736
131 33
1175 695
1129 312
84 233
911 262
491 467
65 471
1188 282
120 651
1175 988
338 745
1061 396
666 1086
447 795
865 116
824 263
178 704
481 24
1105 476
948 370
498 683
75 28
1076 436
246 255
845 296
870 982
1030 238
696 989
1174 321
596 24
1090 166
205 247
830 269
41 261
255 50
655 818
639 695
437 1093
250 191
883 626
790 168
1123 364
897 868
614 203
785 511
1088 602
538 373
516 367
948 874
958 434
1016 113
188 134
304 236
896 639
735 743
905 319
248 377
559 957
103 562
756 489
888 215
375 735
496 1003
127 146
810 419
905 341
225 602
1129 740
840 1108
976 218
303 457
352 82
805 763
682 75
584 25
454 163
1048 845
642 154
557 276
433 727
124 322
1015 1164
223 507
59 62
66 489
516 990
116 1143
953 821
444 616
176 655
873 362
689 583
1011 366
54 1112
1077 430
896 384
170 163
354 994
356 669
974 907
211 286
1 1122
1119 948
291 736
66 417
685 145
956 111
404 749
1079 430
938 109
1098 1127
608 822
209 812
360 1089
323 802
667 544
861 1134
837 955
1126 860
709 1024
265 823
600 468
962 897
84 569
592 572
549 778
755 446
915 786
703 1049
620 305
460 423
1061 662
3 389
936 1005
94 304
252 64
59 279
101 965
996 1039
579 338
1164 207
21 1164
43 528
246 1062
526 1015
1075 1005
111 584
29 678
750 863
577 355
247 340
1134 1137
164 434
1022 659
541 288
509 682
158 276
894 488
125 484
712 125
449 815
1004 158
675 1060
180 351
1063 835
450 597
639 226
748 926
88 973
244 339
949 595
212 593
721 446
869 402
73 58
1094 431
1162 701
307 517
256 1069
675 595
1060 355
241 566
1073 224
903 973
705 1173
625 1113
106 994
571 954
1033 578
237 272
560 957
841 157
1149 1093
1060 800
902 908
1175 193
49 975
744 418
759 1087
54 493
177 31
272 295
340 655
700 948
681 786
359 1056
637 876
1 237
925 76
371 61
273 890
214 71
926 1046
952 525
952 698
28 927
1079 988
731 648
963 406
371 695
1030 60
597 327
9 68
638 249
48 294
483 421
1149 1065
611 236
410 942
898 264
1031 421
529 250
757 917
451 626
402 318
726 591
308 1040
124 1125
470 899
1153 488
161 429
300 1129
1061 262
424 410
526 483
931 68
1070 186
1085 34
690 411
169 1071
514 381
504 253
968 558
775 740
715 609
486 125
356 847
117 505
445 579
640 615
234 64
1196 1184
309 35
539 251
19 827
882 556
758 1039
151 941
51 992
374 1140
1160 918
228 127
1193 281
928 647
81 286
245 151
756 792
1009 1055
320 257
1016 1185
658 777
474 675
497 276
960 1131
81 119
1087 760
278 519
560 165
29 583
549 260
1020 802
84 43
1171 28
810 554
1174 767
1040 1020
1059 603
604 724
380 967
594 45
713 796
1028 1064
70 428
490 451
842 320
599 1012
986 1091
869 115
530 117
448 502
163 809
786 778
723 1079
782 241
51 1121
483 118
321 106
603 824
986 905
583 1092
712 493
1007 1174
936 779
670 72
648 1081
765 559
1143 1112
695 67
282 243
170 725
130 788
113 1002
486 52
799 513
1163 70
565 132
1136 76
1163 398
142 873
1132 913
342 934
523 700
62 913
249 963
132 906
409 412
1156 373
51 83
268 1150
1073 62
64 1086
1074 534
264 189
1170 389
789 692
589 631
515 190
980 759
800 717
59 389
864 780
865 1158
661 643
97 539
257 707
135 419
5 686
359 498
643 663
1032 498
707 133
761 221
1186 672
333 760
420 599
620 564
847 285
973 685
1138 844
66 55
264 172
563 777
98 752
1141 245
848 605
1131 794
443 1090
1176 1056
49 240
1045 746
50 1064
837 377
310 67
422 99
1036 198
234 335
157 1080
1040 1040
846 1134
715 765
435 613
396 897
941 408
545 1023
390 556
1063 358
718 174
137 263
1015 1160
727 269
888 401
619 145
116 83
807 179
979 152
933 966
175 226
1190 255
1042 821
557 569
428 390
95 96
1166 914
964 380
538 18
1126 1076
1131 48
171 9
147 627
413 1116
829 494
246 1193
1063 810
925 1001
808 250
549 707
917 1184
789 483
579 1186
1058 1130
404 987
218 1063
231 1046
784 926
800 730
934 1009
555 598
81 552
1080 1028
503 815
70 902
1184 207
1041 528
315 508
477 1050
383 122
811 482
609 53
1189 642
65 374
506 877
826 32
970 1150
619 1121
257 142
871 270
970 451
253 1024
1188 623
276 812
605 1157
1190 155
1180 1032
889 549
372 970
559 882
546 1168
1172 6
816 253
111 415
229 686
1156 822
776 103
1023 558
642 302
932 1199
801 986
1016 875
1195 46
761 720
91 1042
631 829
23 37
559 907
2 966
172 1049
1047 537
836 700
934 874
284 23
892 161
117 926
268 655
970 1006
199 199
763 658
529 1006
79 474
230 667
739 192
1161 719
11 89
1017 1049
846 525
444 906
666 866
471 562
1027 193
420 293
822 700
12 1052
192 598
1160 741
273 39
1134 18
252 784
621 569
140 215
736 530
936 149
418 589
830 411
385 193
777 1048
30 88
608 493
1076 576
349 604
229 4
580 872
679 710
1104 110
1081 715
318 461
438 977
29 332
1092 226
592 1052
809 898
727 1141
490 220
337 947
229 314
1072 106
260 875
1007 167
1197 338
609 517
1052 938
301 909
827 241
1081 993
12 716
647 296
347 969
992 699
720 1050
697 152
389 1177
124 300
269 363
1060 556
104 306
1043 645
226 1127
481 940
825 368
1138 748
395 293
741 17
1132 275
370 1036
790 51
511 235
172 671
365 723
1177 1182
325 294
550 136
589 456
1063 65
877 1078
356 828
276 657
1131 111
465 450
126 1183
791 478
1160 1160
326 210
894 356
1047 571
304 93
1197 874
554 1158
530 945
389 147
907 162
433 849
665 751
599 1006
352 1173
381 252
995 631
525 1048
261 316
711 1132
94 863
991 933
23 279
1038 640
1070 621
466 600
721 186
917 416
71 6
715 64
428 18
214 435
160 959
56 734
1042 343
1119 1106
1084 1036
897 334
728 846
228 745
678 484
528 1035
590 840
289 407
399 245
143 531
1030 1169
561 1162
1004 542
982 833
316 356
389 503
999 714
346 60
403 390
899 456
581 151
974 2
80 475
1179 1034
920 1178
251 155
915 495
900 1157
364 194
49 253
643 113
793 550
871 412
801 58
942 1056
382 327
695 273
244 1077
1186 583
886 1198
820 611
894 445
381 617
1009 315
677 1049
175 7
233 704
929 1152
108 677
553 727
764 539
425 797
681 734
684 460
946 688
104 255
1101 1156
416 903
572 923
824 1133
946 230
297 538
1022 877
599 777
220 383
301 575
503 172
1095 1097
1147 524
620 501
487 482
989 65
656 1193
629 25
689 436
167 296
25 961
517 1035
945 341
486 456
456 579
482 1179
1008 1001
868 564
1140 890
166 1151
844 1159
1160 1075
1186 909
627 1055
523 606
423 621
241 329
772 682
83 904
520 693
26 528
587 394
1138 432
511 592
884 931
694 8
46 1024
662 661
359 494
1055 605
486 1084
507 154
14 923
558 544
894 79
567 0
233 321
1158 11
1136 60
748 421
1011 193
534 831
360 90
972 991
1113 992
787 64
841 850
1032 87
982 326
935 726
235 503
984 1038
1171 769
360 594
792 438
810 116
249 690
471 236
445 827
636 258
1115 466
109 1085
172 692
792 597
630 1051
487 77
768 595
255 1045
818 334
710 431
1002 553
266 849
632 417
356 414
204 1010
817 223
121 1121
1066 234
600 156
693 389
461 212
1031 710
810 717
367 680
849 899
12 721
120 306
564 410
463 1063
259 319
277 803
1049 101
675 254
1130 908
800 355
166 995
1073 212
658 455
1007 348
1065 769
660 666
741 411
1112 36
1161 265
931 884
120 1162
803 912
1060 251
451 353
390 887
350 389
1137 867
1079 920
265 664
191 211
1184 1089
754 39
260 101
789 479
832 974
792 17
979 18
46 528
684 1134
460 758
133 283
585 456
481 141
978 327
772 1197
946 296
758 336
87 877
29 527
433 614
388 1114
278 844
525 1037
421 124
50 36
680 1125
665 690
813 841
574 325
243 1003
274 700
196 120
1198 1187
782 104
694 380
739 1139
1130 896
14 633
385 228
17 974
228 96
970 18
886 766
1181 619
165 595
251 291
932 713
883 512
1174 298
1178 70
261 274
748 594
255 105
957 233
315 182
592 348
642 765
592 363
740 481
114 794
944 43
807 1040
355 825
990 425
771 527
492 799
689 631
1184 224
288 156
1006 331
808 252
934 489
413 944
948 653
1025 1043
559 95
269 210
791 191
878 558
667 51
701 616
637 424
576 525
413 532
343 884
352 334
980 616
985 553
790 705
442 21
661 258
494 673
1108 970
65 842
1096 303
424 265
1060 519
1183 343
401 412
793 293
872 510
777 305
374 1185
715 852
79 997
21 26
14 1111
508 524
715 259
476 541
694 148
508 38
454 693
856 292
1056 706
817 335
760 961
982 1138
277 51
1193 50
712 401
903 1029
443 473
749 408
296 1025
150 319
798 444
62 1052
323 1149
327 972
273 298
1028 810
473 180
1033 169
58 151
545 426
282 551
987 1103
614 480
166 748
1066 390
272 216
269 443
22 64
429 644
750 757
911 808
699 379
1003 848
124 314
159 53
393 807
629 112
1146 1162
1181 470
812 396
793 695
810 1137
336 814
454 1136
835 168
362 395
871 801
195 535
332 812
615 1054
649 552
224 338
933 809
1077 350
595 775
1021 1113
1087 609
225 552
752 1188
867 689
626 887
89 828
105 656
340 685
827 929
1154 705
508 723
984 666
1116 1189
725 949
420 460
224 32
906 65
464 375
279 496
884 1182
628 1133
63 231
348 217
570 655
358 1052
330 396
321 957
1171 291
259 1065
579 762
969 416
1141 520
964 678
891 29
244 418
1 906
311 0
407 432
660 1108
588 1108
950 1010
839 1045
140 974
743 923
482 438
704 196
406 1079
1051 939
912 16
296 178
83 88
740 258
1157 1018
764 475
233 492
661 91
373 30
275 1087
306 1048
650 895
33 1154
705 380
453 408
627 953
714 912
1057 895
596 557
1144 748
1157 468
0 1031
615 557
864 477
882 26
50 180
699 791
244 818
782 877
625 872
1186 251
102 1099
832 666
669 595
927 496
384 800
949 225
653 99
1080 1166
821 1020
941 223
1059 705
1186 915
1144 173
233 506
679 776
333 626
11 561
556 767
1085 250
873 176
482 630
1055 625
556 905
874 841
882 935
40 1019
942 1134
458 581
1120 996
31 576
712 114
311 1010
558 1007
654 528
27 490
83 328
987 733
528 418
1190 665
404 560
812 116
82 970
422 167
786 529
813 551
153 461
98 69
100 1053
204 724
1124 12
975 787
740 146
462 269
508 189
547 762
1170 465
850 181
541 265
46 1118
848 887
983 348
1004 468
811 297
1091 154
714 723
796 921
964 1191
781 559
239 824
439 11
618 893
256 88
537 751
650 793
270 726
957 1123
987 1145
1001 912
228 597
944 815
576 114
15 324
546 365
945 1117
77 313
883 461
209 547
1126 572
851 1005
964 335
364 482
587 170
1014 49
1025 347
98 283
637 261
653 1066
1057 614
1173 153
207 795
547 720
489 149
240 92
1116 244
345 784
271 1111
170 941
762 805
718 810
139 164
842 864
646 177
373 591
340 179
168 288
564 256
972 1083
616 983
1081 446
496 691
865 1065
916 681
127 353
744 561
494 580
757 333
127 49
363 354
1040 391
940 999
200 872
1011 529
451 436
624 470
807 51
272 669
205 860
909 1025
578 240
1127 115
463 299
1139 223
658 102
589 318
74 242
1177 372
484 80
827 272
534 797
987 745
174 817
415 3
843 166
487 248
1131 321
633 727
748 624
619 871
1144 960
393 880
57 907
316 521
182 332
893 1081
97 1163
876 429
1101 509
456 989
1029 2
455 1164
29 611
604 207
758 474
832 574
490 1082
617 582
541 730
185 614
468 1142
142 157
711 12
1061 584
920 877
302 549
56 536
648 990
447 754
846 1132
602 22
712 737
82 158
53 77
278 774
849 700
1117 936
1137 632
628 313
38 462
78 779
778 801
1029 476
688 796
1024 936
1192 1059
167 662
774 1146
585 715
365 93
992 63
466 199
972 11
647 1122
1058 662
45 1145
409 511
3 535
562 1008
587 1101
1112 868
333 1172
788 684
386 800
1116 952
47 230
1169 1037
117 734
1005 1190
59 275
969 632
357 509
88 946
1115 313
550 560
429 988
1075 128
229 633
738 1186
710 465
1054 796
587 867
1098 795
344 280
495 71
224 1105
21 168
128 154
447 288
508 270
323 653
545 706
159 89
512 1016
382 512
668 659
805 373
99 857
1107 928
469 900
734 745
294 342
621 775
115 562
1052 1192
208 562
366 463
115 229
884 583
1023 734
844 552
963 1059
1050 350
992 717
128 552
48 820
72 536
602 227
383 440
1078 90
648 874
801 184
559 962
27 225
2 921
244 560
122 25
401 983
955 837
1041 560
9 615
405 970
1021 512
955 171
413 1137
526 269
499 396
982 174
19 456
332 945
852 624
292 668
309 739
92 826
717 313
409 100
258 845
332 1073
38 748
425 418
29 855
93 511
1011 1194
312 761
215 511
105 1040
28 93
508 342
278 966
1115 886
471 128
792 83
496 1126
247 435
1123 773
282 414
1136 159
314 190
939 1021
889 731
1077 776
1129 125
290 149
115 832
961 782
825 374
172 31
16 1145
1041 1089
953 768
367 585
596 991
1121 633
746 928
371 809
254 947
103 468
836 246
453 363
841 960
903 796
7 1067
105 492
166 244
47 503
1184 671
501 1038
16 86
106 225
383 151
166 520
1033 1126
1102 919
931 876
163 871
362 1074
666 680
939 970
794 794
317 386
845 112
740 401
356 679
158 812
39 994
189 434
270 2
799 846
1148 219
406 993
48 1004
310 997
598 576
340 900
222 15
530 37
143 1028
23 140
788 1186
964 927
730 497
548 122
122 1120
1128 86
496 1097
428 725
626 323
720 280
258 674
1054 958
68 755
731 413
52 173
67 300
225 376
443 173
927 462
427 703
251 1011
707 853
1066 1101
612 962
924 239
398 253
547 67
1154 192
177 558
201 800
94 638
1160 589
0 439
689 1000
797 942
224 592
758 476
528 1016
597 894
192 519
647 893
1180 397
524 237
959 88
555 88
249 174
146 168
717 878
667 441
1102 816
872 263
780 671
71 285
119 188
955 397
1175 662
1102 492
33 665
445 95
623 18
101 326
982 704
1199 760
251 113
947 156
293 1120
567 160
181 853
104 948
330 160
397 334
618 322
251 87
686 750
482 1015
614 1048
688 633
1085 78
827 659
595 297
381 392
29 965
761 627
1080 359
795 311
587 130
62 952
292 357
1036 372
735 542
684 551
496 314
522 1065
1026 33
165 598
621 483
1096 261
859 1055
1188 233
651 223
886 685
769 744
319 286
601 272
1199 119
309 698
1109 1179
732 110
253 1125
818 93
319 1087
335 801
387 984
515 345
52 11
47 224
1182 220
319 828
707 1057
1150 1175
1164 1186
134 812
1064 1096
313 577
662 595
1032 1012
801 588
730 88
92 1154
440 695
1101 795
186 1051
625 95
498 777
1019 960
328 503
678 81
306 418
1073 840
536 396
288 344
466 824
1045 660
861 626
384 1173
1198 1102
1133 762
772 83
414 328
909 1188
407 718
438 587
4 7
809 1159
625 111
571 199
817 33
423 536
800 271
757 727
403 1069
1138 464
551 353
1085 497
157 934
186 1026
471 61
929 429
104 316
606 374
245 266
1011 384
617 137
187 527
450 1173
1079 675
357 262
264 50
660 230
424 1040
1081 593
726 1193
947 603
742 210
427 745
263 139
178 635
1067 628
814 885
577 588
654 11
672 227
657 378
896 1098
286 307
525 287
413 871
573 534
277 977
599 69
543 1171
621 715
313 624
667 151
473 569
422 276
1159 157
217 912
232 46
320 1051
348 610
609 915
400 203
142 1035
468 689
809 299
1012 919
749 423
397 480
1090 1033
730 1081
89 279
1082 1091
956 495
544 877
1101 211
511 79
387 682
606 91
491 317
192 410
876 913
79 833
746 380
441 306
29 959
773 390
1178 906
701 662
167 326
1085 1143
436 938
807 864
106 7
325 1166
748 1162
497 561
196 410
168 891
777 689
590 352
916 113
211 269
611 493
490 449
1142 686
644 968
635 789
158 963
165 303
979 822
332 340
852 879
929 906
1164 1041
915 516
456 696
516 31
600 474
423 36
86 465
1018 1109
993 662
1072 475
458 1177
179 1111
1141 1139
559 634
895 1156
78 296
93 896
563 693
67 386
193 523
925 801
1076 830
215 1155
1025 890
643 737
857 1065
689 303
363 248
71 257
31 599
163 388
476 600
428 170
1164 242
501 871
552 1151
436 20
720 45
1005 830
52 991
175 1081
629 543
1002 397
813 1037
1010 101
466 43
1155 248
1137 1180
886 862
197 221
917 1099
181 939
276 167
492 455
538 313
92 918
479 343
694 57
826 1124
804 1120
164 198
291 1058
1118 189
119 340
224 514
1167 661
760 360
302 201
955 1129
895 96
784 1052
194 309
570 125
901 964
710 173
240 135
413 25
582 871
827 473
694 635
386 87
556 7
988 1084
17 890
309 360
112 1061
1052 138
34 800
826 1138
82 331
715 158
510 224
1015 972
729 112
455 828
947 1159
149 138
987 630
1169 608
1137 751
925 1106
383 323
945 759
954 557
950 141
261 45
309 164
482 195
314 1102
423 1092
168 610
1198 1181
209 1132
187 1093
111 85
267 724
814 717
195 968
172 1063
457 918
618 1033
763 152
844 300
756 216
51 512
1028 53
166 50
1195 486
705 320
207 853
172 1051
1084 270
406 1067
787 598
500 233
494 75
359 72
105 815
227 661
374 503
37 1102
997 125
281 536
517 353
290 1074
668 1159
795 909
1137 1071
154 1114
1175 328
1197 73
50 120
756 144
623 967
1025 885
803 707
219 871
140 243
140 683
913 470
617 914
644 658
1116 648
894 47
1124 1102
709 934
602 1096
890 135
112 903
467 492
329 1151
692 687
1093 1200
410 77
456 947
400 884
418 1178
188 969
255 196
130 91
787 752
830 199
279 940
436 431
1065 737
504 1014
180 407
920 145
768 210
287 902
1007 436
1105 696
1188 293
606 768
10 32
551 1021
97 152
1035 747
541 814
797 530
987 1063
70 900
1047 939
1041 279
369 498
1160 425
1063 855
1159 742
220 477
1073 615
1051 50
5 118
214 463
642 842
728 858
38 114
1083 652
1040 1069
837 52
783 943
130 895
552 655
750 451
529 531
384 939
84 580
762 907
324 119
178 487
956 805
983 734
464 144
598 873
443 104
656 402
860 193
632 839
732 1178
281 1025
260 537
606 1104
248 674
305 265
631 1055
981 255
1136 321
516 321
961 335
1151 384
846 757
244 931
277 161
1073 1176
27 144
480 661
872 551
743 568
393 159
758 985
438 913
441 270
354 70
10 1150
592 1081
443 1185
54 297
355 34
313 493
1073 731
90 665
637 570
865 708
991 814
400 799
912 750
684 1190
987 331
44 706
1166 1044
439 94
1152 434
986 1048
24 1165
1145 768
1018 894
690 250
911 830
568 1100
513 945
44 458
470 264
84 1027
541 796
17 124
112 819
712 725
1073 551
965 214
780 424
1148 9
1176 109
60 11
475 501
767 779
472 508
1016 775
158 678
319 1046
274 276
741 315
127 113
864 798
219 387
475 391
1008 420
1119 1141
955 848
115 1196
1038 900
1057 1025
176 297
641 940
180 945
896 1192
474 581
95 1008
648 470
6 67
305 308
870 706
1044 502
572 384
456 72
798 227
457 744
79 631
250 634
65 358
751 1137
983 606
789 888
1136 960
701 58
925 132
675 966
475 791
1107 758
988 14
896 395
941 89
477 294
957 804
698 1174
959 1159
524 773
1131 180
63 274
778 498
741 381
1116 593
111 1058
1039 1
216 488
840 288
776 257
666 642
468 781
865 259
915 617
611 454
335 50
551 1049
1133 567
652 984
236 560
425 293
613 768
168 451
603 219
268 711
816 1128
39 710
317 1115
443 79
123 767
445 662
421 563
192 811
649 874
1066 168
877 623
564 424
422 1047
807 66
376 343
313 835
680 521
286 433
713 539
364 868
762 920
451 1147
504 452
282 872
343 976
490 1012
1073 79
31 425
781 522
94 976
346 1151
673 529
1135 269
784 728
709 484
208 482
583 669
68 387
715 408
625 167
590 826
1171 822
1112 935
447 331
850 1090
460 496
170 155
879 811
106 80
328 1116
166 699
98 776
520 54
767 499
1051 955
508 211
14 197
360 698
1078 461
423 363
667 1186
595 21
890 501
689 877
1109 11
205 894
690 1124
466 943
1106 889
1084 522
466 960
884 9
709 292
249 425
608 187
806 578
321 746
1194 222
444 713
481 1120
737 359
646 476
729 279
1017 1155
923 1048
951 479
34 1028
664 241
106 641
1173 366
228 80
791 756
989 596
160 1075
13 755
843 520
815 391
298 428
67 705
580 748
387 1146
738 1126
179 1141
923 245
1120 766
57 250
58 159
434 996
948 1089
206 808
303 220
554 398
368 509
381 1135
685 845
412 452
391 898
878 580
837 991
1141 556
640 921
627 550
635 205
1020 449
688 20
196 308
853 51
470 587
1114 881
335 967
998 1057
992 997
428 462
907 119
938 383
16 239
401 213
483 1126
127 149
1010 723
55 77
340 155
136 1061
120 890
873 737
1166 977
285 645
847 1038
357 472
457 748
423 283
251 6
579 1090
870 447
747 6
1060 722
505 297
452 219
188 873
680 22
1153 914
662 677
121 959
63 22
1022 1130
1083 58
825 874
246 737
979 1052
1124 912
69 382
1168 198
1138 219
19 255
983 526
1143 319
201 851
346 157
455 23
969 844
768 1032
1160 990
886 1119
1059 1161
131 235
537 734
633 152
515 126
87 1136
860 489
927 34
354 300
200 826
188 950
639 486
176 613
794 801
1181 1199
506 840
358 1024
77 935
235 835
246 34
470 447
886 358
511 522
521 94
210 276
208 39
408 744
345 1063
837 37
946 1173
51 770
780 155
1014 42
45 939
773 956
1084 717
337 55
544 36
52 90
451 216
850 1070
421 878
338 485
436 209
964 1197
1030 749
660 1115
433 476
722 360
118 418
1047 24
154 630
205 845
726 419
594 1028
516 162
293 595
666 692
432 466
314 604
211 616
1161 1133
1156 1069
244 1090
115 55
792 1128
920 85
463 90
1111 909
24 1045
625 272
1140 632
550 1075
173 50
127 869
366 1078
681 492
1009 1173
969 429
850 1159
1062 535
255 1075
956 1149
807 335
1016 223
812 843
409 147
1033 945
960 964
646 982
868 894
802 591
983 297
1200 665
118 514
927 1
39 1079
802 700
124 968
766 1115
886 19
300 222
858 693
364 744
642 1171
1055 1061
584 401
272 559
181 172
540 730
531 1045
174 476
935 169
705 1116
526 118
651 719
668 290
1008 885
664 431
1123 651
606 697
276 325
602 1159
337 488
1122 898
825 955
980 555
118 175
1136 1075
401 964
141 777
302 588
428 584
973 1040
874 403
1059 233
764 483
410 670
157 167
154 117
202 914
356 356
974 218
1060 689
871 491
739 198
738 1104
948 832
625 527
475 515
289 425
1012 206
97 1071
27 425
787 211
791 395
499 29
401 955
1015 701
625 721
372 401
550 358
61 256
943 904
535 282
189 61
922 1038
627 137
971 1018
26 794
776 284
712 510
116 550
992 1023
276 447
8 952
1152 47
144 417
752 753
916 477
476 187
577 652
226 502
711 960
77 563
174 140
95 995
768 897
100 281
172 256
77 1022
13 98
808 1076
864 992
228 919
960 556
1011 477
295 625
42 11
1000 634
1019 795
668 1153
399 384
432 213
1191 901
498 617
1139 672
84 118
583 265
799 515
208 899
506 957
859 130
150 429
351 1118
794 527
866 959
1143 457
1079 465
150 280
839 657
377 523
865 1037
624 678
726 461
418 1172
778 1112
129 836
629 60
9 731
320 769
290 147
649 897
427 710
1030 235
19 949
674 846
930 404
469 1004
532 760
554 214
830 25
694 1075
93 898
352 869
706 729
166 484
848 759
722 467
1014 842
1071 216
508 907
282 367
145 194
431 31
349 208
1188 724
545 527
117 328
931 170
87 454
401 330
899 958
51 936
391 390
212 26
239 551
1102 1100
426 899
1077 119
510 587
718 261
529 383
282 244
130 595
492 291
767 401
381 732
93 1189
497 898
381 959
681 571
1130 244
346 411
1053 95
488 903
460 628
1173 59
154 1104
616 287
425 510
1116 225
175 357
29 557
1180 805
729 496
973 165
55 268
724 230
1174 695
451 58
279 1027
173 953
1096 955
888 418
368 485
610 955
934 673
602 115
817 1129
285 1021
242 1083
547 960
716 757
1195 1
349 1143
58 458
815 281
1163 1096
641 154
4 115
277 494
981 1170
25 23
661 486
685 107
270 344
361 790
1179 109
978 1060
685 391
988 118
13 31
602 1041
863 341
500 850
38 75
1094 701
18 391
633 240
62 208
654 245
472 628
345 961
551 307
221 636
766 807
160 827
324 1148
1079 619
240 564
739 550
228 871
528 764
758 839
527 725
331 590
574 501
1085 416
1145 118
688 190
640 1141
697 382
50 684
294 77
1179 727
198 226
151 610
405 616
1064 82
34 490
794 438
331 626
383 75
988 581
617 80
962 330
224 504
802 536
531 598
1070 1072
1046 148
535 594
1194 969
970 243
355 148
1022 128
600 11
164 593
202 290
800 1181
522 757
1109 939
133 7
682 396
995 1131
147 836
1155 691
1057 326
775 1085
557 353
1180 915
1073 153
683 621
950 599
873 979
1106 919
301 75
1103 0
340 681
384 708
610 880
778 1008
701 1196
502 402
710 27
384 598
204 305
1021 146
630 927
841 403
1021 308
916 1022
289 50
982 40
725 986
398 1196
990 531
303 885
1094 19
239 752
90 177
41 529
53 1189
1049 1000
693 2
892 352
1005 198
269 200
325 489
573 908
99 716
973 708
1003 976
973 953
783 326
328 742
101 654
929 1105
480 575
978 869
499 620
530 493
322 919
1032 1096
747 514
196 580
1183 687
1118 108
307 1075
474 592
166 945
1039 67
360 428
997 1068
777 619
406 129
1118 424
307 1003
335 480
177 258
838 95
1108 1057
332 288
293 139
247 424
101 1057
63 1151
771 137
1017 1197
471 583
1096 1032
530 1046
453 393
242 828
245 726
682 862
519 300
116 872
677 172
868 640
252 1081
552 516
6 1072
1164 505
1057 653
1067 1114
814 621
956 996
583 818
943 847
1117 1047
369 552
837 268
46 1027
736 700
628 988
338 575
458 721
270 291
230 707
805 659
878 439
6 22
370 762
181 851
1096 459
1102 821
522 134
91 475
782 204
819 333
387 743
650 905
648 770
152 54
1062 988
223 1125
922 1054
265 200
792 653
45 391
1107 840
453 467
1151 1111
725 782
459 340
1152 357
574 966
809 682
776 50
972 295
799 510
805 1178
27 349
235 76
604 1107
313 375
508 1054
1193 430
567 99
916 590
576 282
885 174
157 665
822 784
1118 1095
1122 915
138 288
714 631
1026 731
278 558
24 1187
623 227
678 529
1146 808
1137 624
37 772
728 1141
1122 864
1181 480
609 1100
106 1067
330 1169
1170 993
916 39
617 396
581 538
689 1033
157 1149
661 604
422 777
1040 610
632 1177
341 643
170 762
584 303
1148 849
726 56
455 622
321 712
144 503
1038 973
753 721
697 572
640 912
241 725
902 215
996 124
631 705
635 2
260 929
28 580
470 945
591 4
773 704
705 440
273 277
438 992
680 202
1040 586
44 428
88 139
1001 93
49 739
171 34
30 108
800 237
848 1014
296 131
182 310
893 859
969 232
19 199
118 965
997 1186
810 575
1176 973
862 375
1013 406
643 852
52 851
194 16
361 1042
298 900
450 1158
1062 453
51 184
1173 1139
523 240
1118 552
503 657
1043 939
648 359
1192 908
911 722
955 1095
92 641
573 281
8 360
356 308
667 229
974 15
518 643
259 135
774 896
166 723
559 392
724 387
387 1078
909 898
149 932
1151 237
310 495
1070 937
139 1139
189 311
691 1106
1028 1087
1074 366
616 1013
473 695
314 298
1197 191
872 1099
639 735
363 788
569 355
1004 1126
901 217
597 85
639 1127
261 183
998 1073
1058 445
1104 338
916 41
490 844
485 552
47 64
887 865
514 1003
525 338
976 538
765 1119
497 1025
23 260
193 782
394 107
239 853
787 1178
105 47
684 104
436 705
388 1155
728 1128
5 1087
1150 484
1065 232
567 812
652 973
731 926
63 461
162 272
504 975
776 1181
456 132
343 972
786 452
633 626
1164 994
187 27
88 1179
203 753
114 888
265 586
355 320
821 99
57 963
287 569
1045 230
735 970
83 324
67 79
911 755
896 619
698 563
484 848
861 323
813 741
403 679
867 422
585 238
1083 1083
510 928
510 716
879 552
941 1126
97 558
875 153
1122 1178
328 2
843 376
832 551
291 869
667 758
385 538
360 524
29 946
587 365
589 33
780 607
852 145
426 419
605 164
1110 766
1056 258
271 1048
1053 149
734 394
776 647
1020 63
294 999
743 1053
223 488
386 530
1143 790
876 418
599 818
738 842
907 113
304 850
1003 51
482 774
1017 1140
854 828
264 218
194 530
700 907
581 729
601 865
1167 970
657 996
355 514
484 505
724 995
381 962
670 302
1115 286
353 705
57 1061
848 900
880 23
1137 605
840 592
611 311
659 707
712 1143
11 448
70 940
1090 782
1070 838
91 757
830 955
777 409
671 547
288 133
740 715
137 1131
463 366
1081 882
404 303
70 302
391 888
385 110
1021 776
430 456
453 1194
303 458
722 1187
1041 332
229 908
889 67
1077 732
1146 960
802 779
118 1083
1074 831
161 1157
714 862
193 1131
745 178
950 1144
852 896
488 193
284 712
1036 138
1040 57
380 1141
343 930
1019 320
55 783
1046 889
342 747
570 371
853 939
440 17
458 240
301 1130
887 895
11 887
850 421
479 840
97 60
89 1151
522 929
31 680
293 308
1046 992
212 91
1135 955
1175 569
1110 731
957 293
221 123
15 539
239 858
808 601
834 1010
1145 218
862 571
568 468
453 831
798 146
451 598
1032 668
105 818
610 495
484 944
900 270
1155 187
942 592
56 1039
333 191
379 508
410 665
404 1167
1074 590
301 905
490 177
340 594
1184 537
591 768
592 73
101 979
788 486
763 635
908 917
1167 88
927 184
808 1072
387 1163
997 1166
1084 850
362 278
263 641
1022 1006
726 1117
49 243
128 1106
1016 1118
960 565
930 1064
1119 970
472 208
309 153
1002 934
229 1197
703 283
70 1105
409 803
841 1049
365 127
298 1048
723 61
935 92
1034 795
81 814
974 1071
955 942
1096 1087
236 430
534 1191
726 779
1169 82
176 373
1179 962
1014 1079
416 41
275 606
428 111
566 653
235 1010
511 1114
230 848
1187 618
251 415
1039 383
477 844
1132 298
187 656
23 915
758 393
706 217
689 180
1010 410
1166 593
444 163
21 696
165 901
532 862
117 814
175 841
160 943
362 1027
728 188
446 163
7 168
172 857
1118 327
1194 507
814 687
861 813
878 180
1035 70
498 1011
232 906
112 872
448 756
827 188
636 907
312 31
52 807
376 1125
68 89
187 3
518 572
184 981
295 316
1154 86
572 654
912 338
715 1094
434 1151
164 208
303 661
1001 731
364 105
626 127
1019 248
1086 1118
37 23
1014 883
660 826
404 555
203 690
582 934
489 37
786 656
702 99
950 506
866 856
284 700
583 1167
547 744
227 861
343 787
847 237
321 845
1126 788
375 921
255 707
1014 183
844 1022
41 667
357 36
46 453
634 349
287 111
805 612
635 400
1055 875
526 154
1032 1115
112 106
585 880
295 134
853 716
132 339
732 618
1122 957
320 860
447 10
531 102
310 929
331 470
1088 666
5 64
1178 809
1167 401
45 771
483 160
55 977
1105 778
1085 1082
720 1195
1188 834
746 29
178 1144
339 475
408 1129
1187 554
1168 109
1175 315
694 485
474 155
42 191
587 535
430 635
607 863
619 1007
364 929
538 185
831 414
998 26
32 87
513 783
360 1145
640 897
955 701
971 865
404 1182
162 1072
833 1179
260 566
137 77
0 426
332 641
228 1014
435 382
1025 264
945 628
563 847
398 980
712 512
705 444
328 685
1014 1140
569 673
408 315
971 1119
1077 1116
1195 876
973 608
272 315
519 223
1083 834
384 377
150 108
183 529
1040 852
215 785
277 1076
223 380
233 741
180 696
936 449
756 781
619 966
213 294
874 452
771 897
100 809
221 745
1079 879
34 209
250 81
684 356
148 1128
1195 355
18 954
503 907
586 801
436 1021
559 771
638 479
452 643
1177 123
310 173
594 1024
1144 772
869 188
1049 526
994 1144
774 946
812 82
407 920
541 1100
802 307
738 814
396 331
434 214
95 51
1127 41
123 540
1007 120
334 350
937 323
501 512
292 857
1084 694
62 545
1000 344
152 298
1130 708
352 987
134 918
220 756
541 763
190 299
283 187
121 170
807 841
1015 649
744 580
47 356
867 898
961 827
884 1076
66 654
258 162
284 883
570 437
659 1038
766 322
262 395
1125 840
660 1164
455 945
524 472
886 273
490 428
72 466
168 797
1031 321
452 290
41 1191
619 1034
564 1128
1133 303
1057 627
357 1135
838 754
342 64
1197 39
1006 690
38 845
256 1166
315 16
665 1063
287 831
952 155
739 812
400 224
746 1121
644 185
340 1060
47 324
890 438
583 53
650 1115
643 1176
662 178
944 727
875 169
452 817
717 823
1067 229
394 311
155 679
693 194
730 626
962 855
654 1025
153 347
704 580
710 1060
9 1104
1128 33
9 1075
1163 1031
385 945
905 307
94 1194
368 170
1026 1110
734 328
674 582
305 993
1048 1076
722 825
960 553
160 153
444 35
657 45
410 861
2 1174
109 585
495 332
930 323
674 731
551 685
83 594
16 701
956 965
1109 403
663 1158
915 777
64 335
1087 698
177 789
927 574
725 63
714 363
1007 820
726 1026
337 1035
723 871
275 1079
392 413
450 258
461 269
870 608
300 377
1057 103
555 344
614 896
192 1133
405 513
413 459
399 617
532 639
13 810
789 565
392 902
848 786
1008 1065
196 72
27 646
114 1039
164 80
493 983
896 485
794 882
1181 775
806 275
1010 425
655 1034
83 222
896 216
1159 696
965 135
1068 649
1011 531
217 331
785 672
361 772
540 1101
418 937
1036 208
584 773
1190 399
68 299
91 7
27 153
795 247
77 635
505 1192
1141 1088
958 1114
177 462
929 1004
166 1114
612 454
461 13
75 1056
734 381
935 897
627 894
443 170
213 26
25 1066
468 385
530 620
651 994
477 255
423 389
923 611
853 747
286 1132
712 98
213 594
555 262
733 674
863 521
1132 239
53 1186
1027 696
989 647
1016 504
843 659
359 647
764 350
1042 1130
749 859
239 529
39 976
416 756
888 223
453 1036
661 901
193 356
77 1062
368 820
1067 183
596 102
681 921
960 268
555 183
576 106
598 406
1192 175
758 330
586 800
966 1018
825 80
713 641
158 1146
1007 594
72 1160
562 975
886 946
1196 259
1069 1133
62 1194
78 459
1182 646
173 667
1150 83
271 423
56 711
1119 577
125 294
34 1049
274 172
773 430
249 208
936 842
214 519
937 90
1198 210
912 209
866 139
1157 254
958 64
236 817
295 702
597 678
924 810
405 782
778 293
543 664
1172 311
468 761
309 431
288 74
855 906
858 370
244 538
902 823
938 220
420 601
238 71
364 1048
675 289
860 231
277 1041
803 706
351 215
1024 885
894 73
26 189
986 1020
1030 494
519 586
844 798
191 1010
181 411
291 340
313 27
580 37
564 804
1151 860
619 297
404 787
911 81
359 507
1055 420
519 798
77 439
235 442
264 175
1167 967
116 264
641 570
1024 131
657 1160
1020 1148
950 1200
799 312
901 361
512 965
51 829
428 187
827 606
729 196
699 177
117 349
584 801
164 368
661 1122
507 728
55 1093
1027 287
867 371
181 430
32 485
434 2
732 170
352 838
930 227
448 681
1195 465
426 812
1150 829
207 310
333 30
1119 1169
1145 480
646 909
539 353
896 491
800 386
1005 328
561 105
788 288
1163 803
292 1198
357 615
223 36
24 907
742 14
506 932
731 878
701 493
221 303
598 765
556 250
387 931
4 166
918 251
1031 1131
890 397
1159 283
1193 279
222 961
899 578
661 249
371 932
519 646
1059 40
416 1075
178 265
935 24
1016 709
1181 101
69 948
37 963
417 268
73 838
589 1169
478 276
1066 77
732 234
114 285
338 192
550 659
1016 508
1167 1046
129 603
944 880
1007 837
1181 191
395 298
541 154
1055 1161
959 825
327 93
436 554
67 736
15 315
877 1049
523 858
797 79
537 1053
789 912
468 194
4 692
1153 793
114 13
963 196
430 964
46 32
490 541
726 101
1109 1106
403 652
424 174
217 527
17 161
727 323
799 317
184 524
479 1029
115 250
1134 428
256 130
435 49
454 274
488 999
718 686
448 1094
312 835
216 750
815 450
412 796
251 883
475 226
1054 799
495 259
768 410
399 954
799 1031
1181 1031
1028 1136
435 149
326 538
1070 504
435 1125
1039 127
1094 1068
1165 115
1084 99
415 249
458 636
1145 525
1189 175
309 211
421 294
905 579
26 755
820 1023
56 1121
73 13
727 892
1055 725
188 683
997 56
455 1163
711 543
574 963
90 972
1167 456
396 850
381 921
805 740
103 1190
961 536
1047 1094
946 758
36 336
755 743
384 243
196 56
803 378
520 441
439 227
621 44
148 544
445 391
409 981
131 480
505 508
1107 274
1016 927
691 301
601 1105
732 984
1090 875
638 1097
1116 428
379 200
189 255
756 1159
151 18
835 415
115 775
161 534
444 12
667 490
1018 1102
4 826
65 445
834 412
396 422
280 540
942 936
711 38
611 1161
935 31
453 761
168 541
289 351
594 346
1137 969
1062 982
535 1004
1038 268
1152 967
190 898
103 664
1137 1065
165 950
420 569
775 255
552 463
798 302
101 151
1020 71
692 1122
31 1072
815 322
789 125
105 903
1186 829
238 1119
1071 118
830 922
524 923
127 594
901 626
428 949
646 929
874 898
185 390
1120 844
428 835
443 828
1065 669
879 268
284 661
336 1070
724 974
661 999
59 785
804 269
557 127
802 1123
1015 439
645 753
807 452
312 927
931 1069
568 13
1049 980
910 994
1115 501
170 756
116 113
33 227
196 286
473 1151
5 428
1133 559
391 148
512 1197
810 335
209 837
824 1094
549 1110
139 974
1053 927
263 1135
749 524
1070 775
258 813
29 408
682 510
576 575
62 418
250 883
656 0
896 990
1074 1017
46 563
1035 849
682 1102
386 721
538 1021
333 739
1099 991
279 725
1063 56
1056 698
1159 313
600 252
918 1158
230 486
561 1127
1114 1086
83 396
797 307
1076 685
863 731
839 69
669 600
353 962
524 263
376 646
442 613
198 1113
631 892
67 1047
1170 1067
590 912
296 807
248 928
998 385
477 212
1148 1039
778 1117
608 311
698 158
899 1047
346 1045
534 772
753 963
756 805
1016 202
50 118
384 280
716 443
285 944
329 634
546 1030
399 1190
113 209
107 217
174 857
629 531
810 1079
958 418
796 1148
727 362
877 1077
335 17
983 639
556 911
1185 1088
1200 755
219 692
141 547
1035 907
681 1045
938 539
934 901
391 576
1164 284
552 90
134 789
120 1139
804 421
151 870
88 789
901 114
746 911
323 673
1161 435
565 308
724 287
1200 1145
370 871
733 629
1131 562
44 400
1075 562
429 611
853 440
838 1098
863 1037
471 1071
953 446
14 34
994 1093
209 861
771 510
70 803
879 362
1038 697
443 990
540 499
617 6
181 1001
807 616
253 901
655 287
53 114
1043 782
201 19
934 115
199 1098
661 49
541 709
198 75
880 871
891 463
714 901
1105 813
433 939
539 109
817 58
257 964
1144 183
836 545
111 385
282 585
596 289
319 559
226 669
1109 1184
322 810
1022 515
482 795
729 199
378 223
434 17
493 67
1033 1158
465 1044
200 367
960 207
661 382
236 1195
188 900
673 1063
584 1157
1062 280
456 921
830 937
567 411
916 44
1118 600
896 24
737 63
625 267
430 31
903 946
278 1063
357 863
140 1136
798 92
343 647
59 77
486 200
592 1144
270 455
122 310
645 45
36 1050
951 580
487 884
376 1150
1036 1164
951 1044
965 637
909 752
931 962
27 913
957 337
1003 947
770 37
63 568
988 500
956 590
925 344
40 1032
909 686
948 827
1194 382
520 458
1141 796
315 853
1187 1080
360 452
203 867
997 655
1006 1110
648 953
518 714
1024 1028
286 1025
676 981
900 676
715 1151
527 996
123 126
896 338
148 372
384 1092
159 779
1185 151
1094 650
1081 154
456 305
32 766
234 530
601 838
466 745
996 120
547 957
277 844
657 1150
478 318
160 899
14 344
159 377
832 711
165 994
1190 939
711 192
137 836
269 183
873 797
508 740
501 866
1150 1145
722 150
461 502
533 604
106 205
849 699
976 74
140 976
1068 218
33 686
217 557
365 518
74 862
373 545
144 376
737 919
334 899
604 1104
154 41
836 573
593 1138
381 558
1149 918
492 330
301 1063
255 474
218 423
459 75
728 28
396 117
729 482
1000 908
884 1097
1012 163
751 667
1124 819
615 939
1081 442
1068 723
446 550
644 791
408 105
1104 479
26 318
67 283
160 169
690 570
214 663
1021 1189
353 662
493 833
1147 866
468 624
425 827
214 383
399 492
239 600
546 628
674 571
914 326
1022 237
1107 979
795 1150
670 766
629 333
1069 1066
1096 572
1007 232
17 322
1005 375
80 1122
807 235
1136 908
347 732
914 738
91 378
138 439
530 1030
556 402
563 1036
725 522
572 1199
781 520
250 1085
120 71
584 505
735 253
24 822
1191 84
910 911
53 34
70 43
1025 772
688 988
637 84
130 184
37 349
683 822
1120 1048
1139 524
966 542
368 963
800 718
683 1001
539 974
168 739
968 17
136 642
323 72
1068 30
954 1108
19 121
1039 304
96 613
971 35
565 334
484 546
594 783
906 632
972 250
396 589
742 134
735 101
686 372
1094 140
46 820
98 1030
1065 293
805 1140
157 1044
157 845
619 764
530 567
378 1004
432 661
330 967
559 20
138 777
542 261
1158 807
97 197
210 164
995 1063
418 884
1045 159
182 265
1104 1163
116 152
594 686
909 556
884 558
913 993
796 1097
608 753
1159 529
713 169
731 236
638 926
1148 364
39 60
684 1164
127 324
141 578
636 117
109 1093
62 1145
745 1133
443 780
233 783
870 1179
69 393
446 1193
164 613
869 266
319 916
880 171
239 946
1015 1013
782 107
996 735
642 257
371 253
231 316
735 417
847 928
569 1145
865 1174
61 75
783 352
206 550
419 16
465 787
213 50
115 167
334 109
440 560
741 819
138 1185
257 761
792 164
459 499
1040 1030
908 932
709 863
193 1135
360 576
246 164
477 538
286 192
1058 495
109 290
780 443
967 695
1145 429
299 182
46 1083
963 102
1113 88
687 792
567 668
68 611
428 180
289 394
338 733
926 613
970 258
694 562
707 91
266 758
97 584
224 365
118 257
726 76
277 201
1007 522
124 250
347 7
425 1186
851 316
513 964
724 1095
1065 528
968 498
25 31
761 973
1066 44
907 446
1174 1021
540 108
766 526
820 1198
386 139
890 152
1034 1186
31 1007
52 7
715 103
665 544
748 80
928 1200
1138 368
787 354
731 799
354 257
1164 729
894 31
997 1086
325 457
24 1026
96 622
469 171
454 743
869 736
523 876
978 1148
702 1158
237 1161
1134 1012
412 911
920 236
30 212
48 1121
340 716
545 508
778 188
945 359
920 453
264 174
217 90
20 1104
819 893
311 755
11 572
725 1045
245 209
882 836
133 551
643 70
919 932
347 332
66 1164
131 812
9 224
926 221
522 1109
443 210
208 47
626 576
927 1200
766 1053
953 190
759 52
898 625
1123 774
1057 699
179 1008
95 607
633 82
1042 977
862 913
1096 823
952 942
415 1177
763 357
328 658
14 641
5 1171
281 368
996 1017
157 963
470 963
496 927
46 199
950 925
613 309
1037 1152
182 285
41 494
1164 498
700 57
497 619
338 591
609 487
1019 908
697 788
803 609
1069 1172
481 836
1154 247
806 810
74 4
651 469
849 996
235 608
1154 24
583 589
762 758
210 673
410 704
678 200
1002 1103
398 1090
18 952
821 1010
617 206
1017 512
437 706
430 1098
675 38
124 1165
683 192
1082 417
481 92
448 1057
826 794
1000 230
1009 950
762 826
520 1157
712 538
325 585
225 13
356 953
393 55
637 398
387 502
917 330
162 1045
718 579
302 521
1139 934
507 1191
422 477
496 948
519 748
666 491
623 898
715 868
1135 677
915 472
127 130
301 774
867 808
922 217
1115 752
1100 895
927 841
951 821
494 188
680 44
1178 423
1084 472
76 385
214 419
693 631
1184 937
205 881
833 788
254 504
934 501
245 319
631 139
399 455
873 92
656 284
355 705
1188 656
814 854
28 671
213 182
53 164
853 871
892 1059
1009 110
435 572
100 251
534 282
778 604
723 737
889 411
685 756
263 1127
596 52
72 6
532 517
665 129
853 782
418 332
608 530
28 441
111 228
816 135
89 711
1019 930
1025 271
906 1047
1158 785
283 1173
92 808
1170 240
287 2
248 1000
233 372
657 925
768 516
465 1006
606 599
126 1027
133 325
628 1025
154 1180
1080 898
615 895
315 187
30 624
192 1099
205 305
616 273
809 39
440 529
812 1110
323 962
179 332
742 610
649 602
1169 312
182 815
472 212
675 5
155 527
100 18
94 126
1063 202
643 370
1130 728
1109 726
345 28
832 177
1169 500
815 62
304 1125
1062 240
1128 755
1059 513
566 566
564 94
480 876
589 1109
1049 50
754 922
471 318
806 390
32 649
1196 831
157 659
859 1130
417 428
243 752
180 957
374 711
1048 1077
1059 1189
956 584
1167 1163
162 836
700 843
1161 175
989 468
1044 750
1106 859
261 949
1076 839
1175 601
233 890
885 1015
25 129
864 1092
347 843
116 1136
840 631
475 265
1092 608
26 411
1102 722
118 1158
918 429
937 944
839 1140
509 127
721 212
234 426
838 1012
271 1082
1161 676
12 467
1148 566
170 499
627 462
1105 81
591 968
942 261
881 85
792 234
655 990
534 102
750 1163
127 17
683 93
906 369
449 709
451 920
457 495
92 356
313 532
357 51
238 1185
482 1141
583 466
1042 990
472 529
228 324
68 1163
720 189
530 814
389 676
184 824
638 435
236 582
784 218
169 605
669 39
775 396
984 360
538 923
570 969
209 1104
630 1025
391 67
856 1114
372 698
186 681
633 126
357 517
1193 1074
835 478
537 1119
1156 344
765 142
862 601
1106 1042
591 1197
136 891
846 1088
1050 1074
1156 279
414 804
907 594
1180 784
877 648
165 39
198 47
941 1083
718 1149
112 12
926 290
128 878
1030 664
333 954
516 45
132 850
1119 313
697 125
779 229
13 63
238 918
668 1069
104 331
510 906
857 1107
476 870
6 911
118 733
597 618
1008 517
648 1015
705 1188
537 50
706 827
147 965
860 380
162 1185
130 1184
849 379
541 1035
681 201
845 896
1060 255
574 11
66 52
33 172
178 752
145 797
1033 938
343 828
406 874
154 761
1022 1002
1122 377
643 89
1156 704
229 136
500 170
846 820
143 1043
1055 205
776 1053
1117 1046
633 305
153 682
592 965
490 850
255 312
203 142
844 563
1146 1155
850 1198
1062 1004
507 246
762 39
0 1018
364 936
805 526
1031 1023
499 370
981 872
696 327
743 888
547 566
400 668
548 449
1181 453
1018 1048
59 578
705 489
648 1038
1196 1167
9 719
259 418
890 838
407 864
924 272
427 889
989 17
21 842
885 44
115 737
150 652
197 618
113 1188
817 922
501 912
2 500
1195 649
40 1121
391 272
78 1131
616 816
95 133
489 9
693 559
670 1096
373 144
387 938
1025 1059
292 563
519 557
618 239
494 255
794 1004
149 596
463 98
399 272
569 1182
922 890
841 355
907 333
947 232
201 1077
1035 548
774 1138
993 377
965 392
929 543
571 204
472 484
40 1047
538 340
586 761
357 831
1155 992
350 1102
312 456
226 438
1011 982
250 553
933 375
292 893
269 157
1137 370
812 211
909 630
60 1007
726 868
404 601
142 499
1137 634
1059 185
832 940
69 75
976 728
505 265
991 197
860 1154
174 836
1012 90
1089 336
712 930
331 366
1110 629
567 241
311 170
645 190
181 904
1078 654
1194 927
1170 691
748 1107
439 361
266 66
733 1112
995 1194
901 450
1111 368
487 695
825 1107
953 414
193 1040
779 320
1004 598
51 135
469 43
772 1117
566 238
783 867
200 571
984 727
212 1054
278 941
564 843
682 942
539 755
851 436
778 1077
494 302
969 102
38 1004
309 346
654 1180
561 1000
498 227
370 716
1085 411
1041 975
848 596
555 1121
1033 730
118 1072
953 722
513 545
532 1017
76 564
1114 462
1123 673
255 694
76 718
746 1030
95 964
375 1137
1027 498
1076 248
190 23
320 645
796 127
570 636
978 375
1031 1159
1005 1051
783 344
1139 211
1181 284
778 103
477 461
457 273
722 1127
113 603
394 338
241 666
484 485
132 683
564 587
649 569
976 143
895 915
949 1106
521 474
48 682
861 779
39 178
922 284
345 473
768 561
55 26
851 782
265 1181
103 191
826 1142
608 97
82 911
213 258
653 936
640 295
1170 63
1087 1082
770 421
586 50
1135 892
204 947
1187 739
1069 949
176 107
689 740
661 1012
676 787
34 416
569 903
203 1073
401 475
385 610
974 503
401 1117
457 312
1191 206
881 426
930 652
1105 481
470 984
465 653
725 10
1041 165
312 530
526 90
277 417
973 1098
319 20
511 970
923 548
491 406
661 1091
501 663
799 1168
421 1009
846 718
999 545
782 820
253 413
389 56
199 714
555 81
538 142
929 238
30 59
511 770
1075 459
347 990
336 551
813 1074
453 394
329 642
58 530
832 1183
107 140
1134 770
166 504
205 614
51 370
325 698
1009 745
152 617
1043 583
553 702
1197 869
748 255
955 979
11 489
647 818
677 476
1129 879
1072 984
225 1024
59 54
952 7
773 846
1072 224
960 818
1139 356
792 1183
101 1008
664 193
437 186
377 1148
310 398
114 1154
1174 364
367 474
1124 139
305 623
919 664
35 640
6 529
1101 601
1032 205
127 169
785 163
924 1046
47 333
1087 483
642 961
210 649
339 309
376 140
801 148
145 480
449 866
81 1133
616 809
271 1158
969 1001
81 1054
442 84
569 249
1103 924
551 769
889 720
682 442
279 1169
42 955
635 246
488 573
201 1018
277 542
715 162
1095 281
407 277
927 1047
98 358
840 842
263 899
864 1012
63 992
369 922
139 753
490 1041
957 207
122 812
132 546
241 383
600 116
358 432
866 538
634 1199
1092 995
1040 133
537 958
646 17
1200 1000
36 565
608 781
675 75
985 444
461 455
863 122
575 683
126 878
147 417
472 1135
1080 1078
461 971
116 64
1152 690
705 652
515 727
187 644
495 39
109 229
738 983
772 992
760 250
1109 456
611 671
151 92
568 446
160 116
505 75
216 265
63 848
33 341
1138 31
523 260
535 761
119 896
301 914
755 213
182 418
715 310
1168 979
871 961
270 820
263 839
339 160
1152 239
1087 636
870 324
654 767
924 1139
327 363
236 28
619 512
396 971
960 239
1033 818
967 571
938 744
1110 960
860 95
260 850
872 433
1064 653
0 642
1039 98
712 872
966 1165
683 328
97 1122
1073 610
252 1133
516 160
875 1114
322 859
548 550
871 986
433 870
299 844
436 117
487 135
578 927
489 609
47 59
424 41
950 154
93 355
969 989
848 180
789 215
1132 856
39 453
1089 467
348 939
1179 489
813 1008
519 1132
910 463
361 312
145 854
1196 984
1172 566
288 700
620 506
112 902
646 1064
706 204
22 1012
1110 664
762 975
931 404
1031 649
1098 980
1105 1141
114 290
137 129
523 468
1 667
140 461
519 105
1057 1132
588 21
540 808
972 448
211 684
953 224
570 805
639 833
777 864
137 942
837 989
604 1120
421 205
94 940
250 230
785 487
598 394
654 20
20 476
60 189
222 753
371 283
1180 346
988 1177
653 772
581 130
879 412
326 599
1197 656
545 11
1132 1138
372 771
1013 969
380 125
423 418
677 288
667 800
545 720
629 104
815 415
830 886
733 348
613 1187
578 859
1014 1162
355 710
225 748
226 995
96 174
260 602
1023 174
44 269
847 590
585 732
100 393
294 1190
467 799
823 836
46 125
241 797
1085 883
894 958
925 1112
14 252
290 526
1185 1189
1186 323
685 355
796 418
976 214
1087 24
1136 676
725 679
25 130
256 446
852 173
1056 825
850 216
932 778
1126 241
1183 517
548 741
141 884
834 839
1013 150
98 347
604 764
356 569
102 1133
401 970
1138 829
904 98
402 847
1092 620
186 993
1029 17
704 852
76 1094
887 151
888 942
798 643
1073 616
89 1145
742 1048
604 301
630 1021
777 983
52 817
1123 529
792 593
327 1069
1170 587
1077 40
1093 672
180 1175
1080 819
353 410
65 237
540 242
1187 547
171 735
413 125
726 69
759 723
819 532
529 545
83 276
328 487
320 891
84 1086
461 766
1167 327
946 470
47 481
627 93
266 1048
1080 269
666 659
460 821
646 57
965 1041
906 1158
287 144
277 993
223 424
669 795
726 315
1171 1036
363 564
801 206
377 759
594 299
456 775
794 894
407 430
163 371
874 780
37 184
287 469
286 117
504 824
1112 1058
1055 670
500 740
100 276
218 617
459 671
1019 344
869 757
219 1162
314 11
717 810
1 519
153 1164
305 37
1077 345
800 870
65 687
711 627
118 903
827 51
535 1001
723 969
821 106
663 323
660 1063
81 290
1107 1108
839 556
334 632
182 360
802 74
1117 444
696 1099
1035 352
380 349
875 1138
661 92
422 284
1046 1017
530 256
213 244
1196 215
128 1120
967 522
80 439
503 1151
153 129
564 298
147 551
776 932
868 83
183 286
466 571
895 8
815 778
252 850
85 389
586 15
1152 504
156 544
957 1036
301 1034
20 12
551 700
312 195
474 852
444 998
291 107
605 1029
403 1140
745 175
763 1138
165 778
36 280
943 126
1021 928
994 431
775 978
876 1042
213 649
344 149
287 86
99 263
207 239
398 888
359 417
316 734
655 503
30 592
609 395
600 746
138 859
321 973
392 272
27 542
972 993
1022 1040
583 736
1142 595
1169 238
628 1173
965 922
499 710
863 722
505 521
272 706
1051 1200
1079 1119
482 409
650 219
156 728
42 943
97 466
876 561
521 33
959 1191
730 468
208 400
775 890
95 312
608 465
761 990
725 518
704 441
982 52
158 888
934 882
429 906
231 929
439 581
188 27
71 114
376 937
44 1083
499 1185
1195 253
1083 962
326 880
820 779
784 1076
688 700
505 171
189 926
345 738
759 689
667 624
649 713
802 514
943 483
86 404
925 237
354 993
49 1147
722 260
62 308
631 1004
253 886
89 823
31 552
22 806
1180 100
1132 429
535 588
1154 426
735 1091
1035 774
953 584
1085 1111
523 835
977 470
794 951
1035 1154
922 811
682 86
674 925
987 141
372 519
1075 999
1014 174
610 105
800 564
668 979
498 972
1009 1066
946 67
1149 308
327 157
100 245
504 282
294 223
282 312
785 964
340 942
513 687
551 335
746 1025
656 1161
781 100
977 864
888 125
48 822
782 1014
773 214
813 1167
418 189
1094 173
869 531
198 928
66 553
837 174
393 1085
428 141
227 935
227 441
473 248
511 162
922 940
314 238
809 386
720 1181
1043 147
979 455
31 795
607 1138
510 1103
42 605
191 971
527 409
849 805
178 1159
389 520
325 544
804 1039
18 47
165 61
979 866
254 980
820 430
361 900
667 942
174 993
709 95
209 511
926 627
182 1032
596 318
658 707
747 440
673 1142
1154 1060
838 707
913 365
550 698
809 1012
55 130
802 675
143 140
589 1057
418 709
596 584
366 61
508 209
552 33
660 1031
157 684
834 1080
1068 609
655 201
1071 397
1177 444
838 173
430 1133
824 927
682 1146
1046 946
382 232
287 361
779 16
883 801
8 229
970 574
284 979
1094 415
829 226
1141 1129
123 348
901 621
589 738
156 201
746 1087
66 833
664 299
211 91
222 1109
229 1030
333 1035
253 833
86 936
835 953
1129 80
8 446
1028 916
467 501
42 327
429 732
286 297
496 86
439 634
110 930
617 511
1103 139
971 869
297 646
550 450
227 642
525 458
164 1143
877 535
249 427
459 679
451 828
5 987
364 145
597 598
323 1070
55 393
49 1037
682 763
1175 21
860 972
131 714
272 12
113 240
281 951
82 1163
536 408
944 1183
642 762
161 665
294 991
628 70
648 387
1045 136
635 740
826 975
767 778
712 655
136 499
544 861
795 487
606 711
729 623
120 834
709 569
636 392
1085 704
67 863
87 678
1065 458
298 448
84 90
539 489
1065 879
1054 319
657 917
43 1087
245 658
23 885
340 902
419 213
1140 175
968 472
1015 1041
601 696
539 775
1092 606
715 608
339 515
773 276
151 922
247 419
810 504
618 649
975 748
996 165
768 506
823 221
1143 265
844 110
714 455
69 597
359 999
264 822
244 1139
1104 425
266 130
254 281
728 383
6 670
664 961
611 703
77 724
1114 431
916 777
1146 438
471 658
530 859
166 487
1086 752
958 927
510 1096
523 73
622 982
959 852
849 427
608 1188
204 719
195 1197
5 477
175 56
188 618
242 746
430 1172
256 229
712 85
918 1155
999 902
1164 85
4 137
340 878
866 1186
166 590
54 794
321 942
1067 84
550 198
368 623
1176 1103
875 535
869 995
381 795
1119 802
1034 572
899 175
1109 799
697 10
174 756
1117 243
957 1030
1023 71
146 467
807 180
290 508
481 346
107 141
1128 715
146 655
928 1185
1019 479
66 1037
1127 605
881 746
137 397
249 167
230 72
994 279
284 168
667 531
1151 466
241 1022
1020 974
607 857
537 441
98 306
14 1114
859 477
549 849
1181 306
796 279
1011 965
968 931
57 611
1061 1093
706 306
787 732
382 428
234 596
1180 823
744 828
459 798
902 188
118 154
327 317
720 170
60 247
564 469
1038 987
800 111
943 1187
489 1153
264 313
533 426
514 45
545 1033
767 173
17 463
329 792
585 270
336 389
693 693
83 886
304 981
297 426
73 257
1029 1038
455 569
88 224
672 1168
635 29
495 551
999 1117
1044 515
145 1160
42 496
561 427
790 353
820 31
600 772
445 510
271 342
256 265
1195 1127
140 547
271 772
1152 596
1171 1076
433 893
762 438
96 1092
809 115
403 448
214 259
433 758
530 1031
256 738
95 172
77 846
1084 123
949 44
815 690
403 164
643 1183
57 659
834 152
910 935
579 1164
934 472
31 1074
956 867
54 627
526 983
686 53
1185 265
1124 665
10 376
686 106
570 261
199 836
559 119
60 562
1098 84
1123 608
777 1095
1019 300
667 413
805 367
398 1185
1135 520
1134 918
980 697
138 228
571 627
647 451
942 203
355 388
1035 15
593 573
1033 544
329 1141
823 753
90 220
141 411
1157 772
709 1146
604 666
552 512
153 120
512 258
434 1098
372 954
851 1116
800 666
1171 1144
153 737
845 784
836 142
484 103
245 1025
961 456
555 645
326 20
593 702
575 33
773 714
836 723
796 1086
1131 117
1153 283
228 744
701 511
268 406
1083 360
528 564
479 972
326 420
161 243
610 163
206 275
337 282
69 532
1073 967
413 725
723 243
837 395
539 798
520 424
177 47
250 288
198 1175
639 188
805 496
1040 545
176 779
159 453
492 661
98 848
615 280
512 896
1079 1061
944 233
552 157
1091 746
925 108
421 574
950 1092
428 1069
456 471
513 789
392 760
279 1105
756 1004
612 432
1131 23
433 910
840 447
998 700
374 1100
172 788
174 86
189 78
272 265
889 688
711 577
841 536
0 199
982 75
457 142
436 788
289 212
55 342
708 949
477 165
559 1159
1170 752
802 475
930 809
1115 490
543 94
447 11
405 538
192 51
896 537
687 1091
485 1047
107 168
1163 238
611 787
57 961
1030 433
112 294
278 583
761 808
170 745
828 655
172 303
613 674
991 617
896 451
966 1007
547 1156
1028 152
373 738
748 131
441 447
304 349
326 1034
234 778
604 676
505 1116
49 841
734 673
467 165
41 7
533 394
860 341
1108 414
745 346
898 60
33 811
1153 72
624 115
700 1077
881 596
157 1075
1086 718
747 106
277 864
721 519
1179 1172
1068 1181
606 777
164 39
438 560
1013 129
707 595
1111 644
926 570
740 627
1016 458
1050 977
856 1155
590 961
185 410
823 635
633 108
515 317
971 257
267 1065
757 974
718 821
1199 895
106 369
306 270
573 781
369 970
1113 1182
486 754
927 886
251 482
549 764
473 608
713 1094
1197 261
638 683
516 412
242 839
1057 772
402 470
511 868
1102 230
95 1083
460 497
181 656
1015 878
1142 1115
422 356
711 338
9 433
786 881
255 95
893 32
988 791
211 861
1094 625
759 205
1101 830
323 417
1188 331
476 199
968 177
638 781
873 253
146 994
1120 109
107 1162
908 961
465 1198
902 641
1149 438
122 52
737 852
440 1180
888 26
928 93
517 856
437 1122
779 631
374 558
640 123
1067 1185
417 274
834 981
1104 151
109 179
718 597
69 1172
278 1075
844 1106
993 329
195 739
1058 1034
89 858
365 1181
56 757
843 687
270 54
727 886
39 812
105 978
676 740
1133 1157
1007 531
22 898
944 887
858 324
519 540
955 657
936 956
1048 463
684 816
967 238
486 82
1052 648
107 607
507 862
585 777
392 228
646 270
514 1035
109 72
262 410
850 1050
452 351
920 234
1049 383
534 817
5 651
423 996
579 568
440 870
588 530
784 133
723 28
776 1050
581 674
702 937
606 1179
713 418
1005 1172
63 386
256 1095
1089 22
392 684
762 874
624 868
841 10
570 880
356 733
622 540
856 370
59 1091
691 355
2 753
209 1040
382 1011
99 607
935 252
121 714
924 795
671 1125
305 381
909 1179
922 730
105 620
106 1177
1085 564
221 641
830 130
629 780
557 428
5 329
825 1142
903 960
683 1172
1044 129
1168 449
141 148
597 960
967 57
719 328
530 248
393 174
348 769
993 230
353 649
494 0
334 460
157 975
1055 568
885 531
79 1005
589 473
74 281
573 525
807 1165
367 579
217 861
887 664
414 1106
886 109
770 806
295 278
886 686
545 1061
1085 314
479 753
1052 1032
114 944
449 854
432 452
534 571
1195 747
834 738
374 1068
1123 108
420 1088
130 305
951 179
499 202
903 615
109 1033
337 421
81 274
275 935
514 1056
429 736
1191 1070
71 624
142 769
334 162
1076 441
244 193
245 425
1129 1090
605 527
1010 1051
1140 882
949 1073
1138 879
1082 630
186 976
170 65
419 385
729 820
290 453
197 1187
101 411
745 314
822 22
14 120
609 69
157 822
908 756
716 851
958 432
823 660
878 765
166 429
700 1157
649 1086
856 715
306 1167
904 75
902 467
905 1090
877 596
83 369
1020 599
427 788
258 578
431 1041
698 0
173 374
1022 864
262 961
414 317
1052 263
302 288
303 147
649 867
811 795
257 523
507 574
114 1146
396 327
914 446
881 774
391 953
860 672
595 661
374 793
259 490
143 206
696 119
455 508
632 208
174 455
867 387
49 255
61 504
388 602
556 575
1097 1124
935 677
445 1114
827 966
466 232
36 127
1058 1047
127 578
530 1132
981 217
866 847
282 745
1024 519
511 570
430 385
275 317
739 731
1132 788
786 1044
441 1069
361 1102
598 807
299 1050
0 1187
168 169
338 160
1062 593
407 1134
514 291
1042 753
261 214
593 765
1177 569
385 535
411 392
967 1063
377 328
488 557
975 67
984 1091
396 798
433 1104
493 233
870 520
1105 413
560 707
913 1099
172 731
414 658
834 182
183 637
1144 773
74 569
773 156
763 587
746 1042
909 417
674 1174
637 1043
304 217
764 288
511 584
641 456
1132 786
185 1170
920 19
844 1021
383 649
77 361
602 28
461 918
817 973
590 505
819 452
935 1119
486 297
225 456
383 1132
1073 293
500 412
705 707
277 396
879 1188
687 511
494 894
279 617
861 390
767 67
139 598
1140 1040
134 822
93 508
964 642
799 307
1012 760
399 887
1172 479
796 628
635 651
341 821
724 297
864 1122
1058 176
787 24
958 787
340 118
159 738
224 133
556 5
837 310
105 795
54 1032
288 975
454 568
997 858
526 1042
816 976
580 908
277 1125
1086 104
193 1071
687 884
730 343
809 1072
1137 1083
910 224
592 78
1002 806
453 1125
871 610
581 231
765 253
1159 331
1147 947
164 752
700 538
936 937
718 639
1001 90
806 541
1032 1126
908 253
773 1122
93 1166
106 456
45 120
964 256
984 116
740 87
426 374
57 465
42 1167
98 829
1132 865
690 737
756 837
726 917
993 181
222 935
372 706
87 62
469 799
860 808
946 177
1046 271
31 282
134 817
843 865
540 780
99 641
304 594
246 42
693 698
484 38
817 240
499 881
250 107
705 1020
228 504
139 990
380 1032
777 683
626 1160
60 1105
692 1192
269 39
247 674
158 107
70 923
385 481
1050 753
1134 476
899 795
187 157
449 209
687 90
763 455
870 555
944 95
844 345
70 62
815 341
503 1101
742 246
942 502
194 69
253 228
382 539
318 834
648 239
157 514
560 659
1082 404
897 57
462 888
135 664
1154 634
1144 614
938 41
1059 906
1107 627
631 20
116 371
856 163
574 626
911 391
1106 77
1078 119
848 455
1054 745
34 12
845 155
190 767
774 549
476 499
1062 882
918 965
415 765
12 217
588 894
500 742
1132 933
1084 456
163 126
1009 64
654 1098
1012 564
34 563
1186 241
974 915
660 673
460 394
235 800
196 697
1098 119
1166 1099
618 830
405 770
698 216
517 321
1118 403
145 404
488 990
869 242
46 106
751 15
1152 263
405 842
941 718
663 999
1070 580
671 801
208 472
795 1059
202 1014
300 422
487 650
163 612
570 321
719 608
537 462
911 790
46 1067
62 10
1144 884
490 988
739 737
362 902
74 676
829 665
329 716
242 804
894 615
289 204
973 388
754 597
69 30
416 1187
858 254
974 1063
1078 1072
612 547
331 982
1107 64
1031 59
397 112
960 1192
545 908
494 1142
512 413
596 263
3 2
750 583
301 232
1150 1195
485 782
372 955
844 1122
298 147
411 476
1072 966
236 525
68 1132
813 590
849 1181
608 164
1080 1049
59 715
786 222
138 455
908 861
62 422
464 1006
986 326
252 520
351 49
820 637
893 1001
1163 464
677 1188
687 65
760 738
885 632
127 891
65 430
1059 421
406 1109
491 986
1040 777
1026 1090
650 1078
208 208
667 1121
915 198
225 1092
424 926
1163 679
587 986
1088 964
598 665
508 1033
607 864
808 1071
654 323
27 1171
192 181
63 923
792 1200
664 196
1074 1076
892 861
488 1077
639 841
232 166
715 48
739 1129
570 906
351 813
281 435
835 492
1093 1188
846 1197
776 900
271 177
821 1096
266 594
177 357
346 1144
197 677
585 181
999 499
806 515
755 1127
604 54
475 642
327 632
1086 30
666 1073
610 937
72 177
894 1137
1041 657
290 430
377 368
805 624
313 568
597 594
823 491
415 102
136 899
367 1181
77 607
908 1077
1026 561
655 5
1136 1137
364 715
1071 332
930 635
309 591
234 501
153 8
71 1172
799 375
1139 918
1071 134
106 1164
254 862
691 667
1152 138
613 232
581 765
620 339
301 936
513 865
869 1110
791 84
660 528
1066 1164
594 407
807 270
72 1050
877 195
889 56
100 810
432 334
715 1161
1117 303
844 471
979 580
223 88
260 117
276 608
419 693
259 1016
258 699
484 528
647 456
22 662
338 701
1094 13
869 1016
728 804
469 147
765 58
1038 559
600 391
386 753
1095 1120
900 279
13 820
735 252
68 1090
689 586
601 551
844 426
14 1093
476 267
448 980
493 135
87 689
1065 288
691 497
1166 838
191 112
292 354
529 251
211 1062
616 367
838 683
816 1130
1053 235
193 443
971 364
1027 947
1146 235
688 579
118 226
472 1057
325 821
194 712
3 150
172 139
199 996
172 399
510 580
426 1001
400 704
1078 163
578 447
606 576
840 540
559 947
458 707
851 649
513 616
986 210
396 220
1175 285
17 485
876 263
111 1169
723 1023
435 768
1080 843
911 715
1107 471
266 446
606 1007
147 883
364 771
896 685
1098 705
966 824
1185 130
602 690
641 77
39 23
869 596
354 417
165 587
843 309
40 329
475 1117
174 357
505 973
662 1156
20 1096
266 1031
440 49
374 672
321 381
832 659
60 1014
740 393
495 37
1148 843
352 157
1026 52
342 691
1115 1189
432 596
916 770
1079 203
174 838
984 700
113 174
59 295
101 76
87 739
966 316
273 233
822 1004
253 135
257 629
807 678
1025 796
247 563
513 1199
34 810
625 534
656 792
1116 1003
192 162
649 35
314 232
686 152
529 490
281 214
468 521
1089 452
228 876
920 743
257 791
1000 247
175 218
31 805
144 857
611 291
178 1030
89 628
346 1111
432 1120
48 844
318 188
1048 224
407 153
635 1107
1133 1133
2 916
833 257
885 826
862 581
425 88
346 840
545 1150
170 680
896 1118
1063 747
20 663
834 1078
147 142
1091 574
920 318
596 8
429 511
899 992
250 939
830 234
1004 1127
932 1036
588 850
689 714
722 822
9 750
460 818
621 1154
757 557
406 780
107 384
208 556
592 1075
617 417
195 408
915 274
795 378
738 79
1152 966
1157 720
1199 893
389 643
1017 164
703 993
125 251
666 1036
44 674
507 4
534 334
1195 581
971 1029
1184 1059
160 955
658 1002
370 386
120 96
765 1102
804 1093
1128 75
677 293
305 380
475 1192
737 269
71 258
372 827
427 1196
324 1058
854 1145
190 352
847 126
580 1193
762 861
534 802
768 632
324 1027
954 513
537 545
610 1063
768 932
215 326
127 1187
612 1068
888 28
1149 1006
713 867
1003 798
621 999
1092 1077
406 1146
231 1145
332 565
123 552
567 259
33 656
714 925
168 201
1038 898
176 985
1173 182
1119 0
491 784
604 960
258 192
676 1183
890 470
42 72
300 106
1123 808
137 316
647 332
15 262
105 71
564 1029
192 36
554 752
128 776
745 435
1151 196
0 903
202 486
1113 273
1123 65
825 370
366 188
814 868
56 1163
265 349
304 405
641 583
389 190
590 230
1152 191
1120 909
541 689
936 525
409 1000
908 218
863 278
351 246
871 1052
1030 254
610 78
1039 248
386 682
545 347
683 11
840 473
1192 73
451 395
896 731
662 447
888 1140
500 1117
351 1006
77 186
44 933
718 825
130 772
577 1072
1036 601
744 939
1160 215
662 953
602 712
1129 687
250 0
259 607
55 771
379 466
1155 304
1085 591
1133 430
660 278
877 514
458 699
598 681
215 168
1091 960
518 80
180 607
118 667
309 366
398 172
54 477
190 591
243 516
820 940
325 648
995 46
150 307
113 474
279 688
689 466
354 1042
792 497
324 611
845 460
501 211
22 996
670 936
759 1138
436 6
1149 676
1002 218
783 1190
36 383
1123 36
887 662
228 1098
220 168
974 1013
95 399
386 223
702 1106
995 30
330 608
1138 421
859 918
463 134
1107 1060
945 212
286 1138
694 505
40 710
842 177
170 247
778 450
352 523
94 538
1040 182
206 1142
50 25
1157 121
211 532
771 681
90 1173
153 2
508 29
1180 794
151 772
507 1104
101 679
34 887
54 87
666 598
862 1059
490 366
327 857
321 21
74 720
382 221
949 49
1178 1134
477 886
700 234
788 1146
853 538
485 41
871 798
421 69
1030 899
625 140
302 773
1160 791
1082 847
1136 1006
414 33
61 1092
621 962
224 266
992 982
438 249
54 1189
424 259
412 316
1061 400
942 65
32 204
1048 1030
1081 406
101 156
867 292
375 137
600 1090
474 683
350 824
443 437
478 400
831 789
1094 1023
476 98
680 681
217 607
554 444
304 455
1081 704
1187 1162
232 487
346 977
985 988
989 969
1052 131
447 798
1142 653
62 357
915 369
568 339
1184 1084
467 1006
928 127
282 954
71 471
456 879
892 459
837 291
177 385
424 649
676 803
487 104
178 932
972 650
1029 510
653 976
827 941
927 563
1024 741
343 506
930 333
255 458
728 891
339 21
622 558
1043 273
210 523
927 1099
999 575
541 807
104 489
258 484
551 806
1051 264
310 158
583 609
700 358
1047 1197
878 1024
120 610
1046 292
937 630
588 752
149 1183
847 1083
112 107
825 522
55 1140
906 498
208 1057
50 189
468 727
1124 301
380 795
921 354
1004 584
1147 303
68 512
790 700
1045 339
937 951
116 811
623 727
983 796
264 372
957 611
1025 808
1133 199
1184 982
233 241
100 598
1120 619
285 1149
1130 864
877 831
408 246
113 491
425 65
898 1014
647 847
1017 201
498 876
586 410
179 753
743 457
819 104
1073 647
812 757
119 26
1178 447
900 1035
941 1136
708 211
553 517
487 498
114 721
1121 91
1016 29
28 408
2 382
40 1161
145 201
245 363
851 487
580 966
1096 354
359 820
597 666
603 136
202 135
865 673
206 370
393 126
766 683
323 324
483 904
510 349
129 778
1105 879
977 593
589 10
863 435
137 425
450 344
456 58
684 438
457 844
879 1164
14 822
462 598
16 667
39 200
683 999
79 419
1173 270
8 935
686 629
81 907
415 676
594 1014
68 609
463 546
1124 890
1066 957
890 656
522 125
942 1018
104 389
997 912
927 1067
311 483
132 1030
543 386
341 1088
983 47
1081 469
102 247
1119 1154
669 103
1187 857
330 836
1083 814
460 1042
1005 718
1131 969
379 311
153 740
474 168
416 463
1136 787
1057 178
1059 182
146 744
1187 407
901 648
487 1038
1195 458
796 725
802 155
404 21
359 485
1137 816
646 385
413 949
1048 44
1046 263
795 112
787 621
939 153
983 411
375 586
1030 561
1032 829
569 493
77 678
515 565
1074 40
456 47
221 436
294 261
460 619
1145 559
541 1021
328 1042
215 836
10 834
176 154
655 282
805 566
320 394
1069 514
32 57
1086 52
1064 1062
501 941
199 1139
667 374
1123 306
168 901
1115 603
91 482
356 783
410 1056
855 934
696 880
164 1046
1131 276
930 73
632 1031
760 124
939 71
746 865
694 167
250 1105
196 571
790 432
329 789
840 346
1084 401
1128 991
1031 767
1160 1131
726 1060
377 940
543 507
767 945
1074 690
958 672
1000 318
356 1163
343 1042
713 339
971 231
345 189
870 695
63 63
44 120
1020 1066
219 349
158 596
1125 57
753 277
353 353
335 1077
457 480
427 33
739 753
1004 620
443 1129
921 360
662 596
21 1106
961 607
212 1076
1178 810
995 1086
320 1121
745 353
556 835
173 799
276 112
902 740
496 126
557 506
279 988
881 836
750 171
920 826
1114 576
493 697
1187 998
233 963
35 633
1036 328
1126 873
1080 1134
263 442
1044 834
268 680
119 616
567 508
733 522
885 611
385 162
479 1168
335 902
192 1081
1148 712
822 462
643 561
716 86
941 550
588 865
663 749
597 1039
972 990
1151 1048
338 896
260 773
726 739
58 778
611 786
365 902
497 1125
857 39
939 1092
901 151
656 253
807 779
564 471
919 763
878 495
245 1055
289 294
560 624
859 1155
992 800
750 424
1181 968
1130 922
823 335
853 803
687 387
442 312
880 189
712 521
281 287
233 957
1029 1164
192 829
445 581
27 622
1188 28
497 218
1091 376
185 688
264 1153
1136 592
936 339
1170 573
862 452
266 563
1114 1087
382 23
25 947
531 507
869 558
757 73
188 599
277 42
550 869
61 646
420 261
59 1173
1157 554
1199 829
249 728
192 191
347 104
992 30
340 258
139 113
486 387
487 1169
296 270
76 19
844 830
665 169
723 1060
851 62
308 734
382 366
346 413
401 565
713 600
591 1000
640 519
562 278
633 457
701 384
596 760
514 1155
158 568
1045 689
494 502
761 104
1104 133
710 1022
1003 251
256 747
74 696
633 64
585 922
890 430
315 99
611 896
666 475
230 1050
329 802
557 1069
810 831
1174 198
926 797
379 419
736 761
300 54
756 469
538 739
515 556
187 974
671 1083
516 361
639 1064
612 740
169 465
919 1121
904 169
460 581
1083 896
621 930
473 970
901 850
573 997
423 336
1058 1184
1171 155
35 599
1127 545
664 368
817 1044
80 650
352 847
827 1144
698 734
590 984
114 697
466 308
278 745
315 1198
228 136
777 226
1130 44
276 1098
580 396
480 270
708 926
184 1087
569 573
925 105
791 1001
568 83
391 1109
852 887
474 180
798 414
208 661
1200 913
80 4
547 812
739 592
1113 927
1018 359
512 288
640 508
969 78
301 374
6 279
46 1
969 833
127 303
296 715
465 842
581 1155
316 406
56 800
6 963
402 1171
351 88
758 876
553 997
299 451
1051 355
809 884
427 72
476 616
1015 923
973 1055
1103 654
1101 1066
245 1127
661 728
716 212
3 1023
861 467
61 1110
825 196
589 576
778 1088
926 858
269 377
610 388
395 210
444 576
431 1146
892 385
254 95
12 302
6 149
511 224
420 628
9 916
1180 441
676 683
1149 531
318 1188
289 556
72 134
138 1192
1020 1026
650 516
951 1064
22 380
718 494
392 605
639 848
661 390
408 1048
148 453
497 915
365 608
290 55
181 373
891 822
1164 596
889 78
131 403
709 491
479 380
291 0
905 367
654 882
653 886
618 164
383 842
1060 923
811 828
226 573
1062 627
817 408
1036 1003
820 1115
798 1147
818 458
863 1161
642 195
487 129
1032 864
430 786
70 651
1000 1170
489 1107
89 94
744 475
691 128
835 114
412 263
1122 159
116 1184
501 933
1003 70
826 480
482 684
227 489
1023 1107
756 947
1178 603
818 700
663 667
1020 628
95 168
342 1090
932 507
884 383
1148 162
1157 128
1167 32
336 33
313 802
48 154
1001 317
569 597
47 568
242 915
1011 194
539 105
42 513
907 771
1176 872
80 982
594 119
60 395
320 100
846 453
581 973
1091 457
1182 842
19 728
945 1127
694 988
521 1113
581 526
660 984
897 839
880 1040
328 250
675 21
232 892
1130 193
220 443
741 95
932 88
340 195
911 818
1196 241
589 81
767 1016
1185 300
342 249
198 113
451 878
146 682
1064 883
86 137
288 399
414 1147
624 179
1051 1114
382 782
52 163
84 297
607 884
659 704
241 158
827 591
178 872
672 629
208 72
621 1120
188 225
127 607
466 646
970 731
434 927
527 1080
977 1133
15 637
446 1011
1034 1114
951 129
210 1162
998 241
217 489
57 231
1149 742
648 153
65 56
1157 388
416 676
93 375
49 477
880 396
1016 495
870 409
216 560
185 113
2 250
360 60
459 615
552 768
721 215
832 525
209 266
911 237
469 1197
1005 521
947 733
874 927
1075 911
553 382
165 256
151 659
1035 478
691 1122
70 745
786 698
656 981
230 622
1176 1001
1192 425
522 560
850 876
155 842
825 617
40 519
1028 848
535 674
133 615
413 964
444 275
68 114
829 298
820 238
805 62
781 611
890 345
339 252
1091 52
557 265
668 278
78 1110
576 336
89 1181
340 1064
140 402
845 425
305 761
113 508
101 107
194 704
941 1132
253 375
186 525
992 1021
1119 614
357 950
464 81
772 851
184 564
1136 519
1040 141
661 83
351 538
664 1189
49 636
722 935
237 617
106 279
306 795
692 538
489 73
658 157
1155 794
536 934
503 737
341 580
861 562
359 804
667 310
76 977
1181 643
1006 524
542 96
300 258
342 118
157 831
1111 370
931 966
436 824
655 3
291 705
1053 266
827 1039
680 815
215 674
71 392
7 948
1107 62
143 1082
196 309
769 432
902 999
566 767
20 824
492 364
780 245
695 801
510 310
1025 88
782 172
748 740
209 191
1093 850
1180 877
323 1117
358 155
11 477
725 197
383 789
703 227
114 224
646 1029
1176 1161
188 481
1064 634
932 590
75 1078
785 1191
924 84
271 68
17 378
30 1031
477 152
59 130
919 59
246 447
905 904
867 735
533 834
327 503
652 370
101 1181
397 918
470 563
292 632
1090 897
307 731
840 137
498 232
73 741
436 448
926 286
702 105
533 112
145 526
434 375
721 515
1150 789
1167 539
526 677
227 940
880 986
1167 595
1110 0
25 570
1130 1112
458 388
825 895
353 915
940 963
569 732
615 652
1174 665
181 131
629 905
170 147
506 1136
1126 485
543 1120
313 645
900 653
643 80
576 663
97 283
62 91
1095 621
406 464
823 1074
155 186
1172 918
938 1081
161 742
344 1006
347 1132
913 964
1166 1090
76 143
901 1054
570 1002
243 866
463 57
994 47
857 809
520 1019
835 128
933 134
1079 662
885 198
285 493
17 266
699 359
1194 697
293 572
913 415
390 246
180 1176
446 411
655 1164
468 600
45 483
777 1141
393 560
115 924
945 3
1001 394
748 867
196 230
579 16
673 684
190 485
247 605
14 12
591 198
1098 1135
795 205
1014 830
50 459
33 1177
1003 125
1077 73
1151 595
530 405
1161 885
1033 130
407 441
1084 452
1159 1110
1115 848
552 633
583 1016
391 1014
32 265
671 7
871 236
973 306
940 553
155 16
217 742
772 802
951 501
411 1093
1129 895
1143 334
1048 264
813 269
564 825
1135 302
515 1183
811 129
568 892
148 411
195 578
913 985
973 201
1052 294
228 432
920 1000
133 1081
775 1027
568 262
1172 167
660 125
905 1130
983 234
101 987
1156 1187
557 841
297 899
368 885
1179 672
781 232
469 1009
471 597
774 701
919 905
1171 998
938 354
371 1150
1180 162
309 324
1158 428
685 327
674 615
369 830
361 750
38 177
641 61
668 888
1152 843
1141 41
791 932
1060 661
202 742
887 108
382 438
316 185
878 489
505 936
1089 601
26 915
48 658
222 559
1071 1191
113 1042
1105 64
1101 975
617 367
91 639
49 211
485 46
1108 422
7 312
691 681
657 1037
541 225
642 492
847 778
536 1196
961 4
874 205
499 1031
389 1153
1105 1041
489 569
880 82
1193 1040
934 425
569 270
351 714
998 500
531 808
392 81
646 275
1009 89
706 1090
796 103
717 836
901 169
1024 1058
573 1132
421 203
43 111
393 975
540 685
316 247
739 1016
955 518
898 39
13 192
813 440
267 442
99 318
1085 720
911 525
845 725
767 730
653 35
885 984
417 78
50 420
383 199
733 1033
500 1039
637 565
37 451
711 928
905 506
626 1020
1117 126
201 537
246 683
981 419
140 867
386 766
284 576
227 602
108 610
430 255
590 429
260 132
314 452
40 1173
655 133
338 167
165 1028
830 1020
545 851
215 59
1052 431
92 626
620 230
1149 636
28 560
873 335
922 1125
89 591
461 506
60 674
463 1010
1115 1126
1125 1200
19 446
408 170
830 1035
557 541
438 775
299 974
79 157
1060 524
1003 1052
863 1056
485 740
363 490
674 877
748 951
123 813
1051 624
216 19
462 964
1109 340
126 1068
170 1066
364 321
615 880
589 257
109 228
994 355
165 800
254 512
788 961
453 325
78 603
304 395
150 1162
955 1117
448 586
391 335
1197 524
942 837
724 1128
893 310
1159 507
604 674
1033 23
435 598
389 651
270 221
944 981
793 1160
768 1043
812 327
339 313
377 462
559 1168
167 925
1075 1197
213 254
919 60
118 100
1014 416
1127 1034
983 1180
1169 1071
37 217
933 380
1134 370
137 1074
749 313
106 974
806 1113
849 896
37 515
759 829
359 294
600 222
642 151
673 15
701 547
206 280
231 657
564 710
1062 692
1155 34
1004 595
705 105
1042 62
719 1077
168 624
712 794
1069 749
1069 823
105 1108
142 881
733 274
916 1164
908 105
1118 1071
65 986
675 603
811 1001
686 555
132 1138
1013 641
646 820
1074 767
349 814
831 540
871 764
928 1011
375 784
689 187
602 15
5 452
1106 1119
228 224
51 725
1127 291
151 380
918 435
344 910
624 583
592 1176
925 629
857 821
603 106
1157 476
93 161
600 517
1128 636
221 790
413 1023
900 757
459 1095
628 909
799 102
171 345
1125 293
76 215
493 543
825 486
1195 438
366 625
117 1075
1113 917
761 923
434 849
420 848
719 599
95 975
475 188
423 754
467 1123
216 437
1094 373
616 437
569 852
440 649
551 1143
184 1068
901 802
780 126
387 894
135 266
103 4
934 13
936 208
250 450
801 1095
103 1135
876 985
280 678
133 1153
434 619
793 624
34 589
1125 324
30 572
1115 591
914 525
557 958
938 837
344 770
431 676
331 578
534 285
568 867
625 554
842 34
440 97
497 166
327 276
779 452
1012 349
987 68
1159 419
578 310
416 1130
906 625
40 548
1109 20
504 845
187 412
1069 147
199 380
1132 377
1133 432
291 929
205 867
254 624
673 1038
674 824
951 887
748 724
1142 638
1184 1051
961 233
1137 42
1096 539
515 795
169 21
683 142
1063 706
836 208
613 596
557 108
639 916
1098 1128
1072 146
97 957
25 533
382 44
613 520
31 634
991 1200
1088 527
742 558
724 984
588 852
1087 624
948 200
123 500
988 825
997 334
784 337
235 398
1140 72
774 4
768 980
815 17
1186 834
177 848
124 896
1063 118
487 49
415 244
116 1098
460 477
759 768
1174 704
90 816
1082 641
285 334
854 604
63 708
743 887
393 160
1106 1151
427 354
532 1067
299 1031
1041 571
851 1200
17 101
407 378
1156 732
601 943
1155 1066
129 308
470 93
72 629
1134 991
945 960
1035 248
842 285
470 671
200 1070
161 545
834 363
344 164
795 1166
1173 663
355 747
297 814
1146 958
991 432
115 622
495 644
179 826
668 678
1083 521
999 861
1023 23
1070 121
671 375
7 1179
991 139
107 1200
1087 1146
488 95
140 528
29 1142
909 532
863 1125
1095 1188
35 1099
655 845
785 241
743 839
12 261
443 522
154 318
441 126
933 1065
260 96
472 933
544 1057
854 662
824 851
461 928
505 503
706 456
65 938
1028 1176
675 951
658 66
211 724
329 369
112 440
730 50
1010 1195
485 10
294 988
947 963
109 593
568 244
386 666
864 485
116 926
537 495
969 568
250 1075
926 246
548 750
303 844
469 91
589 1002
1057 228
284 353
220 939
961 914
173 0
851 31
1039 754
843 607
1181 860
816 582
1143 1028
357 1014
809 1192
72 398
912 676
130 212
142 692
485 1016
740 464
1192 943
372 1099
1125 1051
243 1108
369 440
971 398
124 979
646 857
892 745
521 1131
350 620
764 320
670 51
685 384
983 850
643 577
709 594
594 574
1169 590
165 103
717 114
1036 556
862 385
1027 102
124 625
458 883
614 356
801 785
158 1075
312 1072
529 204
124 596
1197 1124
946 700
237 538
418 192
354 869
1120 760
65 330
264 59
147 16
803 133
391 447
931 113
712 854
126 585
197 837
687 365
112 214
761 974
1046 1112
1100 112
955 495
210 1139
796 655
184 1043
934 695
459 585
269 1188
349 674
619 566
568 250
1089 590
556 684
1054 1048
600 23
868 1082
92 392
374 454
1015 32
965 299
194 442
259 329
145 162
1199 790
175 625
579 1066
97 631
1184 924
1122 514
993 774
1185 1044
894 130
982 42
64 761
1004 854
774 770
827 332
30 355
1123 1047
800 548
327 817
344 675
1021 66
269 105
715 272
1029 306
358 946
1089 792
674 371
1063 30
635 663
405 928
847 1128
59 1045
689 795
752 747
343 1088
742 756
881 972
363 143
241 708
260 1016
763 1131
749 24
773 409
1060 27
235 265
225 584
247 567
1098 360
732 144
136 452
664 104
684 605
1077 425
529 846
790 88
616 967
152 268
93 778
865 967
597 56
449 664
95 141
35 1095
743 455
59 977
931 205
956 797
321 727
438 482
848 35
238 460
1065 454
1154 200
614 320
277 1192
777 370
566 62
157 708
411 352
313 40
991 880
36 820
3 548
174 549
1000 155
521 766
248 633
352 5
1197 816
265 69
522 70
300 105
778 576
376 977
309 831
472 699
599 133
800 4
827 897
764 687
143 540
317 721
410 120
424 1160
1160 330
1028 177
519 1036
1092 199
1085 971
1040 490
1181 254
144 434
757 528
466 24
622 1140
34 57
1161 421
603 728
422 779
440 910
925 535
172 305
337 1173
1034 1067
232 838
1144 87
547 717
359 674
249 504
148 413
1177 448
204 624
453 95
231 151
738 148
1126 183
551 728
121 403
511 142
923 628
474 67
792 540
46 980
888 813
988 970
204 983
312 822
591 828
550 1119
131 1181
502 51
678 104
676 776
29 1136
482 979
741 226
744 884
787 1001
181 757
704 444
86 809
1107 1019
1064 360
923 1056
951 52
131 36
543 90
1051 302
219 330
557 396
829 233
376 171
174 1049
311 634
447 746
973 23
820 202
693 393
680 1091
827 915
298 23
748 14
743 994
978 913
995 721
997 43
994 442
498 1114
685 230
265 392
45 731
430 121
911 1050
350 740
33 575
1194 465
1052 1162
290 982
685 392
1072 162
789 446
970 952
585 1137
518 267
516 929
1008 765
675 1079
1088 318
665 815
995 635
1153 917
621 765
864 413
1054 14
1002 534
232 711
1101 911
716 494
1134 1097
282 859
580 369
516 722
264 3
575 505
689 1168
238 429
222 797
1104 656
557 236
171 47
627 728
13 278
946 85
41 262
524 296
333 718
23 829
93 1091
1078 116
1138 44
553 1035
714 903
1066 600
139 726
773 1012
976 163
119 1190
654 810
367 494
712 514
152 434
879 447
16 645
302 547
1011 827
397 349
971 45
919 237
696 868
828 1056
1132 679
45 511
803 139
696 513
1105 201
50 173
202 284
11 953
1016 24
580 1048
655 858
391 831
790 790
157 1013
493 1137
43 1021
818 880
407 559
1015 429
655 352
574 1065
6 589
538 1001
292 600
760 477
723 1153
7 748
60 187
635 558
258 211
63 611
122 287
963 1060
453 722
889 100
246 21
32 1051
228 570
805 196
622 668
111 124
1151 7
29 1186
732 1035
798 971
597 643
950 296
255 249
1097 606
494 165
63 990
462 1186
628 981
89 821
1099 827
1095 1020
1014 441
13 1188
7 599
153 650
812 610
1130 419
944 279
83 12
161 1182
1117 458
101 1159
1064 1017
41 841
551 178
248 363
215 870
352 270
17 98
155 208
370 996
921 826
579 884
986 714
1093 235
514 771
848 689
755 35
1040 286
307 1022
293 281
779 357
201 910
750 158
1192 1063
469 644
657 790
131 863
1048 986
143 53
254 193
620 1112
40 123
43 460
39 610
100 1181
1109 708
333 1165
822 530
1140 380
1063 78
636 308
492 1079
433 177
56 869
735 1143
249 341
438 428
1037 638
1050 807
510 213
474 398
792 807
544 468
880 699
955 707
85 306
966 670
262 287
1096 845
754 1142
162 324
584 270
1164 819
409 1140
148 983
181 584
364 706
765 643
244 337
481 419
1167 72
169 1101
891 783
678 438
73 16
356 404
784 596
816 35
211 148
459 928
364 1180
387 78
487 699
939 636
985 351
1060 97
1081 315
998 525
635 233
554 202
745 695
672 272
1046 1111
621 477
285 614
511 740
603 1031
696 414
996 28
907 520
879 349
736 810
757 189
1174 766
896 933
261 46
541 786
567 49
826 799
874 469
48 88
568 276
747 402
4 1003
1119 1058
443 91
225 454
32 1049
15 1141
1189 569
932 818
425 565
1195 105
257 659
697 650
715 1148
640 945
198 931
529 934
779 982
781 688
1035 135
270 442
835 258
672 939
1004 62
972 731
592 1002
536 319
606 1166
67 582
811 796
1095 916
967 353
929 902
686 241
723 980
55 143
1176 730
334 584
1126 166
1003 494
100 1164
402 293
42 161
563 1190
6 418
944 990
1015 544
852 256
116 453
617 740
698 710
298 332
292 694
139 415
470 967
792 781
1172 952
889 370
69 936
368 272
517 453
476 1047
427 819
501 986
301 842
733 976
418 732
666 966
486 226
897 797
1196 183
133 875
190 510
1114 18
343 260
860 951
254 207
1 713
48 635
423 444
174 820
473 690
879 1130
794 70
915 464
125 191
1115 334
1025 400
959 610
784 282
297 586
914 405
1094 516
322 48
813 307
23 464
1027 705
563 374
16 721
926 1124
1112 940
933 311
460 331
871 302
244 288
957 724
475 517
115 543
1142 52
519 1174
448 903
1143 813
196 725
314 708
1169 1100
141 721
725 936
898 526
260 322
986 314
36 467
188 1111
906 597
72 1039
406 749
42 363
897 501
1121 657
673 613
689 166
11 1010
706 948
179 606
697 212
100 670
874 1047
862 129
536 736
849 519
585 72
34 1125
523 674
9 179
420 1182
132 124
366 833
269 416
570 408
171 199
209 1157
984 892
410 520
659 1029
530 443
110 110
629 842
491 227
152 349
83 879
279 398
1042 1066
14 367
1152 555
6 1108
573 148
1023 124
263 200
484 1012
916 923
958 489
575 0
974 793
986 613
651 159
977 433
960 57
24 76
601 775
224 318
127 262
824 749
1060 691
692 331
785 913
1143 53
892 1109
132 1111
326 281
696 517
341 499
86 57
370 1155
895 191
811 597
8 733
1066 250
38 79
207 117
1075 935
788 343
585 867
660 285
1143 217
950 980
83 1053
322 533
810 306
386 815
902 1110
173 886
301 1118
501 1171
117 1030
470 1002
384 8
638 952
989 676
679 91
614 798
1074 777
316 992
290 821
964 201
712 590
363 1029
718 411
1113 545
1103 167
1100 1064
57 347
880 28
739 741
731 228
278 566
672 371
568 995
626 731
472 1109
301 105
1161 750
556 1034
755 144
1153 543
697 443
77 820
229 60
711 292
713 59
1180 548
79 836
511 794
663 269
597 1019
455 907
245 1157
1120 459
882 963
1194 553
508 83
72 671
815 668
683 736
221 131
358 97
817 278
466 705
1137 1158
763 785
707 1051
1179 159
686 15
663 504
1155 939
500 284
64 762
778 558
413 70
1098 721
270 679
417 893
221 1065
210 272
508 91
1195 182
293 683
1169 949
452 604
166 867
201 229
285 470
256 1173
226 202
268 472
675 207
458 981
707 1126
179 382
1180 1037
1067 264
1086 529
521 897
33 561
901 1170
941 907
609 244
218 295
672 1013
1031 1164
445 1047
1093 690
73 282
529 305
474 919
992 840
158 444
1081 359
336 408
1175 1091
1069 760
789 1200
777 147
433 104
1104 585
6 775
1130 131
697 895
851 680
472 123
512 291
1124 844
348 1094
676 16
639 1013
1200 1143
67 672
38 819
1000 309
1046 619
1148 853
1047 1136
661 121
887 947
662 877
1084 888
899 1031
771 199
1113 882
195 441
233 261
284 904
178 242
366 411
1031 385
643 107
492 400
414 330
682 265
212 608
941 193
6 569
509 580
359 626
552 84
797 356
125 65
1032 1146
628 724
868 1106
66 892
199 1
831 759
221 365
686 855
998 666
462 852
1106 884
769 1196
550 166
432 324
19 963
306 1149
672 1079
106 704
929 472
1069 1096
731 4
599 950
1104 124
95 1130
824 948
668 677
334 403
282 1124
491 33
1198 286
614 816
3 427
1096 804
324 920
849 601
1183 104
778 613
429 717
412 704
415 152
595 103
319 1183
364 1022
2 682
307 742
339 851
537 398
924 392
172 656
593 552
231 585
695 888
447 874
53 56
497 312
823 235
30 1199
815 273
937 399
536 205
909 381
1133 817
67 1140
736 494
204 395
736 70
237 609
371 544
1131 998
552 727
388 309
1021 246
252 1151
363 1169
374 1071
448 654
982 352
972 696
1104 1056
828 30
67 725
578 25
665 601
726 810
394 879
1193 1038
395 573
717 120
296 738
872 996
576 695
1087 949
305 735
256 689
386 186
1006 1044
676 355
396 118
46 495
907 810
1181 212
972 383
952 192
248 105
389 619
664 946
793 603
226 181
837 219
103 251
342 88
252 681
546 321
249 181
302 598
123 61
599 413
853 886
1134 106
806 695
916 1075
1006 504
652 817
1053 718
497 173
533 530
179 542
653 1089
1141 297
64 904
212 380
156 133
385 128
665 1108
892 686
1018 248
939 1169
855 566
29 26
294 888
412 1066
135 494
842 587
115 984
61 103
862 647
333 129
23 786
259 390
405 1071
835 262
853 489
809 1047
991 367
1148 974
837 997
314 195
100 988
3 485
964 1181
450 1150
897 744
494 49
158 899
9 210
359 337
954 365
1148 778
52 426
60 887
976 516
195 858
29 1165
990 257
556 1116
162 763
775 417
70 993
1173 326
439 201
984 18
571 32
43 756
391 1092
211 299
252 217
947 835
798 381
773 346
706 693
464 1153
1001 646
873 210
406 118
231 687
204 737
837 961
558 830
807 782
526 666
613 327
903 484
710 370
20 459
24 1033
506 853
350 685
297 296
218 325
883 706
68 171
455 165
677 819
227 280
948 656
865 1177
1137 276
796 605
747 690
823 37
403 442
45 1184
539 847
284 864
1048 160
945 144
959 554
427 460
151 934
1074 962
737 434
399 731
632 136
223 266
916 1057
252 256
215 957
97 1031
308 344
1196 1168
99 1122
456 699
1061 499
1049 691
306 696
910 303
860 962
140 1055
201 1122
564 451
544 639
840 440
111 1062
855 427
1002 602
231 239
549 306
915 206
997 424
999 1112
1037 1165
122 283
542 246
1166 764
1053 888
759 741
818 19
1043 278
604 142
157 585
457 13
949 278
903 340
57 485
337 130
402 729
577 542
276 436
723 143
374 754
508 550
334 912
1017 639
464 836
52 376
1136 398
285 767
307 642
419 112
672 1167
334 521
450 1188
920 392
1169 497
137 452
223 1140
260 511
665 939
578 1184
1157 833
704 720
179 155
372 769
476 324
762 1031
723 707
66 170
1115 988
83 1049
203 271
148 393
783 147
497 204
822 361
795 741
1052 921
41 1004
941 687
733 80
782 732
717 294
1142 1153
55 280
833 779
367 83
242 53
450 674
206 841
331 732
702 818
35 822
489 794
17 773
857 1025
733 840
53 220
124 348
144 1044
707 21
319 1200
25 924
953 729
1060 397
1060 1011
504 12
1011 956
44 1056
1147 561
128 553
499 1144
476 1070
72 265
511 938
380 687
42 30
574 831
557 299
517 699
1166 1146
1189 1025
779 356
935 344
1182 659
1004 1192
6 61
485 554
1171 1074
542 993
1100 655
426 861
921 1152
704 311
713 968
339 1145
393 304
1099 279
96 300
638 556
726 1036
903 1113
967 585
1146 198
940 808
1134 784
977 129
758 140
263 404
128 214
164 818
399 557
441 275
1183 606
496 1186
18 385
180 750
136 38
478 229
7 660
613 794
90 942
835 333
1017 122
321 819
449 582
121 1012
570 566
1171 1011
383 221
519 897
352 527
1101 213
1137 460
998 1113
934 1080
965 772
172 1032
1195 376
174 641
216 280
1025 886
1076 559
1041 122
17 968
351 1030
1016 1128
120 451
75 744
1162 561
797 808
986 776
617 674
130 306
808 1197
786 852
169 682
951 1185
302 856
426 987
907 698
721 84
1108 904
73 342
11 1169
260 35
87 257
1023 703
1159 298
519 65
424 283
665 447
120 653
57 905
264 500
541 869
1010 840
464 1190
998 922
610 502
346 217
1091 130
531 592
1077 349
1111 179
929 143
598 1176
880 974
726 256
421 405
1081 788
232 174
562 6
1147 628
521 733
481 1107
451 84
844 931
145 714
830 357
940 952
1097 859
154 596
183 1030
754 962
898 369
150 609
370 496
898 1185
280 826
1140 1042
150 92
1115 747
1005 499
185 669
62 254
1152 321
109 286
892 469
570 37
711 843
94 222
222 1035
750 1001
636 112
675 756
1197 661
908 939
620 369
965 541
358 412
762 1085
641 261
1158 730
461 762
963 1061
1081 952
133 295
668 1160
538 540
833 631
55 939
211 478
716 348
949 156
706 617
42 942
501 942
352 620
868 540
588 310
858 317
1128 1051
201 320
98 154
494 825
945 1160
583 239
391 1040
549 799
69 348
682 652
567 966
234 448
135 397
633 94
163 842
506 1031
23 796
1173 1148
716 27
661 1127
1146 355
23 176
1107 1196
523 438
280 611
1122 612
690 1149
735 973
1087 585
468 480
620 647
489 242
42 320
88 180
487 251
62 39
428 1090
140 941
415 624
93 110
395 435
554 797
928 857
890 23
13 543
1074 793
263 124
676 50
646 895
781 1064
535 1
730 850
972 135
436 825
117 592
0 281
87 59
165 231
596 915
405 129
513 308
961 851
664 797
271 1076
901 511
278 733
547 386
257 253
453 618
896 608
626 428
935 570
492 462
646 377
474 829
398 1179
1189 630
638 1074
727 238
363 680
477 1200
1023 237
552 470
1045 468
400 644
35 1033
946 672
226 720
962 673
844 1153
1096 474
1029 23
622 420
932 853
1051 986
529 37
442 971
80 698
119 1006
311 837
136 27
565 1025
696 698
750 116
393 1058
47 65
21 223
1021 1083
730 401
785 719
734 255
913 439
291 70
799 581
204 320
679 353
452 63
500 1170
474 245
35 881
68 59
1153 626
200 1020
243 542
754 64
1176 380
1022 600
243 708
1193 640
455 284
951 1182
76 534
370 938
651 8
703 151
203 910
999 132
994 386
50 523
521 491
810 791
1158 872
1148 111
582 423
40 1088
336 669
529 911
729 1028
1063 542
1055 464
396 335
47 119
76 1194
411 26
232 968
984 659
138 739
918 15
867 923
1035 1001
569 75
430 928
1108 1033
1165 358
289 711
836 463
642 389
40 35
590 372
490 378
713 797
786 612
406 625
275 1174
259 353
894 290
44 249
634 613
333 32
186 797
1048 1031
218 814
736 1167
103 981
256 916
15 713
59 21
982 661
251 1008
893 1197
1136 329
331 1025
66 1027
4 736
951 914
28 303
98 471
376 300
1120 641
78 67
1166 318
603 562
205 695
16 512
934 197
716 435
420 676
454 1109
1151 1185
586 117
752 13
787 115
354 1067
511 771
116 580
366 141
436 52
1034 700
219 752
349 1141
588 1023
898 496
322 76
367 625
142 720
558 565
887 627
557 848
1050 211
1150 213
6 1066
1177 1092
1189 866
686 694
12 591
727 218
975 1151
685 164
566 272
1173 811
44 1198
500 456
388 1173
276 1006
298 361
831 581
10 952
789 750
32 520
771 1053
443 352
971 768
919 4
704 78
362 1069
712 675
568 59
665 1019
897 924
336 1015
149 466
430 700
967 952
980 432
1073 955
234 991
766 312
1032 700
610 457
204 1088
106 216
728 865
6 421
154 76
885 649
344 736
94 262
219 425
912 546
581 529
972 1018
298 718
1164 175
1125 420
830 315
1006 591
644 290
1103 81
297 1044
548 134
934 379
268 99
672 1164
231 699
813 995
1074 541
264 991
714 664
195 41
117 462
340 990
275 472
173 1060
1061 41
1054 873
987 884
379 220
705 16
54 1066
886 177
35 1180
1153 947
995 227
448 569
330 339
785 1018
189 113
122 349
36 958
38 589
1029 431
133 1056
1027 195
484 1005
1023 347
466 567
193 139
1012 776
210 294
1013 645
406 296
441 537
365 1092
360 959
576 259
852 1050
131 526
1152 51
394 899
522 561
423 986
468 63
472 838
1023 569
887 164
1172 909
905 692
799 144
545 825
679 10
475 775
768 77
1166 1074
1097 632
949 1060
900 269
536 908
210 331
222 1044
86 967
961 1132
1167 1195
356 723
270 354
360 74
429 540
718 97
814 538
525 519
1137 1170
529 401
214 556
837 731
801 1163
598 9
376 229
751 956
434 500
790 674
909 248
645 956
601 191
116 697
1106 1068
738 36
779 236
112 1066
67 1070
839 108
656 994
960 282
659 1036
459 1023
937 832
403 349
424 436
286 807
594 217
86 255
59 556
42 15
840 601
1050 397
430 736
384 397
369 983
876 77
1111 614
414 947
494 39
998 137
392 613
181 309
914 487
304 717
175 1026
314 1086
634 481
341 1125
958 1194
251 781
1136 264
242 692
513 449
770 121
1016 256
197 743
1070 23
31 48
939 345
759 114
1125 553
1162 329
1131 296
509 788
698 325
447 392
268 1044
341 625
790 72
1076 30
892 338
845 724
113 688
999 769
318 516
124 101
506 1072
556 215
908 957
610 171
126 1152
287 481
840 881
851 891
1019 187
1198 251
510 887
1021 150
1128 442
1085 332
838 14
1032 344
238 933
1063 742
279 424
669 1013
573 907
903 1146
1152 473
575 1077
1018 787
1126 731
858 217
579 241
550 105
586 1125
596 280
595 50
407 76
1051 112
761 143
1019 617
146 834
33 1199
844 201
90 878
1083 1122
780 470
145 50
645 71
841 1040
552 179
759 56
763 1174
222 123
456 606
154 692
1031 1150
93 198
874 1009
549 524
1046 613
912 996
666 894
567 357
564 811
410 5
91 219
458 1078
735 299
664 200
487 52
768 1187
266 1018
957 386
943 383
576 822
340 162
381 479
50 485
888 686
215 625
446 583
551 314
644 352
687 979
470 688
722 472
717 701
520 435
351 366
216 114
773 668
839 351
50 130
1144 922
757 1126
46 325
351 488
1061 641
639 586
1002 660
431 880
231 813
813 17
1142 1079
770 224
764 1103
705 435
686 727
923 422
641 63
55 229
600 909
361 1113
960 137
725 1019
293 314
623 247
498 1129
45 148
306 194
560 644
834 196
165 1191
791 1044
1001 770
602 420
46 896
1006 626
47 350
248 116
228 276
543 1135
993 1014
1064 155
510 46
619 358
809 613
878 909
592 191
362 775
70 91
1167 428
814 19
918 804
752 317
439 1023
653 408
93 851
705 9
994 540
1098 942
376 683
625 810
1066 1089
814 1119
565 100
991 1065
813 409
1012 1013
769 560
113 1125
458 368
23 710
946 720
49 41
15 698
560 804
153 665
545 249
351 336
394 84
944 932
919 1078
598 1045
355 1127
840 134
1162 61
958 1184
609 1066
259 370
789 864
611 897
846 935
1070 883
1057 115
69 31
788 741
1139 96
860 823
490 909
22 960
672 849
972 644
786 1065
35 752
51 48
742 519
1116 216
617 1134
640 727
585 287
508 737
131 427
201 491
304 625
982 551
159 593
260 260
424 736
447 312
57 651
273 537
779 765
142 751
1179 469
182 821
343 450
643 810
582 174
1008 719
413 750
30 424
186 1112
398 1146
1024 66
609 286
797 100
568 832
625 44
1083 569
493 818
1156 1009
387 712
1040 483
587 936
900 782
1124 459
402 463
742 484
847 499
1164 188
514 244
508 720
784 335
290 973
267 1028
479 83
469 1139
106 182
1193 701
302 706
331 931
1031 448
85 1167
755 598
1199 841
511 1120
680 1172
1156 84
39 989
762 943
685 1068
341 753
1055 691
1043 1178
219 43
288 273
1015 396
252 441
454 678
43 1082
568 575
280 249
581 1088
43 1100
125 776
387 443
580 1108
1122 1032
180 451
769 97
725 847
684 525
871 199
909 10
1133 708
517 1016
758 169
347 203
950 853
1165 853
1018 1025
730 129
854 537
915 121
1077 241
1164 518
237 206
468 211
118 358
629 1040
636 397
446 1199
206 1136
220 569
588 383
1124 1022
746 165
620 498
186 1166
933 832
82 1125
1090 693
935 1026
364 533
178 881
411 678
75 941
661 779
104 323
689 1184
819 314
1077 177
136 681
321 440
115 489
835 860
495 784
677 876
1061 777
383 963
761 866
1179 666
840 1039
1058 93
665 661
49 101
476 1135
796 4
673 893
881 466
676 672
503 1026
341 1177
1139 226
688 92
942 141
584 435
912 883
901 399
915 242
611 754
1154 79
623 415
278 1072
447 799
1091 1019
166 645
1118 525
293 117
885 648
851 997
285 596
36 21
100 310
811 287
170 6
1085 873
432 392
272 346
580 1127
1154 587
552 133
1121 764
1200 528
941 304
831 381
339 937
814 86
1165 820
624 974
951 837
407 667
118 944
273 1166
561 668
770 940
33 48
164 403
145 1027
1155 1068
18 176
543 876
10 657
254 771
476 1073
980 142
784 472
309 97
547 18
697 744
963 307
1177 450
941 1040
651 152
774 509
44 78
464 484
821 104
172 717
623 569
992 403
993 652
483 709
459 1092
999 204
969 671
1002 150
522 1168
764 250
802 793
1144 866
933 704
228 592
659 893
899 971
115 306
633 1139
430 681
968 990
1074 1
24 421
466 40
432 325
1090 141
209 766
991 695
96 576
269 544
1183 102
944 1081
272 498
961 714
148 612
326 1189
1051 386
455 772
892 758
1124 771
865 424
132 662
1200 580
1165 1047
1031 453
909 479
391 227
1078 1108
789 1084
285 1175
179 954
1188 1087
30 936
649 998
168 165
1170 470
1186 101
893 942
181 1036
237 368
423 575
526 1174
600 415
573 177
889 82
1128 620
205 637
249 90
895 821
812 271
867 279
973 943
891 163
632 590
29 981
401 373
797 1063
76 762
527 699
871 863
1188 306
431 1079
1136 9
285 246
494 945
175 898
739 1044
740 721
928 184
255 878
937 309
885 208
761 977
700 1091
909 1009
1138 19
941 970
1138 366
1054 127
1159 470
825 1131
466 1056
695 1065
889 503
345 41
681 1075
1062 531
793 181
873 1158
11 585
499 1100
1195 1165
885 285
1086 99
358 509
7 1134
45 561
82 876
45 30
1132 854
645 535
240 917
241 356
764 1089
148 239
260 1120
1017 426
671 955
1148 359
948 629
1071 926
895 875
889 236
155 1179
967 824
560 1086
186 613
1022 259
513 5
785 695
1035 971
1141 482
1151 393
360 1113
277 813
860 996
1174 911
1127 1142
932 879
1 858
22 848
1082 606
373 155
1198 671
399 514
880 68
964 654
511 1074
242 1002
939 993
432 447
428 264
519 625
175 276
960 841
224 149
150 618
393 413
958 197
255 31
227 737
1101 967
48 1191
638 391
795 999
101 360
259 1141
595 1126
845 581
722 1195
587 790
1155 957
779 938
387 660
950 129
76 1006
999 850
350 893
853 243
1143 1080
636 840
424 613
908 475
950 724
141 361
38 870
1098 1175
35 868
704 824
783 292
839 1040
1083 635
1163 429
408 20
970 1103
155 165
287 407
65 1055
332 85
657 748
404 118
658 430
259 168
151 1143
718 632
392 521
828 74
295 1007
984 456
424 493
35 707
88 86
1004 960
309 190
867 549
97 997
499 236
316 1055
949 434
320 41
307 1172
1168 314
723 7
916 745
448 1069
524 869
714 161
198 610
603 662
274 998
958 210
1014 733
428 891
1151 225
332 906
1054 129
564 161
1124 469
332 514
640 345
1152 902
473 83
144 484
954 157
769 393
1187 173
864 344
150 442
756 612
55 908
265 232
207 177
210 314
806 1114
707 408
305 49
615 351
916 1172
993 824
677 1180
1148 471
398 925
1113 794
199 116
70 437
927 968
344 867
810 51
615 490
560 32
1132 1154
510 423
415 1187
46 1048
1126 496
523 276
1190 1044
862 447
18 1134
208 1164
1049 812
28 169
818 590
720 50
1058 681
612 525
687 813
910 462
604 238
1097 131
891 626
990 901
741 1009
621 944
374 1051
999 158
1199 634
935 744
479 778
263 210
493 164
762 736
147 1149
170 961
946 1196
606 28
936 929
121 396
428 357
68 665
1161 176
758 155
164 446
868 690
560 920
137 685
702 290
965 284
496 898
251 1007
894 256
594 825
331 240
91 1016
734 598
605 779
609 721
184 593
414 1143
818 391
1026 617
957 579
580 906
530 1024
1134 158
414 171
375 937
518 877
942 503
1015 41
514 797
1116 790
114 487
591 227
707 942
545 818
816 486
730 1130
103 156
454 0
220 857
173 898
700 880
525 862
830 809
848 938
582 487
1160 229
630 137
707 792
769 144
1003 150
287 713
1069 449
1054 490
1182 399
410 61
898 933
655 417
922 798
128 665
94 439
711 1050
41 310
204 913
957 338
970 829
206 785
444 60
499 700
1200 250
71 453
166 53
68 962
481 511
788 506
361 696
350 950
263 68
682 637
882 389
1069 397
274 466
53 1151
679 949
155 806
225 509
544 1139
250 781
1074 185
785 704
481 1087
601 127
1131 753
357 229
813 716
185 446
27 138
860 728
571 577
425 1064
681 1080
376 995
718 330
705 626
105 1169
657 95
986 709
349 821
1012 882
16 147
103 606
1151 773
757 464
297 958
408 1011
304 288
651 308
1064 987
399 359
547 946
562 786
981 597
668 1067
1110 907
315 615
807 47
871 156
441 1049
574 203
467 955
88 87
1197 82
1139 63
30 144
1067 1162
577 288
525 1017
661 108
1132 743
893 509
527 1111
151 136
726 421
1008 755
100 581
189 1172
521 1099
423 422
658 842
631 889
640 249
1113 1019
233 1172
1014 206
973 742
978 371
1023 320
542 1125
615 236
112 174
556 938
759 1196
1188 141
197 804
1143 701
251 945
102 575
918 596
1010 842
397 75
48 240
543 1028
492 285
722 1101
281 1030
579 990
1002 728
719 592
274 740
322 563
556 1011
711 812
216 198
1 255
252 983
63 348
254 119
914 317
659 1043
697 1091
434 279
233 447
903 305
357 794
382 797
948 557
489 431
705 412
102 648
1191 368
1167 264
652 206
538 374
601 281
94 208
497 757
107 423
1139 1184
816 311
911 954
814 785
634 213
621 965
884 105
512 568
98 1034
1172 979
250 1109
312 23
903 395
955 921
759 112
400 10
569 321
20 1079
573 1019
286 829
869 137
1148 252
315 62
463 97
1120 249
890 360
469 120
675 859
554 669
1066 1182
544 835
899 473
1169 232
60 218
556 264
1099 885
889 923
525 808
724 321
74 643
481 124
789 985
671 16
622 447
984 492
21 28
99 69
1000 829
937 405
883 408
447 640
878 1065
36 1152
422 864
620 1041
453 552
808 414
510 793
994 208
563 935
445 813
275 207
838 612
191 1000
518 163
1163 859
983 965
1013 36
380 944
167 553
759 976
409 171
804 1187
1161 272
94 637
618 316
298 1114
1012 730
500 700
1111 1068
441 64
665 398
969 259
648 660
13 406
883 1006
579 776
261 139
1010 808
736 12
379 104
1057 641
287 585
841 75
371 537
1108 493
182 39
268 559
799 837
126 81
1179 663
1122 780
365 51
576 223
369 721
129 333
795 56
1008 631
656 1072
864 641
13 35
456 71
190 292
809 636
1105 486
341 396
517 310
274 668
738 794
878 1064
749 147
455 413
190 580
660 216
504 1157
1198 479
1145 346
272 561
448 312
921 398
948 27
579 502
197 346
633 139
806 197
640 58
239 924
1197 634
1102 715
986 354
836 933
263 1171
12 1136
793 660
1068 739
655 1000
251 872
960 6
745 1147
187 996
400 963
987 439
1075 1057
557 722
182 87
392 507
188 718
300 960
200 330
181 176
747 1127
534 360
831 757
1172 609
327 924
12 331
1005 956
505 178
487 323
691 761
408 223
18 1121
932 360
616 163
76 881
336 1024
121 695
80 65
1148 959
967 463
812 69
23 1017
153 328
1192 341
526 167
661 105
625 1188
1086 744
830 826
1087 316
905 411
686 139
57 490
323 308
19 1011
841 12
1099 909
757 1088
801 965
762 618
515 357
702 1020
788 292
157 449
231 1074
240 967
94 707
796 934
1019 665
563 1077
1128 520
736 1067
975 693
1025 262
358 872
243 381
762 1018
255 856
581 689
636 827
146 456
466 14
308 832
1122 28
896 989
524 82
814 456
159 1116
1106 93
645 606
1028 799
62 1058
811 913
501 709
827 185
28 483
980 461
208 392
167 931
416 413
850 1033
1099 1057
452 861
104 46
641 722
1007 870
266 973
197 287
1109 182
460 211
668 770
1197 557
746 115
569 424
1126 268
609 300
1104 627
171 1181
111 224
306 1175
267 764
354 329
612 398
1119 537
829 483
1199 1066
1055 1041
218 66
631 971
858 1053
1123 165
578 757
283 1111
945 843
1037 343
230 331
556 419
295 716
742 566
921 262
295 511
891 1075
1016 1050
690 168
175 688
36 993
314 189
515 930
286 312
888 634
503 716
572 105
13 87
398 492
1035 431
627 925
304 448
444 984
448 379
18 334
31 271
348 615
943 357
207 681
647 879
1063 578
933 189
895 1026
940 153
911 289
530 831
797 1139
589 282
402 1001
1058 16
881 864
911 187
903 103
25 464
555 222
1033 1044
1053 601
844 63
693 532
493 803
13 1154
105 370
748 76
248 497
218 198
334 160
454 685
733 556
440 891
855 846
197 446
323 696
881 607
552 104
139 919
738 463
791 344
580 841
954 271
398 533
1006 236
666 1011
641 544
1184 691
868 919
934 280
1191 358
1197 188
698 1074
171 167
977 624
911 1040
1171 452
116 1083
686 415
581 52
1069 587
639 1197
1006 1047
496 235
917 866
443 753
204 755
110 97
1130 531
369 240
55 576
136 894
946 1104
273 578
495 481
353 1191
604 706
242 490
717 845
702 1107
410 912
79 603
45 644
40 322
418 917
327 444
1160 208
248 469
277 113
413 1081
209 524
546 589
884 1031
601 563
264 625
1046 937
442 272
1040 520
53 717
528 292
169 837
221 347
855 555
226 884
939 688
880 726
47 441
1111 132
13 147
1198 1004
98 268
381 472
228 931
1002 199
756 353
1160 699
737 633
140 911
322 85
396 455
16 137
117 400
748 922
428 311
1025 272
709 435
331 1060
657 24
618 431
1114 27
212 931
556 1000
278 537
728 478
396 601
168 680
412 1019
770 439
499 80
670 331
734 549
561 724
454 381
125 545
640 675
104 23
985 336
352 440
422 1138
58 1031
347 1090
1052 1100
832 1037
531 1004
394 935
359 366
734 98
273 8
387 1165
43 526
202 34
827 153
1148 709
1193 63
808 773
262 140
849 393
247 342
602 411
333 34
218 304
148 437
509 726
162 517
967 127
398 147
333 208
645 718
437 814
1094 589
884 894
217 913
1196 807
571 127
690 313
814 154
1045 336
1138 523
219 175
271 157
1113 697
845 1185
1042 330
635 1136
360 529
858 527
906 781
497 677
480 598
722 596
1098 270
871 200
456 584
243 913
608 513
1130 940
938 552
1094 34
291 181
914 1117
72 773
738 895
106 546
330 863
842 363
53 231
751 914
247 548
649 318
783 650
785 821
1083 359
897 962
271 277
1100 130
476 5
424 823
348 873
95 584
471 422
643 1000
631 332
649 1105
450 233
13 243
663 104
1159 1162
232 937
827 988
861 391
532 957
480 855
786 306
471 407
1200 1072
404 198
45 164
1107 461
442 405
1070 943
1180 749
124 235
317 1041
19 1022
237 924
432 1089
769 1155
38 865
299 387
498 799
1166 650
882 177
116 942
952 547
1096 273
454 1123
1133 426
1191 631
737 1000
85 1189
170 405
853 585
387 32
1126 987
129 196
96 850
43 802
1190 297
29 1151
804 1171
794 2
182 598
119 459
894 51
31 734
65 628
338 850
1120 887
958 912
917 1072
693 652
711 969
634 683
294 425
124 858
299 24
502 786
335 1115
376 111
30 1091
373 554
985 229
706 359
1128 702
428 305
820 965
187 720
507 775
260 218
483 589
807 838
753 1149
774 784
97 821
637 255
729 1033
608 490
650 289
571 580
1096 362
805 671
419 1003
308 414
52 361
1087 406
962 201
90 566
830 985
996 602
180 645
1013 651
222 897
1186 18
266 124
703 650
396 427
907 1164
1075 553
155 110
470 121
678 209
830 875
845 1144
1058 40
479 862
703 1186
758 118
1062 953
84 1122
657 820
570 338
11 77
293 280
79 500
152 168
124 434
808 242
161 582
446 689
880 86
696 411
626 531
958 448
999 1107
364 302
835 739
73 931
845 814
576 938
416 1158
1058 626
851 699
568 452
310 1042
22 136
22 949
280 148
780 2
497 1038
1088 39
713 764
1043 383
435 1126
1181 48
404 510
542 64
71 1098
351 836
1193 7
752 27
305 1146
134 482
497 54
1106 431
935 357
365 710
655 1031
402 938
426 369
145 1200
470 505
190 325
202 911
946 867
782 69
241 462
617 830
232 1086
751 102
24 320
731 179
601 46
792 922
192 40
46 715
76 615
403 225
474 1076
1066 990
453 927
492 802
903 716
27 862
930 579
990 623
889 954
681 930
859 787
499 773
99 543
68 252
610 1155
543 938
778 737
1186 827
958 1006
263 282
561 79
67 405
200 1183
253 1161
297 598
1071 150
319 859
1139 1174
552 622
976 396
703 1108
833 466
711 630
20 1080
50 942
853 701
1098 1139
430 927
783 1089
233 135
727 32
24 1170
310 348
658 510
951 961
260 991
446 840
312 416
37 293
806 506
946 382
651 369
691 83
251 615
848 452
158 89
393 532
448 787
118 973
968 662
781 1105
660 58
776 1121
498 779
222 1007
225 734
946 1069
976 328
663 1051
554 172
989 1174
994 2
758 686
4 321
718 335
1199 1010
92 57
841 1047
868 770
356 816
432 987
834 302
830 167
268 236
338 711
370 1048
59 36
362 74
181 127
756 799
267 1135
886 1128
1196 79
514 907
380 791
557 1032
361 468
169 230
929 878
625 882
370 282
9 1029
575 1173
855 1001
1029 1130
482 163
820 752
529 876
198 1161
796 327
66 889
109 329
1120 319
289 240
1030 1014
991 625
10 355
1186 994
969 1053
285 103
587 37
160 354
185 879
1138 459
1008 754
126 675
829 780
660 773
507 846
285 690
125 616
505 271
93 791
1018 1188
337 846
753 274
151 149
1063 1048
389 536
772 256
1199 936
940 958
333 672
902 1126
676 509
219 28
1139 433
1103 666
698 722
412 1156
189 837
435 562
753 85
407 339
198 31
736 826
397 654
60 771
282 190
977 175
743 294
65 164
12 319
504 429
863 654
805 1122
872 488
1185 460
684 25
866 233
73 266
467 758
38 496
675 1077
195 503
936 1123
43 213
766 31
481 502
278 303
778 368
478 55
167 511
679 1062
224 1070
437 326
421 412
534 340
1136 641
192 548
1147 48
975 1099
74 485
670 1140
1130 1078
959 523
153 430
97 861
509 717
119 528
428 331
209 794
121 820
720 432
557 630
607 1000
937 158
791 556
607 283
192 470
392 98
807 816
937 157
979 643
571 528
527 736
564 305
616 1144
52 500
269 816
745 98
60 938
362 320
1025 1184
43 875
1033 799
1073 243
691 362
309 885
772 344
1120 199
435 722
776 526
141 615
977 364
966 567
321 165
550 130
372 832
741 1177
732 113
1029 73
521 704
906 846
522 549
419 591
1050 516
661 523
438 1046
359 269
277 1194
987 998
1118 14
485 307
181 801
39 632
371 127
761 353
97 337
23 347
812 179
389 252
1074 832
275 406
732 532
443 382
1013 135
57 274
525 544
898 569
326 774
292 1122
685 807
1015 1049
574 277
1134 186
60 580
653 899
531 523
288 608
844 183
1114 22
34 899
1094 1001
1043 41
1168 95
665 318
731 577
186 271
561 504
257 868
156 924
328 528
336 991
827 604
908 264
1093 737
329 574
906 34
864 1072
300 223
989 415
182 925
463 840
881 235
248 262
702 875
653 376
112 1084
197 1024
200 106
416 81
686 612
138 841
847 37
1156 989
1122 781
888 13
75 4
51 1182
787 618
594 10
684 125
190 698
897 612
45 190
757 977
688 983
1150 1064
51 816
936 478
717 886
959 904
1045 888
863 1038
1072 663
152 996
545 1176
438 647
608 469
335 222
1022 538
586 653
163 686
18 61
371 666
145 485
654 375
777 1027
273 527
406 787
437 978
726 897
748 72
2 1127
696 718
971 307
879 611
1009 941
1104 287
1184 197
452 507
141 540
1078 230
187 115
516 751
406 538
819 113
486 990
957 1042
785 389
926 1071
664 163
265 684
924 545
337 131
5 179
266 233
798 892
119 832
739 505
188 1140
858 1154
11 1071
216 595
59 1136
1032 1158
509 910
1086 227
973 416
959 406
1046 552
2 965
491 860
205 287
1188 314
966 938
647 316
22 178
893 906
738 647
1013 702
321 315
997 579
304 736
242 727
612 593
824 674
588 822
553 939
828 414
900 881
928 250
603 500
1109 48
430 283
907 680
1045 749
661 314
737 169
562 67
139 1012
732 787
1043 93
927 75
495 935
645 953
595 799
714 1113
843 496
711 328
424 835
148 316
579 526
267 605
899 563
166 671
536 751
268 1003
877 362
762 903
64 640
73 726
1197 1183
865 843
632 1108
976 564
269 1185
464 287
802 976
913 481
937 292
413 977
576 427
954 707
897 473
578 331
406 612
988 723
700 489
752 1074
938 279
1137 1114
873 851
808 960
639 565
467 90
489 443
316 462
440 1026
406 526
8 712
73 371
637 213
446 672
66 948
658 774
580 965
391 614
824 1008
272 134
899 648
1006 961
755 98
1047 240
214 728
348 833
9 1006
608 1051
626 205
433 378
190 977
966 139
673 989
953 141
143 290
635 615
211 333
450 971
249 896
678 580
678 468
1195 41
277 1099
474 258
176 606
1029 380
18 993
778 269
3 657
348 1055
451 1010
250 311
1057 883
541 649
626 162
699 551
558 1159
714 158
836 210
1037 273
739 250
840 398
994 426
943 193
775 1128
555 1098
789 241
952 520
807 738
990 322
298 791
590 399
92 503
975 844
676 679
706 538
256 48
155 918
39 689
515 759
1081 564
613 995
941 1195
487 58
339 514
349 1049
18 824
590 842
327 715
578 869
580 253
1173 974
495 612
279 83
257 1194
80 1157
927 457
686 238
1095 267
381 950
279 34
134 956
621 933
846 242
880 972
544 856
639 47
670 703
1073 90
1044 996
334 525
357 1036
299 1200
1103 770
879 226
994 801
899 244
424 402
180 14
800 577
628 84
748 925
68 756
137 1044
1159 1029
959 1102
851 1048
458 154
849 258
397 311
866 616
1043 1118
585 361
467 734
368 955
257 1064
1035 197
364 1137
869 643
1102 654
1035 9
1124 485
1151 952
378 853
1182 1107
92 384
563 998
1098 670
885 1028
648 290
221 381
883 1118
25 632
416 908
740 88
569 106
361 793
459 1048
77 93
944 878
455 557
1056 562
493 973
1075 31
710 628
385 194
969 1037
1075 662
942 996
669 886
1142 470
592 320
196 699
340 627
333 200
265 1102
769 802
1006 20
200 398
999 55
792 677
132 171
44 489
95 999
1178 646
884 177
1041 80
193 913
340 597
604 1014
924 99
592 422
583 858
914 890
472 554
1154 1120
513 429
770 747
466 234
148 356
769 457
478 521
440 147
541 442
887 391
632 177
1026 802
435 590
1002 513
1088 433
388 914
588 962
979 498
815 612
218 906
277 72
283 358
1007 778
982 758
339 926
1037 366
936 378
598 115
51 365
942 316
110 202
982 1110
743 539
293 319
439 544
254 829
1032 1021
923 571
521 361
324 89
1068 552
896 790
540 963
45 220
639 444
61 1018
1134 610
491 77
654 993
16 436
639 246
777 180
219 305
1166 950
769 1012
14 657
807 862
864 381
895 173
1029 138
346 597
454 709
331 479
201 928
1040 403
491 1183
806 1041
98 842
495 805
703 509
1039 938
710 240
904 1028
332 1089
764 1181
439 1121
1059 445
326 769
504 395
714 1023
969 791
50 388
567 698
81 624
670 498
962 632
1160 867
383 521
1076 447
411 1053
923 640
728 80
432 1091
653 950
689 720
1010 580
240 665
252 328
53 770
1165 655
514 602
349 809
654 72
747 1173
1200 101
919 925
1157 818
591 1150
692 207
359 1025
211 984
617 66
361 891
308 370
210 880
1086 105
119 764
927 1090
628 769
335 582
483 282
81 716
434 189
1103 862
1072 825
227 589
189 759
676 1085
737 989
650 678
1048 348
175 1169
323 387
686 818
819 748
1135 9
576 899
186 721
396 876
730 180
323 413
97 1070
452 710
510 424
854 1157
517 255
894 689
548 674
685 745
846 189
608 7
489 565
1053 468
900 800
18 332
411 81
350 172
73 460
1147 722
842 401
1140 610
106 1090
577 308
847 114
1174 1044
377 1005
95 1058
432 961
477 287
214 412
406 1182
614 883
269 641
1102 28
556 203
958 535
675 1056
817 553
279 368
679 73
999 69
159 1127
484 167
15 13
675 784
663 634
481 187
663 1134
888 447
165 870
229 570
779 50
725 1129
106 612
162 189
198 673
715 415
520 222
488 29
1168 701
810 906
917 254
660 92
486 1192
941 461
399 496
456 43
175 456
1200 1188
361 157
252 232
637 192
252 98
606 379
863 416
26 1134
1107 872
1159 394
740 1049
48 643
460 121
489 1073
914 972
1167 814
691 1180
501 631
1019 1095
534 35
1023 861
1165 198
6 816
157 1072
879 1151
801 690
308 538
386 953
451 1081
1135 65
543 1019
67 272
896 210
263 770
157 42
243 11
454 252
1156 869
1011 209
882 421
408 140
137 96
1163 1133
763 735
862 122
83 351
1121 68
97 206
545 529
767 162
405 808
802 280
1033 302
1081 633
182 593
207 204
14 1080
695 1110
1021 774
857 928
310 362
936 968
780 652
1187 1057
239 123
669 376
1004 361
456 765
973 533
132 191
507 175
122 109
423 843
951 1071
1189 1128
111 742
497 1003
1140 997
1081 816
188 835
1030 740
151 172
272 792
298 575
683 663
902 156
374 794
1095 1030
830 738
848 1168
109 978
960 706
78 672
286 1156
937 598
1026 1136
790 593
153 884
108 926
626 346
315 717
253 1049
139 1153
784 142
801 395
77 799
76 624
159 769
776 762
952 800
313 1166
249 329
813 243
374 552
976 475
1165 648
535 5
117 773
4 416
634 1083
815 310
246 126
92 85
978 680
378 479
108 496
547 642
266 1129
457 489
804 1002
1071 1072
251 914
1130 927
991 652
130 117
510 683
2 613
542 803
236 827
274 532
644 226
381 333
667 999
827 963
79 1168
634 611
798 490
44 114
699 740
425 917
521 1125
903 993
307 299
1002 401
1009 119
716 430
549 78
888 1051
494 226
1179 696
792 466
933 968
974 852
1021 317
1006 463
934 149
1022 956
375 65
185 57
158 580
916 465
329 342
1182 162
932 318
296 219
257 816
369 1115
731 581
1026 243
415 712
245 106
81 1060
713 344
999 512
1083 911
503 257
350 133
949 972
1088 476
1045 1066
453 131
366 851
956 970
301 1126
46 625
939 687
610 405
1107 437
205 632
406 1055
1098 450
12 1057
56 698
1008 493
66 36
1016 736
282 663
1031 1089
10 780
96 689
348 1119
627 896
614 943
42 552
523 324
692 324
1061 989
637 945
225 997
1001 180
1152 855
924 820
1166 58
715 974
621 953
396 417
617 696
1189 1167
305 313
302 1186
370 513
1095 749
73 450
790 355
316 1165
118 476
794 716
260 409
276 935
493 1171
261 523
226 353
694 228
567 594
1032 181
957 194
708 538
156 647
496 458
827 648
478 191
1165 944
414 688
882 1030
674 1069
262 457
240 1127
737 363
740 596
640 351
1170 283
991 917
410 37
702 819
929 197
588 685
977 603
1181 239
78 27
376 833
417 323
1078 32
304 1074
135 1097
812 688
599 91
820 223
752 745
601 1137
408 1118
986 1123
837 306
4 793
691 990
836 632
491 44
522 82
935 1050
931 1030
54 715
881 900
877 770
321 572
214 962
161 537
887 551
164 235
15 890
1113 935
1157 208
1189 240
1057 221
721 983
305 1033
823 90
167 373
72 675
82 271
578 689
956 740
1141 369
464 1071
1017 720
389 382
228 841
834 381
912 978
1135 56
761 133
1 573
276 485
917 480
482 376
438 155
691 845
370 1108
187 1004
108 656
162 1173
128 936
816 417
797 475
726 1111
1043 407
112 501
818 453
652 761
698 431
1150 543
567 649
490 371
28 794
788 598
62 164
352 734
945 684
824 59
996 191
264 98
210 462
984 62
612 906
277 665
732 807
314 1015
968 779
533 866
641 404
1074 941
1130 399
692 492
363 227
161 1033
546 1137
1158 993
617 308
155 737
254 190
1197 3
1159 128
658 330
552 780
246 252
268 958
758 250
333 471
710 114
230 992
1071 956
703 318
1100 836
890 1003
425 522
575 46
254 202
4 16
826 576
418 674
97 1074
781 430
1144 328
665 996
168 441
770 1136
655 784
175 192
140 1100
280 995
1066 801
963 1132
357 689
1106 994
1027 278
1134 437
579 318
1073 250
636 130
732 956
1046 707
477 1180
1197 763
28 1194
1080 1186
471 1122
839 58
803 472
963 103
15 101
1044 1122
1093 666
640 240
300 784
682 811
1135 778
796 100
1030 1178
771 783
449 1189
261 0
641 359
197 603
267 92
797 127
476 438
428 866
212 111
21 106
1062 211
815 1126
57 468
592 778
662 902
989 1175
359 1135
517 305
501 73
1008 366
521 671
343 139
957 171
77 872
643 85
522 253
614 87
837 971
540 827
1101 352
837 144
274 401
606 329
1138 166
658 58
1161 238
1139 220
1085 68
136 129
592 591
470 975
594 605
1108 688
692 1050
806 1102
975 557
534 125
304 497
900 1126
488 790
632 681
21 565
632 80
1026 856
691 261
742 25
268 16
758 556
775 1151
817 748
1014 502
1048 721
627 15
1119 898
49 796
179 1004
1102 1020
1036 1108
295 182
633 367
544 1120
292 524
892 154
1037 258
738 652
618 66
429 870
993 816
768 602
297 674
974 1049
908 1186
528 327
765 515
988 2
783 329
373 1063
211 783
835 665
397 804
753 92
1198 796
1164 837
659 636
452 373
334 1197
175 951
741 547
51 1118
360 57
578 732
446 1027
984 625
910 765
571 15
721 289
659 968
132 587
1010 61
904 1187
568 1141
1006 235
123 1
742 1058
1096 627
142 374
1014 400
391 666
875 826
944 621
685 1080
1121 390
617 981
611 428
110 364
846 679
655 1103
515 229
946 155
242 406
1056 55
482 662
1066 373
323 567
1034 592
785 374
298 758
319 72
1045 671
1166 784
704 350
656 1048
207 954
902 31
1130 609
484 773
1105 934
1120 396
388 781
980 918
117 808
1139 842
46 84
810 153
746 1024
763 338
506 969
1108 794
623 1069
1087 819
331 195
73 261
26 592
805 658
1124 699
82 1026
253 476
407 778
565 796
956 536
243 880
487 823
1046 103
569 1030
657 368
993 53
469 376
165 733
885 1049
924 482
743 604
1060 494
644 353
959 938
878 117
482 875
925 1002
1128 6
877 825
191 648
318 674
321 22
121 1158
386 276
1063 1161
1113 383
1074 722
559 252
586 18
17 758
622 526
533 1129
401 393
179 296
315 753
722 464
34 915
356 637
11 909
718 508
227 660
852 970
336 57
754 623
774 721
1072 263
712 117
1010 1009
301 792
16 519
821 1141
1109 572
567 813
665 992
42 235
102 609
903 213
262 118
436 809
929 465
13 776
492 784
487 778
57 1089
404 1115
890 929
628 1186
961 560
911 600
244 1078
535 525
667 208
936 488
1053 193
289 728
943 880
1139 174
649 192
271 328
286 951
1124 799
739 793
1076 933
845 84
105 753
478 738
66 249
1066 66
1006 1117
943 565
351 590
650 430
1188 906
1069 82
1071 100
558 413
925 263
736 732
1061 266
38 267
1069 74
896 154
1181 708
132 528
396 493
110 209
503 89
231 185
1177 114
143 0
43 373
363 1057
478 231
323 471
292 658
1027 43
141 216
489 911
1072 2
1149 2
355 658
436 1199
403 941
740 1164
483 1123
705 148
621 437
1165 152
1184 91
569 31
1050 961
811 884
306 718
261 328
383 501
549 465
120 866
760 722
976 708
993 899
1065 1093
839 1038
319 833
1005 230
1057 1006
286 1177
1053 1005
584 386
318 345
1102 160
126 1056
1195 190
508 1162
166 759
218 237
349 652
9 1050
1086 882
196 859
359 979
721 836
800 491
85 1031
518 53
1092 491
300 481
553 776
574 1111
469 172
783 1033
844 719
79 767
1186 734
822 1186
931 1044
416 1070
382 932
1117 1064
1181 1084
513 233
856 166
259 917
241 765
500 78
367 243
390 96
165 1189
914 107
881 388
232 685
852 795
302 1181
1119 311
68 97
1113 302
760 750
852 1160
381 274
600 120
718 326
618 41
472 115
179 896
198 933
742 416
965 833
1198 522
543 328
641 684
23 1153
1165 1107
835 1107
914 132
310 1189
549 813
726 915
808 1148
503 1025
155 689
122 1052
48 343
31 748
415 695
914 675
793 691
1070 199
541 190
264 714
43 1049
666 200
601 348
69 1171
1148 960
364 290
865 700
675 734
1010 1058
281 296
157 483
150 945
813 855
701 620
1107 837
213 740
336 581
627 250
106 977
1072 161
345 59
469 309
788 871
633 897
1018 1153
513 574
670 356
360 205
159 827
263 317
366 918
629 769
917 643
469 959
24 466
841 296
869 806
232 1033
865 652
973 484
218 945
465 96
945 795
894 491
22 818
677 751
49 226
628 757
696 1107
367 224
79 15
138 683
617 114
415 953
783 86
1061 800
19 429
1177 14
968 499
639 348
102 623
665 305
1132 87
1120 991
926 872
437 727
390 775
746 547
50 1130
642 522
550 1045
806 314
873 894
430 53
402 215
341 1085
448 190
511 1109
920 566
709 1017
1020 845
439 855
656 685
40 490
876 920
684 113
692 315
1087 569
401 320
254 64
831 1135
891 328
558 153
434 617
122 906
600 951
122 461
263 602
633 832
215 162
208 805
65 537
331 869
1156 598
644 869
199 684
1063 251
199 219
1063 502
1 664
479 168
741 834
787 668
1150 214
368 846
153 809
270 1148
998 1079
887 105
675 841
195 459
621 1029
1145 920
354 407
265 761
252 75
1187 1038
439 160
271 938
283 1089
421 113
788 841
1074 469
189 412
731 398
847 882
589 799
179 314
1048 685
879 769
363 178
447 498
386 1025
213 191
774 3
909 526
917 384
424 912
533 998
603 749
950 421
499 861
542 1175
973 593
493 718
802 232
705 773
419 455
323 675
585 637
843 866
842 1142
1111 558
96 9
179 135
982 682
1189 1104
815 1196
795 59
1134 208
513 1095
307 695
484 730
304 58
572 1195
1027 86
162 1151
632 209
512 1002
495 652
919 195
18 943
1085 31
520 890
452 908
244 981
286 425
1061 821
1025 944
766 478
426 1179
129 914
1053 523
1045 676
1086 183
66 630
450 833
89 457
20 1028
96 1096
52 410
164 608
753 811
764 790
240 988
1068 804
1023 626
922 663
299 992
1097 1187
47 1123
0 519
356 872
251 785
403 27
124 570
590 141
315 676
1059 742
1028 296
104 907
700 1028
605 77
838 387
1194 547
248 748
106 115
369 1049
1040 548
443 399
535 429
1109 917
305 309
415 177
214 695
645 1138
708 40
814 323
1135 632
45 70
441 88
954 1159
949 1095
1186 1127
452 844
386 784
959 492
329 65
1160 448
80 715
660 889
183 301
751 974
1 325
805 728
30 822
198 819
377 757
791 1139
525 245
825 962
530 1113
77 947
1125 105
883 1169
235 51
310 183
347 401
1022 1124
832 780
1115 604
916 185
533 263
816 531
258 843
35 529
441 305
304 222
309 32
1010 13
615 609
1190 895
814 977
412 546
1032 314
947 727
668 1070
250 71
362 675
902 835
763 439
496 301
849 1003
633 758
972 986
1192 671
469 778
764 36
250 754
606 606
105 489
283 960
436 654
353 680
712 1027
938 1080
106 529
512 682
404 83
709 248
25 56
158 625
1140 223
728 127
893 0
985 981
799 104
419 146
522 451
737 319
1032 366
1033 857
540 603
1022 75
831 675
1096 46
966 421
446 349
656 955
1174 1157
1143 220
664 159
642 126
1045 530
360 271
353 554
854 1039
850 1089
44 545
1051 738
37 724
657 453
80 367
880 1059
328 765
670 665
718 679
939 470
1155 854
1115 47
737 1022
454 1174
781 801
1005 1109
641 240
1043 545
763 448
81 825
909 263
205 301
799 806
161 51
1117 787
484 712
1026 786
1100 370
866 491
877 465
372 653
13 223
489 490
1021 767
893 422
463 45
676 1167
671 554
957 412
17 67
170 36
352 860
1194 434
1159 690
273 793
327 254
111 328
56 78
789 944
94 661
1015 898
1134 369
874 79
229 812
697 777
264 537
735 430
907 916
860 455
192 14
821 638
305 989
598 704
516 936
727 984
681 207
291 936
1035 252
1177 436
751 1078
1005 241
674 807
33 886
233 86
864 4
479 1193
86 493
910 1119
29 150
110 1110
230 370
1165 1021
807 351
462 806
248 721
1154 298
235 347
402 1119
268 543
575 435
333 159
715 516
278 1109
750 448
1 624
1150 450
64 942
688 31
1097 314
1063 156
593 163
986 735
321 1125
824 321
473 219
42 949
214 82
449 510
1068 637
400 530
881 1032
430 564
357 297
719 883
742 581
59 914
69 1163
432 537
1176 368
789 1154
781 312
404 837
422 366
100 815
690 5
896 344
381 598
281 136
1035 4
1147 800
663 265
1029 1158
195 656
583 1027
1059 390
923 171
1 336
402 380
1117 526
1116 847
266 1104
1143 392
202 214
346 598
1032 754
572 1017
788 272
116 343
1090 1112
509 1044
706 403
707 581
411 870
59 386
321 399
207 339
1041 1116
1161 384
491 783
294 774
1200 741
445 378
828 698
105 1118
76 785
960 1044
642 626
263 965
245 887
310 982
910 1071
39 1114
38 723
944 931
174 505
152 967
115 50
337 52
42 458
823 206
1097 1019
967 885
878 1009
329 509
391 149
325 615
1183 7
811 485
230 373
1017 132
863 1007
708 374
745 410
1148 986
150 957
690 1118
138 111
34 500
813 844
437 513
417 1054
1058 22
465 953
597 693
680 925
840 74
422 91
841 804
902 1125
110 760
946 847
1038 346
839 302
474 942
925 959
353 8
535 942
978 686
593 1182
689 759
772 376
616 50
541 1166
1009 103
828 187
292 855
856 948
851 47
647 1174
645 438
263 741
904 198
108 1169
55 837
346 960
1007 558
114 90
1006 1179
512 233
671 45
104 677
132 682
834 403
338 811
388 644
138 671
919 657
943 678
294 404
817 817
286 262
653 1105
313 199
964 753
1158 1047
139 85
195 375
158 1117
716 447
395 131
777 812
656 366
1198 325
90 402
251 865
477 270
900 260
599 732
158 1036
749 182
1168 453
1003 748
338 441
793 371
721 146
819 788
188 667
579 2
57 235
62 720
408 975
398 845
30 1044
652 755
1143 663
25 1186
650 1103
225 174
945 71
889 905
942 38
301 520
683 49
818 768
538 851
1139 1030
980 340
201 1051
1168 383
683 499
1164 952
435 1129
1014 176
450 900
983 897
27 390
231 849
1157 633
97 488
267 787
490 244
600 192
479 151
21 155
7 536
713 553
630 98
81 24
701 61
1053 1164
15 490
836 1032
175 992
815 695
915 448
528 486
132 775
817 220
816 677
642 57
833 965
562 714
761 163
1052 484
777 1011
618 963
662 473
793 736
906 1100
931 836
891 778
878 775
1088 987
31 941
590 1144
731 651
768 1109
474 819
373 392
1005 1020
179 1198
80 623
92 488
274 1162
1102 989
950 100
851 921
295 1039
804 1161
873 1026
748 643
1076 865
521 1049
26 192
196 484
839 1079
442 303
827 728
493 108
104 1103
904 158
73 197
1148 181
444 579
427 789
1133 207
859 349
755 468
114 76
257 1168
677 675
46 132
199 458
344 288
216 565
1129 246
705 116
464 628
412 1055
150 980
802 1146
1058 319
553 911
881 730
768 453
113 1087
181 1154
476 1145
263 881
119 1140
347 749
704 16
123 695
23 509
179 251
950 454
790 1017
491 661
316 694
1018 611
66 958
276 877
828 452
278 323
754 769
518 912
1077 865
837 15
1029 913
495 1082
614 810
350 327
820 104
52 102
1035 553
348 963
159 1074
869 86
572 1108
117 742
626 795
678 1180
235 331
1197 154
1119 804
174 967
947 170
157 212
148 522
162 644
1033 1116
1082 514
818 1105
171 172
1094 281
1169 180
171 952
280 302
881 739
111 1174
311 983
687 689
586 1121
188 703
1200 1015
265 1164
206 286
996 1111
581 1131
678 723
930 1093
961 464
1064 536
1102 156
320 109
629 585
140 1043
753 561
273 419
279 451
6 847
648 173
476 217
420 1074
1048 333
547 533
999 972
11 209
751 613
552 657
388 219
178 927
346 798
1141 70
305 705
515 784
916 732
889 998
747 160
345 910
1028 875
795 246
1184 94
704 1004
534 1174
39 745
485 748
750 964
622 77
108 961
4 366
472 879
507 1114
1021 1015
447 26
550 308
573 1047
348 922
590 993
1117 498
600 1196
24 584
414 378
438 896
1114 936
962 675
357 504
355 949
717 91
359 1107
2 11
1043 209
794 303
202 847
1190 323
677 482
206 11
1093 864
1107 540
535 368
330 1054
1021 428
304 832
396 140
254 214
121 273
408 495
624 615
1051 92
286 979
185 1145
660 615
286 849
763 1188
851 507
607 277
865 1043
1168 84
1072 136
900 574
288 517
221 247
740 18
618 380
830 156
752 714
405 705
1071 458
762 1167
731 594
582 9
585 945
301 916
642 485
998 570
921 340
173 419
989 1077
2 406
967 1030
385 497
529 315
621 271
1034 836
635 554
62 150
333 940
652 314
824 397
992 344
28 1126
8 902
452 712
574 1078
631 49
263 325
330 61
70 285
200 768
1066 8
832 1147
848 599
831 894
1017 683
610 130
359 596
517 437
407 759
773 820
340 1024
285 426
422 803
894 114
1086 84
737 624
915 780
1116 835
330 885
334 450
352 1025
594 298
271 1075
753 682
367 368
98 872
543 765
381 971
829 495
753 632
702 137
356 790
666 378
597 761
245 193
1173 536
464 358
1112 284
314 434
164 535
985 559
850 290
279 675
971 740
739 843
233 153
27 823
611 872
336 1169
1097 126
280 124
1079 1056
221 121
578 1142
900 93
417 302
1137 396
749 890
692 158
518 1070
228 613
198 107
1141 1031
696 48
586 617
525 697
1104 12
491 524
507 614
281 1139
509 863
13 459
771 66
547 939
1045 923
456 678
426 351
123 134
616 178
1187 992
441 111
729 1126
1044 1048
1068 605
338 290
1171 853
1040 283
957 606
224 715
1061 227
449 591
328 804
157 548
468 719
971 610
135 1168
358 613
1158 248
711 980
472 461
640 441
479 212
646 742
447 4
405 118
1036 778
678 878
846 192
242 1003
632 286
37 1173
133 818
1059 824
142 530
1077 1022
612 940
1083 41
404 1176
114 840
158 1046
92 1017
1068 173
209 247
821 102
78 814
690 1147
904 435
1065 273
192 1078
917 911
446 117
1160 430
1172 431
1063 613
596 1055
1028 1009
1188 274
915 454
440 491
226 1118
839 544
390 1070
417 139
241 242
227 764
1140 608
663 485
671 281
1165 824
382 31
285 828
829 869
1043 283
217 706
247 584
27 675
810 86
96 178
558 19
709 223
569 632
614 704
814 975
251 381
670 261
665 956
742 645
271 31
9 258
1038 386
904 22
172 114
742 438
1047 1089
827 1085
620 802
699 910
466 826
1199 436
632 247
1158 425
210 204
647 382
202 1047
598 570
669 73
565 459
27 941
720 154
630 525
404 447
438 1022
715 140
787 1130
869 499
195 147
471 146
1143 1052
1041 408
286 407
220 1166
998 1006
1075 223
198 608
1028 991
519 339
487 603
767 657
212 1117
941 568
890 924
802 939
178 1161
638 646
707 6
23 116
571 36
572 592
216 164
74 993
934 42
393 861
940 477
1124 404
139 779
18 80
549 1037
928 399
421 93
917 787
847 36
471 1032
479 598
957 358
735 850
251 24
68 674
908 453
1051 45
1197 646
1191 193
569 1075
190 940
1160 1097
1108 544
378 912
499 131
1110 515
512 943
245 515
1086 456
247 935
659 310
0 1086
10 280
1190 624
1157 333
1038 584
777 190
12 603
1028 1198
889 1095
288 1151
293 1161
702 1194
955 282
538 905
368 996
738 22
407 143
407 1116
569 724
1011 594
387 923
269 30
1152 794
1062 419
744 741
916 690
324 1071
159 169
523 933
867 763
485 66
159 34
1198 1073
1003 881
981 633
514 1197
1099 726
658 1007
976 303
164 773
663 22
407 658
396 292
387 252
1171 899
1126 1125
458 931
644 1097
484 365
629 352
632 940
308 561
252 707
528 610
687 1041
975 956
233 1095
900 107
1068 338
1032 343
912 888
28 538
157 826
32 723
136 34
81 77
449 951
821 793
355 340
1164 1065
1086 48
24 847
45 929
606 958
1079 1063
486 744
937 307
644 1045
457 701
431 177
106 339
302 686
1137 484
643 947
898 401
347 339
449 1163
227 707
145 739
1054 979
763 309
423 582
539 415
766 429
689 750
612 1028
87 605
802 1196
292 48
703 446
238 170
810 952
441 917
1142 310
2 943
225 44
899 129
644 498
312 222
913 497
863 849
317 1081
899 985
1052 125
1107 858
152 571
235 724
962 135
720 187
155 424
409 979
845 776
540 262
352 1184
599 860
393 26
682 829
1119 493
183 902
791 333
99 261
601 892
800 284
1131 654
298 294
812 1007
132 371
665 1057
49 843
1045 235
354 582
443 982
1147 656
333 298
1109 24
692 909
279 1033
543 1193
486 609
163 577
115 431
1088 1031
61 109
615 289
170 306
901 521
347 153
704 229
600 835
1019 233
771 1039
303 140
891 1031
722 499
963 954
539 578
93 461
150 256
330 28
968 34
1029 455
240 185
631 816
194 90
1033 167
142 241
791 913
1137 588
685 520
1078 337
1190 229
1114 1119
895 829
777 1010
249 895
928 435
869 222
241 692
1146 972
673 1179
899 656
678 762
926 934
72 508
965 545
1134 114
862 1025
75 1143
381 246
2 342
278 66
519 952
525 79
1190 603
824 1070
1150 1125
652 180
1124 910
575 471
568 392
725 1172
408 1146
642 570
133 882
143 328
1074 266
6 475
92 898
958 343
1009 168
752 245
184 154
30 288
718 145
333 405
172 403
537 970
507 494
838 297
1104 8
1199 316
499 847
777 1178
146 590
434 1111
587 725
88 211
1004 947
233 113
714 58
511 965
1010 620
846 846
377 266
936 558
494 1085
150 732
617 468
839 641
519 334
106 751
158 326
923 765
441 848
1122 892
292 833
837 528
887 324
476 972
217 11
941 466
648 222
521 618
821 509
459 796
491 1014
355 48
502 765
432 262
18 865
547 506
749 832
493 203
499 635
867 180
365 1081
935 420
9 583
101 783
207 833
214 297
67 911
535 1114
567 826
352 369
43 198
0 698
699 975
1034 557
733 308
464 429
338 259
580 584
425 241
945 536
591 410
74 748
1192 508
526 44
15 358
116 330
470 178
1011 92
896 817
178 713
335 871
165 702
553 878
300 19
444 461
105 518
192 535
1170 445
124 477
908 869
293 309
921 17
250 152
621 386
366 78
543 278
726 372
22 48
100 1102
870 1143
337 588
1000 951
344 517
285 788
993 682
328 656
461 427
735 463
148 606
199 469
49 725
448 481
561 1041
643 500
297 662
1067 334
703 877
678 1192
885 155
1029 606
1154 811
199 779
125 387
1063 435
20 1045
955 1138
563 400
56 1099
520 105
810 106
5 107
466 603
1081 8
393 835
1089 10
223 883
1001 1019
520 1011
217 215
1099 24
248 706
171 399
1156 102
478 464
669 215
551 235
686 703
411 1022
333 358
653 908
316 278
204 796
402 156
1187 245
708 1164
41 22
488 522
62 341
753 267
346 901
779 127
1141 944
1187 885
783 1097
43 645
841 712
517 662
661 680
91 301
25 118
17 49
408 1050
829 35
631 169
887 914
673 666
812 41
346 812
580 958
650 1002
1171 898
471 949
464 630
199 772
1120 1071
408 756
858 1167
625 104
725 169
501 648
788 192
458 692
543 1086
949 977
757 1125
137 1102
112 1105
637 225
497 761
67 884
178 134
165 601
911 723
361 1198
40 852
446 1019
92 953
682 1089
15 579
770 118
363 14
13 361
1120 1165
691 369
76 997
239 1017
388 1006
117 656
579 231
550 364
1008 630
324 573
700 685
434 893
91 935
585 910
926 224
930 97
654 655
166 245
1105 746
545 17
706 1153
909 86
400 912
429 64
1152 68
881 665
1135 5
95 254
128 1010
885 171
15 651
279 1139
842 903
812 226
1044 126
248 554
929 702
755 450
113 468
39 600
197 318
518 632
1126 1151
1151 1149
532 1170
459 465
377 569
382 1001
1117 600
797 52
771 542
483 436
1164 279
351 1063
40 471
132 1112
902 295
94 506
519 815
785 793
818 1003
872 247
790 1076
435 140
695 189
104 912
226 308
639 1187
340 149
765 785
131 855
966 113
47 1118
835 1115
720 692
985 946
309 533
181 419
751 459
1023 509
398 47
1087 734
1017 565
1095 336
492 1035
968 252
624 419
548 430
966 652
1099 727
1077 467
836 980
495 1190
428 679
683 449
815 780
860 810
599 134
277 508
938 1038
731 133
1118 228
1039 1115
245 807
432 649
182 1111
630 352
853 786
87 1097
723 655
878 568
1016 899
57 586
509 1056
539 1131
920 342
857 1090
899 192
185 1008
1121 114
484 500
636 1129
662 999
852 634
356 850
340 369
445 881
1047 148
605 932
114 959
707 1112
537 650
689 736
596 1070
516 754
9 272
550 877
892 795
590 620
396 344
9 899
1031 654
1029 507
61 695
152 604
148 205
38 875
379 114
755 756
1185 254
171 542
1165 178
140 727
982 848
1012 689
609 967
1154 1013
923 1099
680 685
559 638
318 992
78 957
124 179
71 39
227 347
925 355
93 420
872 1018
220 643
257 677
146 777
534 720
239 1045
1189 754
822 688
882 86
286 279
210 723
442 326
469 444
293 859
322 110
492 205
892 183
339 147
660 746
787 849
298 577
1156 972
282 961
145 532
741 762
212 246
299 226
82 798
1133 96
985 1139
735 445
173 210
199 531
385 635
287 484
273 1006
751 415
687 629
234 107
92 479
715 142
800 193
87 964
1140 216
509 957
613 577
676 25
142 1121
72 882
687 454
771 110
957 811
932 1157
106 747
491 1186
1030 641
887 1102
1015 505
565 699
524 273
440 444
740 338
515 123
746 879
400 1000
526 1068
98 88
151 1023
596 1177
1112 807
125 163
653 835
691 581
950 357
513 62
928 738
7 646
990 1140
142 460
1032 545
529 216
288 1118
118 252
926 1104
1056 1059
420 935
1045 1134
395 284
654 105
909 712
378 55
533 783
101 405
868 146
1075 177
69 510
635 1159
587 540
393 0
638 365
179 742
1132 396
824 942
737 898
560 23
1055 142
548 378
217 364
341 80
1055 347
906 49
98 1003
923 886
324 897
898 1054
9 345
98 403
599 878
1167 984
300 1015
542 25
65 1118
527 144
337 1180
838 676
1162 113
613 711
1011 295
685 849
447 60
1051 123
404 378
999 396
1054 1171
5 1146
233 248
343 1106
782 817
1075 64
225 499
81 501
414 717
55 842
621 447
217 1147
1134 101
79 623
681 1085
1008 999
522 919
1091 917
532 313
593 307
478 743
745 38
865 317
174 818
432 639
1051 647
1001 563
464 266
943 1032
1020 908
252 777
352 446
666 365
66 261
687 695
285 811
145 1167
954 915
244 464
874 198
264 66
402 810
1033 1150
213 1186
735 270
255 479
75 488
1043 549
480 518
626 965
937 643
579 383
524 84
714 370
174 1142
1002 922
327 568
834 762
58 897
923 372
264 707
24 348
135 135
142 627
458 321
525 44
1036 877
279 191
687 771
122 581
79 103
236 309
148 127
702 235
170 1195
382 996
194 1083
210 284
790 145
752 989
458 552
1117 964
106 314
1152 408
189 825
805 571
117 162
542 575
758 867
245 751
1163 794
384 503
183 237
1156 1170
679 603
564 392
992 983
229 971
529 990
660 385
431 383
168 471
961 1133
839 450
28 565
338 333
648 570
1040 238
499 437
367 166
664 152
426 1186
657 362
1133 541
738 603
332 367
369 683
169 1004
521 12
842 996
1161 127
1023 677
410 53
1156 132
408 993
1157 183
672 905
48 878
462 1048
820 174
19 619
665 254
914 1193
661 1128
1069 197
201 612
524 939
653 1020
844 44
1098 346
45 558
251 750
326 53
1076 446
577 1166
484 708
333 1073
759 468
235 698
957 768
175 143
1005 1156
54 225
1133 18
415 262
116 349
695 319
685 1132
924 234
469 1011
514 78
936 497
968 610
772 6
598 1144
174 959
145 297
694 444
1189 276
791 730
567 244
545 960
552 682
984 29
555 992
690 139
1002 535
491 251
1185 378
750 908
160 692
109 963
140 200
336 1067
121 152
681 1135
93 408
921 1031
985 196
442 564
1024 1013
147 555
48 481
717 160
950 586
793 309
1088 214
603 1188
182 743
768 89
373 1158
340 717
359 994
627 1193
264 86
109 168
394 969
543 159
472 874
812 378
1078 953
1028 66
606 636
404 764
264 814
536 488
1180 271
686 663
1061 603
871 282
785 262
810 564
565 885
927 476
1158 815
441 1158
804 1042
713 540
1077 1117
896 225
758 338
686 316
831 691
7 1194
89 1031
219 142
1039 218
828 395
823 416
487 788
69 337
63 238
466 621
928 715
569 1054
703 1142
978 301
1076 246
1082 62
136 649
1117 437
21 989
1134 71
923 737
1102 632
201 529
867 961
955 1107
628 22
979 676
64 328
293 305
127 847
850 427
1123 933
1057 311
1043 714
1197 698
305 489
120 725
244 553
660 587
798 245
751 904
594 622
697 327
1052 937
101 801
1080 118
376 1138
1155 960
971 1159
1040 912
9 498
986 1096
1066 59
114 552
983 633
1064 817
227 1064
902 697
1148 35
944 313
923 754
647 200
918 725
701 11
252 1130
539 465
1117 1170
988 641
342 592
403 592
660 1032
692 954
377 765
236 526
568 801
1114 952
725 810
306 1173
850 566
990 547
282 815
1113 268
448 204
304 144
81 525
1170 822
735 133
563 523
298 1111
264 706
1191 1053
240 317
832 1143
71 1058
836 359
1195 961
377 150
1074 1119
936 1126
517 1010
273 90
859 242
1077 892
772 343
158 259
568 423
327 730
31 1082
1050 336
133 1031
272 1066
849 263
1110 661
948 129
1176 652
442 972
711 746
457 210
770 792
774 235
529 1156
338 673
754 874
128 814
277 34
902 919
747 1160
902 875
748 163
801 1184
189 1017
1022 728
84 304
207 340
69 293
342 131
701 37
1048 784
394 681
838 552
69 890
20 1170
939 80
882 214
284 852
489 939
25 162
475 449
823 540
98 529
611 852
1004 286
156 836
1011 123
561 993
615 1118
56 377
767 417
112 886
1021 243
39 727
457 1114
511 923
821 721
24 312
763 1045
83 557
329 225
287 376
310 1000
300 517
651 947
890 344
578 503
204 887
901 811
481 652
183 559
730 3
1127 883
269 883
314 358
199 1100
881 753
620 723
736 968
156 42
985 973
975 763
1050 33
890 1081
667 177
690 1095
203 732
253 39
377 1064
230 585
699 593
97 48
354 721
393 976
813 548
280 208
60 974
540 348
507 844
485 1053
594 1163
1016 934
70 27
878 307
498 725
1011 299
541 1029
137 52
38 298
1112 719
59 950
1200 1086
183 621
121 1054
1003 1070
65 193
1082 191
148 693
926 185
1158 46
668 836
451 628
1196 849
855 615
283 232
1018 1197
755 712
1085 642
490 673
904 498
932 834
1112 235
1056 742
334 338
170 504
788 801
1085 169
180 1051
812 137
955 846
222 359
1059 497
883 346
519 373
1164 391
169 81
562 655
505 590
342 23
512 785
222 84
1086 1197
556 564
881 1176
158 873
73 393
306 323
143 1180
844 30
372 6
839 261
406 1052
310 70
555 236
254 737
199 693
149 567
1142 932
310 514
136 594
187 890
784 220
144 384
278 372
63 89
859 1168
724 1097
429 1135
910 767
889 39
1173 428
116 450
66 1088
1075 252
944 40
523 443
591 1030
449 1198
714 639
1015 1012
459 754
1001 187
59 1077
946 1049
417 250
559 943
168 94
161 704
80 750
1162 929
957 19
21 227
397 1022
322 892
453 804
344 22
7 1073
215 93
423 378
786 426
678 1135
552 893
748 229
146 1064
158 116
226 140
463 585
57 1137
961 1056
74 540
341 50
477 1066
995 347
348 583
1087 216
516 1038
3 803
143 778
903 644
861 47
382 411
705 741
384 394
1052 995
1078 345
1124 901
1032 658
1111 913
721 960
697 440
366 628
935 608
401 333
679 662
1166 549
172 583
170 944
63 629
813 1034
391 505
131 503
712 652
193 1015
219 266
698 730
777 935
822 459
216 794
516 341
621 45
1020 467
882 732
1060 558
1115 66
371 260
392 978
688 1074
1124 347
110 378
957 669
114 900
532 511
177 166
361 603
396 930
161 394
124 876
356 418
370 873
408 189
1094 1084
50 159
191 92
758 1197
1077 400
628 205
88 247
770 39
717 755
680 458
673 420
866 371
684 1039
305 658
1005 17
738 932
777 241
513 420
50 1186
502 40
599 466
793 409
612 977
18 241
392 346
493 34
1099 708
813 42
558 185
1096 499
694 696
816 891
355 98
758 137
47 103
28 162
313 323
441 78
689 42
433 682
988 115
694 780
197 561
706 651
141 698
168 185
1134 1041
1005 645
156 844
1000 82
817 349
757 390
501 927
125 844
731 1002
533 208
884 244
466 877
152 196
1041 140
625 880
290 913
389 907
593 618
433 538
435 473
143 698
323 578
1021 683
148 493
610 970
1126 278
142 222
803 1149
311 696
62 304
124 468
341 539
222 990
546 1153
835 363
43 912
1043 574
1162 39
978 1062
801 1162
1042 523
906 676
202 1066
227 281
422 435
603 478
993 94
1047 269
686 656
455 672
599 474
748 16
437 52
390 243
1198 799
828 216
138 830
1055 733
1136 518
1009 350
393 396
115 994
210 709
565 347
912 156
953 180
42 453
292 77
1073 866
1152 730
875 253
536 753
755 219
87 358
833 183
642 774
1193 1041
151 1009
53 985
297 398
677 1190
640 775
50 755
235 622
44 426
284 149
678 1136
829 237
1099 197
403 1173
1004 951
169 265
327 495
539 1028
1152 58
431 28
1164 907
118 1165
53 55
982 616
1152 960
327 951
646 1068
192 2
1084 462
641 723
718 863
474 217
937 694
588 53
579 453
318 937
154 842
44 838
738 858
1054 866
162 334
265 129
467 566
898 437
919 574
1078 210
280 1025
1016 1007
182 112
833 562
101 1144
307 260
181 899
705 101
916 332
223 160
545 599
410 831
37 986
340 348
817 237
1101 245
799 532
47 223
422 943
1042 186
297 1041
219 897
734 999
342 679
510 1058
1105 854
1123 148
579 117
1178 984
268 800
916 1033
969 510
619 569
1077 843
828 200
429 543
610 416
38 1151
730 298
405 587
390 576
328 470
163 844
938 952
945 1056
1099 615
1149 510
530 240
1086 1068
484 673
709 304
630 1090
474 543
711 728
212 757
987 285
943 176
405 400
206 687
547 749
1096 1165
756 243
1174 68
527 280
1112 1048
973 1136
633 213
926 728
101 529
623 252
150 840
264 124
569 57
498 47
815 174
521 112
902 522
937 201
153 839
142 205
566 921
600 270
1137 900
988 571
1163 259
49 833
1026 997
503 32
819 878
514 180
3 859
566 54
1096 162
516 351
114 767
325 302
985 417
962 704
970 555
1133 1182
236 169
83 912
810 1069
617 596
275 1060
235 535
155 1134
380 672
557 347
615 788
115 801
460 354
714 1125
120 865
446 921
196 259
1190 1007
1117 267
413 877
572 652
615 277
479 1175
328 812
305 157
81 874
251 631
395 782
468 712
1021 251
985 919
1197 834
1084 682
623 938
367 705
721 112
449 1151
1019 195
270 545
919 187
442 867
1186 387
515 433
925 118
521 977
246 495
277 991
31 843
543 641
940 188
140 685
542 773
319 555
257 402
5 515
517 803
1086 1125
484 1099
311 823
81 206
179 118
886 1181
272 140
1143 292
258 419
1090 1155
705 619
771 881
147 973
586 694
1196 891
87 394
1044 119
1193 883
1130 245
833 1188
582 972
923 444
119 4
421 304
602 893
7 473
1091 1128
716 514
767 396
798 1177
934 226
347 477
909 555
1177 1169
11 1115
964 198
616 1200
141 713
1066 883
810 275
116 1020
446 192
176 598
1013 223
580 1123
1141 789
430 106
745 82
279 879
527 274
392 152
161 912
44 764
181 90
583 5
1036 739
133 482
435 60
681 1036
716 1076
1182 202
1180 941
1131 645
1200 178
293 356
601 169
154 591
519 1122
692 289
240 505
474 645
665 636
698 45
1153 299
86 758
940 416
1171 1195
169 687
412 311
150 110
982 428
463 326
59 1101
656 341
1017 448
16 618
1089 606
1 829
911 18
445 1154
1090 395
1194 988
390 825
189 139
465 386
355 1055
286 473
1117 371
506 898
267 550
1031 461
812 793
936 435
467 481
765 1045
825 1087
281 964
877 747
106 877
470 753
717 1024
712 44
650 114
78 694
1098 83
930 825
159 634
982 1143
1050 370
1081 476
1165 1145
645 969
1031 348
538 690
904 758
324 706
322 645
809 857
887 649
107 1093
89 89
257 559
218 177
572 1152
873 1144
870 680
365 909
596 215
248 371
435 90
432 396
258 74
168 1195
333 657
13 785
1054 1168
994 1013
1185 373
103 1059
466 186
491 642
493 874
240 229
574 13
329 921
26 231
269 758
548 1017
161 37
974 657
301 971
951 915
277 250
525 384
808 877
1020 574
560 375
921 730
169 216
823 535
1199 70
924 235
530 774
360 558
801 774
898 460
637 311
1120 164
954 902
744 35
811 29
442 940
989 914
680 1105
1070 190
621 1022
1185 1079
856 1041
375 923
478 37
670 1063
906 1063
10 143
598 1031
461 731
837 182
167 846
766 482
844 695
438 601
797 253
627 1082
549 295
806 369
1052 205
976 757
894 100
801 665
230 1084
333 1169
621 520
797 835
72 345
303 558
686 941
191 578
617 548
801 1032
643 220
310 803
629 88
1136 621
68 413
408 558
275 900
980 719
531 150
721 1053
80 714
564 946
253 1119
312 203
214 385
644 787
144 974
489 41
493 263
871 699
771 302
1137 532
1030 504
1001 1122
186 688
981 244
806 1130
340 678
931 1028
379 204
792 662
597 112
965 482
428 1000
358 121
1103 787
852 331
922 752
659 619
548 761
7 1100
989 29
938 1042
833 331
215 1062
757 122
1041 1049
466 7
746 540
755 666
482 55
1177 149
826 283
538 1010
1095 77
404 511
1067 441
32 440
519 88
236 821
509 714
1072 71
443 962
1143 914
120 1145
686 688
818 275
468 579
830 8
507 982
1190 579
514 887
392 704
139 702
484 97
252 767
1152 1200
266 623
403 845
60 1141
1059 197
422 28
107 1042
1159 10
235 167
716 1068
517 240
865 1084
606 228
572 835
253 820
1178 738
1178 528
568 934
816 540
470 101
82 421
1090 756
133 797
810 250
264 960
971 194
651 803
29 493
993 1105
352 551
1134 921
83 755
145 198
80 398
537 959
351 649
824 360
604 415
56 439
275 805
487 710
670 537
1155 890
425 362
1046 1048
217 526
596 1145
993 886
1063 475
1077 690
338 294
464 1132
797 45
587 358
245 723
11 884
839 292
97 658
674 1080
23 158
38 831
552 1046
410 870
371 108
1087 112
1130 95
726 706
609 167
808 47
109 1195
518 1058
119 617
298 2
463 1074
533 1028
422 1049
625 856
58 1140
163 1030
909 912
372 403
1111 875
20 55
78 249
596 863
1149 748
351 700
354 742
234 682
263 614
1026 620
44 720
364 501
122 793
270 682
924 861
186 1014
791 6
527 688
620 508
390 410
696 701
888 1095
214 380
928 1056
422 712
239 1128
964 602
486 488
888 1180
666 450
474 518
33 820
114 135
1021 94
769 931
1178 993
3 921
59 83
1080 99
1106 1038
94 726
851 563
1165 400
492 861
225 411
439 668
608 792
1175 237
552 1102
786 441
655 836
430 157
704 109
997 1156
659 105
1047 1124
1083 47
169 297
1110 739
846 142
203 519
477 826
881 919
920 621
987 176
918 81
229 318
240 261
706 451
1019 188
26 150
814 1000
207 1116
878 768
1192 1065
777 794
792 1071
1198 574
611 6
83 164
583 230
19 457
367 762
625 3
715 51
454 782
666 1143
774 354
560 454
1082 952
111 1051
109 86
828 282
970 959
998 451
202 223
858 155
177 741
245 397
706 1105
81 969
831 586
476 110
194 535
109 533
657 736
317 733
31 656
901 459
1189 609
429 1174
835 617
313 515
491 899
1081 347
31 677
1078 330
705 923
981 510
106 347
417 182
703 1195
208 1005
598 1135
766 77
115 205
1044 742
1115 417
937 871
406 564
1025 225
648 812
81 196
863 663
733 959
495 772
1063 848
76 547
502 905
797 244
1059 916
1103 879
155 636
60 946
861 202
887 860
189 992
935 49
910 235
1049 731
488 127
204 528
208 570
1016 381
1015 1154
788 821
765 1041
1031 288
1120 828
124 274
421 923
39 936
762 868
116 1170
550 701
1083 68
69 776
45 866
484 311
327 824
551 453
828 766
435 696
787 30
414 908
302 1
598 450
1025 499
904 1194
177 438
1140 463
801 336
913 279
120 54
691 191
95 657
960 618
936 1034
609 178
329 691
88 280
652 794
879 329
2 1048
1014 1072
382 505
626 300
598 675
579 525
987 40
341 671
229 509
210 1071
23 267
1171 982
1066 0
1008 188
16 954
18 212
375 961
213 246
892 64
350 744
842 631
103 485
584 207
304 481
74 414
850 1179
245 32
1146 201
50 815
700 279
919 150
127 998
452 155
861 54
100 952
1130 669
1189 546
643 631
259 1153
414 273
466 483
121 679
137 1182
127 963
982 356
824 554
362 887
1059 849
447 225
222 207
770 783
1153 1142
606 204
781 940
20 23
845 240
541 587
253 949
920 623
1043 310
832 714
74 694
70 424
534 813
452 389
107 1169
300 941
851 733
949 876
5 43
169 708
413 1180
1015 957
288 1154
134 602
599 1179
1021 1036
732 539
427 934
847 625
80 621
888 1086
74 880
3 316
539 774
851 527
447 1042
11 508
161 187
602 224
1038 1176
1055 255
966 349
626 1072
748 654
203 650
419 675
91 1192
1177 21
83 906
478 268
303 1165
385 711
1148 567
52 276
339 734
243 877
946 589
542 1008
834 810
419 926
748 931
1010 330
1147 910
1037 453
230 862
210 984
65 733
626 269
1158 1186
575 1184
775 606
498 1095
869 680
1041 680
697 746
753 94
393 418
684 1158
958 566
1026 402
889 98
1072 588
215 323
1129 935
1197 363
277 510
835 1050
614 1144
103 736
471 853
833 1164
274 1086
1046 1198
984 458
392 1140
1050 27
835 855
301 44
746 421
186 622
844 104
682 803
420 242
802 566
451 576
99 84
517 1135
814 545
436 464
103 79
226 269
303 270
258 111
364 104
570 703
972 869
655 27
177 323
1159 590
549 109
1090 926
922 948
11 65
435 603
595 343
979 473
331 781
1107 398
1072 382
436 367
671 1153
532 548
804 1026
249 905
23 665
589 1102
1137 901
727 315
240 265
485 751
385 955
712 645
218 1120
495 1126
31 5
598 1151
23 990
321 1161
731 830
383 603
1084 24
1145 974
790 370
213 521
591 761
1030 944
972 331
793 1055
789 1052
1102 435
274 367
800 994
631 415
907 9
94 196
979 926
499 796
1020 912
163 1165
50 197
362 215
130 987
924 860
1052 1003
500 1111
78 544
1103 796
548 252
903 1052
178 1000
206 84
672 489
294 941
1122 700
181 279
184 960
126 859
484 536
777 821
778 215
331 175
834 1087
79 629
951 535
524 966
619 65
51 91
576 365
723 312
349 1113
585 1101
620 982
739 357
384 694
722 324
407 444
1048 931
926 336
372 842
537 192
1128 798
1026 1081
585 114
781 485
874 421
1029 188
561 603
237 1041
1064 885
1060 289
626 1128
790 1024
943 1084
971 110
844 50
206 58
789 406
132 1128
975 306
419 422
387 340
615 420
1161 90
981 1084
1086 855
1191 385
49 824
1153 145
612 757
796 161
309 1151
933 136
712 808
400 552
801 191
78 1169
242 1134
791 1197
195 428
207 848
365 932
171 687
557 1193
88 945
876 530
797 1032
922 321
174 780
690 387
956 1061
452 375
841 855
305 316
285 1170
516 496
430 846
987 1126
764 747
373 513
1051 1168
1126 1169
898 425
331 1162
165 107
1004 959
341 366
34 587
951 11
677 341
782 1107
941 700
87 195
0 75
127 443
642 532
770 222
232 649
963 230
384 593
563 23
929 286
976 133
30 1175
688 303
1046 1002
728 365
19 277
309 725
972 1136
201 243
1166 1056
23 525
987 1098
848 581
572 1165
613 473
915 758
348 1175
588 638
535 477
383 1007
796 1027
923 680
361 222
304 454
590 134
404 977
1085 764
602 516
1093 230
427 1114
360 327
45 176
469 1068
279 1069
567 307
973 1150
515 1173
753 703
1177 841
1104 1151
723 999
10 792
1122 1083
824 1175
24 184
543 1188
122 182
357 213
722 74
62 93
512 952
291 926
435 501
245 52
1172 949
988 55
250 936
842 560
1135 304
481 444
24 1194
757 117
1139 1017
585 401
802 378
56 376
457 428
1199 241
196 829
680 741
507 484
657 1005
669 70
288 816
702 1150
427 924
428 281
1081 762
1091 675
63 818
698 219
345 303
1024 213
69 900
659 85
28 1093
730 44
522 1030
529 684
160 953
769 1106
726 1188
894 1012
318 390
670 127
130 220
797 312
769 256
176 966
189 574
882 690
202 668
1139 355
254 686
1055 148
1003 15
265 676
1081 970
1066 128
772 783
306 317
532 646
289 1080
783 705
389 931
432 622
931 924
1174 503
905 651
261 760
1057 145
530 289
1133 876
225 47
865 8
97 502
764 1120
264 1001
1139 531
701 702
972 583
594 750
682 131
273 855
689 147
1077 343
975 258
729 706
845 711
573 545
74 121
389 1070
586 588
888 748
257 1108
1180 442
764 563
688 1167
731 424
663 801
794 14
185 294
612 1015
911 40
351 202
104 964
594 1038
345 1018
944 709
568 174
670 541
134 627
1127 1120
50 1097
897 182
53 496
845 1096
558 489
582 8
1057 238
1191 1064
436 373
674 696
64 737
26 513
763 553
917 374
504 57
1035 567
60 637
727 677
1153 572
7 996
514 474
365 1015
417 445
678 34
292 653
1192 351
971 457
330 19
121 238
622 20
252 209
741 551
46 367
823 880
768 279
620 297
471 755
290 479
485 463
807 292
514 364
1170 568
617 4
1195 1027
6 724
122 334
827 515
371 915
553 248
946 1036
833 29
327 627
481 567
329 1048
77 702
1065 43
216 290
437 770
3 40
583 770
610 104
452 1041
1093 86
582 389
191 1052
665 417
31 601
660 671
326 925
726 813
751 693
695 133
254 235
286 1114
471 490
637 315
135 74
802 274
1043 1196
174 380
283 921
284 1171
386 482
187 905
961 709
1133 37
1128 785
621 424
601 787
211 191
583 174
949 753
459 408
432 636
1183 529
617 687
198 789
208 125
177 697
1024 638
1003 592
530 144
1133 839
461 73
357 833
556 466
1135 259
162 497
534 816
248 606
837 984
635 835
419 942
627 703
383 866
912 548
311 655
486 1078
1003 73
390 425
207 916
648 48
43 664
906 510
103 587
285 1033
35 1096
695 673
1001 73
15 1093
266 904
1051 148
63 593
521 1100
401 979
976 294
743 657
1039 608
832 1134
1005 801
806 785
861 262
619 274
862 1141
1034 114
456 1159
1050 139
667 124
751 246
1094 386
259 756
1032 202
1140 930
503 1155
1071 1146
532 236
634 795
944 1100
816 886
632 729
103 754
715 1021
401 592
908 36
514 799
885 509
532 3
462 1121
488 322
285 319
109 1199
349 936
366 987
451 22
1178 296
1123 1069
730 700
532 104
1120 570
1118 66
429 941
945 590
1161 155
39 97
855 1158
49 735
857 865
544 1043
1000 329
378 141
357 315
849 821
611 63
646 510
981 462
564 956
60 359
561 215
2 1074
1001 1176
1017 1076
1063 88
480 890
1069 29
565 989
515 177
152 1088
1105 379
963 940
438 1139
90 263
1022 575
237 256
764 864
1035 1195
1053 84
634 388
1125 1096
247 622
236 1074
414 970
254 495
158 209
440 215
405 977
793 407
964 310
652 1172
1165 806
894 1158
1139 373
613 633
228 16
943 1089
745 589
752 866
41 900
102 204
1195 997
889 772
1179 337
579 1081
967 559
313 947
1006 852
56 721
1128 216
190 79
872 947
1027 597
895 175
89 371
142 825
526 567
1090 910
1068 973
560 849
484 1191
800 763
698 627
103 310
964 1133
1189 573
1013 12
913 1103
935 103
464 236
1161 1104
43 894
936 867
568 763
317 408
694 397
498 1060
332 758
508 1085
128 648
502 84
1151 152
829 733
588 828
1061 529
58 50
1052 1
1047 215
713 366
795 1158
431 180
16 1200
72 788
197 1090
741 142
361 868
674 62
953 97
1125 694
1077 1091
870 1013
1049 916
60 799
865 362
1193 1164
355 612
909 579
1188 145
484 56
9 800
1098 893
472 226
390 1132
459 587
390 1090
552 389
63 696
813 132
976 791
409 713
452 820
528 847
1182 1061
186 715
904 425
123 291
266 214
394 1171
1144 974
476 409
1016 279
993 390
396 982
539 55
1032 1185
263 369
554 270
261 414
1088 1191
382 178
292 452
398 960
372 750
776 1094
1013 18
870 94
19 44
688 525
1004 878
379 464
1066 1052
679 286
368 681
584 278
742 1165
929 1075
379 865
834 647
572 294
1012 486
27 926
1149 1033
881 372
953 930
682 538
409 401
363 196
1141 432
143 335
1199 49
375 817
1005 1145
88 564
914 1002
108 890
126 1162
145 563
757 964
501 479
689 395
444 900
216 533
994 1095
53 1058
1015 650
1129 167
1033 1004
12 636
614 172
768 961
4 772
1003 208
314 187
450 975
1181 398
69 522
1029 1083
258 627
832 890
850 198
818 653
1162 681
533 710
1108 992
775 726
389 1024
843 841
158 514
1163 835
545 400
1078 1038
336 870
697 1042
513 611
1086 146
785 729
967 633
1091 1081
412 1077
1119 39
657 611
282 374
189 879
521 187
1133 297
722 667
598 148
589 867
823 1056
151 408
301 808
778 624
330 358
62 990
448 1071
296 646
179 337
82 1055
432 35
681 356
1032 1137
499 794
346 1046
867 137
1059 293
1161 1057
537 73
169 903
610 900
427 1067
89 774
275 844
540 706
80 887
1005 1088
689 1103
52 567
235 74
496 1089
137 589
900 794
487 1058
8 528
800 243
872 34
1200 1179
1053 589
541 2
751 861
1044 999
419 1095
343 158
833 1144
429 721
77 605
1 47
289 846
706 98
432 420
35 538
218 334
834 537
776 1081
412 1081
630 265
240 1065
263 512
878 623
807 828
1175 430
316 353
390 865
1151 1130
342 1079
386 453
1148 945
139 563
237 524
582 726
730 652
843 3
892 765
924 1097
1092 370
410 907
660 514
342 460
830 855
1160 828
474 552
197 400
1139 130
874 967
884 213
1058 781
367 93
507 608
176 195
119 36
310 943
378 71
960 871
707 153
1076 782
590 373
1113 118
360 256
124 530
903 429
697 1063
904 738
663 969
123 104
990 388
920 901
168 793
679 595
21 341
1103 266
991 1036
54 369
3 749
936 1049
144 627
1031 541
406 95
261 191
1078 1180
549 644
453 1095
766 180
163 1015
244 159
1134 750
821 839
1061 880
1019 845
283 1171
327 204
685 405
466 267
1189 512
336 690
321 830
533 992
420 171
106 1032
268 781
74 276
833 764
547 1168
666 675
177 376
986 556
548 901
154 1116
817 695
933 438
973 1111
590 244
728 560
877 998
840 906
966 1086
16 17
240 710
257 666
1080 212
822 153
652 181
836 118
281 340
853 609
712 352
731 709
937 521
1104 576
795 65
460 335
220 406
679 994
1055 184
703 105
515 1150
840 789
623 636
726 471
330 1037
138 568
108 920
1046 320
440 21
1149 175
590 441
505 1147
314 54
959 1125
18 612
256 388
433 817
29 731
704 467
873 684
1030 151
1152 103
1036 842
602 1071
22 29
103 558
171 1010
893 1074
1129 666
832 277
17 187
1113 524
217 942
501 591
1017 252
295 680
1010 308
497 730
705 535
62 37
925 738
502 466
28 1028
857 845
1041 865
608 1176
798 790
620 833
604 851
320 279
1078 254
88 634
320 691
413 568
114 1070
632 461
43 997
995 69
1070 645
589 516
729 912
542 552
1153 616
125 980
209 892
612 335
493 1145
660 691
1037 1153
377 815
105 921
46 283
663 520
1192 484
482 191
270 340
503 49
811 19
1066 528
6 91
679 738
849 93
878 656
864 921
390 1045
87 701
386 117
1187 85
42 448
1113 1076
104 540
550 1152
798 1175
1039 654
792 167
595 65
1030 226
515 49
1188 881
986 278
585 347
591 765
676 971
288 922
74 289
362 1172
65 730
968 760
1019 1116
261 80
916 45
386 1081
575 1123
588 748
996 168
994 705
73 420
35 109
549 853
843 417
1070 485
426 1015
63 362
921 811
739 637
1143 988
1170 396
383 387
321 357
1135 503
868 860
1142 331
671 881
820 638
253 141
150 526
319 1025
839 28
453 71
663 1076
16 269
882 75
418 398
852 39
327 155
125 1109
660 329
1007 715
932 1166
733 1186
991 526
1068 1108
681 389
785 297
348 927
574 1075
151 209
586 1014
581 267
155 1107
808 891
1086 242
877 660
926 752
251 812
95 810
1162 828
699 1169
846 694
135 723
773 803
191 223
668 876
46 627
521 869
697 285
650 1113
1032 208
42 743
663 590
784 881
250 679
446 576
882 10
549 970
1065 584
334 967
79 332
961 242
514 84
1114 446
846 516
873 955
370 286
1076 613
1148 884
588 318
177 614
968 165
194 65
981 904
940 131
259 639
778 41
1117 354
291 761
782 36
261 524
530 540
1067 802
490 249
303 1020
173 315
1181 505
543 151
804 239
540 93
1134 206
495 867
849 695
736 1012
1198 259
744 347
688 43
338 1170
864 734
741 575
1052 623
352 1020
1146 511
677 846
665 389
85 172
286 827
625 1023
541 475
115 272
163 602
43 1184
356 1161
669 754
774 841
787 1156
256 1176
717 805
516 233
968 882
1168 903
443 651
1035 973
205 918
723 993
324 627
608 896
1102 27
9 922
1142 736
771 735
503 1184
1084 917
802 1012
327 147
496 753
236 1172
961 768
583 843
1097 218
424 1196
76 422
177 191
363 562
926 129
849 365
414 527
206 198
302 102
751 42
879 944
538 1020
1041 133
918 696
977 1019
408 156
392 1116
284 339
689 517
196 1188
1180 434
692 955
68 1123
1165 343
192 846
1074 1087
194 202
89 865
253 316
829 624
333 598
910 1159
139 421
213 921
39 666
269 679
811 565
1024 954
193 718
1123 470
173 239
317 100
1142 54
464 207
723 1182
654 671
296 60
870 1099
1086 949
412 825
1073 861
205 380
530 340
860 31
732 1056
130 261
1109 1061
1081 710
719 1139
31 123
999 1049
922 1163
404 489
761 829
857 320
418 311
242 827
20 382
608 648
720 354
243 139
863 401
380 23
62 201
856 319
222 164
305 960
258 723
492 147
912 855
443 688
782 718
685 535
980 753
1131 675
805 379
85 814
804 899
276 122
676 591
974 344
486 599
566 1195
265 292
7 475
13 930
921 1006
808 255
705 443
549 572
306 428
342 95
1118 898
298 1197
1026 741
140 255
265 708
544 311
852 494
853 368
772 497
620 870
526 264
1029 1150
725 620
1147 828
1121 373
365 812
525 694
657 186
945 520
117 861
1161 303
849 940
343 1039
767 90
490 854
424 696
314 52
1051 981
426 816
1111 1110
211 403
538 241
1162 630
1198 334
770 706
1150 333
834 1150
1078 735
155 926
798 624
952 610
399 3
386 439
330 511
825 1141
586 1050
994 1169
1122 1111
1135 956
334 492
586 265
405 945
586 514
898 407
29 225
1066 751
534 1153
549 542
1069 939
331 1184
165 49
809 1090
620 885
201 894
497 212
211 134
589 1088
816 577
21 1064
749 132
643 223
634 509
1181 1072
171 83
162 279
1101 1167
360 108
404 491
350 883
260 345
1115 474
475 1023
143 1090
631 630
875 464
843 358
731 358
672 482
437 234
737 390
1104 406
938 870
140 276
569 417
230 78
338 40
550 911
822 150
586 1123
198 548
1085 444
34 309
49 182
1200 498
467 235
1045 854
602 550
194 262
905 733
681 24
1130 605
108 902
801 877
603 600
144 527
768 646
883 462
14 138
786 1093
985 349
885 729
1105 850
302 982
730 1196
294 349
755 350
431 70
29 1061
553 202
1039 426
182 962
29 1114
854 561
116 423
629 499
302 735
401 859
1131 900
751 407
1121 1158
306 626
1002 620
727 48
115 764
982 144
1025 612
472 453
425 430
965 361
294 181
631 1085
261 734
592 661
779 1093
1109 190
761 924
782 687
351 823
605 475
262 913
765 210
705 385
514 519
1186 226
559 107
248 1020
886 500
240 1062
672 831
864 776
797 1062
441 866
337 600
580 1091
1122 724
765 928
160 241
52 151
61 1128
261 543
782 426
8 920
15 334
836 819
276 687
80 303
894 629
1131 668
533 4
508 154
1048 367
1116 1072
109 145
487 366
1053 1100
34 685
519 244
837 31
589 226
669 284
374 464
649 942
194 72
17 172
249 43
198 1128
486 655
144 1107
751 596
771 1151
940 624
668 19
543 808
691 1198
1150 100
559 438
996 990
417 1115
661 437
70 17
1015 833
746 54
490 927
28 203
1075 806
817 660
1036 291
680 805
1098 436
968 612
695 304
558 553
1108 771
1083 178
144 556
1091 959
504 512
207 180
953 55
469 823
626 953
579 917
1020 1126
116 8
432 217
955 2
1180 194
1006 67
365 1029
471 261
15 26
1044 795
434 480
954 115
589 1186
332 497
708 65
522 509
1175 789
662 89
153 1114
220 143
491 1101
696 444
633 872
1092 1087
195 184
1019 221
872 911
834 797
786 190
329 10
1103 1081
957 603
1037 989
741 443
815 943
1022 190
224 412
1183 146
841 297
410 517
723 71
605 225
708 343
691 180
896 183
469 1176
984 655
661 323
415 984
935 828
743 1155
1193 1179
324 26
830 660
32 1155
898 900
571 338
813 822
1136 178
1087 874
344 377
161 114
630 672
495 260
895 418
714 881
769 784
712 876
105 940
281 32
256 500
1128 723
828 615
478 1139
1153 390
299 328
1154 1129
1156 290
889 651
312 55
152 109
153 536
585 353
424 916
516 14
249 1196
134 243
933 737
926 405
884 936
621 336
883 1100
835 486
236 606
76 266
1027 370
1154 1000
1173 75
118 377
187 968
265 11
1094 171
631 343
726 207
202 1156
908 16
599 232
1162 1094
296 239
1041 77
808 768
1123 59
848 628
276 1058
501 1064
647 996
803 926
1005 883
953 1132
326 171
481 911
798 435
112 37
815 1187
11 973
347 870
221 835
687 255
1007 340
820 553
1013 821
689 321
1154 4
1001 504
780 41
4 723
990 494
30 197
1141 121
352 852
455 375
211 104
1034 632
1074 310
208 314
792 425
28 1129
231 409
246 1169
1050 784
119 382
1193 401
1000 206
1183 739
212 215
781 997
203 425
992 943
1047 241
872 709
475 310
329 1134
388 839
667 452
195 1070
587 462
868 793
958 352
784 951
589 397
772 1076
135 669
1123 721
392 428
866 1060
417 31
361 615
513 896
822 629
897 134
557 492
950 1024
1042 335
395 254
527 184
806 851
829 50
24 680
368 722
170 1102
793 693
322 656
1155 475
556 361
200 337
629 714
58 126
1050 698
714 1111
598 138
443 489
451 533
1120 748
715 230
1109 544
1009 203
495 779
582 954
914 23
153 264
772 1121
1033 692
1159 166
447 920
12 888
213 776
342 865
341 639
491 159
292 1081
49 850
1157 961
684 615
619 443
640 681
1161 391
932 802
531 1041
1013 504
308 1086
732 438
524 455
316 82
704 505
390 551
455 195
130 453
956 782
571 606
832 1170
300 703
554 456
496 821
226 16
455 34
146 53
366 654
1086 510
1139 1010
779 519
993 463
739 407
556 95
139 1134
1187 368
933 372
493 72
941 927
230 954
1191 917
624 839
1062 949
779 281
518 582
368 551
183 542
790 6
120 208
183 1097
300 809
814 1096
678 724
797 524
12 555
789 539
302 272
1176 123
637 78
117 79
969 583
12 248
1047 328
242 979
289 1052
620 96
589 1065
347 1059
760 1152
171 806
202 400
400 384
177 982
1119 500
663 778
753 275
699 732
1000 419
414 789
383 931
796 1095
904 900
65 300
669 927
1194 639
905 400
360 237
1102 297
20 40
696 1200
760 986
497 353
456 958
547 502
609 895
891 76
540 756
747 1120
860 258
311 581
749 1043
300 972
147 1187
335 915
985 592
932 1082
893 1129
825 839
250 247
364 653
376 794
486 267
269 76
162 464
46 705
746 580
50 161
286 1082
245 287
9 1022
653 986
846 1003
668 587
1174 423
18 764
723 218
796 683
968 478
970 850
423 595
23 63
513 592
33 319
1137 649
1185 904
1127 156
30 938
1053 1001
477 504
845 704
71 1182
595 244
675 1190
186 387
31 1016
1139 637
1193 597
353 807
540 1121
837 578
1111 255
286 304
970 979
536 608
1145 421
815 890
403 112
212 95
121 719
300 153
1154 370
635 569
855 620
1190 396
452 833
355 463
519 286
1105 418
997 1134
1067 446
1120 870
395 14
1054 377
181 294
805 939
784 747
816 1067
300 262
718 1017
503 991
360 420
394 134
671 129
995 889
1095 398
1103 325
790 693
418 1148
47 245
1178 110
171 1191
64 488
694 377
1171 672
797 292
665 540
1168 1001
164 197
761 317
31 367
506 1155
790 510
15 540
223 505
772 632
245 242
253 415
823 1070
55 9
235 747
210 163
258 9
1054 1083
164 808
407 17
311 671
788 576
1046 1147
672 553
246 885
502 703
457 77
416 749
191 311
917 944
844 718
1085 198
23 840
185 208
660 1118
279 1109
398 1119
797 592
231 79
861 165
2 228
368 154
1099 1133
1005 61
954 176
531 1093
784 141
1123 420
747 992
1054 564
415 530
506 485
677 300
991 233
845 827
679 395
474 165
253 651
1011 1022
884 1183
356 764
756 8
681 1050
391 542
623 933
989 315
127 210
806 1005
429 473
672 945
518 563
775 267
562 222
911 1170
8 594
475 70
968 187
1105 658
243 796
336 1080
706 725
769 1188
821 900
809 646
247 878
298 234
981 1083
402 538
904 398
1178 552
963 385
724 520
472 1022
325 230
195 553
751 823
864 787
547 99
321 919
15 65
518 580
310 1178
740 114
850 305
111 274
1170 700
1134 260
585 1133
395 610
969 565
1181 1009
190 298
440 410
213 1070
324 597
292 226
61 602
251 1116
1156 435
351 65
889 777
1161 457
442 720
657 240
235 468
611 157
609 1009
646 779
1134 269
860 108
54 55
342 311
932 959
454 19
275 393
64 269
1038 117
318 768
374 368
396 822
901 774
220 190
700 749
496 783
1004 219
928 932
845 763
295 1161
353 592
1007 726
835 1199
366 960
1125 651
976 66
256 680
489 932
828 1038
384 964
401 136
142 697
133 378
1095 175
278 352
596 834
59 989
337 57
837 63
887 133
518 44
547 190
726 741
525 919
298 786
529 1078
699 234
1069 784
778 149
170 902
781 1081
65 651
355 1117
1014 284
566 443
150 164
1129 139
555 105
58 797
1179 1193
622 1156
264 1038
172 506
462 884
333 768
620 646
507 446
763 623
908 34
1146 1079
1127 861
17 41
943 95
333 877
1097 844
590 287
61 295
87 916
113 311
728 502
1045 852
1066 966
70 229
894 812
597 168
334 310
246 740
321 13
105 176
688 159
576 433
1151 839
816 713
950 1168
702 1083
421 841
326 1075
49 652
503 496
475 800
809 674
126 523
753 623
863 1187
247 1013
95 425
772 703
96 823
300 1119
224 81
53 28
1021 1188
1135 952
554 24
241 724
745 461
354 832
965 1010
583 1042
922 618
620 1011
1129 198
375 1074
780 1149
388 679
537 1049
338 334
31 400
37 828
1109 127
91 205
613 137
1004 44
947 9
1163 786
1062 367
105 1
566 211
86 966
1141 1042
83 688
710 1054
1117 429
468 418
685 356
1067 181
283 95
245 330
333 360
213 628
1115 1036
376 550
1032 445
589 539
510 725
1011 1193
427 667
1116 1150
363 918
162 607
997 59
1114 697
927 800
488 196
132 549
932 981
631 401
177 186
838 232
379 855
448 799
201 963
764 1055
808 564
290 731
1142 430
196 1132
282 1167
542 611
1184 1161
339 52
168 810
452 386
791 1101
417 1056
517 1059
380 473
550 65
21 568
395 596
1088 725
405 253
1111 850
715 252
117 1089
218 841
1004 1061
985 762
779 161
354 1085
1070 31
356 873
800 651
1183 456
285 71
722 143
231 1179
9 958
661 1103
678 160
114 1024
680 130
399 323
110 937
128 438
160 1031
15 149
1037 506
466 228
390 61
8 433
941 926
814 877
477 492
271 581
356 665
96 598
627 259
40 592
16 101
444 875
1120 130
633 500
950 1088
398 866
500 106
2 60
598 558
1152 353
985 783
978 728
45 199
934 1093
19 696
818 482
384 1146
1194 252
434 1149
1028 644
79 130
836 610
289 473
212 416
874 152
75 199
953 359
931 891
723 727
786 723
655 949
987 259
1131 923
581 819
1041 289
221 495
788 246
546 213
63 58
625 824
150 84
106 466
304 541
583 939
496 258
839 543
318 911
257 905
1023 477
19 889
1114 185
1051 459
1163 469
121 304
1148 1054
392 1057
777 894
786 635
243 453
907 845
367 506
818 886
455 286
895 587
963 1081
657 498
280 619
20 848
1147 581
1135 277
742 191
986 748
783 771
675 256
804 519
676 1048
490 494
310 953
1071 278
328 490
1194 1194
1001 542
173 1002
531 876
796 1038
28 242
309 1090
1156 740
240 933
1049 744
1175 689
108 149
173 283
809 130
1003 778
12 341
623 97
780 1140
880 967
253 543
901 860
554 473
937 927
902 25
827 90
105 591
453 320
873 119
626 36
1157 408
398 1078
812 559
729 471
968 738
507 646
439 362
860 1057
365 837
255 158
438 814
1070 50
510 537
1192 349
775 858
664 228
820 584
565 300
907 83
457 802
825 632
135 688
364 456
779 1037
956 716
696 289
161 729
811 14
144 39
250 318
124 204
307 1099
475 502
577 935
686 338
760 820
776 724
106 288
353 616
104 1030
534 293
661 858
881 586
256 720
2 171
617 833
1006 83
639 78
384 76
315 839
467 613
472 414
483 1111
426 937
412 345
245 936
452 440
174 892
334 91
1060 575
642 828
682 118
974 975
867 162
420 435
943 63
1086 664
656 267
718 649
688 434
775 1012
1106 664
702 999
833 1122
357 177
251 527
434 1119
221 950
87 156
153 540
149 651
1156 728
681 808
210 246
213 1002
835 1019
1092 564
122 252
64 53
355 665
588 596
402 411
147 1100
442 624
738 448
236 590
957 354
981 472
365 871
629 433
577 488
56 919
62 441
776 1047
1073 325
440 243
632 1009
986 903
863 107
582 1059
640 1082
278 153
465 198
24 813
324 513
385 632
375 146
1174 1121
475 148
262 544
675 678
801 1073
547 445
1183 1183
922 175
1188 1012
313 1184
208 944
651 305
373 1035
168 792
1110 257
96 771
535 1160
97 305
1062 1030
1083 79
964 867
779 584
1027 924
218 1040
166 72
224 1024
147 746
699 1133
1064 853
220 292
424 609
928 239
896 481
464 51
251 107
241 1081
1020 875
630 168
245 933
331 234
20 706
376 236
566 624
872 773
775 518
985 1081
246 635
1188 536
787 345
603 516
1176 765
1194 786
257 823
752 292
698 981
864 475
165 1012
188 564
345 136
679 1035
424 16
337 162
1117 1006
18 490
638 992
564 479
1122 268
1079 173
18 103
1053 1139
1054 165
929 1092
1032 1196
876 249
744 816
791 652
881 1122
61 506
1103 1000
57 744
397 471
372 57
669 68
417 298
500 708
1078 55
230 1057
1131 910
151 891
81 46
957 1099
859 1050
219 971
804 433
465 131
721 818
977 1168
332 108
104 886
355 980
997 614
1113 763
875 288
717 329
932 1087
951 546
1034 24
374 943
1092 432
497 523
150 208
361 734
1116 395
398 694
606 347
404 504
418 1014
439 1082
862 563
710 314
217 756
501 590
811 473
785 1088
55 589
186 47
1163 1024
177 842
162 576
1125 1097
768 349
49 1154
952 790
456 641
343 1087
210 466
711 1169
12 389
740 60
650 994
1014 271
93 639
33 529
139 71
1019 226
900 930
933 233
731 615
59 453
1025 40
453 847
81 699
504 361
298 75
68 288
3 290
991 737
136 420
246 819
718 118
445 329
266 951
887 1152
1026 1082
974 671
534 362
360 122
14 604
660 75
160 617
15 857
569 910
601 1018
303 737
178 805
1177 391
625 944
762 15
739 64
385 935
467 817
339 1172
959 118
585 799
194 1195
1197 565
1009 518
128 627
1189 990
95 192
31 170
89 869
223 1032
1044 1
566 517
588 769
425 508
578 477
1015 582
521 1062
370 126
46 943
708 1022
214 961
1100 424
1016 742
629 929
847 844
162 49
1079 314
465 796
619 932
144 921
898 378
649 1191
1181 819
912 215
562 403
381 942
943 980
1176 864
863 972
688 455
357 141
316 417
852 681
439 316
923 983
209 479
1057 5
231 762
63 353
694 1113
354 959
1057 782
683 566
319 897
36 586
121 947
674 832
210 1047
1170 456
625 445
402 907
902 914
394 741
28 521
706 462
63 87
246 784
443 458
518 196
860 1020
754 692
226 775
224 419
520 16
563 561
226 945
214 1132
46 529
1168 613
931 731
888 195
1042 860
147 476
1051 320
476 1039
1067 995
1135 504
455 219
222 422
819 849
526 431
90 809
1142 177
531 680
870 659
844 658
808 359
630 891
505 699
730 265
1118 71
373 501
18 1058
296 313
212 243
657 222
805 699
317 949
926 960
772 21
852 67
231 1154
1167 443
338 608
248 547
420 617
1013 324
1013 693
428 101
506 691
806 376
1058 713
104 481
230 479
836 613
363 985
1112 7
931 635
694 1039
867 724
689 120
797 974
505 201
153 50
365 224
896 244
1072 74
771 1199
1033 790
1093 862
95 1181
773 538
286 1130
1027 0
1186 143
1125 924
310 690
534 1061
108 595
600 31
1032 168
956 605
832 941
1195 875
1133 1101
416 621
582 1114
1132 367
536 689
620 68
924 1078
468 760
1199 414
1165 177
406 373
31 202
559 1197
1191 891
1168 1044
618 599
551 490
872 981
700 273
1098 589
357 249
69 1142
1044 6
1074 553
345 475
999 804
1131 1037
567 181
117 322
640 613
725 1175
463 1014
279 1196
262 571
1153 490
839 1008
108 1028
692 364
525 551
681 596
698 1071
340 64
97 437
1180 110
870 923
754 598
761 938
363 35
129 797
630 764
784 526
861 355
799 155
231 792
5 395
741 1070
876 445
616 561
1118 925
106 511
594 222
486 415
17 1129
911 648
1076 504
387 799
71 1045
301 224
403 18
421 1187
889 175
530 891
879 181
5 830
539 513
116 58
629 1127
377 527
571 747
1008 1041
958 886
1078 851
753 258
101 994
1004 761
1005 225
445 585
557 811
745 466
334 938
157 363
406 937
7 1132
215 436
1192 829
338 1113
84 589
421 233
937 1108
744 996
931 940
655 873
838 183
339 527
1147 995
619 851
781 258
1062 102
300 720
355 197
945 107
185 780
356 76
310 737
867 662
380 30
1198 466
592 388
61 136
50 254
169 159
1152 732
654 41
610 321
403 855
1189 522
810 649
997 170
30 459
844 1055
1096 526
1199 708
23 850
1131 1146
502 208
610 857
1068 426
682 846
275 576
414 734
4 219
313 929
35 140
390 1025
399 886
958 1007
736 95
625 263
155 861
400 1127
281 745
687 251
786 417
33 883
599 208
632 206
560 1097
689 451
935 732
179 854
763 5
380 367
141 824
39 396
509 939
452 931
855 159
345 966
319 561
729 927
689 189
782 354
310 1084
386 788
1131 49
986 940
498 1084
179 1020
262 55
517 129
362 990
757 44
183 278
883 936
1196 918
796 773
1003 1177
443 359
921 248
631 211
107 269
531 243
81 208
427 590
1198 877
347 1181
632 253
914 420
827 1080
601 323
5 1128
918 194
307 711
233 651
234 66
1145 1175
564 880
1191 909
522 791
698 423
1185 788
745 75
322 407
440 725
586 207
943 297
715 216
403 22
1151 767
663 150
399 1129
1039 934
1160 936
692 1136
848 946
194 611
749 1084
443 532
629 220
859 989
430 1074
513 133
194 1049
285 956
143 638
217 935
566 263
821 737
521 68
237 177
266 934
999 217
12 118
803 758
1122 974
627 256
633 1008
931 1121
763 1176
565 28
156 33
379 538
231 1183
974 972
361 717
1022 437
1075 334
290 697
517 817
1091 165
1150 912
759 796
968 932
241 335
999 522
1126 229
210 128
51 217
553 929
912 953
854 859
875 398
331 237
969 599
68 27
131 1039
684 1043
373 919
264 1194
226 865
1194 230
308 339
1190 496
277 470
231 296
1 524
694 791
783 388
548 526
742 457
366 1011
1116 1146
528 680
940 890
49 974
479 465
1193 277
1186 128
945 221
894 888
754 50
756 1029
1 234
305 863
376 722
572 360
934 754
97 956
799 504
27 18
710 918
173 1129
982 331
292 399
710 900
369 892
599 989
432 48
628 937
924 985
786 189
397 1119
134 591
362 424
1001 271
1128 792
641 520
242 1154
562 405
801 326
569 859
493 799
593 550
1058 1133
39 9
516 1062
